CollectionVersion,CurrentSchoolYear,ReportingDistrictCode,ReportingSchoolCode,StateID,LocalStudentID,LastName,FirstName,MiddleName,Suffix,DateOfBirth,StudentGradeLevel,Gender,RaceEthnicity,Assessment,TstMethod,EDFirstName,EDLastName,Subject,Period,Sort,ExaminerEmail,CompositeScore,ProficiencyLevel
2026LEPELL1.0AsmPre,2025,006550,9928,0000000002,L0000000002,Robinson,Javier,Allen,,2019-06-04,K,M,W,WIDA ACCESS,CBT,ELL,Coordinator,English Language Proficiency,Winter,1,ellcoord@school.edu,1.8,Level 1-2: Entering/Emerging
2026LEPELL1.0AsmPre,2026,006550,3615,0000000002,L0000000002,Robinson,Javier,Allen,,2019-06-04,01,M,W,WIDA ACCESS,CBT,ELL,Coordinator,English Language Proficiency,Winter,1,ellcoord@school.edu,3.7,Level 3: Developing
2026LEPELL1.0AsmPre,2025,083371,5978,0000000061,L0000000061,Cardenas,Cynthia,Matthew,,2019-01-05,K,F,B,WIDA ACCESS,CBT,ELL,Coordinator,English Language Proficiency,Winter,1,ellcoord@school.edu,2.3,Level 1-2: Entering/Emerging
2026LEPELL1.0AsmPre,2026,083371,4697,0000000061,L0000000061,Cardenas,Cynthia,Matthew,,2019-01-05,01,F,B,WIDA ACCESS,CBT,ELL,Coordinator,English Language Proficiency,Winter,1,ellcoord@school.edu,2.5,Level 3: Developing
2026LEPELL1.0AsmPre,2024,108293,5653,0000000146,L0000000146,Walker,Kristina,Suzanne,,2018-06-18,01,F,W,WIDA ACCESS,CBT,ELL,Coordinator,English Language Proficiency,Winter,1,ellcoord@school.edu,3.5,Level 3: Developing
2026LEPELL1.0AsmPre,2025,108293,5496,0000000146,L0000000146,Walker,Kristina,Suzanne,,2018-06-18,02,F,W,WIDA ACCESS,CBT,ELL,Coordinator,English Language Proficiency,Winter,1,ellcoord@school.edu,3.8,Level 3: Developing
2026LEPELL1.0AsmPre,2026,108293,2530,0000000146,L0000000146,Walker,Kristina,Suzanne,,2018-06-18,03,F,W,WIDA ACCESS,CBT,ELL,Coordinator,English Language Proficiency,Winter,1,ellcoord@school.edu,2.6,Level 3: Developing
2026LEPELL1.0AsmPre,2025,093026,7070,0000000150,L0000000150,Cox,Jill,Cynthia,,2019-01-22,K,F,B,WIDA ACCESS,CBT,ELL,Coordinator,English Language Proficiency,Winter,1,ellcoord@school.edu,1.6,Level 1-2: Entering/Emerging
2026LEPELL1.0AsmPre,2026,093026,3308,0000000150,L0000000150,Cox,Jill,Cynthia,,2019-01-22,01,F,B,WIDA ACCESS,CBT,ELL,Coordinator,English Language Proficiency,Winter,1,ellcoord@school.edu,2.7,Level 3: Developing
2026LEPELL1.0AsmPre,2024,115484,5902,0000000156,L0000000156,Fox,Amy,Natalie,,2018-10-19,01,F,A,WIDA ACCESS,CBT,ELL,Coordinator,English Language Proficiency,Winter,1,ellcoord@school.edu,3.5,Level 3: Developing
2026LEPELL1.0AsmPre,2025,115484,9025,0000000156,L0000000156,Fox,Amy,Natalie,,2018-10-19,02,F,A,WIDA ACCESS,CBT,ELL,Coordinator,English Language Proficiency,Winter,1,ellcoord@school.edu,2.8,Level 3: Developing
2026LEPELL1.0AsmPre,2026,115484,1272,0000000156,L0000000156,Fox,Amy,Natalie,,2018-10-19,03,F,A,WIDA ACCESS,CBT,ELL,Coordinator,English Language Proficiency,Winter,1,ellcoord@school.edu,2.8,Level 3: Developing
2026LEPELL1.0AsmPre,2025,100519,9835,0000000181,L0000000181,Young,Robert,Robert,,2019-02-17,K,M,W,WIDA ACCESS,CBT,ELL,Coordinator,English Language Proficiency,Winter,1,ellcoord@school.edu,2.6,Level 3: Developing
2026LEPELL1.0AsmPre,2026,100519,3086,0000000181,L0000000181,Young,Robert,Robert,,2019-02-17,01,M,W,WIDA ACCESS,CBT,ELL,Coordinator,English Language Proficiency,Winter,1,ellcoord@school.edu,4.0,Level 4: Expanding
2026LEPELL1.0AsmPre,2024,020515,9120,0000000187,L0000000187,Hernandez,Marc,Thomas,,2018-11-25,01,F,A,WIDA ACCESS,CBT,ELL,Coordinator,English Language Proficiency,Winter,1,ellcoord@school.edu,3.1,Level 3: Developing
2026LEPELL1.0AsmPre,2025,020515,9592,0000000187,L0000000187,Hernandez,Marc,Thomas,,2018-11-25,02,F,A,WIDA ACCESS,CBT,ELL,Coordinator,English Language Proficiency,Winter,1,ellcoord@school.edu,2.7,Level 3: Developing
2026LEPELL1.0AsmPre,2026,020515,3444,0000000187,L0000000187,Hernandez,Marc,Thomas,,2018-11-25,03,F,A,WIDA ACCESS,CBT,ELL,Coordinator,English Language Proficiency,Winter,1,ellcoord@school.edu,2.8,Level 3: Developing
2026LEPELL1.0AsmPre,2024,108067,2320,0000000200,L0000000200,Solis,Tracy,Ruth,,2018-02-25,01,F,W,WIDA ACCESS,CBT,ELL,Coordinator,English Language Proficiency,Winter,1,ellcoord@school.edu,2.7,Level 3: Developing
2026LEPELL1.0AsmPre,2025,108067,2531,0000000200,L0000000200,Solis,Tracy,Ruth,,2018-02-25,02,F,W,WIDA ACCESS,CBT,ELL,Coordinator,English Language Proficiency,Winter,1,ellcoord@school.edu,3.7,Level 3: Developing
2026LEPELL1.0AsmPre,2026,108067,8798,0000000200,L0000000200,Solis,Tracy,Ruth,,2018-02-25,03,F,W,WIDA ACCESS,CBT,ELL,Coordinator,English Language Proficiency,Winter,1,ellcoord@school.edu,4.3,Level 4: Expanding
2026LEPELL1.0AsmPre,2025,006869,5037,0000000205,L0000000205,Guerra,Thomas,John,,2019-04-24,K,M,W,WIDA ACCESS,CBT,ELL,Coordinator,English Language Proficiency,Winter,1,ellcoord@school.edu,1.8,Level 1-2: Entering/Emerging
2026LEPELL1.0AsmPre,2026,006869,7383,0000000205,L0000000205,Guerra,Thomas,John,,2019-04-24,01,M,W,WIDA ACCESS,CBT,ELL,Coordinator,English Language Proficiency,Winter,1,ellcoord@school.edu,4.0,Level 4: Expanding
2026LEPELL1.0AsmPre,2024,035969,6277,0000000231,L0000000231,Bird,Laura,Julie,,2018-11-03,01,F,A,WIDA ACCESS,CBT,ELL,Coordinator,English Language Proficiency,Winter,1,ellcoord@school.edu,4.2,Level 4: Expanding
2026LEPELL1.0AsmPre,2025,035969,9019,0000000231,L0000000231,Bird,Laura,Julie,,2018-11-03,02,F,A,WIDA ACCESS,CBT,ELL,Coordinator,English Language Proficiency,Winter,1,ellcoord@school.edu,5.0,Level 5: Bridging
2026LEPELL1.0AsmPre,2026,035969,7146,0000000231,L0000000231,Bird,Laura,Julie,,2018-11-03,03,F,A,WIDA ACCESS,CBT,ELL,Coordinator,English Language Proficiency,Winter,1,ellcoord@school.edu,4.3,Level 4: Expanding
2026LEPELL1.0AsmPre,2026,089890,9336,0000000251,L0000000251,Wilson,William,Michael,,2020-07-12,K,M,W,WIDA ACCESS,CBT,ELL,Coordinator,English Language Proficiency,Winter,1,ellcoord@school.edu,2.3,Level 1-2: Entering/Emerging
2026LEPELL1.0AsmPre,2024,078311,4588,0000000271,L0000000271,French,Benjamin,Mary,,2018-01-06,01,F,W,WIDA ACCESS,CBT,ELL,Coordinator,English Language Proficiency,Winter,1,ellcoord@school.edu,3.6,Level 3: Developing
2026LEPELL1.0AsmPre,2025,078311,9674,0000000271,L0000000271,French,Benjamin,Mary,,2018-01-06,02,F,W,WIDA ACCESS,CBT,ELL,Coordinator,English Language Proficiency,Winter,1,ellcoord@school.edu,4.5,Level 4: Expanding
2026LEPELL1.0AsmPre,2026,078311,4813,0000000271,L0000000271,French,Benjamin,Mary,,2018-01-06,03,F,W,WIDA ACCESS,CBT,ELL,Coordinator,English Language Proficiency,Winter,1,ellcoord@school.edu,4.8,Level 4: Expanding
2026LEPELL1.0AsmPre,2026,044412,7415,0000000278,L0000000278,Brown,Matthew,Michael,,2020-01-15,K,M,W,WIDA ACCESS,CBT,ELL,Coordinator,English Language Proficiency,Winter,1,ellcoord@school.edu,2.5,Level 3: Developing
2026LEPELL1.0AsmPre,2026,077243,7858,0000000287,L0000000287,Andersen,Amy,Stephanie,,2020-03-14,K,F,A,WIDA ACCESS,CBT,ELL,Coordinator,English Language Proficiency,Winter,1,ellcoord@school.edu,2.6,Level 3: Developing
2026LEPELL1.0AsmPre,2025,018895,6236,0000000305,L0000000305,Campbell,John,Marc,,2019-07-25,K,F,W,WIDA ACCESS,CBT,ELL,Coordinator,English Language Proficiency,Winter,1,ellcoord@school.edu,1.7,Level 1-2: Entering/Emerging
2026LEPELL1.0AsmPre,2026,018895,7857,0000000305,L0000000305,Campbell,John,Marc,,2019-07-25,01,F,W,WIDA ACCESS,CBT,ELL,Coordinator,English Language Proficiency,Winter,1,ellcoord@school.edu,3.5,Level 3: Developing
2026LEPELL1.0AsmPre,2025,035452,3954,0000000311,L0000000311,May,Sabrina,Amber,,2019-05-04,K,F,W,WIDA ACCESS,CBT,ELL,Coordinator,English Language Proficiency,Winter,1,ellcoord@school.edu,2.1,Level 1-2: Entering/Emerging
2026LEPELL1.0AsmPre,2026,035452,1077,0000000311,L0000000311,May,Sabrina,Amber,,2019-05-04,01,F,W,WIDA ACCESS,CBT,ELL,Coordinator,English Language Proficiency,Winter,1,ellcoord@school.edu,2.7,Level 3: Developing
2026LEPELL1.0AsmPre,2026,022002,5308,0000000321,L0000000321,Frost,Brandon,Charles,,2020-03-09,K,F,W,WIDA ACCESS,CBT,ELL,Coordinator,English Language Proficiency,Winter,1,ellcoord@school.edu,2.4,Level 1-2: Entering/Emerging
2026LEPELL1.0AsmPre,2025,113999,5178,0000000347,L0000000347,Cuevas,Chris,,,2019-09-24,K,M,W,WIDA ACCESS,CBT,ELL,Coordinator,English Language Proficiency,Winter,1,ellcoord@school.edu,2.5,Level 3: Developing
2026LEPELL1.0AsmPre,2026,113999,1833,0000000347,L0000000347,Cuevas,Chris,,,2019-09-24,01,M,W,WIDA ACCESS,CBT,ELL,Coordinator,English Language Proficiency,Winter,1,ellcoord@school.edu,4.0,Level 4: Expanding
2026LEPELL1.0AsmPre,2024,016946,2702,0000000354,L0000000354,Diaz,Robert,Joshua,,2018-08-06,01,M,W,WIDA ACCESS,CBT,ELL,Coordinator,English Language Proficiency,Winter,1,ellcoord@school.edu,2.4,Level 1-2: Entering/Emerging
2026LEPELL1.0AsmPre,2025,016946,3519,0000000354,L0000000354,Diaz,Robert,Joshua,,2018-08-06,02,M,W,WIDA ACCESS,CBT,ELL,Coordinator,English Language Proficiency,Winter,1,ellcoord@school.edu,3.0,Level 3: Developing
2026LEPELL1.0AsmPre,2024,049357,4585,0000000368,L0000000368,Hudson,Lisa,Linda,,2018-01-07,01,F,W,WIDA ACCESS,CBT,ELL,Coordinator,English Language Proficiency,Winter,1,ellcoord@school.edu,2.4,Level 1-2: Entering/Emerging
2026LEPELL1.0AsmPre,2025,049357,4834,0000000368,L0000000368,Hudson,Lisa,Linda,,2018-01-07,02,F,W,WIDA ACCESS,CBT,ELL,Coordinator,English Language Proficiency,Winter,1,ellcoord@school.edu,4.0,Level 4: Expanding
2026LEPELL1.0AsmPre,2026,049357,6918,0000000368,L0000000368,Hudson,Lisa,Linda,,2018-01-07,03,F,W,WIDA ACCESS,CBT,ELL,Coordinator,English Language Proficiency,Winter,1,ellcoord@school.edu,3.9,Level 3: Developing
2026LEPELL1.0AsmPre,2025,092969,7196,0000000378,L0000000378,Blankenship,Jessica,Whitney,,2019-09-03,K,F,W,WIDA ACCESS,CBT,ELL,Coordinator,English Language Proficiency,Winter,1,ellcoord@school.edu,1.5,Level 1-2: Entering/Emerging
2026LEPELL1.0AsmPre,2026,092969,7877,0000000378,L0000000378,Blankenship,Jessica,Whitney,,2019-09-03,01,F,W,WIDA ACCESS,CBT,ELL,Coordinator,English Language Proficiency,Winter,1,ellcoord@school.edu,3.6,Level 3: Developing
2026LEPELL1.0AsmPre,2024,049800,8786,0000000422,L0000000422,Williams,Erin,,,2018-10-20,02,F,W,WIDA ACCESS,CBT,ELL,Coordinator,English Language Proficiency,Winter,1,ellcoord@school.edu,3.4,Level 3: Developing
2026LEPELL1.0AsmPre,2025,049800,5075,0000000422,L0000000422,Williams,Erin,,,2018-10-20,02,F,W,WIDA ACCESS,CBT,ELL,Coordinator,English Language Proficiency,Winter,1,ellcoord@school.edu,5.0,Level 5: Bridging
2026LEPELL1.0AsmPre,2026,049800,6544,0000000422,L0000000422,Williams,Erin,,,2018-10-20,03,F,W,WIDA ACCESS,CBT,ELL,Coordinator,English Language Proficiency,Winter,1,ellcoord@school.edu,4.4,Level 4: Expanding
2026LEPELL1.0AsmPre,2024,016203,6254,0000000427,L0000000427,Cooper,Kimberly,,,2018-02-14,01,F,I,WIDA ACCESS,CBT,ELL,Coordinator,English Language Proficiency,Winter,1,ellcoord@school.edu,2.5,Level 3: Developing
2026LEPELL1.0AsmPre,2025,016203,7348,0000000427,L0000000427,Cooper,Kimberly,,,2018-02-14,02,F,I,WIDA ACCESS,CBT,ELL,Coordinator,English Language Proficiency,Winter,1,ellcoord@school.edu,4.2,Level 4: Expanding
2026LEPELL1.0AsmPre,2026,016203,3525,0000000427,L0000000427,Cooper,Kimberly,,,2018-02-14,03,F,I,WIDA ACCESS,CBT,ELL,Coordinator,English Language Proficiency,Winter,1,ellcoord@school.edu,5.3,Level 5: Bridging
2026LEPELL1.0AsmPre,2026,085191,1187,0000000438,L0000000438,Freeman,Jeffrey,Mark,,2020-02-17,K,M,A,WIDA ACCESS,CBT,ELL,Coordinator,English Language Proficiency,Winter,1,ellcoord@school.edu,1.8,Level 1-2: Entering/Emerging
2026LEPELL1.0AsmPre,2025,010236,6984,0000000442,L0000000442,Young,Brenda,Nichole,,2019-06-12,K,F,W,WIDA ACCESS,CBT,ELL,Coordinator,English Language Proficiency,Winter,1,ellcoord@school.edu,2.1,Level 1-2: Entering/Emerging
2026LEPELL1.0AsmPre,2026,010236,6729,0000000442,L0000000442,Young,Brenda,Nichole,,2019-06-12,01,F,W,WIDA ACCESS,CBT,ELL,Coordinator,English Language Proficiency,Winter,1,ellcoord@school.edu,3.4,Level 3: Developing
2026LEPELL1.0AsmPre,2024,091265,2405,0000000444,L0000000444,Williams,Kristin,Jennifer,,2018-03-14,01,F,B,WIDA ACCESS,CBT,ELL,Coordinator,English Language Proficiency,Winter,1,ellcoord@school.edu,2.7,Level 3: Developing
2026LEPELL1.0AsmPre,2025,091265,3419,0000000444,L0000000444,Williams,Kristin,Jennifer,,2018-03-14,02,F,B,WIDA ACCESS,CBT,ELL,Coordinator,English Language Proficiency,Winter,1,ellcoord@school.edu,3.3,Level 3: Developing
2026LEPELL1.0AsmPre,2026,091265,1225,0000000444,L0000000444,Williams,Kristin,Jennifer,,2018-03-14,03,F,B,WIDA ACCESS,CBT,ELL,Coordinator,English Language Proficiency,Winter,1,ellcoord@school.edu,4.5,Level 4: Expanding
2026LEPELL1.0AsmPre,2025,044768,7170,0000000446,L0000000446,Perez,Belinda,Katherine,,2019-10-24,K,F,W,WIDA ACCESS,CBT,ELL,Coordinator,English Language Proficiency,Winter,1,ellcoord@school.edu,2.7,Level 3: Developing
2026LEPELL1.0AsmPre,2026,044768,5444,0000000446,L0000000446,Perez,Belinda,Katherine,,2019-10-24,01,F,W,WIDA ACCESS,CBT,ELL,Coordinator,English Language Proficiency,Winter,1,ellcoord@school.edu,2.5,Level 3: Developing
2026LEPELL1.0AsmPre,2025,016993,4401,0000000469,L0000000469,Daniel,Patricia,Erica,,2019-07-02,K,F,W,WIDA ACCESS,CBT,ELL,Coordinator,English Language Proficiency,Winter,1,ellcoord@school.edu,2.1,Level 1-2: Entering/Emerging
2026LEPELL1.0AsmPre,2026,016993,5889,0000000469,L0000000469,Daniel,Patricia,Erica,,2019-07-02,01,F,W,WIDA ACCESS,CBT,ELL,Coordinator,English Language Proficiency,Winter,1,ellcoord@school.edu,2.7,Level 3: Developing
2026LEPELL1.0AsmPre,2025,068384,6536,0000000477,L0000000477,Coffey,William,Michelle,,2019-10-28,K,F,W,WIDA ACCESS,CBT,ELL,Coordinator,English Language Proficiency,Winter,1,ellcoord@school.edu,2.6,Level 3: Developing
2026LEPELL1.0AsmPre,2026,068384,3545,0000000477,L0000000477,Coffey,William,Michelle,,2019-10-28,01,F,W,WIDA ACCESS,CBT,ELL,Coordinator,English Language Proficiency,Winter,1,ellcoord@school.edu,3.2,Level 3: Developing
2026LEPELL1.0AsmPre,2026,013249,2609,0000000481,L0000000481,Cohen,Linda,Diane,,2020-11-17,K,F,M,WIDA ACCESS,CBT,ELL,Coordinator,English Language Proficiency,Winter,1,ellcoord@school.edu,3.1,Level 3: Developing
2026LEPELL1.0AsmPre,2026,088323,6606,0000000489,L0000000489,Richards,Olivia,Nathan,,2020-06-08,K,F,W,WIDA ACCESS,CBT,ELL,Coordinator,English Language Proficiency,Winter,1,ellcoord@school.edu,2.1,Level 1-2: Entering/Emerging
2026LEPELL1.0AsmPre,2024,025760,2460,0000000525,L0000000525,Cox,Megan,Tiffany,,2018-05-15,02,F,A,WIDA ACCESS,CBT,ELL,Coordinator,English Language Proficiency,Winter,1,ellcoord@school.edu,3.8,Level 3: Developing
2026LEPELL1.0AsmPre,2025,025760,8798,0000000525,L0000000525,Cox,Megan,Tiffany,,2018-05-15,02,F,A,WIDA ACCESS,CBT,ELL,Coordinator,English Language Proficiency,Winter,1,ellcoord@school.edu,4.1,Level 4: Expanding
2026LEPELL1.0AsmPre,2026,025760,5439,0000000525,L0000000525,Cox,Megan,Tiffany,,2018-05-15,03,F,A,WIDA ACCESS,CBT,ELL,Coordinator,English Language Proficiency,Winter,1,ellcoord@school.edu,5.5,Level 6: Reaching
2026LEPELL1.0AsmPre,2025,023045,4546,0000000534,L0000000534,Wright,Lisa,Melissa,,2019-02-07,K,F,W,WIDA ACCESS,CBT,ELL,Coordinator,English Language Proficiency,Winter,1,ellcoord@school.edu,2.6,Level 3: Developing
2026LEPELL1.0AsmPre,2026,023045,5041,0000000534,L0000000534,Wright,Lisa,Melissa,,2019-02-07,01,F,W,WIDA ACCESS,CBT,ELL,Coordinator,English Language Proficiency,Winter,1,ellcoord@school.edu,1.9,Level 1-2: Entering/Emerging
2026LEPELL1.0AsmPre,2025,009731,6503,0000000546,L0000000546,Moss,Angela,Tonya,,2019-07-20,K,F,W,WIDA ACCESS,CBT,ELL,Coordinator,English Language Proficiency,Winter,1,ellcoord@school.edu,1.6,Level 1-2: Entering/Emerging
2026LEPELL1.0AsmPre,2026,009731,9686,0000000546,L0000000546,Moss,Angela,Tonya,,2019-07-20,01,F,W,WIDA ACCESS,CBT,ELL,Coordinator,English Language Proficiency,Winter,1,ellcoord@school.edu,2.4,Level 1-2: Entering/Emerging
2026LEPELL1.0AsmPre,2024,018813,5748,0000000551,L0000000551,Carter,Elizabeth,Mark,,2018-04-14,01,F,W,WIDA ACCESS,CBT,ELL,Coordinator,English Language Proficiency,Winter,1,ellcoord@school.edu,2.9,Level 3: Developing
2026LEPELL1.0AsmPre,2025,018813,3409,0000000551,L0000000551,Carter,Elizabeth,Mark,,2018-04-14,02,F,W,WIDA ACCESS,CBT,ELL,Coordinator,English Language Proficiency,Winter,1,ellcoord@school.edu,4.0,Level 4: Expanding
2026LEPELL1.0AsmPre,2026,018813,8243,0000000551,L0000000551,Carter,Elizabeth,Mark,,2018-04-14,03,F,W,WIDA ACCESS,CBT,ELL,Coordinator,English Language Proficiency,Winter,1,ellcoord@school.edu,4.8,Level 4: Expanding
2026LEPELL1.0AsmPre,2025,018429,6915,0000000554,L0000000554,Griffin,Nicholas,Leah,,2019-04-03,K,F,A,WIDA ACCESS,CBT,ELL,Coordinator,English Language Proficiency,Winter,1,ellcoord@school.edu,2.4,Level 1-2: Entering/Emerging
2026LEPELL1.0AsmPre,2024,055337,3671,0000000565,L0000000565,Figueroa,Christopher,Jason,,2018-04-13,01,F,W,WIDA ACCESS,CBT,ELL,Coordinator,English Language Proficiency,Winter,1,ellcoord@school.edu,2.9,Level 3: Developing
2026LEPELL1.0AsmPre,2025,055337,4087,0000000565,L0000000565,Figueroa,Christopher,Jason,,2018-04-13,02,F,W,WIDA ACCESS,CBT,ELL,Coordinator,English Language Proficiency,Winter,1,ellcoord@school.edu,3.8,Level 3: Developing
2026LEPELL1.0AsmPre,2026,055337,9612,0000000565,L0000000565,Figueroa,Christopher,Jason,,2018-04-13,03,F,W,WIDA ACCESS,CBT,ELL,Coordinator,English Language Proficiency,Winter,1,ellcoord@school.edu,4.1,Level 4: Expanding
2026LEPELL1.0AsmPre,2025,037291,8273,0000000575,L0000000575,Lewis,Kent,Randy,,2019-01-26,K,M,W,WIDA ACCESS,CBT,ELL,Coordinator,English Language Proficiency,Winter,1,ellcoord@school.edu,2.4,Level 1-2: Entering/Emerging
2026LEPELL1.0AsmPre,2026,037291,8793,0000000575,L0000000575,Lewis,Kent,Randy,,2019-01-26,01,M,W,WIDA ACCESS,CBT,ELL,Coordinator,English Language Proficiency,Winter,1,ellcoord@school.edu,1.7,Level 1-2: Entering/Emerging
2026LEPELL1.0AsmPre,2024,108144,1440,0000000584,L0000000584,Jones,Brenda,Carol,,2018-05-09,01,F,A,WIDA ACCESS,CBT,ELL,Coordinator,English Language Proficiency,Winter,1,ellcoord@school.edu,3.2,Level 3: Developing
2026LEPELL1.0AsmPre,2025,108144,8014,0000000584,L0000000584,Jones,Brenda,Carol,,2018-05-09,02,F,A,WIDA ACCESS,CBT,ELL,Coordinator,English Language Proficiency,Winter,1,ellcoord@school.edu,3.2,Level 3: Developing
2026LEPELL1.0AsmPre,2026,108144,6755,0000000584,L0000000584,Jones,Brenda,Carol,,2018-05-09,03,F,A,WIDA ACCESS,CBT,ELL,Coordinator,English Language Proficiency,Winter,1,ellcoord@school.edu,5.2,Level 5: Bridging
2026LEPELL1.0AsmPre,2025,067661,7788,0000000589,L0000000589,Obrien,Daniel,,,2019-03-22,K,M,W,WIDA ACCESS,CBT,ELL,Coordinator,English Language Proficiency,Winter,1,ellcoord@school.edu,2.0,Level 1-2: Entering/Emerging
2026LEPELL1.0AsmPre,2026,067661,1304,0000000589,L0000000589,Obrien,Daniel,,,2019-03-22,01,M,W,WIDA ACCESS,CBT,ELL,Coordinator,English Language Proficiency,Winter,1,ellcoord@school.edu,3.9,Level 3: Developing
2026LEPELL1.0AsmPre,2024,036743,4938,0000000591,L0000000591,Chavez,Nathaniel,Grant,,2018-04-24,01,M,W,WIDA ACCESS,CBT,ELL,Coordinator,English Language Proficiency,Winter,1,ellcoord@school.edu,3.8,Level 3: Developing
2026LEPELL1.0AsmPre,2025,036743,2055,0000000591,L0000000591,Chavez,Nathaniel,Grant,,2018-04-24,02,M,W,WIDA ACCESS,CBT,ELL,Coordinator,English Language Proficiency,Winter,1,ellcoord@school.edu,3.6,Level 3: Developing
2026LEPELL1.0AsmPre,2026,036743,5373,0000000591,L0000000591,Chavez,Nathaniel,Grant,,2018-04-24,03,M,W,WIDA ACCESS,CBT,ELL,Coordinator,English Language Proficiency,Winter,1,ellcoord@school.edu,5.6,Level 6: Reaching
2026LEPELL1.0AsmPre,2026,080219,7668,0000000594,L0000000594,Smith,Amber,,,2020-12-10,K,F,W,WIDA ACCESS,CBT,ELL,Coordinator,English Language Proficiency,Winter,1,ellcoord@school.edu,1.5,Level 1-2: Entering/Emerging
2026LEPELL1.0AsmPre,2025,086463,7025,0000000598,L0000000598,Wilson,Richard,Kenneth,,2019-07-02,K,M,W,WIDA ACCESS,CBT,ELL,Coordinator,English Language Proficiency,Winter,1,ellcoord@school.edu,2.9,Level 3: Developing
2026LEPELL1.0AsmPre,2026,086463,1895,0000000598,L0000000598,Wilson,Richard,Kenneth,,2019-07-02,01,M,W,WIDA ACCESS,CBT,ELL,Coordinator,English Language Proficiency,Winter,1,ellcoord@school.edu,3.3,Level 3: Developing
2026LEPELL1.0AsmPre,2024,023469,3540,0000000625,L0000000625,Dunn,Chloe,Jordan,,2018-07-02,01,F,W,WIDA ACCESS,CBT,ELL,Coordinator,English Language Proficiency,Winter,1,ellcoord@school.edu,2.6,Level 3: Developing
2026LEPELL1.0AsmPre,2025,023469,2375,0000000625,L0000000625,Dunn,Chloe,Jordan,,2018-07-02,02,F,W,WIDA ACCESS,CBT,ELL,Coordinator,English Language Proficiency,Winter,1,ellcoord@school.edu,4.0,Level 4: Expanding
2026LEPELL1.0AsmPre,2025,001065,8278,0000000664,L0000000664,Martinez,Rick,,,2019-03-05,K,M,P,WIDA ACCESS,CBT,ELL,Coordinator,English Language Proficiency,Winter,1,ellcoord@school.edu,2.8,Level 3: Developing
2026LEPELL1.0AsmPre,2026,001065,1381,0000000664,L0000000664,Martinez,Rick,,,2019-03-05,01,M,P,WIDA ACCESS,CBT,ELL,Coordinator,English Language Proficiency,Winter,1,ellcoord@school.edu,3.9,Level 3: Developing
2026LEPELL1.0AsmPre,2024,048779,6311,0000000667,L0000000667,Bailey,James,Jacob,,2018-07-20,01,F,A,WIDA ACCESS,CBT,ELL,Coordinator,English Language Proficiency,Winter,1,ellcoord@school.edu,2.2,Level 1-2: Entering/Emerging
2026LEPELL1.0AsmPre,2025,048779,1849,0000000667,L0000000667,Bailey,James,Jacob,,2018-07-20,02,F,A,WIDA ACCESS,CBT,ELL,Coordinator,English Language Proficiency,Winter,1,ellcoord@school.edu,3.3,Level 3: Developing
2026LEPELL1.0AsmPre,2026,048779,4874,0000000667,L0000000667,Bailey,James,Jacob,,2018-07-20,03,F,A,WIDA ACCESS,CBT,ELL,Coordinator,English Language Proficiency,Winter,1,ellcoord@school.edu,5.4,Level 5: Bridging
2026LEPELL1.0AsmPre,2025,050947,8077,0000000672,L0000000672,Lee,Amanda,Ashley,,2019-03-23,K,F,B,WIDA ACCESS,CBT,ELL,Coordinator,English Language Proficiency,Winter,1,ellcoord@school.edu,2.0,Level 1-2: Entering/Emerging
2026LEPELL1.0AsmPre,2026,050947,5282,0000000672,L0000000672,Lee,Amanda,Ashley,,2019-03-23,01,F,B,WIDA ACCESS,CBT,ELL,Coordinator,English Language Proficiency,Winter,1,ellcoord@school.edu,3.1,Level 3: Developing
2026LEPELL1.0AsmPre,2026,110034,6410,0000000712,L0000000712,Murphy,Wesley,Theodore,,2020-02-14,K,M,W,WIDA ACCESS,CBT,ELL,Coordinator,English Language Proficiency,Winter,1,ellcoord@school.edu,2.8,Level 3: Developing
2026LEPELL1.0AsmPre,2024,089724,1388,0000000734,L0000000734,Mack,Eric,,,2018-12-18,01,M,W,WIDA ACCESS,CBT,ELL,Coordinator,English Language Proficiency,Winter,1,ellcoord@school.edu,2.5,Level 3: Developing
2026LEPELL1.0AsmPre,2025,089724,1885,0000000734,L0000000734,Mack,Eric,,,2018-12-18,02,M,W,WIDA ACCESS,CBT,ELL,Coordinator,English Language Proficiency,Winter,1,ellcoord@school.edu,4.4,Level 4: Expanding
2026LEPELL1.0AsmPre,2026,089724,5068,0000000734,L0000000734,Mack,Eric,,,2018-12-18,03,M,W,WIDA ACCESS,CBT,ELL,Coordinator,English Language Proficiency,Winter,1,ellcoord@school.edu,3.5,Level 3: Developing
2026LEPELL1.0AsmPre,2024,100547,7131,0000000741,L0000000741,Morris,Barry,Kayla,,2020-04-13,K,F,B,WIDA ACCESS,CBT,ELL,Coordinator,English Language Proficiency,Winter,1,ellcoord@school.edu,2.5,Level 3: Developing
2026LEPELL1.0AsmPre,2026,100547,2167,0000000741,L0000000741,Morris,Barry,Kayla,,2020-04-13,K,F,B,WIDA ACCESS,CBT,ELL,Coordinator,English Language Proficiency,Winter,1,ellcoord@school.edu,2.7,Level 3: Developing
2026LEPELL1.0AsmPre,2024,027516,6176,0000000763,L0000000763,Mitchell,Christine,Christina,,2018-07-27,02,F,A,WIDA ACCESS,CBT,ELL,Coordinator,English Language Proficiency,Winter,1,ellcoord@school.edu,3.1,Level 3: Developing
2026LEPELL1.0AsmPre,2025,027516,8467,0000000763,L0000000763,Mitchell,Christine,Christina,,2018-07-27,02,F,A,WIDA ACCESS,CBT,ELL,Coordinator,English Language Proficiency,Winter,1,ellcoord@school.edu,3.8,Level 3: Developing
2026LEPELL1.0AsmPre,2026,027516,1562,0000000763,L0000000763,Mitchell,Christine,Christina,,2018-07-27,03,F,A,WIDA ACCESS,CBT,ELL,Coordinator,English Language Proficiency,Winter,1,ellcoord@school.edu,4.8,Level 4: Expanding
2026LEPELL1.0AsmPre,2026,004726,5620,0000000786,L0000000786,Wells,Amy,Elaine,,2020-05-07,K,F,W,WIDA ACCESS,CBT,ELL,Coordinator,English Language Proficiency,Winter,1,ellcoord@school.edu,2.6,Level 3: Developing
2026LEPELL1.0AsmPre,2026,066408,7292,0000000813,L0000000813,Yoder,David,Diana,,2020-12-14,K,F,W,WIDA ACCESS,CBT,ELL,Coordinator,English Language Proficiency,Winter,1,ellcoord@school.edu,2.2,Level 1-2: Entering/Emerging
2026LEPELL1.0AsmPre,2026,057675,4116,0000000817,L0000000817,Reynolds,Daniel,Amber,,2020-01-01,K,F,W,WIDA ACCESS,CBT,ELL,Coordinator,English Language Proficiency,Winter,1,ellcoord@school.edu,2.2,Level 1-2: Entering/Emerging
2026LEPELL1.0AsmPre,2025,062080,7047,0000000821,L0000000821,Fernandez,Kimberly,Kristen,,2019-06-25,K,F,A,WIDA ACCESS,CBT,ELL,Coordinator,English Language Proficiency,Winter,1,ellcoord@school.edu,2.3,Level 1-2: Entering/Emerging
2026LEPELL1.0AsmPre,2026,062080,5831,0000000821,L0000000821,Fernandez,Kimberly,Kristen,,2019-06-25,01,F,A,WIDA ACCESS,CBT,ELL,Coordinator,English Language Proficiency,Winter,1,ellcoord@school.edu,2.7,Level 3: Developing
2026LEPELL1.0AsmPre,2024,041100,7742,0000000841,L0000000841,Hogan,Destiny,Cheryl,,2018-12-06,01,F,W,WIDA ACCESS,CBT,ELL,Coordinator,English Language Proficiency,Winter,1,ellcoord@school.edu,3.4,Level 3: Developing
2026LEPELL1.0AsmPre,2025,041100,1216,0000000841,L0000000841,Hogan,Destiny,Cheryl,,2018-12-06,02,F,W,WIDA ACCESS,CBT,ELL,Coordinator,English Language Proficiency,Winter,1,ellcoord@school.edu,3.9,Level 3: Developing
2026LEPELL1.0AsmPre,2026,041100,1526,0000000841,L0000000841,Hogan,Destiny,Cheryl,,2018-12-06,03,F,W,WIDA ACCESS,CBT,ELL,Coordinator,English Language Proficiency,Winter,1,ellcoord@school.edu,3.4,Level 3: Developing
2026LEPELL1.0AsmPre,2024,024873,7494,0000000842,L0000000842,Mitchell,Bradley,Deanna,,2018-10-07,01,F,A,WIDA ACCESS,CBT,ELL,Coordinator,English Language Proficiency,Winter,1,ellcoord@school.edu,2.8,Level 3: Developing
2026LEPELL1.0AsmPre,2025,024873,5227,0000000842,L0000000842,Mitchell,Bradley,Deanna,,2018-10-07,02,F,A,WIDA ACCESS,CBT,ELL,Coordinator,English Language Proficiency,Winter,1,ellcoord@school.edu,4.3,Level 4: Expanding
2026LEPELL1.0AsmPre,2026,024873,4724,0000000842,L0000000842,Mitchell,Bradley,Deanna,,2018-10-07,03,F,A,WIDA ACCESS,CBT,ELL,Coordinator,English Language Proficiency,Winter,1,ellcoord@school.edu,5.8,Level 6: Reaching
2026LEPELL1.0AsmPre,2026,069077,7375,0000000863,L0000000863,Adams,Harold,,,2020-07-04,K,M,W,WIDA ACCESS,CBT,ELL,Coordinator,English Language Proficiency,Winter,1,ellcoord@school.edu,3.0,Level 3: Developing
2026LEPELL1.0AsmPre,2025,041889,9887,0000000868,L0000000868,Rojas,Kara,Jennifer,,2019-04-17,K,F,W,WIDA ACCESS,CBT,ELL,Coordinator,English Language Proficiency,Winter,1,ellcoord@school.edu,1.5,Level 1-2: Entering/Emerging
2026LEPELL1.0AsmPre,2026,041889,7113,0000000868,L0000000868,Rojas,Kara,Jennifer,,2019-04-17,01,F,W,WIDA ACCESS,CBT,ELL,Coordinator,English Language Proficiency,Winter,1,ellcoord@school.edu,2.7,Level 3: Developing
2026LEPELL1.0AsmPre,2024,099654,8167,0000000869,L0000000869,Newman,Crystal,Theresa,,2018-10-25,01,F,W,WIDA ACCESS,CBT,ELL,Coordinator,English Language Proficiency,Winter,1,ellcoord@school.edu,3.5,Level 3: Developing
2026LEPELL1.0AsmPre,2025,099654,2625,0000000869,L0000000869,Newman,Crystal,Theresa,,2018-10-25,02,F,W,WIDA ACCESS,CBT,ELL,Coordinator,English Language Proficiency,Winter,1,ellcoord@school.edu,2.8,Level 3: Developing
2026LEPELL1.0AsmPre,2026,099654,2700,0000000869,L0000000869,Newman,Crystal,Theresa,,2018-10-25,03,F,W,WIDA ACCESS,CBT,ELL,Coordinator,English Language Proficiency,Winter,1,ellcoord@school.edu,5.8,Level 6: Reaching
2026LEPELL1.0AsmPre,2026,027870,1535,0000000873,L0000000873,Erickson,Casey,,,2021-12-20,K,F,W,WIDA ACCESS,CBT,ELL,Coordinator,English Language Proficiency,Winter,1,ellcoord@school.edu,2.0,Level 1-2: Entering/Emerging
2026LEPELL1.0AsmPre,2026,084147,2558,0000000892,L0000000892,Reese,Zachary,Austin,,2020-07-10,K,M,A,WIDA ACCESS,CBT,ELL,Coordinator,English Language Proficiency,Winter,1,ellcoord@school.edu,2.7,Level 3: Developing
2026LEPELL1.0AsmPre,2025,023968,2968,0000000928,L0000000928,Ryan,Katherine,Kristen,,2019-11-02,K,F,W,WIDA ACCESS,CBT,ELL,Coordinator,English Language Proficiency,Winter,1,ellcoord@school.edu,1.4,Level 1-2: Entering/Emerging
2026LEPELL1.0AsmPre,2026,023968,8282,0000000928,L0000000928,Ryan,Katherine,Kristen,,2019-11-02,01,F,W,WIDA ACCESS,CBT,ELL,Coordinator,English Language Proficiency,Winter,1,ellcoord@school.edu,2.7,Level 3: Developing
2026LEPELL1.0AsmPre,2025,035398,3120,0000000931,L0000000931,Davis,Steven,Glenn,,2019-01-27,K,M,W,WIDA ACCESS,CBT,ELL,Coordinator,English Language Proficiency,Winter,1,ellcoord@school.edu,2.2,Level 1-2: Entering/Emerging
2026LEPELL1.0AsmPre,2024,065204,9482,0000000939,L0000000939,Brock,Denise,Kevin,,2018-02-25,01,F,W,WIDA ACCESS,CBT,ELL,Coordinator,English Language Proficiency,Winter,1,ellcoord@school.edu,3.3,Level 3: Developing
2026LEPELL1.0AsmPre,2025,065204,1928,0000000939,L0000000939,Brock,Denise,Kevin,,2018-02-25,02,F,W,WIDA ACCESS,CBT,ELL,Coordinator,English Language Proficiency,Winter,1,ellcoord@school.edu,3.5,Level 3: Developing
2026LEPELL1.0AsmPre,2026,065204,8716,0000000939,L0000000939,Brock,Denise,Kevin,,2018-02-25,03,F,W,WIDA ACCESS,CBT,ELL,Coordinator,English Language Proficiency,Winter,1,ellcoord@school.edu,4.7,Level 4: Expanding
2026LEPELL1.0AsmPre,2026,078269,8062,0000000952,L0000000952,Roman,Bryan,,,2020-09-14,K,M,W,WIDA ACCESS,CBT,ELL,Coordinator,English Language Proficiency,Winter,1,ellcoord@school.edu,2.9,Level 3: Developing
2026LEPELL1.0AsmPre,2026,047481,5709,0000000954,L0000000954,Henry,Jonathan,Bridget,,2020-03-13,K,F,W,WIDA ACCESS,CBT,ELL,Coordinator,English Language Proficiency,Winter,1,ellcoord@school.edu,1.8,Level 1-2: Entering/Emerging
2026LEPELL1.0AsmPre,2026,097488,7605,0000000998,L0000000998,Arias,Deborah,Jennifer,,2020-04-15,K,F,W,WIDA ACCESS,CBT,ELL,Coordinator,English Language Proficiency,Winter,1,ellcoord@school.edu,2.8,Level 3: Developing
2026LEPELL1.0AsmPre,2025,068374,6205,0000001005,L0000001005,Green,Angela,Vickie,,2019-05-14,K,F,W,WIDA ACCESS,CBT,ELL,Coordinator,English Language Proficiency,Winter,1,ellcoord@school.edu,2.8,Level 3: Developing
2026LEPELL1.0AsmPre,2026,068374,4074,0000001005,L0000001005,Green,Angela,Vickie,,2019-05-14,01,F,W,WIDA ACCESS,CBT,ELL,Coordinator,English Language Proficiency,Winter,1,ellcoord@school.edu,4.1,Level 4: Expanding
2026LEPELL1.0AsmPre,2026,046206,9216,0000001018,L0000001018,Moyer,Kelly,Jennifer,,2020-12-09,K,F,W,WIDA ACCESS,CBT,ELL,Coordinator,English Language Proficiency,Winter,1,ellcoord@school.edu,1.5,Level 1-2: Entering/Emerging
2026LEPELL1.0AsmPre,2026,067745,4675,0000001071,L0000001071,Delgado,Christine,,,2020-08-05,K,F,W,WIDA ACCESS,CBT,ELL,Coordinator,English Language Proficiency,Winter,1,ellcoord@school.edu,2.7,Level 3: Developing
2026LEPELL1.0AsmPre,2026,088295,4343,0000001103,L0000001103,Brown,Kristin,,,2020-02-01,K,F,W,WIDA ACCESS,CBT,ELL,Coordinator,English Language Proficiency,Winter,1,ellcoord@school.edu,2.8,Level 3: Developing
2026LEPELL1.0AsmPre,2025,103913,5208,0000001106,L0000001106,Lozano,Nancy,,,2021-05-18,K,F,W,WIDA ACCESS,CBT,ELL,Coordinator,English Language Proficiency,Winter,1,ellcoord@school.edu,2.4,Level 1-2: Entering/Emerging
2026LEPELL1.0AsmPre,2026,101990,6987,0000001112,L0000001112,Boyle,Kristin,Daniel,,2020-11-21,K,F,W,WIDA ACCESS,CBT,ELL,Coordinator,English Language Proficiency,Winter,1,ellcoord@school.edu,2.6,Level 3: Developing
2026LEPELL1.0AsmPre,2024,083849,9008,0000001186,L0000001186,King,Stanley,Erin,,2018-07-06,01,F,A,WIDA ACCESS,CBT,ELL,Coordinator,English Language Proficiency,Winter,1,ellcoord@school.edu,3.4,Level 3: Developing
2026LEPELL1.0AsmPre,2025,083849,2389,0000001186,L0000001186,King,Stanley,Erin,,2018-07-06,02,F,A,WIDA ACCESS,CBT,ELL,Coordinator,English Language Proficiency,Winter,1,ellcoord@school.edu,3.7,Level 3: Developing
2026LEPELL1.0AsmPre,2026,083849,9336,0000001186,L0000001186,King,Stanley,Erin,,2018-07-06,03,F,A,WIDA ACCESS,CBT,ELL,Coordinator,English Language Proficiency,Winter,1,ellcoord@school.edu,6.0,Level 6: Reaching
2026LEPELL1.0AsmPre,2025,021269,6243,0000001204,L0000001204,Crosby,Rebecca,Hannah,,2019-05-11,K,F,P,WIDA ACCESS,CBT,ELL,Coordinator,English Language Proficiency,Winter,1,ellcoord@school.edu,1.5,Level 1-2: Entering/Emerging
2026LEPELL1.0AsmPre,2026,021269,4083,0000001204,L0000001204,Crosby,Rebecca,Hannah,,2019-05-11,01,F,P,WIDA ACCESS,CBT,ELL,Coordinator,English Language Proficiency,Winter,1,ellcoord@school.edu,2.4,Level 1-2: Entering/Emerging
2026LEPELL1.0AsmPre,2025,076823,7082,0000001229,L0000001229,Bennett,Tiffany,Marissa,,2019-04-12,K,F,A,WIDA ACCESS,CBT,ELL,Coordinator,English Language Proficiency,Winter,1,ellcoord@school.edu,1.4,Level 1-2: Entering/Emerging
2026LEPELL1.0AsmPre,2026,076823,7582,0000001229,L0000001229,Bennett,Tiffany,Marissa,,2019-04-12,01,F,A,WIDA ACCESS,CBT,ELL,Coordinator,English Language Proficiency,Winter,1,ellcoord@school.edu,3.2,Level 3: Developing
2026LEPELL1.0AsmPre,2026,035822,2343,0000001266,L0000001266,Gonzalez,Alexa,Jessica,,2020-06-01,K,F,W,WIDA ACCESS,CBT,ELL,Coordinator,English Language Proficiency,Winter,1,ellcoord@school.edu,2.6,Level 3: Developing
2026LEPELL1.0AsmPre,2024,095607,1820,0000001271,L0000001271,Bird,Stacy,Susan,,2018-11-12,01,F,A,WIDA ACCESS,CBT,ELL,Coordinator,English Language Proficiency,Winter,1,ellcoord@school.edu,3.3,Level 3: Developing
2026LEPELL1.0AsmPre,2025,095607,3441,0000001271,L0000001271,Bird,Stacy,Susan,,2018-11-12,02,F,A,WIDA ACCESS,CBT,ELL,Coordinator,English Language Proficiency,Winter,1,ellcoord@school.edu,3.3,Level 3: Developing
2026LEPELL1.0AsmPre,2026,095607,5563,0000001271,L0000001271,Bird,Stacy,Susan,,2018-11-12,03,F,A,WIDA ACCESS,CBT,ELL,Coordinator,English Language Proficiency,Winter,1,ellcoord@school.edu,5.6,Level 6: Reaching
2026LEPELL1.0AsmPre,2024,026446,8574,0000001301,L0000001301,Soto,Christina,,,2018-05-01,01,F,W,WIDA ACCESS,CBT,ELL,Coordinator,English Language Proficiency,Winter,1,ellcoord@school.edu,4.0,Level 4: Expanding
2026LEPELL1.0AsmPre,2025,026446,9435,0000001301,L0000001301,Soto,Christina,,,2018-05-01,02,F,W,WIDA ACCESS,CBT,ELL,Coordinator,English Language Proficiency,Winter,1,ellcoord@school.edu,3.2,Level 3: Developing
2026LEPELL1.0AsmPre,2026,026446,5648,0000001301,L0000001301,Soto,Christina,,,2018-05-01,03,F,W,WIDA ACCESS,CBT,ELL,Coordinator,English Language Proficiency,Winter,1,ellcoord@school.edu,5.1,Level 5: Bridging
2026LEPELL1.0AsmPre,2025,038652,8753,0000001305,L0000001305,Powell,Jesse,Matthew,,2019-12-28,K,M,A,WIDA ACCESS,CBT,ELL,Coordinator,English Language Proficiency,Winter,1,ellcoord@school.edu,2.5,Level 3: Developing
2026LEPELL1.0AsmPre,2026,038652,5131,0000001305,L0000001305,Powell,Jesse,Matthew,,2019-12-28,01,M,A,WIDA ACCESS,CBT,ELL,Coordinator,English Language Proficiency,Winter,1,ellcoord@school.edu,3.8,Level 3: Developing
2026LEPELL1.0AsmPre,2026,054175,1121,0000001322,L0000001322,Shepherd,Joseph,Ricardo,,2020-03-06,K,M,W,WIDA ACCESS,CBT,ELL,Coordinator,English Language Proficiency,Winter,1,ellcoord@school.edu,1.6,Level 1-2: Entering/Emerging
2026LEPELL1.0AsmPre,2026,086830,5002,0000001339,L0000001339,Smith,Ernest,Tony,,2020-10-13,K,M,W,WIDA ACCESS,CBT,ELL,Coordinator,English Language Proficiency,Winter,1,ellcoord@school.edu,3.0,Level 3: Developing
2026LEPELL1.0AsmPre,2025,004917,8292,0000001352,L0000001352,Fleming,Sheri,,,2019-03-01,K,F,B,WIDA ACCESS,CBT,ELL,Coordinator,English Language Proficiency,Winter,1,ellcoord@school.edu,2.5,Level 3: Developing
2026LEPELL1.0AsmPre,2026,004917,1328,0000001352,L0000001352,Fleming,Sheri,,,2019-03-01,01,F,B,WIDA ACCESS,CBT,ELL,Coordinator,English Language Proficiency,Winter,1,ellcoord@school.edu,2.6,Level 3: Developing
2026LEPELL1.0AsmPre,2026,051633,5237,0000001364,L0000001364,Morris,Elizabeth,Christina,,2020-12-23,K,F,A,WIDA ACCESS,CBT,ELL,Coordinator,English Language Proficiency,Winter,1,ellcoord@school.edu,2.0,Level 1-2: Entering/Emerging
2026LEPELL1.0AsmPre,2024,027755,8952,0000001385,L0000001385,Roman,Nicholas,,,2018-07-26,01,M,P,WIDA ACCESS,CBT,ELL,Coordinator,English Language Proficiency,Winter,1,ellcoord@school.edu,3.6,Level 3: Developing
2026LEPELL1.0AsmPre,2025,027755,3336,0000001385,L0000001385,Roman,Nicholas,,,2018-07-26,02,M,P,WIDA ACCESS,CBT,ELL,Coordinator,English Language Proficiency,Winter,1,ellcoord@school.edu,5.3,Level 5: Bridging
2026LEPELL1.0AsmPre,2026,027755,5321,0000001385,L0000001385,Roman,Nicholas,,,2018-07-26,03,M,P,WIDA ACCESS,CBT,ELL,Coordinator,English Language Proficiency,Winter,1,ellcoord@school.edu,5.3,Level 5: Bridging
2026LEPELL1.0AsmPre,2025,097960,1264,0000001418,L0000001418,Jones,Heather,,,2019-03-19,K,F,A,WIDA ACCESS,CBT,ELL,Coordinator,English Language Proficiency,Winter,1,ellcoord@school.edu,1.8,Level 1-2: Entering/Emerging
2026LEPELL1.0AsmPre,2026,097960,4765,0000001418,L0000001418,Jones,Heather,,,2019-03-19,01,F,A,WIDA ACCESS,CBT,ELL,Coordinator,English Language Proficiency,Winter,1,ellcoord@school.edu,1.5,Level 1-2: Entering/Emerging
2026LEPELL1.0AsmPre,2024,107709,7972,0000001536,L0000001536,Morales,Sue,Heather,,2018-12-03,01,F,W,WIDA ACCESS,CBT,ELL,Coordinator,English Language Proficiency,Winter,1,ellcoord@school.edu,3.5,Level 3: Developing
2026LEPELL1.0AsmPre,2025,107709,1998,0000001536,L0000001536,Morales,Sue,Heather,,2018-12-03,02,F,W,WIDA ACCESS,CBT,ELL,Coordinator,English Language Proficiency,Winter,1,ellcoord@school.edu,3.8,Level 3: Developing
2026LEPELL1.0AsmPre,2026,107709,3176,0000001536,L0000001536,Morales,Sue,Heather,,2018-12-03,03,F,W,WIDA ACCESS,CBT,ELL,Coordinator,English Language Proficiency,Winter,1,ellcoord@school.edu,5.6,Level 6: Reaching
2026LEPELL1.0AsmPre,2026,049893,1320,0000001545,L0000001545,Green,Gary,Sheila,,2020-08-26,K,F,A,WIDA ACCESS,CBT,ELL,Coordinator,English Language Proficiency,Winter,1,ellcoord@school.edu,2.2,Level 1-2: Entering/Emerging
2026LEPELL1.0AsmPre,2024,072412,9552,0000001552,L0000001552,Nunez,Jamie,Terri,,2018-02-19,01,F,W,WIDA ACCESS,CBT,ELL,Coordinator,English Language Proficiency,Winter,1,ellcoord@school.edu,3.5,Level 3: Developing
2026LEPELL1.0AsmPre,2025,072412,1240,0000001552,L0000001552,Nunez,Jamie,Terri,,2018-02-19,02,F,W,WIDA ACCESS,CBT,ELL,Coordinator,English Language Proficiency,Winter,1,ellcoord@school.edu,2.9,Level 3: Developing
2026LEPELL1.0AsmPre,2026,072412,1095,0000001552,L0000001552,Nunez,Jamie,Terri,,2018-02-19,03,F,W,WIDA ACCESS,CBT,ELL,Coordinator,English Language Proficiency,Winter,1,ellcoord@school.edu,4.8,Level 4: Expanding
2026LEPELL1.0AsmPre,2025,115559,2789,0000001562,L0000001562,Cardenas,Nicholas,Gerald,,2019-01-22,K,M,A,WIDA ACCESS,CBT,ELL,Coordinator,English Language Proficiency,Winter,1,ellcoord@school.edu,2.3,Level 1-2: Entering/Emerging
2026LEPELL1.0AsmPre,2026,115559,1714,0000001562,L0000001562,Cardenas,Nicholas,Gerald,,2019-01-22,01,M,A,WIDA ACCESS,CBT,ELL,Coordinator,English Language Proficiency,Winter,1,ellcoord@school.edu,2.7,Level 3: Developing
2026LEPELL1.0AsmPre,2025,115120,1718,0000001563,L0000001563,Harris,Garrett,,,2019-01-12,K,F,B,WIDA ACCESS,CBT,ELL,Coordinator,English Language Proficiency,Winter,1,ellcoord@school.edu,2.7,Level 3: Developing
2026LEPELL1.0AsmPre,2024,106505,2419,0000001564,L0000001564,Lang,Alejandro,Nathan,,2018-06-24,01,M,A,WIDA ACCESS,CBT,ELL,Coordinator,English Language Proficiency,Winter,1,ellcoord@school.edu,4.2,Level 4: Expanding
2026LEPELL1.0AsmPre,2025,106505,6361,0000001564,L0000001564,Lang,Alejandro,Nathan,,2018-06-24,02,M,A,WIDA ACCESS,CBT,ELL,Coordinator,English Language Proficiency,Winter,1,ellcoord@school.edu,5.1,Level 5: Bridging
2026LEPELL1.0AsmPre,2026,106505,3307,0000001564,L0000001564,Lang,Alejandro,Nathan,,2018-06-24,03,M,A,WIDA ACCESS,CBT,ELL,Coordinator,English Language Proficiency,Winter,1,ellcoord@school.edu,5.4,Level 5: Bridging
2026LEPELL1.0AsmPre,2024,055695,3314,0000001566,L0000001566,Roberts,Jennifer,Michelle,,2018-10-08,01,F,P,WIDA ACCESS,CBT,ELL,Coordinator,English Language Proficiency,Winter,1,ellcoord@school.edu,3.0,Level 3: Developing
2026LEPELL1.0AsmPre,2025,055695,9821,0000001566,L0000001566,Roberts,Jennifer,Michelle,,2018-10-08,02,F,P,WIDA ACCESS,CBT,ELL,Coordinator,English Language Proficiency,Winter,1,ellcoord@school.edu,2.6,Level 3: Developing
2026LEPELL1.0AsmPre,2024,010679,2998,0000001620,L0000001620,Chaney,Brittney,Laura,,2020-02-08,K,F,W,WIDA ACCESS,CBT,ELL,Coordinator,English Language Proficiency,Winter,1,ellcoord@school.edu,2.0,Level 1-2: Entering/Emerging
2026LEPELL1.0AsmPre,2026,010679,8317,0000001620,L0000001620,Chaney,Brittney,Laura,,2020-02-08,K,F,W,WIDA ACCESS,CBT,ELL,Coordinator,English Language Proficiency,Winter,1,ellcoord@school.edu,2.9,Level 3: Developing
2026LEPELL1.0AsmPre,2026,104233,3146,0000001633,L0000001633,Hale,Kaitlin,Melissa,,2020-04-01,K,F,W,WIDA ACCESS,CBT,ELL,Coordinator,English Language Proficiency,Winter,1,ellcoord@school.edu,1.7,Level 1-2: Entering/Emerging
2026LEPELL1.0AsmPre,2025,111279,7262,0000001647,L0000001647,Williams,Shawna,Julia,,2019-11-08,K,F,W,WIDA ACCESS,CBT,ELL,Coordinator,English Language Proficiency,Winter,1,ellcoord@school.edu,2.1,Level 1-2: Entering/Emerging
2026LEPELL1.0AsmPre,2026,111279,6486,0000001647,L0000001647,Williams,Shawna,Julia,,2019-11-08,01,F,W,WIDA ACCESS,CBT,ELL,Coordinator,English Language Proficiency,Winter,1,ellcoord@school.edu,3.9,Level 3: Developing
2026LEPELL1.0AsmPre,2025,087814,8337,0000001650,L0000001650,Thomas,Joseph,Cameron,,2019-10-26,K,M,W,WIDA ACCESS,CBT,ELL,Coordinator,English Language Proficiency,Winter,1,ellcoord@school.edu,2.8,Level 3: Developing
2026LEPELL1.0AsmPre,2026,087814,7318,0000001650,L0000001650,Thomas,Joseph,Cameron,,2019-10-26,01,M,W,WIDA ACCESS,CBT,ELL,Coordinator,English Language Proficiency,Winter,1,ellcoord@school.edu,1.6,Level 1-2: Entering/Emerging
2026LEPELL1.0AsmPre,2026,081442,7492,0000001668,L0000001668,Flores,Robert,Carol,,2020-05-14,K,F,W,WIDA ACCESS,CBT,ELL,Coordinator,English Language Proficiency,Winter,1,ellcoord@school.edu,1.3,Level 1-2: Entering/Emerging
2026LEPELL1.0AsmPre,2025,037595,8675,0000001673,L0000001673,Cohen,Carol,Lori,,2019-01-09,K,F,A,WIDA ACCESS,CBT,ELL,Coordinator,English Language Proficiency,Winter,1,ellcoord@school.edu,2.4,Level 1-2: Entering/Emerging
2026LEPELL1.0AsmPre,2026,037595,6983,0000001673,L0000001673,Cohen,Carol,Lori,,2019-01-09,01,F,A,WIDA ACCESS,CBT,ELL,Coordinator,English Language Proficiency,Winter,1,ellcoord@school.edu,3.2,Level 3: Developing
2026LEPELL1.0AsmPre,2025,088012,5232,0000001675,L0000001675,Morse,Casey,Teresa,,2019-08-11,K,F,A,WIDA ACCESS,CBT,ELL,Coordinator,English Language Proficiency,Winter,1,ellcoord@school.edu,1.6,Level 1-2: Entering/Emerging
2026LEPELL1.0AsmPre,2026,088012,3159,0000001675,L0000001675,Morse,Casey,Teresa,,2019-08-11,01,F,A,WIDA ACCESS,CBT,ELL,Coordinator,English Language Proficiency,Winter,1,ellcoord@school.edu,2.5,Level 3: Developing
2026LEPELL1.0AsmPre,2026,069752,9427,0000001693,L0000001693,Mccormick,Donald,Richard,,2020-01-17,K,M,W,WIDA ACCESS,CBT,ELL,Coordinator,English Language Proficiency,Winter,1,ellcoord@school.edu,2.7,Level 3: Developing
2026LEPELL1.0AsmPre,2024,045866,9802,0000001697,L0000001697,Mayer,Laura,Ian,,2018-10-05,01,F,W,WIDA ACCESS,CBT,ELL,Coordinator,English Language Proficiency,Winter,1,ellcoord@school.edu,2.5,Level 3: Developing
2026LEPELL1.0AsmPre,2025,045866,1015,0000001697,L0000001697,Mayer,Laura,Ian,,2018-10-05,02,F,W,WIDA ACCESS,CBT,ELL,Coordinator,English Language Proficiency,Winter,1,ellcoord@school.edu,4.2,Level 4: Expanding
2026LEPELL1.0AsmPre,2026,045866,9232,0000001697,L0000001697,Mayer,Laura,Ian,,2018-10-05,03,F,W,WIDA ACCESS,CBT,ELL,Coordinator,English Language Proficiency,Winter,1,ellcoord@school.edu,3.9,Level 3: Developing
2026LEPELL1.0AsmPre,2024,064885,5144,0000001700,L0000001700,Keith,Corey,,,2018-09-21,01,F,A,WIDA ACCESS,CBT,ELL,Coordinator,English Language Proficiency,Winter,1,ellcoord@school.edu,2.4,Level 1-2: Entering/Emerging
2026LEPELL1.0AsmPre,2025,064885,8956,0000001700,L0000001700,Keith,Corey,,,2018-09-21,02,F,A,WIDA ACCESS,CBT,ELL,Coordinator,English Language Proficiency,Winter,1,ellcoord@school.edu,3.8,Level 3: Developing
2026LEPELL1.0AsmPre,2026,064885,2833,0000001700,L0000001700,Keith,Corey,,,2018-09-21,03,F,A,WIDA ACCESS,CBT,ELL,Coordinator,English Language Proficiency,Winter,1,ellcoord@school.edu,3.6,Level 3: Developing
2026LEPELL1.0AsmPre,2026,075221,4628,0000001720,L0000001720,Sawyer,Jessica,Madison,,2020-01-25,K,F,W,WIDA ACCESS,CBT,ELL,Coordinator,English Language Proficiency,Winter,1,ellcoord@school.edu,1.4,Level 1-2: Entering/Emerging
2026LEPELL1.0AsmPre,2025,093223,8324,0000001722,L0000001722,Harrell,Donald,Kayla,,2019-04-17,01,F,W,WIDA ACCESS,CBT,ELL,Coordinator,English Language Proficiency,Winter,1,ellcoord@school.edu,3.4,Level 3: Developing
2026LEPELL1.0AsmPre,2026,106175,8146,0000001727,L0000001727,Jones,Felicia,Andrea,,2020-01-24,K,F,A,WIDA ACCESS,CBT,ELL,Coordinator,English Language Proficiency,Winter,1,ellcoord@school.edu,2.1,Level 1-2: Entering/Emerging
2026LEPELL1.0AsmPre,2026,004263,3092,0000001730,L0000001730,Morgan,Benjamin,Matthew,,2020-03-04,01,M,W,WIDA ACCESS,CBT,ELL,Coordinator,English Language Proficiency,Winter,1,ellcoord@school.edu,3.7,Level 3: Developing
2026LEPELL1.0AsmPre,2026,027030,3345,0000001731,L0000001731,Clayton,Aaron,,,2020-02-05,K,M,W,WIDA ACCESS,CBT,ELL,Coordinator,English Language Proficiency,Winter,1,ellcoord@school.edu,2.0,Level 1-2: Entering/Emerging
2026LEPELL1.0AsmPre,2024,086286,7161,0000001742,L0000001742,Hamilton,Theresa,Sara,,2018-02-25,01,F,A,WIDA ACCESS,CBT,ELL,Coordinator,English Language Proficiency,Winter,1,ellcoord@school.edu,3.4,Level 3: Developing
2026LEPELL1.0AsmPre,2025,086286,1475,0000001742,L0000001742,Hamilton,Theresa,Sara,,2018-02-25,02,F,A,WIDA ACCESS,CBT,ELL,Coordinator,English Language Proficiency,Winter,1,ellcoord@school.edu,4.6,Level 4: Expanding
2026LEPELL1.0AsmPre,2026,086286,6575,0000001742,L0000001742,Hamilton,Theresa,Sara,,2018-02-25,03,F,A,WIDA ACCESS,CBT,ELL,Coordinator,English Language Proficiency,Winter,1,ellcoord@school.edu,2.5,Level 3: Developing
2026LEPELL1.0AsmPre,2025,088105,7116,0000001762,L0000001762,Rogers,Mary,Kayla,,2019-03-09,K,F,W,WIDA ACCESS,CBT,ELL,Coordinator,English Language Proficiency,Winter,1,ellcoord@school.edu,1.9,Level 1-2: Entering/Emerging
2026LEPELL1.0AsmPre,2026,088105,4506,0000001762,L0000001762,Rogers,Mary,Kayla,,2019-03-09,01,F,W,WIDA ACCESS,CBT,ELL,Coordinator,English Language Proficiency,Winter,1,ellcoord@school.edu,3.8,Level 3: Developing
2026LEPELL1.0AsmPre,2026,070209,4811,0000001771,L0000001771,Morales,Wayne,,,2020-12-19,K,M,W,WIDA ACCESS,CBT,ELL,Coordinator,English Language Proficiency,Winter,1,ellcoord@school.edu,2.6,Level 3: Developing
2026LEPELL1.0AsmPre,2026,013728,1918,0000001776,L0000001776,Willis,James,Nicholas,,2020-12-21,K,M,A,WIDA ACCESS,CBT,ELL,Coordinator,English Language Proficiency,Winter,1,ellcoord@school.edu,2.8,Level 3: Developing
2026LEPELL1.0AsmPre,2024,087798,2238,0000001780,L0000001780,Glenn,Caroline,Michelle,,2018-12-16,01,F,W,WIDA ACCESS,CBT,ELL,Coordinator,English Language Proficiency,Winter,1,ellcoord@school.edu,3.3,Level 3: Developing
2026LEPELL1.0AsmPre,2025,087798,1408,0000001780,L0000001780,Glenn,Caroline,Michelle,,2018-12-16,02,F,W,WIDA ACCESS,CBT,ELL,Coordinator,English Language Proficiency,Winter,1,ellcoord@school.edu,4.0,Level 4: Expanding
2026LEPELL1.0AsmPre,2026,087798,5576,0000001780,L0000001780,Glenn,Caroline,Michelle,,2018-12-16,03,F,W,WIDA ACCESS,CBT,ELL,Coordinator,English Language Proficiency,Winter,1,ellcoord@school.edu,5.6,Level 6: Reaching
2026LEPELL1.0AsmPre,2026,101488,1640,0000001791,L0000001791,Lyons,Rachel,Erika,,2020-06-22,K,F,A,WIDA ACCESS,CBT,ELL,Coordinator,English Language Proficiency,Winter,1,ellcoord@school.edu,1.8,Level 1-2: Entering/Emerging
2026LEPELL1.0AsmPre,2025,023384,1043,0000001794,L0000001794,Edwards,Jennifer,Danielle,,2019-02-24,K,F,M,WIDA ACCESS,CBT,ELL,Coordinator,English Language Proficiency,Winter,1,ellcoord@school.edu,1.8,Level 1-2: Entering/Emerging
2026LEPELL1.0AsmPre,2026,023384,3494,0000001794,L0000001794,Edwards,Jennifer,Danielle,,2019-02-24,01,F,M,WIDA ACCESS,CBT,ELL,Coordinator,English Language Proficiency,Winter,1,ellcoord@school.edu,3.2,Level 3: Developing
2026LEPELL1.0AsmPre,2025,086080,5256,0000001799,L0000001799,Carter,Lisa,Paige,,2019-04-22,K,F,B,WIDA ACCESS,CBT,ELL,Coordinator,English Language Proficiency,Winter,1,ellcoord@school.edu,3.3,Level 3: Developing
2026LEPELL1.0AsmPre,2026,086080,5550,0000001799,L0000001799,Carter,Lisa,Paige,,2019-04-22,01,F,B,WIDA ACCESS,CBT,ELL,Coordinator,English Language Proficiency,Winter,1,ellcoord@school.edu,2.4,Level 1-2: Entering/Emerging
2026LEPELL1.0AsmPre,2024,079630,7401,0000001829,L0000001829,Flores,April,Elizabeth,,2018-11-07,01,F,B,WIDA ACCESS,CBT,ELL,Coordinator,English Language Proficiency,Winter,1,ellcoord@school.edu,3.1,Level 3: Developing
2026LEPELL1.0AsmPre,2025,079630,7265,0000001829,L0000001829,Flores,April,Elizabeth,,2018-11-07,02,F,B,WIDA ACCESS,CBT,ELL,Coordinator,English Language Proficiency,Winter,1,ellcoord@school.edu,3.9,Level 3: Developing
2026LEPELL1.0AsmPre,2026,079630,5252,0000001829,L0000001829,Flores,April,Elizabeth,,2018-11-07,03,F,B,WIDA ACCESS,CBT,ELL,Coordinator,English Language Proficiency,Winter,1,ellcoord@school.edu,4.7,Level 4: Expanding
2026LEPELL1.0AsmPre,2024,082162,3634,0000001837,L0000001837,Bowman,Christina,Christine,,2018-07-05,01,F,W,WIDA ACCESS,CBT,ELL,Coordinator,English Language Proficiency,Winter,1,ellcoord@school.edu,2.6,Level 3: Developing
2026LEPELL1.0AsmPre,2025,082162,5795,0000001837,L0000001837,Bowman,Christina,Christine,,2018-07-05,03,F,W,WIDA ACCESS,CBT,ELL,Coordinator,English Language Proficiency,Winter,1,ellcoord@school.edu,4.2,Level 4: Expanding
2026LEPELL1.0AsmPre,2026,082162,7058,0000001837,L0000001837,Bowman,Christina,Christine,,2018-07-05,03,F,W,WIDA ACCESS,CBT,ELL,Coordinator,English Language Proficiency,Winter,1,ellcoord@school.edu,4.4,Level 4: Expanding
2026LEPELL1.0AsmPre,2025,039018,7462,0000001841,L0000001841,Bennett,Alexandra,Samantha,,2019-05-22,K,F,B,WIDA ACCESS,CBT,ELL,Coordinator,English Language Proficiency,Winter,1,ellcoord@school.edu,1.5,Level 1-2: Entering/Emerging
2026LEPELL1.0AsmPre,2026,039018,5919,0000001841,L0000001841,Bennett,Alexandra,Samantha,,2019-05-22,01,F,B,WIDA ACCESS,CBT,ELL,Coordinator,English Language Proficiency,Winter,1,ellcoord@school.edu,3.5,Level 3: Developing
2026LEPELL1.0AsmPre,2024,064241,4684,0000001856,L0000001856,Newman,Thomas,Timothy,,2018-09-04,01,M,W,WIDA ACCESS,CBT,ELL,Coordinator,English Language Proficiency,Winter,1,ellcoord@school.edu,2.8,Level 3: Developing
2026LEPELL1.0AsmPre,2025,064241,9862,0000001856,L0000001856,Newman,Thomas,Timothy,,2018-09-04,02,M,W,WIDA ACCESS,CBT,ELL,Coordinator,English Language Proficiency,Winter,1,ellcoord@school.edu,3.2,Level 3: Developing
2026LEPELL1.0AsmPre,2026,064241,2931,0000001856,L0000001856,Newman,Thomas,Timothy,,2018-09-04,03,M,W,WIDA ACCESS,CBT,ELL,Coordinator,English Language Proficiency,Winter,1,ellcoord@school.edu,3.0,Level 3: Developing
2026LEPELL1.0AsmPre,2026,023825,4152,0000001861,L0000001861,Stephenson,Daniel,Jared,,2020-06-17,K,M,A,WIDA ACCESS,CBT,ELL,Coordinator,English Language Proficiency,Winter,1,ellcoord@school.edu,2.9,Level 3: Developing
2026LEPELL1.0AsmPre,2024,012791,4776,0000001865,L0000001865,Sosa,Jodi,Summer,,2018-06-13,01,F,W,WIDA ACCESS,CBT,ELL,Coordinator,English Language Proficiency,Winter,1,ellcoord@school.edu,3.0,Level 3: Developing
2026LEPELL1.0AsmPre,2025,012791,1942,0000001865,L0000001865,Sosa,Jodi,Summer,,2018-06-13,02,F,W,WIDA ACCESS,CBT,ELL,Coordinator,English Language Proficiency,Winter,1,ellcoord@school.edu,2.8,Level 3: Developing
2026LEPELL1.0AsmPre,2026,012791,7435,0000001865,L0000001865,Sosa,Jodi,Summer,,2018-06-13,03,F,W,WIDA ACCESS,CBT,ELL,Coordinator,English Language Proficiency,Winter,1,ellcoord@school.edu,5.4,Level 5: Bridging
2026LEPELL1.0AsmPre,2025,054829,5481,0000001880,L0000001880,Howell,William,Johnny,,2019-04-05,K,M,W,WIDA ACCESS,CBT,ELL,Coordinator,English Language Proficiency,Winter,1,ellcoord@school.edu,1.7,Level 1-2: Entering/Emerging
2026LEPELL1.0AsmPre,2024,112287,7859,0000001909,L0000001909,Snyder,Brenda,Kelly,,2018-01-17,01,F,A,WIDA ACCESS,CBT,ELL,Coordinator,English Language Proficiency,Winter,1,ellcoord@school.edu,4.2,Level 4: Expanding
2026LEPELL1.0AsmPre,2025,112287,4823,0000001909,L0000001909,Snyder,Brenda,Kelly,,2018-01-17,02,F,A,WIDA ACCESS,CBT,ELL,Coordinator,English Language Proficiency,Winter,1,ellcoord@school.edu,5.0,Level 5: Bridging
2026LEPELL1.0AsmPre,2026,112287,1099,0000001909,L0000001909,Snyder,Brenda,Kelly,,2018-01-17,03,F,A,WIDA ACCESS,CBT,ELL,Coordinator,English Language Proficiency,Winter,1,ellcoord@school.edu,5.0,Level 5: Bridging
2026LEPELL1.0AsmPre,2024,092364,7305,0000001922,L0000001922,Johnson,James,Kenneth,,2018-08-05,01,F,W,WIDA ACCESS,CBT,ELL,Coordinator,English Language Proficiency,Winter,1,ellcoord@school.edu,3.6,Level 3: Developing
2026LEPELL1.0AsmPre,2025,092364,7421,0000001922,L0000001922,Johnson,James,Kenneth,,2018-08-05,02,F,W,WIDA ACCESS,CBT,ELL,Coordinator,English Language Proficiency,Winter,1,ellcoord@school.edu,3.3,Level 3: Developing
2026LEPELL1.0AsmPre,2026,092364,9689,0000001922,L0000001922,Johnson,James,Kenneth,,2018-08-05,03,F,W,WIDA ACCESS,CBT,ELL,Coordinator,English Language Proficiency,Winter,1,ellcoord@school.edu,4.1,Level 4: Expanding
2026LEPELL1.0AsmPre,2025,056913,3336,0000001925,L0000001925,Parrish,Tyler,Caleb,,2018-05-12,03,M,W,WIDA ACCESS,CBT,ELL,Coordinator,English Language Proficiency,Winter,1,ellcoord@school.edu,4.5,Level 4: Expanding
2026LEPELL1.0AsmPre,2026,056913,7126,0000001925,L0000001925,Parrish,Tyler,Caleb,,2018-05-12,03,M,W,WIDA ACCESS,CBT,ELL,Coordinator,English Language Proficiency,Winter,1,ellcoord@school.edu,3.3,Level 3: Developing
2026LEPELL1.0AsmPre,2026,112085,7176,0000001932,L0000001932,Dodson,Andrew,Peter,,2020-04-15,K,M,A,WIDA ACCESS,CBT,ELL,Coordinator,English Language Proficiency,Winter,1,ellcoord@school.edu,2.2,Level 1-2: Entering/Emerging
2026LEPELL1.0AsmPre,2026,109687,9932,0000001941,L0000001941,Bridges,Crystal,Stefanie,,2020-03-17,K,F,I,WIDA ACCESS,CBT,ELL,Coordinator,English Language Proficiency,Winter,1,ellcoord@school.edu,2.6,Level 3: Developing
2026LEPELL1.0AsmPre,2024,055277,9748,0000001942,L0000001942,Clark,Sandra,Shannon,,2018-07-22,01,F,W,WIDA ACCESS,CBT,ELL,Coordinator,English Language Proficiency,Winter,1,ellcoord@school.edu,1.8,Level 1-2: Entering/Emerging
2026LEPELL1.0AsmPre,2025,055277,6971,0000001942,L0000001942,Clark,Sandra,Shannon,,2018-07-22,03,F,W,WIDA ACCESS,CBT,ELL,Coordinator,English Language Proficiency,Winter,1,ellcoord@school.edu,4.7,Level 4: Expanding
2026LEPELL1.0AsmPre,2026,055277,8349,0000001942,L0000001942,Clark,Sandra,Shannon,,2018-07-22,03,F,W,WIDA ACCESS,CBT,ELL,Coordinator,English Language Proficiency,Winter,1,ellcoord@school.edu,5.1,Level 5: Bridging
2026LEPELL1.0AsmPre,2026,112180,5061,0000001943,L0000001943,Vasquez,Lance,Christopher,,2020-06-18,K,M,W,WIDA ACCESS,CBT,ELL,Coordinator,English Language Proficiency,Winter,1,ellcoord@school.edu,2.2,Level 1-2: Entering/Emerging
2026LEPELL1.0AsmPre,2024,036349,2188,0000001944,L0000001944,Johnson,Brian,Aaron,,2018-10-20,01,M,W,WIDA ACCESS,CBT,ELL,Coordinator,English Language Proficiency,Winter,1,ellcoord@school.edu,2.1,Level 1-2: Entering/Emerging
2026LEPELL1.0AsmPre,2025,036349,7630,0000001944,L0000001944,Johnson,Brian,Aaron,,2018-10-20,02,M,W,WIDA ACCESS,CBT,ELL,Coordinator,English Language Proficiency,Winter,1,ellcoord@school.edu,3.5,Level 3: Developing
2026LEPELL1.0AsmPre,2026,036349,9031,0000001944,L0000001944,Johnson,Brian,Aaron,,2018-10-20,03,M,W,WIDA ACCESS,CBT,ELL,Coordinator,English Language Proficiency,Winter,1,ellcoord@school.edu,3.7,Level 3: Developing
2026LEPELL1.0AsmPre,2026,056435,8706,0000001959,L0000001959,Williams,Frank,,,2020-06-06,K,F,W,WIDA ACCESS,CBT,ELL,Coordinator,English Language Proficiency,Winter,1,ellcoord@school.edu,2.6,Level 3: Developing
2026LEPELL1.0AsmPre,2025,030049,6399,0000001994,L0000001994,Walker,Joanna,Sara,,2019-06-27,K,F,W,WIDA ACCESS,CBT,ELL,Coordinator,English Language Proficiency,Winter,1,ellcoord@school.edu,2.2,Level 1-2: Entering/Emerging
2026LEPELL1.0AsmPre,2024,080255,7976,0000002006,L0000002006,Pacheco,Matthew,Paige,,2018-09-26,01,F,W,WIDA ACCESS,CBT,ELL,Coordinator,English Language Proficiency,Winter,1,ellcoord@school.edu,3.0,Level 3: Developing
2026LEPELL1.0AsmPre,2025,080255,1686,0000002006,L0000002006,Pacheco,Matthew,Paige,,2018-09-26,02,F,W,WIDA ACCESS,CBT,ELL,Coordinator,English Language Proficiency,Winter,1,ellcoord@school.edu,4.4,Level 4: Expanding
2026LEPELL1.0AsmPre,2026,080255,5016,0000002006,L0000002006,Pacheco,Matthew,Paige,,2018-09-26,03,F,W,WIDA ACCESS,CBT,ELL,Coordinator,English Language Proficiency,Winter,1,ellcoord@school.edu,5.1,Level 5: Bridging
2026LEPELL1.0AsmPre,2026,107857,9861,0000002019,L0000002019,Ortiz,David,Ryan,,2020-07-20,K,M,W,WIDA ACCESS,CBT,ELL,Coordinator,English Language Proficiency,Winter,1,ellcoord@school.edu,1.7,Level 1-2: Entering/Emerging
2026LEPELL1.0AsmPre,2025,104256,1651,0000002023,L0000002023,Wright,Leon,Richard,,2019-03-13,K,F,A,WIDA ACCESS,CBT,ELL,Coordinator,English Language Proficiency,Winter,1,ellcoord@school.edu,3.2,Level 3: Developing
2026LEPELL1.0AsmPre,2026,104256,6249,0000002023,L0000002023,Wright,Leon,Richard,,2019-03-13,01,F,A,WIDA ACCESS,CBT,ELL,Coordinator,English Language Proficiency,Winter,1,ellcoord@school.edu,3.0,Level 3: Developing
2026LEPELL1.0AsmPre,2025,041590,5441,0000002054,L0000002054,Robinson,Christina,Joshua,,2019-12-12,K,F,A,WIDA ACCESS,CBT,ELL,Coordinator,English Language Proficiency,Winter,1,ellcoord@school.edu,2.3,Level 1-2: Entering/Emerging
2026LEPELL1.0AsmPre,2026,041590,3958,0000002054,L0000002054,Robinson,Christina,Joshua,,2019-12-12,01,F,A,WIDA ACCESS,CBT,ELL,Coordinator,English Language Proficiency,Winter,1,ellcoord@school.edu,3.3,Level 3: Developing
2026LEPELL1.0AsmPre,2026,039688,2371,0000002055,L0000002055,Mckenzie,Ashley,Robert,,2020-11-20,K,F,W,WIDA ACCESS,CBT,ELL,Coordinator,English Language Proficiency,Winter,1,ellcoord@school.edu,3.1,Level 3: Developing
2026LEPELL1.0AsmPre,2024,004632,2381,0000002059,L0000002059,Harmon,Kimberly,Stephanie,,2018-11-07,01,F,W,WIDA ACCESS,CBT,ELL,Coordinator,English Language Proficiency,Winter,1,ellcoord@school.edu,1.9,Level 1-2: Entering/Emerging
2026LEPELL1.0AsmPre,2025,004632,8096,0000002059,L0000002059,Harmon,Kimberly,Stephanie,,2018-11-07,02,F,W,WIDA ACCESS,CBT,ELL,Coordinator,English Language Proficiency,Winter,1,ellcoord@school.edu,2.6,Level 3: Developing
2026LEPELL1.0AsmPre,2026,004632,2702,0000002059,L0000002059,Harmon,Kimberly,Stephanie,,2018-11-07,03,F,W,WIDA ACCESS,CBT,ELL,Coordinator,English Language Proficiency,Winter,1,ellcoord@school.edu,4.0,Level 4: Expanding
2026LEPELL1.0AsmPre,2024,112483,3838,0000002068,L0000002068,Harper,Regina,Gabriella,,2018-01-06,01,F,A,WIDA ACCESS,CBT,ELL,Coordinator,English Language Proficiency,Winter,1,ellcoord@school.edu,2.6,Level 3: Developing
2026LEPELL1.0AsmPre,2025,112483,5384,0000002068,L0000002068,Harper,Regina,Gabriella,,2018-01-06,02,F,A,WIDA ACCESS,CBT,ELL,Coordinator,English Language Proficiency,Winter,1,ellcoord@school.edu,3.6,Level 3: Developing
2026LEPELL1.0AsmPre,2026,112483,6842,0000002068,L0000002068,Harper,Regina,Gabriella,,2018-01-06,03,F,A,WIDA ACCESS,CBT,ELL,Coordinator,English Language Proficiency,Winter,1,ellcoord@school.edu,5.0,Level 5: Bridging
2026LEPELL1.0AsmPre,2025,030678,5436,0000002072,L0000002072,Lee,Lucas,Roberto,,2019-05-06,K,M,W,WIDA ACCESS,CBT,ELL,Coordinator,English Language Proficiency,Winter,1,ellcoord@school.edu,2.8,Level 3: Developing
2026LEPELL1.0AsmPre,2026,030678,7680,0000002072,L0000002072,Lee,Lucas,Roberto,,2019-05-06,01,M,W,WIDA ACCESS,CBT,ELL,Coordinator,English Language Proficiency,Winter,1,ellcoord@school.edu,3.9,Level 3: Developing
2026LEPELL1.0AsmPre,2024,010121,8023,0000002091,L0000002091,Gallegos,Tammy,Bryan,,2018-02-13,01,F,M,WIDA ACCESS,CBT,ELL,Coordinator,English Language Proficiency,Winter,1,ellcoord@school.edu,1.8,Level 1-2: Entering/Emerging
2026LEPELL1.0AsmPre,2025,010121,2305,0000002091,L0000002091,Gallegos,Tammy,Bryan,,2018-02-13,02,F,M,WIDA ACCESS,CBT,ELL,Coordinator,English Language Proficiency,Winter,1,ellcoord@school.edu,4.0,Level 4: Expanding
2026LEPELL1.0AsmPre,2026,010121,5942,0000002091,L0000002091,Gallegos,Tammy,Bryan,,2018-02-13,03,F,M,WIDA ACCESS,CBT,ELL,Coordinator,English Language Proficiency,Winter,1,ellcoord@school.edu,3.0,Level 3: Developing
2026LEPELL1.0AsmPre,2024,059479,3000,0000002092,L0000002092,Garza,Ethan,,,2018-05-03,01,M,A,WIDA ACCESS,CBT,ELL,Coordinator,English Language Proficiency,Winter,1,ellcoord@school.edu,2.6,Level 3: Developing
2026LEPELL1.0AsmPre,2025,059479,3486,0000002092,L0000002092,Garza,Ethan,,,2018-05-03,02,M,A,WIDA ACCESS,CBT,ELL,Coordinator,English Language Proficiency,Winter,1,ellcoord@school.edu,2.8,Level 3: Developing
2026LEPELL1.0AsmPre,2026,059479,2247,0000002092,L0000002092,Garza,Ethan,,,2018-05-03,03,M,A,WIDA ACCESS,CBT,ELL,Coordinator,English Language Proficiency,Winter,1,ellcoord@school.edu,4.2,Level 4: Expanding
2026LEPELL1.0AsmPre,2025,108215,1102,0000002146,L0000002146,Hodge,Steve,Frederick,,2019-02-15,K,M,A,WIDA ACCESS,CBT,ELL,Coordinator,English Language Proficiency,Winter,1,ellcoord@school.edu,1.8,Level 1-2: Entering/Emerging
2026LEPELL1.0AsmPre,2026,108215,3243,0000002146,L0000002146,Hodge,Steve,Frederick,,2019-02-15,01,M,A,WIDA ACCESS,CBT,ELL,Coordinator,English Language Proficiency,Winter,1,ellcoord@school.edu,2.8,Level 3: Developing
2026LEPELL1.0AsmPre,2024,087595,8778,0000002172,L0000002172,Johnson,Desiree,Sarah,,2018-12-20,01,F,W,WIDA ACCESS,CBT,ELL,Coordinator,English Language Proficiency,Winter,1,ellcoord@school.edu,2.7,Level 3: Developing
2026LEPELL1.0AsmPre,2025,087595,7533,0000002172,L0000002172,Johnson,Desiree,Sarah,,2018-12-20,02,F,W,WIDA ACCESS,CBT,ELL,Coordinator,English Language Proficiency,Winter,1,ellcoord@school.edu,3.3,Level 3: Developing
2026LEPELL1.0AsmPre,2026,087595,5849,0000002172,L0000002172,Johnson,Desiree,Sarah,,2018-12-20,03,F,W,WIDA ACCESS,CBT,ELL,Coordinator,English Language Proficiency,Winter,1,ellcoord@school.edu,4.9,Level 4: Expanding
2026LEPELL1.0AsmPre,2025,065282,1394,0000002183,L0000002183,Benton,Richard,,,2021-02-21,K,M,A,WIDA ACCESS,CBT,ELL,Coordinator,English Language Proficiency,Winter,1,ellcoord@school.edu,2.4,Level 1-2: Entering/Emerging
2026LEPELL1.0AsmPre,2025,020486,6156,0000002214,L0000002214,Simmons,Anne,Nicole,,2019-02-06,K,F,W,WIDA ACCESS,CBT,ELL,Coordinator,English Language Proficiency,Winter,1,ellcoord@school.edu,2.8,Level 3: Developing
2026LEPELL1.0AsmPre,2026,020486,4959,0000002214,L0000002214,Simmons,Anne,Nicole,,2019-02-06,01,F,W,WIDA ACCESS,CBT,ELL,Coordinator,English Language Proficiency,Winter,1,ellcoord@school.edu,3.6,Level 3: Developing
2026LEPELL1.0AsmPre,2025,079636,3439,0000002243,L0000002243,Barnett,Charles,,,2019-02-02,K,F,W,WIDA ACCESS,CBT,ELL,Coordinator,English Language Proficiency,Winter,1,ellcoord@school.edu,2.1,Level 1-2: Entering/Emerging
2026LEPELL1.0AsmPre,2026,079636,3847,0000002243,L0000002243,Barnett,Charles,,,2019-02-02,01,F,W,WIDA ACCESS,CBT,ELL,Coordinator,English Language Proficiency,Winter,1,ellcoord@school.edu,3.2,Level 3: Developing
2026LEPELL1.0AsmPre,2026,001772,3316,0000002249,L0000002249,Peters,Kyle,Gregory,,2020-08-18,K,M,B,WIDA ACCESS,CBT,ELL,Coordinator,English Language Proficiency,Winter,1,ellcoord@school.edu,1.3,Level 1-2: Entering/Emerging
2026LEPELL1.0AsmPre,2026,069660,2744,0000002259,L0000002259,Ferguson,James,,,2020-05-03,K,M,W,WIDA ACCESS,CBT,ELL,Coordinator,English Language Proficiency,Winter,1,ellcoord@school.edu,3.2,Level 3: Developing
2026LEPELL1.0AsmPre,2024,011012,6134,0000002261,L0000002261,White,Samantha,Kimberly,,2018-12-15,01,F,B,WIDA ACCESS,CBT,ELL,Coordinator,English Language Proficiency,Winter,1,ellcoord@school.edu,2.7,Level 3: Developing
2026LEPELL1.0AsmPre,2025,011012,4278,0000002261,L0000002261,White,Samantha,Kimberly,,2018-12-15,02,F,B,WIDA ACCESS,CBT,ELL,Coordinator,English Language Proficiency,Winter,1,ellcoord@school.edu,3.0,Level 3: Developing
2026LEPELL1.0AsmPre,2026,011012,8552,0000002261,L0000002261,White,Samantha,Kimberly,,2018-12-15,03,F,B,WIDA ACCESS,CBT,ELL,Coordinator,English Language Proficiency,Winter,1,ellcoord@school.edu,2.6,Level 3: Developing
2026LEPELL1.0AsmPre,2026,007278,9308,0000002262,L0000002262,Navarro,Christopher,Joshua,,2020-11-22,K,M,W,WIDA ACCESS,CBT,ELL,Coordinator,English Language Proficiency,Winter,1,ellcoord@school.edu,1.3,Level 1-2: Entering/Emerging
2026LEPELL1.0AsmPre,2026,091470,4147,0000002273,L0000002273,Rosales,Beth,Tamara,,2020-06-24,K,F,B,WIDA ACCESS,CBT,ELL,Coordinator,English Language Proficiency,Winter,1,ellcoord@school.edu,1.9,Level 1-2: Entering/Emerging
2026LEPELL1.0AsmPre,2024,081366,4760,0000002275,L0000002275,Mathis,Kenneth,Catherine,,2018-02-25,01,F,A,WIDA ACCESS,CBT,ELL,Coordinator,English Language Proficiency,Winter,1,ellcoord@school.edu,3.6,Level 3: Developing
2026LEPELL1.0AsmPre,2025,081366,5024,0000002275,L0000002275,Mathis,Kenneth,Catherine,,2018-02-25,02,F,A,WIDA ACCESS,CBT,ELL,Coordinator,English Language Proficiency,Winter,1,ellcoord@school.edu,5.2,Level 5: Bridging
2026LEPELL1.0AsmPre,2026,081366,6122,0000002275,L0000002275,Mathis,Kenneth,Catherine,,2018-02-25,03,F,A,WIDA ACCESS,CBT,ELL,Coordinator,English Language Proficiency,Winter,1,ellcoord@school.edu,5.7,Level 6: Reaching
2026LEPELL1.0AsmPre,2026,090089,8857,0000002286,L0000002286,Gomez,Linda,Christina,,2020-04-14,K,F,W,WIDA ACCESS,CBT,ELL,Coordinator,English Language Proficiency,Winter,1,ellcoord@school.edu,3.1,Level 3: Developing
2026LEPELL1.0AsmPre,2026,030423,7109,0000002315,L0000002315,Roberts,Michele,Tamara,,2020-02-25,K,F,W,WIDA ACCESS,CBT,ELL,Coordinator,English Language Proficiency,Winter,1,ellcoord@school.edu,1.8,Level 1-2: Entering/Emerging
2026LEPELL1.0AsmPre,2025,001680,9141,0000002321,L0000002321,Huffman,Jamie,,,2019-07-20,K,F,B,WIDA ACCESS,CBT,ELL,Coordinator,English Language Proficiency,Winter,1,ellcoord@school.edu,1.7,Level 1-2: Entering/Emerging
2026LEPELL1.0AsmPre,2026,001680,9281,0000002321,L0000002321,Huffman,Jamie,,,2019-07-20,01,F,B,WIDA ACCESS,CBT,ELL,Coordinator,English Language Proficiency,Winter,1,ellcoord@school.edu,2.5,Level 3: Developing
2026LEPELL1.0AsmPre,2026,040466,7539,0000002341,L0000002341,Wiggins,Monica,Stephanie,,2020-11-25,K,F,W,WIDA ACCESS,CBT,ELL,Coordinator,English Language Proficiency,Winter,1,ellcoord@school.edu,2.9,Level 3: Developing
2026LEPELL1.0AsmPre,2025,056555,6214,0000002354,L0000002354,Galvan,Jill,Aaron,,2019-12-23,K,F,A,WIDA ACCESS,CBT,ELL,Coordinator,English Language Proficiency,Winter,1,ellcoord@school.edu,1.7,Level 1-2: Entering/Emerging
2026LEPELL1.0AsmPre,2026,056555,7607,0000002354,L0000002354,Galvan,Jill,Aaron,,2019-12-23,01,F,A,WIDA ACCESS,CBT,ELL,Coordinator,English Language Proficiency,Winter,1,ellcoord@school.edu,2.6,Level 3: Developing
2026LEPELL1.0AsmPre,2025,081194,9637,0000002381,L0000002381,Harper,Kevin,Matthew,,2019-10-27,K,M,W,WIDA ACCESS,CBT,ELL,Coordinator,English Language Proficiency,Winter,1,ellcoord@school.edu,1.9,Level 1-2: Entering/Emerging
2026LEPELL1.0AsmPre,2026,081194,4512,0000002381,L0000002381,Harper,Kevin,Matthew,,2019-10-27,01,M,W,WIDA ACCESS,CBT,ELL,Coordinator,English Language Proficiency,Winter,1,ellcoord@school.edu,3.0,Level 3: Developing
2026LEPELL1.0AsmPre,2026,048924,5890,0000002399,L0000002399,Charles,Sherry,Ellen,,2020-07-10,K,F,I,WIDA ACCESS,CBT,ELL,Coordinator,English Language Proficiency,Winter,1,ellcoord@school.edu,2.8,Level 3: Developing
2026LEPELL1.0AsmPre,2026,063804,1489,0000002429,L0000002429,Smith,Richard,Dennis,,2020-07-27,K,M,A,WIDA ACCESS,CBT,ELL,Coordinator,English Language Proficiency,Winter,1,ellcoord@school.edu,2.7,Level 3: Developing
2026LEPELL1.0AsmPre,2025,113484,3994,0000002433,L0000002433,Cook,Brian,Randy,,2019-10-06,01,F,W,WIDA ACCESS,CBT,ELL,Coordinator,English Language Proficiency,Winter,1,ellcoord@school.edu,2.5,Level 3: Developing
2026LEPELL1.0AsmPre,2026,113484,1317,0000002433,L0000002433,Cook,Brian,Randy,,2019-10-06,01,F,W,WIDA ACCESS,CBT,ELL,Coordinator,English Language Proficiency,Winter,1,ellcoord@school.edu,2.9,Level 3: Developing
2026LEPELL1.0AsmPre,2025,001738,7102,0000002437,L0000002437,Gordon,Jaime,William,,2019-07-27,K,M,B,WIDA ACCESS,CBT,ELL,Coordinator,English Language Proficiency,Winter,1,ellcoord@school.edu,1.6,Level 1-2: Entering/Emerging
2026LEPELL1.0AsmPre,2026,001738,2440,0000002437,L0000002437,Gordon,Jaime,William,,2019-07-27,01,M,B,WIDA ACCESS,CBT,ELL,Coordinator,English Language Proficiency,Winter,1,ellcoord@school.edu,2.0,Level 1-2: Entering/Emerging
2026LEPELL1.0AsmPre,2026,047331,8919,0000002439,L0000002439,Hansen,Karen,Kathleen,,2020-08-19,K,F,W,WIDA ACCESS,CBT,ELL,Coordinator,English Language Proficiency,Winter,1,ellcoord@school.edu,2.6,Level 3: Developing
2026LEPELL1.0AsmPre,2024,021721,4504,0000002482,L0000002482,Johnson,Ashley,Penny,,2018-06-07,01,F,W,WIDA ACCESS,CBT,ELL,Coordinator,English Language Proficiency,Winter,1,ellcoord@school.edu,2.9,Level 3: Developing
2026LEPELL1.0AsmPre,2025,021721,4964,0000002482,L0000002482,Johnson,Ashley,Penny,,2018-06-07,02,F,W,WIDA ACCESS,CBT,ELL,Coordinator,English Language Proficiency,Winter,1,ellcoord@school.edu,3.8,Level 3: Developing
2026LEPELL1.0AsmPre,2026,021721,9112,0000002482,L0000002482,Johnson,Ashley,Penny,,2018-06-07,03,F,W,WIDA ACCESS,CBT,ELL,Coordinator,English Language Proficiency,Winter,1,ellcoord@school.edu,2.4,Level 1-2: Entering/Emerging
2026LEPELL1.0AsmPre,2025,023913,7128,0000002514,L0000002514,Sullivan,Lydia,Sarah,,2019-06-24,K,F,B,WIDA ACCESS,CBT,ELL,Coordinator,English Language Proficiency,Winter,1,ellcoord@school.edu,2.2,Level 1-2: Entering/Emerging
2026LEPELL1.0AsmPre,2026,023913,4458,0000002514,L0000002514,Sullivan,Lydia,Sarah,,2019-06-24,01,F,B,WIDA ACCESS,CBT,ELL,Coordinator,English Language Proficiency,Winter,1,ellcoord@school.edu,4.2,Level 4: Expanding
2026LEPELL1.0AsmPre,2025,103415,8826,0000002520,L0000002520,Mcdaniel,Sean,Paul,,2019-02-21,K,F,W,WIDA ACCESS,CBT,ELL,Coordinator,English Language Proficiency,Winter,1,ellcoord@school.edu,2.5,Level 3: Developing
2026LEPELL1.0AsmPre,2026,103415,2989,0000002520,L0000002520,Mcdaniel,Sean,Paul,,2019-02-21,01,F,W,WIDA ACCESS,CBT,ELL,Coordinator,English Language Proficiency,Winter,1,ellcoord@school.edu,2.5,Level 3: Developing
2026LEPELL1.0AsmPre,2026,020899,8460,0000002539,L0000002539,Mitchell,Carlos,James,,2020-02-03,K,M,A,WIDA ACCESS,CBT,ELL,Coordinator,English Language Proficiency,Winter,1,ellcoord@school.edu,1.8,Level 1-2: Entering/Emerging
2026LEPELL1.0AsmPre,2026,070724,8062,0000002542,L0000002542,Walsh,Anthony,David,,2020-05-28,K,M,W,WIDA ACCESS,CBT,ELL,Coordinator,English Language Proficiency,Winter,1,ellcoord@school.edu,3.1,Level 3: Developing
2026LEPELL1.0AsmPre,2026,102679,3974,0000002558,L0000002558,Gilbert,Brian,Andrea,,2020-02-25,K,F,B,WIDA ACCESS,CBT,ELL,Coordinator,English Language Proficiency,Winter,1,ellcoord@school.edu,2.9,Level 3: Developing
2026LEPELL1.0AsmPre,2026,049421,4898,0000002559,L0000002559,Brown,Chad,Tony,,2020-01-09,K,M,W,WIDA ACCESS,CBT,ELL,Coordinator,English Language Proficiency,Winter,1,ellcoord@school.edu,2.1,Level 1-2: Entering/Emerging
2026LEPELL1.0AsmPre,2026,039571,6070,0000002560,L0000002560,Dalton,Jessica,Sandra,,2020-07-12,K,F,W,WIDA ACCESS,CBT,ELL,Coordinator,English Language Proficiency,Winter,1,ellcoord@school.edu,1.5,Level 1-2: Entering/Emerging
2026LEPELL1.0AsmPre,2024,044499,6381,0000002561,L0000002561,Nunez,Jennifer,Jacqueline,,2018-10-20,01,F,M,WIDA ACCESS,CBT,ELL,Coordinator,English Language Proficiency,Winter,1,ellcoord@school.edu,2.4,Level 1-2: Entering/Emerging
2026LEPELL1.0AsmPre,2025,044499,6971,0000002561,L0000002561,Nunez,Jennifer,Jacqueline,,2018-10-20,02,F,M,WIDA ACCESS,CBT,ELL,Coordinator,English Language Proficiency,Winter,1,ellcoord@school.edu,4.9,Level 4: Expanding
2026LEPELL1.0AsmPre,2026,044499,6340,0000002561,L0000002561,Nunez,Jennifer,Jacqueline,,2018-10-20,03,F,M,WIDA ACCESS,CBT,ELL,Coordinator,English Language Proficiency,Winter,1,ellcoord@school.edu,4.9,Level 4: Expanding
2026LEPELL1.0AsmPre,2026,061209,4449,0000002577,L0000002577,Floyd,Tanya,Jonathan,,2020-03-09,K,F,I,WIDA ACCESS,CBT,ELL,Coordinator,English Language Proficiency,Winter,1,ellcoord@school.edu,2.0,Level 1-2: Entering/Emerging
2026LEPELL1.0AsmPre,2025,056020,4068,0000002580,L0000002580,Hernandez,Sarah,,,2019-12-21,K,F,W,WIDA ACCESS,CBT,ELL,Coordinator,English Language Proficiency,Winter,1,ellcoord@school.edu,1.4,Level 1-2: Entering/Emerging
2026LEPELL1.0AsmPre,2026,056020,7432,0000002580,L0000002580,Hernandez,Sarah,,,2019-12-21,01,F,W,WIDA ACCESS,CBT,ELL,Coordinator,English Language Proficiency,Winter,1,ellcoord@school.edu,3.8,Level 3: Developing
2026LEPELL1.0AsmPre,2025,039216,4074,0000002613,L0000002613,Mitchell,Carrie,Grant,,2019-07-25,K,F,W,WIDA ACCESS,CBT,ELL,Coordinator,English Language Proficiency,Winter,1,ellcoord@school.edu,3.2,Level 3: Developing
2026LEPELL1.0AsmPre,2026,039216,7942,0000002613,L0000002613,Mitchell,Carrie,Grant,,2019-07-25,01,F,W,WIDA ACCESS,CBT,ELL,Coordinator,English Language Proficiency,Winter,1,ellcoord@school.edu,2.8,Level 3: Developing
2026LEPELL1.0AsmPre,2026,033259,1571,0000002616,L0000002616,Moore,Barbara,Kathy,,2020-10-16,K,F,W,WIDA ACCESS,CBT,ELL,Coordinator,English Language Proficiency,Winter,1,ellcoord@school.edu,2.4,Level 1-2: Entering/Emerging
2026LEPELL1.0AsmPre,2026,018443,6613,0000002658,L0000002658,Mason,Jeffrey,Brittney,,2020-03-19,K,F,W,WIDA ACCESS,CBT,ELL,Coordinator,English Language Proficiency,Winter,1,ellcoord@school.edu,2.9,Level 3: Developing
2026LEPELL1.0AsmPre,2025,010779,3243,0000002680,L0000002680,Santiago,Andrea,Melissa,,2019-06-22,K,F,A,WIDA ACCESS,CBT,ELL,Coordinator,English Language Proficiency,Winter,1,ellcoord@school.edu,2.6,Level 3: Developing
2026LEPELL1.0AsmPre,2026,010779,6214,0000002680,L0000002680,Santiago,Andrea,Melissa,,2019-06-22,01,F,A,WIDA ACCESS,CBT,ELL,Coordinator,English Language Proficiency,Winter,1,ellcoord@school.edu,2.8,Level 3: Developing
2026LEPELL1.0AsmPre,2026,067928,2519,0000002694,L0000002694,Tran,Heidi,Toni,,2020-06-19,K,F,W,WIDA ACCESS,CBT,ELL,Coordinator,English Language Proficiency,Winter,1,ellcoord@school.edu,1.4,Level 1-2: Entering/Emerging
2026LEPELL1.0AsmPre,2025,077406,4093,0000002698,L0000002698,Wright,Nicole,,,2019-08-02,K,F,W,WIDA ACCESS,CBT,ELL,Coordinator,English Language Proficiency,Winter,1,ellcoord@school.edu,1.4,Level 1-2: Entering/Emerging
2026LEPELL1.0AsmPre,2026,077406,3829,0000002698,L0000002698,Wright,Nicole,,,2019-08-02,01,F,W,WIDA ACCESS,CBT,ELL,Coordinator,English Language Proficiency,Winter,1,ellcoord@school.edu,2.7,Level 3: Developing
2026LEPELL1.0AsmPre,2024,047509,8476,0000002708,L0000002708,Moore,Miguel,Jessica,,2018-09-28,01,F,A,WIDA ACCESS,CBT,ELL,Coordinator,English Language Proficiency,Winter,1,ellcoord@school.edu,3.1,Level 3: Developing
2026LEPELL1.0AsmPre,2025,047509,3128,0000002708,L0000002708,Moore,Miguel,Jessica,,2018-09-28,02,F,A,WIDA ACCESS,CBT,ELL,Coordinator,English Language Proficiency,Winter,1,ellcoord@school.edu,3.8,Level 3: Developing
2026LEPELL1.0AsmPre,2026,047509,9596,0000002708,L0000002708,Moore,Miguel,Jessica,,2018-09-28,03,F,A,WIDA ACCESS,CBT,ELL,Coordinator,English Language Proficiency,Winter,1,ellcoord@school.edu,5.9,Level 6: Reaching
2026LEPELL1.0AsmPre,2025,041118,9147,0000002728,L0000002728,Foster,Joshua,Corey,,2019-01-07,K,M,W,WIDA ACCESS,CBT,ELL,Coordinator,English Language Proficiency,Winter,1,ellcoord@school.edu,2.5,Level 3: Developing
2026LEPELL1.0AsmPre,2025,113008,8377,0000002733,L0000002733,Wiggins,Jamie,,,2019-03-20,K,F,W,WIDA ACCESS,CBT,ELL,Coordinator,English Language Proficiency,Winter,1,ellcoord@school.edu,2.5,Level 3: Developing
2026LEPELL1.0AsmPre,2026,113008,4345,0000002733,L0000002733,Wiggins,Jamie,,,2019-03-20,01,F,W,WIDA ACCESS,CBT,ELL,Coordinator,English Language Proficiency,Winter,1,ellcoord@school.edu,2.2,Level 1-2: Entering/Emerging
2026LEPELL1.0AsmPre,2025,032603,2118,0000002765,L0000002765,Gaines,Philip,Thomas,,2021-03-04,K,M,W,WIDA ACCESS,CBT,ELL,Coordinator,English Language Proficiency,Winter,1,ellcoord@school.edu,1.6,Level 1-2: Entering/Emerging
2026LEPELL1.0AsmPre,2025,017205,6446,0000002773,L0000002773,Burke,Erika,Linda,,2019-05-17,K,F,W,WIDA ACCESS,CBT,ELL,Coordinator,English Language Proficiency,Winter,1,ellcoord@school.edu,3.1,Level 3: Developing
2026LEPELL1.0AsmPre,2026,017205,8483,0000002773,L0000002773,Burke,Erika,Linda,,2019-05-17,01,F,W,WIDA ACCESS,CBT,ELL,Coordinator,English Language Proficiency,Winter,1,ellcoord@school.edu,4.2,Level 4: Expanding
2026LEPELL1.0AsmPre,2024,109999,2389,0000002778,L0000002778,Jackson,Emily,Angela,,2018-06-28,01,F,W,WIDA ACCESS,CBT,ELL,Coordinator,English Language Proficiency,Winter,1,ellcoord@school.edu,3.7,Level 3: Developing
2026LEPELL1.0AsmPre,2025,109999,9849,0000002778,L0000002778,Jackson,Emily,Angela,,2018-06-28,02,F,W,WIDA ACCESS,CBT,ELL,Coordinator,English Language Proficiency,Winter,1,ellcoord@school.edu,3.1,Level 3: Developing
2026LEPELL1.0AsmPre,2025,095633,2785,0000002785,L0000002785,Barker,Angela,Rachel,,2019-01-02,K,F,W,WIDA ACCESS,CBT,ELL,Coordinator,English Language Proficiency,Winter,1,ellcoord@school.edu,3.0,Level 3: Developing
2026LEPELL1.0AsmPre,2026,095633,1507,0000002785,L0000002785,Barker,Angela,Rachel,,2019-01-02,01,F,W,WIDA ACCESS,CBT,ELL,Coordinator,English Language Proficiency,Winter,1,ellcoord@school.edu,1.8,Level 1-2: Entering/Emerging
2026LEPELL1.0AsmPre,2025,064806,4524,0000002794,L0000002794,Johnson,Laurie,Laurie,,2019-07-02,K,F,W,WIDA ACCESS,CBT,ELL,Coordinator,English Language Proficiency,Winter,1,ellcoord@school.edu,2.2,Level 1-2: Entering/Emerging
2026LEPELL1.0AsmPre,2026,064806,3232,0000002794,L0000002794,Johnson,Laurie,Laurie,,2019-07-02,01,F,W,WIDA ACCESS,CBT,ELL,Coordinator,English Language Proficiency,Winter,1,ellcoord@school.edu,2.1,Level 1-2: Entering/Emerging
2026LEPELL1.0AsmPre,2025,080938,1003,0000002819,L0000002819,Valencia,David,Matthew,,2019-08-20,K,M,W,WIDA ACCESS,CBT,ELL,Coordinator,English Language Proficiency,Winter,1,ellcoord@school.edu,1.9,Level 1-2: Entering/Emerging
2026LEPELL1.0AsmPre,2026,080938,3560,0000002819,L0000002819,Valencia,David,Matthew,,2019-08-20,01,M,W,WIDA ACCESS,CBT,ELL,Coordinator,English Language Proficiency,Winter,1,ellcoord@school.edu,3.0,Level 3: Developing
2026LEPELL1.0AsmPre,2025,024505,2467,0000002821,L0000002821,Massey,Louis,Matthew,,2021-11-18,K,M,W,WIDA ACCESS,CBT,ELL,Coordinator,English Language Proficiency,Winter,1,ellcoord@school.edu,3.0,Level 3: Developing
2026LEPELL1.0AsmPre,2024,037215,7240,0000002822,L0000002822,Fisher,Sarah,Kimberly,,2018-05-12,01,F,W,WIDA ACCESS,CBT,ELL,Coordinator,English Language Proficiency,Winter,1,ellcoord@school.edu,3.8,Level 3: Developing
2026LEPELL1.0AsmPre,2025,037215,1599,0000002822,L0000002822,Fisher,Sarah,Kimberly,,2018-05-12,02,F,W,WIDA ACCESS,CBT,ELL,Coordinator,English Language Proficiency,Winter,1,ellcoord@school.edu,3.9,Level 3: Developing
2026LEPELL1.0AsmPre,2026,037215,1738,0000002822,L0000002822,Fisher,Sarah,Kimberly,,2018-05-12,03,F,W,WIDA ACCESS,CBT,ELL,Coordinator,English Language Proficiency,Winter,1,ellcoord@school.edu,4.9,Level 4: Expanding
2026LEPELL1.0AsmPre,2024,022486,4867,0000002841,L0000002841,Cuevas,Cindy,Debra,,2018-09-05,01,F,A,WIDA ACCESS,CBT,ELL,Coordinator,English Language Proficiency,Winter,1,ellcoord@school.edu,3.2,Level 3: Developing
2026LEPELL1.0AsmPre,2025,022486,5122,0000002841,L0000002841,Cuevas,Cindy,Debra,,2018-09-05,02,F,A,WIDA ACCESS,CBT,ELL,Coordinator,English Language Proficiency,Winter,1,ellcoord@school.edu,3.2,Level 3: Developing
2026LEPELL1.0AsmPre,2026,022486,7081,0000002841,L0000002841,Cuevas,Cindy,Debra,,2018-09-05,03,F,A,WIDA ACCESS,CBT,ELL,Coordinator,English Language Proficiency,Winter,1,ellcoord@school.edu,5.3,Level 5: Bridging
2026LEPELL1.0AsmPre,2025,002853,6593,0000002842,L0000002842,Collins,Christine,Jennifer,,2019-07-01,K,F,B,WIDA ACCESS,CBT,ELL,Coordinator,English Language Proficiency,Winter,1,ellcoord@school.edu,2.2,Level 1-2: Entering/Emerging
2026LEPELL1.0AsmPre,2026,002853,4005,0000002842,L0000002842,Collins,Christine,Jennifer,,2019-07-01,01,F,B,WIDA ACCESS,CBT,ELL,Coordinator,English Language Proficiency,Winter,1,ellcoord@school.edu,1.3,Level 1-2: Entering/Emerging
2026LEPELL1.0AsmPre,2024,011670,7589,0000002852,L0000002852,Johnson,Ann,Nicole,,2018-06-06,01,F,W,WIDA ACCESS,CBT,ELL,Coordinator,English Language Proficiency,Winter,1,ellcoord@school.edu,3.0,Level 3: Developing
2026LEPELL1.0AsmPre,2025,011670,3705,0000002852,L0000002852,Johnson,Ann,Nicole,,2018-06-06,02,F,W,WIDA ACCESS,CBT,ELL,Coordinator,English Language Proficiency,Winter,1,ellcoord@school.edu,4.7,Level 4: Expanding
2026LEPELL1.0AsmPre,2026,011670,7546,0000002852,L0000002852,Johnson,Ann,Nicole,,2018-06-06,03,F,W,WIDA ACCESS,CBT,ELL,Coordinator,English Language Proficiency,Winter,1,ellcoord@school.edu,4.5,Level 4: Expanding
2026LEPELL1.0AsmPre,2026,023394,3463,0000002856,L0000002856,Scott,John,Aaron,,2020-06-02,K,M,W,WIDA ACCESS,CBT,ELL,Coordinator,English Language Proficiency,Winter,1,ellcoord@school.edu,2.1,Level 1-2: Entering/Emerging
2026LEPELL1.0AsmPre,2025,029964,2518,0000002891,L0000002891,Jones,Kiara,Kathryn,,2019-04-14,K,F,P,WIDA ACCESS,CBT,ELL,Coordinator,English Language Proficiency,Winter,1,ellcoord@school.edu,2.6,Level 3: Developing
2026LEPELL1.0AsmPre,2026,029964,7698,0000002891,L0000002891,Jones,Kiara,Kathryn,,2019-04-14,01,F,P,WIDA ACCESS,CBT,ELL,Coordinator,English Language Proficiency,Winter,1,ellcoord@school.edu,2.5,Level 3: Developing
2026LEPELL1.0AsmPre,2024,079948,1102,0000002897,L0000002897,Davis,Brandon,,,2018-05-24,01,M,W,WIDA ACCESS,CBT,ELL,Coordinator,English Language Proficiency,Winter,1,ellcoord@school.edu,3.5,Level 3: Developing
2026LEPELL1.0AsmPre,2025,079948,7001,0000002897,L0000002897,Davis,Brandon,,,2018-05-24,02,M,W,WIDA ACCESS,CBT,ELL,Coordinator,English Language Proficiency,Winter,1,ellcoord@school.edu,4.4,Level 4: Expanding
2026LEPELL1.0AsmPre,2026,079948,2258,0000002897,L0000002897,Davis,Brandon,,,2018-05-24,03,M,W,WIDA ACCESS,CBT,ELL,Coordinator,English Language Proficiency,Winter,1,ellcoord@school.edu,5.1,Level 5: Bridging
2026LEPELL1.0AsmPre,2024,090635,9650,0000002905,L0000002905,Brady,Teresa,Nicole,,2018-01-07,01,F,W,WIDA ACCESS,CBT,ELL,Coordinator,English Language Proficiency,Winter,1,ellcoord@school.edu,3.2,Level 3: Developing
2026LEPELL1.0AsmPre,2025,090635,5342,0000002905,L0000002905,Brady,Teresa,Nicole,,2018-01-07,02,F,W,WIDA ACCESS,CBT,ELL,Coordinator,English Language Proficiency,Winter,1,ellcoord@school.edu,2.7,Level 3: Developing
2026LEPELL1.0AsmPre,2026,090635,6477,0000002905,L0000002905,Brady,Teresa,Nicole,,2018-01-07,03,F,W,WIDA ACCESS,CBT,ELL,Coordinator,English Language Proficiency,Winter,1,ellcoord@school.edu,5.8,Level 6: Reaching
2026LEPELL1.0AsmPre,2025,094321,7992,0000002919,L0000002919,Williams,Corey,Craig,,2019-05-27,K,F,W,WIDA ACCESS,CBT,ELL,Coordinator,English Language Proficiency,Winter,1,ellcoord@school.edu,2.1,Level 1-2: Entering/Emerging
2026LEPELL1.0AsmPre,2026,094321,9042,0000002919,L0000002919,Williams,Corey,Craig,,2019-05-27,01,F,W,WIDA ACCESS,CBT,ELL,Coordinator,English Language Proficiency,Winter,1,ellcoord@school.edu,1.9,Level 1-2: Entering/Emerging
2026LEPELL1.0AsmPre,2025,113044,4135,0000002954,L0000002954,Fowler,Eric,Melissa,,2019-08-19,K,F,A,WIDA ACCESS,CBT,ELL,Coordinator,English Language Proficiency,Winter,1,ellcoord@school.edu,2.3,Level 1-2: Entering/Emerging
2026LEPELL1.0AsmPre,2026,113044,4124,0000002954,L0000002954,Fowler,Eric,Melissa,,2019-08-19,01,F,A,WIDA ACCESS,CBT,ELL,Coordinator,English Language Proficiency,Winter,1,ellcoord@school.edu,3.9,Level 3: Developing
2026LEPELL1.0AsmPre,2024,012791,4035,0000002963,L0000002963,Thomas,Stephanie,Melinda,,2018-01-23,01,F,A,WIDA ACCESS,CBT,ELL,Coordinator,English Language Proficiency,Winter,1,ellcoord@school.edu,3.8,Level 3: Developing
2026LEPELL1.0AsmPre,2025,012791,3773,0000002963,L0000002963,Thomas,Stephanie,Melinda,,2018-01-23,02,F,A,WIDA ACCESS,CBT,ELL,Coordinator,English Language Proficiency,Winter,1,ellcoord@school.edu,3.8,Level 3: Developing
2026LEPELL1.0AsmPre,2026,012791,4124,0000002963,L0000002963,Thomas,Stephanie,Melinda,,2018-01-23,03,F,A,WIDA ACCESS,CBT,ELL,Coordinator,English Language Proficiency,Winter,1,ellcoord@school.edu,4.0,Level 4: Expanding
2026LEPELL1.0AsmPre,2024,075910,4657,0000002985,L0000002985,Chandler,Brooke,Hannah,,2018-03-23,01,F,W,WIDA ACCESS,CBT,ELL,Coordinator,English Language Proficiency,Winter,1,ellcoord@school.edu,4.0,Level 4: Expanding
2026LEPELL1.0AsmPre,2025,075910,1683,0000002985,L0000002985,Chandler,Brooke,Hannah,,2018-03-23,02,F,W,WIDA ACCESS,CBT,ELL,Coordinator,English Language Proficiency,Winter,1,ellcoord@school.edu,4.7,Level 4: Expanding
2026LEPELL1.0AsmPre,2026,075910,1636,0000002985,L0000002985,Chandler,Brooke,Hannah,,2018-03-23,03,F,W,WIDA ACCESS,CBT,ELL,Coordinator,English Language Proficiency,Winter,1,ellcoord@school.edu,4.5,Level 4: Expanding
2026LEPELL1.0AsmPre,2025,107460,2587,0000003003,L0000003003,Burke,Shelly,,,2019-05-06,K,F,B,WIDA ACCESS,CBT,ELL,Coordinator,English Language Proficiency,Winter,1,ellcoord@school.edu,2.0,Level 1-2: Entering/Emerging
2026LEPELL1.0AsmPre,2026,107460,8776,0000003003,L0000003003,Burke,Shelly,,,2019-05-06,01,F,B,WIDA ACCESS,CBT,ELL,Coordinator,English Language Proficiency,Winter,1,ellcoord@school.edu,3.9,Level 3: Developing
2026LEPELL1.0AsmPre,2026,081282,5338,0000003007,L0000003007,Hall,Daryl,John,,2020-12-23,K,M,W,WIDA ACCESS,CBT,ELL,Coordinator,English Language Proficiency,Winter,1,ellcoord@school.edu,2.8,Level 3: Developing
2026LEPELL1.0AsmPre,2026,088223,5480,0000003013,L0000003013,Alexander,Ryan,Joseph,,2020-07-10,K,M,M,WIDA ACCESS,CBT,ELL,Coordinator,English Language Proficiency,Winter,1,ellcoord@school.edu,2.1,Level 1-2: Entering/Emerging
2026LEPELL1.0AsmPre,2026,050202,7236,0000003052,L0000003052,Norman,Mary,Antonio,,2020-02-11,K,F,W,WIDA ACCESS,CBT,ELL,Coordinator,English Language Proficiency,Winter,1,ellcoord@school.edu,2.2,Level 1-2: Entering/Emerging
2026LEPELL1.0AsmPre,2025,027455,1756,0000003054,L0000003054,Green,William,Rebecca,,2019-03-03,K,F,W,WIDA ACCESS,CBT,ELL,Coordinator,English Language Proficiency,Winter,1,ellcoord@school.edu,2.5,Level 3: Developing
2026LEPELL1.0AsmPre,2026,027455,5028,0000003054,L0000003054,Green,William,Rebecca,,2019-03-03,01,F,W,WIDA ACCESS,CBT,ELL,Coordinator,English Language Proficiency,Winter,1,ellcoord@school.edu,2.9,Level 3: Developing
2026LEPELL1.0AsmPre,2025,021497,9783,0000003055,L0000003055,Bridges,Bradley,Paul,,2019-08-08,K,M,A,WIDA ACCESS,CBT,ELL,Coordinator,English Language Proficiency,Winter,1,ellcoord@school.edu,1.9,Level 1-2: Entering/Emerging
2026LEPELL1.0AsmPre,2026,021497,8228,0000003055,L0000003055,Bridges,Bradley,Paul,,2019-08-08,01,M,A,WIDA ACCESS,CBT,ELL,Coordinator,English Language Proficiency,Winter,1,ellcoord@school.edu,3.0,Level 3: Developing
2026LEPELL1.0AsmPre,2024,074643,5230,0000003060,L0000003060,Roberts,Ryan,James,,2018-04-07,01,M,A,WIDA ACCESS,CBT,ELL,Coordinator,English Language Proficiency,Winter,1,ellcoord@school.edu,2.9,Level 3: Developing
2026LEPELL1.0AsmPre,2025,074643,3234,0000003060,L0000003060,Roberts,Ryan,James,,2018-04-07,02,M,A,WIDA ACCESS,CBT,ELL,Coordinator,English Language Proficiency,Winter,1,ellcoord@school.edu,4.1,Level 4: Expanding
2026LEPELL1.0AsmPre,2026,074643,9587,0000003060,L0000003060,Roberts,Ryan,James,,2018-04-07,03,M,A,WIDA ACCESS,CBT,ELL,Coordinator,English Language Proficiency,Winter,1,ellcoord@school.edu,3.4,Level 3: Developing
2026LEPELL1.0AsmPre,2025,074720,5026,0000003069,L0000003069,Gibson,Charles,Bruce,,2019-05-08,K,M,W,WIDA ACCESS,CBT,ELL,Coordinator,English Language Proficiency,Winter,1,ellcoord@school.edu,2.2,Level 1-2: Entering/Emerging
2026LEPELL1.0AsmPre,2026,074720,4111,0000003069,L0000003069,Gibson,Charles,Bruce,,2019-05-08,01,M,W,WIDA ACCESS,CBT,ELL,Coordinator,English Language Proficiency,Winter,1,ellcoord@school.edu,2.4,Level 1-2: Entering/Emerging
2026LEPELL1.0AsmPre,2026,105762,5530,0000003083,L0000003083,Sharp,Kevin,,,2020-12-07,K,M,A,WIDA ACCESS,CBT,ELL,Coordinator,English Language Proficiency,Winter,1,ellcoord@school.edu,2.0,Level 1-2: Entering/Emerging
2026LEPELL1.0AsmPre,2025,091672,8012,0000003089,L0000003089,May,Matthew,Annette,,2019-12-02,K,F,W,WIDA ACCESS,CBT,ELL,Coordinator,English Language Proficiency,Winter,1,ellcoord@school.edu,2.3,Level 1-2: Entering/Emerging
2026LEPELL1.0AsmPre,2026,091672,3089,0000003089,L0000003089,May,Matthew,Annette,,2019-12-02,01,F,W,WIDA ACCESS,CBT,ELL,Coordinator,English Language Proficiency,Winter,1,ellcoord@school.edu,3.7,Level 3: Developing
2026LEPELL1.0AsmPre,2024,002040,8154,0000003091,L0000003091,Myers,George,Thomas,,2018-09-14,01,F,W,WIDA ACCESS,CBT,ELL,Coordinator,English Language Proficiency,Winter,1,ellcoord@school.edu,3.2,Level 3: Developing
2026LEPELL1.0AsmPre,2025,002040,6415,0000003091,L0000003091,Myers,George,Thomas,,2018-09-14,02,F,W,WIDA ACCESS,CBT,ELL,Coordinator,English Language Proficiency,Winter,1,ellcoord@school.edu,3.8,Level 3: Developing
2026LEPELL1.0AsmPre,2026,002040,8314,0000003091,L0000003091,Myers,George,Thomas,,2018-09-14,03,F,W,WIDA ACCESS,CBT,ELL,Coordinator,English Language Proficiency,Winter,1,ellcoord@school.edu,5.5,Level 6: Reaching
2026LEPELL1.0AsmPre,2024,059613,2144,0000003092,L0000003092,Wilson,David,,,2018-04-14,01,M,W,WIDA ACCESS,CBT,ELL,Coordinator,English Language Proficiency,Winter,1,ellcoord@school.edu,2.5,Level 3: Developing
2026LEPELL1.0AsmPre,2025,059613,1711,0000003092,L0000003092,Wilson,David,,,2018-04-14,02,M,W,WIDA ACCESS,CBT,ELL,Coordinator,English Language Proficiency,Winter,1,ellcoord@school.edu,2.7,Level 3: Developing
2026LEPELL1.0AsmPre,2026,059613,2796,0000003092,L0000003092,Wilson,David,,,2018-04-14,03,M,W,WIDA ACCESS,CBT,ELL,Coordinator,English Language Proficiency,Winter,1,ellcoord@school.edu,4.4,Level 4: Expanding
2026LEPELL1.0AsmPre,2026,033634,7867,0000003176,L0000003176,Friedman,Holly,Andrea,,2020-12-11,K,F,W,WIDA ACCESS,CBT,ELL,Coordinator,English Language Proficiency,Winter,1,ellcoord@school.edu,1.8,Level 1-2: Entering/Emerging
2026LEPELL1.0AsmPre,2025,112117,9848,0000003221,L0000003221,Hull,Adam,Christine,,2019-10-18,01,F,W,WIDA ACCESS,CBT,ELL,Coordinator,English Language Proficiency,Winter,1,ellcoord@school.edu,2.4,Level 1-2: Entering/Emerging
2026LEPELL1.0AsmPre,2026,112117,6398,0000003221,L0000003221,Hull,Adam,Christine,,2019-10-18,01,F,W,WIDA ACCESS,CBT,ELL,Coordinator,English Language Proficiency,Winter,1,ellcoord@school.edu,3.7,Level 3: Developing
2026LEPELL1.0AsmPre,2026,080633,1967,0000003259,L0000003259,Flores,Andrea,Lauren,,2020-12-03,K,F,I,WIDA ACCESS,CBT,ELL,Coordinator,English Language Proficiency,Winter,1,ellcoord@school.edu,2.2,Level 1-2: Entering/Emerging
2026LEPELL1.0AsmPre,2024,058157,5742,0000003281,L0000003281,Flores,Daniel,Chad,,2018-09-02,01,M,B,WIDA ACCESS,CBT,ELL,Coordinator,English Language Proficiency,Winter,1,ellcoord@school.edu,2.9,Level 3: Developing
2026LEPELL1.0AsmPre,2026,058157,1269,0000003281,L0000003281,Flores,Daniel,Chad,,2018-09-02,03,M,B,WIDA ACCESS,CBT,ELL,Coordinator,English Language Proficiency,Winter,1,ellcoord@school.edu,2.8,Level 3: Developing
2026LEPELL1.0AsmPre,2026,020996,4646,0000003284,L0000003284,Page,Anita,Julia,,2020-06-07,K,F,A,WIDA ACCESS,CBT,ELL,Coordinator,English Language Proficiency,Winter,1,ellcoord@school.edu,3.2,Level 3: Developing
2026LEPELL1.0AsmPre,2024,067427,5813,0000003306,L0000003306,Schultz,Marvin,Steven,,2018-05-07,01,M,A,WIDA ACCESS,CBT,ELL,Coordinator,English Language Proficiency,Winter,1,ellcoord@school.edu,2.5,Level 3: Developing
2026LEPELL1.0AsmPre,2025,067427,1080,0000003306,L0000003306,Schultz,Marvin,Steven,,2018-05-07,02,M,A,WIDA ACCESS,CBT,ELL,Coordinator,English Language Proficiency,Winter,1,ellcoord@school.edu,4.6,Level 4: Expanding
2026LEPELL1.0AsmPre,2026,067427,7200,0000003306,L0000003306,Schultz,Marvin,Steven,,2018-05-07,03,M,A,WIDA ACCESS,CBT,ELL,Coordinator,English Language Proficiency,Winter,1,ellcoord@school.edu,3.4,Level 3: Developing
2026LEPELL1.0AsmPre,2024,042700,2098,0000003311,L0000003311,Turner,Joshua,Kenneth,,2018-06-08,01,M,W,WIDA ACCESS,CBT,ELL,Coordinator,English Language Proficiency,Winter,1,ellcoord@school.edu,2.2,Level 1-2: Entering/Emerging
2026LEPELL1.0AsmPre,2025,042700,5384,0000003311,L0000003311,Turner,Joshua,Kenneth,,2018-06-08,02,M,W,WIDA ACCESS,CBT,ELL,Coordinator,English Language Proficiency,Winter,1,ellcoord@school.edu,3.3,Level 3: Developing
2026LEPELL1.0AsmPre,2026,042700,9440,0000003311,L0000003311,Turner,Joshua,Kenneth,,2018-06-08,03,M,W,WIDA ACCESS,CBT,ELL,Coordinator,English Language Proficiency,Winter,1,ellcoord@school.edu,3.3,Level 3: Developing
2026LEPELL1.0AsmPre,2024,045490,1765,0000003332,L0000003332,Evans,Ricardo,Kendra,,2018-08-28,01,F,A,WIDA ACCESS,CBT,ELL,Coordinator,English Language Proficiency,Winter,1,ellcoord@school.edu,1.4,Level 1-2: Entering/Emerging
2026LEPELL1.0AsmPre,2026,045490,9097,0000003332,L0000003332,Evans,Ricardo,Kendra,,2018-08-28,03,F,A,WIDA ACCESS,CBT,ELL,Coordinator,English Language Proficiency,Winter,1,ellcoord@school.edu,2.8,Level 3: Developing
2026LEPELL1.0AsmPre,2024,062666,4060,0000003343,L0000003343,Fritz,Natalie,Jasmine,,2018-12-09,01,F,W,WIDA ACCESS,CBT,ELL,Coordinator,English Language Proficiency,Winter,1,ellcoord@school.edu,2.0,Level 1-2: Entering/Emerging
2026LEPELL1.0AsmPre,2025,062666,7305,0000003343,L0000003343,Fritz,Natalie,Jasmine,,2018-12-09,02,F,W,WIDA ACCESS,CBT,ELL,Coordinator,English Language Proficiency,Winter,1,ellcoord@school.edu,3.5,Level 3: Developing
2026LEPELL1.0AsmPre,2026,062666,7099,0000003343,L0000003343,Fritz,Natalie,Jasmine,,2018-12-09,03,F,W,WIDA ACCESS,CBT,ELL,Coordinator,English Language Proficiency,Winter,1,ellcoord@school.edu,4.0,Level 4: Expanding
2026LEPELL1.0AsmPre,2024,053283,8319,0000003347,L0000003347,Lawrence,Dylan,Ariana,,2018-12-13,01,F,A,WIDA ACCESS,CBT,ELL,Coordinator,English Language Proficiency,Winter,1,ellcoord@school.edu,3.1,Level 3: Developing
2026LEPELL1.0AsmPre,2025,053283,4289,0000003347,L0000003347,Lawrence,Dylan,Ariana,,2018-12-13,02,F,A,WIDA ACCESS,CBT,ELL,Coordinator,English Language Proficiency,Winter,1,ellcoord@school.edu,4.3,Level 4: Expanding
2026LEPELL1.0AsmPre,2026,053283,6481,0000003347,L0000003347,Lawrence,Dylan,Ariana,,2018-12-13,03,F,A,WIDA ACCESS,CBT,ELL,Coordinator,English Language Proficiency,Winter,1,ellcoord@school.edu,3.9,Level 3: Developing
2026LEPELL1.0AsmPre,2026,100046,6555,0000003355,L0000003355,Cabrera,Nicole,Christine,,2020-05-04,K,F,W,WIDA ACCESS,CBT,ELL,Coordinator,English Language Proficiency,Winter,1,ellcoord@school.edu,3.0,Level 3: Developing
2026LEPELL1.0AsmPre,2024,112037,8488,0000003360,L0000003360,Wilson,Laura,,,2018-01-27,01,F,W,WIDA ACCESS,CBT,ELL,Coordinator,English Language Proficiency,Winter,1,ellcoord@school.edu,2.8,Level 3: Developing
2026LEPELL1.0AsmPre,2025,112037,5316,0000003360,L0000003360,Wilson,Laura,,,2018-01-27,02,F,W,WIDA ACCESS,CBT,ELL,Coordinator,English Language Proficiency,Winter,1,ellcoord@school.edu,3.4,Level 3: Developing
2026LEPELL1.0AsmPre,2026,112037,6259,0000003360,L0000003360,Wilson,Laura,,,2018-01-27,03,F,W,WIDA ACCESS,CBT,ELL,Coordinator,English Language Proficiency,Winter,1,ellcoord@school.edu,3.3,Level 3: Developing
2026LEPELL1.0AsmPre,2024,027638,3198,0000003370,L0000003370,Crosby,Emily,Todd,,2018-05-09,01,F,A,WIDA ACCESS,CBT,ELL,Coordinator,English Language Proficiency,Winter,1,ellcoord@school.edu,3.1,Level 3: Developing
2026LEPELL1.0AsmPre,2025,027638,9145,0000003370,L0000003370,Crosby,Emily,Todd,,2018-05-09,03,F,A,WIDA ACCESS,CBT,ELL,Coordinator,English Language Proficiency,Winter,1,ellcoord@school.edu,4.6,Level 4: Expanding
2026LEPELL1.0AsmPre,2026,027638,7889,0000003370,L0000003370,Crosby,Emily,Todd,,2018-05-09,03,F,A,WIDA ACCESS,CBT,ELL,Coordinator,English Language Proficiency,Winter,1,ellcoord@school.edu,5.9,Level 6: Reaching
2026LEPELL1.0AsmPre,2026,099646,6087,0000003415,L0000003415,Miller,Abigail,Amanda,,2020-05-19,K,F,W,WIDA ACCESS,CBT,ELL,Coordinator,English Language Proficiency,Winter,1,ellcoord@school.edu,2.5,Level 3: Developing
2026LEPELL1.0AsmPre,2025,034491,4190,0000003433,L0000003433,Owens,James,Mark,,2019-06-26,K,M,W,WIDA ACCESS,CBT,ELL,Coordinator,English Language Proficiency,Winter,1,ellcoord@school.edu,2.7,Level 3: Developing
2026LEPELL1.0AsmPre,2026,034491,9875,0000003433,L0000003433,Owens,James,Mark,,2019-06-26,01,M,W,WIDA ACCESS,CBT,ELL,Coordinator,English Language Proficiency,Winter,1,ellcoord@school.edu,2.4,Level 1-2: Entering/Emerging
2026LEPELL1.0AsmPre,2024,090520,1039,0000003467,L0000003467,King,Joseph,Paul,,2018-06-23,01,F,W,WIDA ACCESS,CBT,ELL,Coordinator,English Language Proficiency,Winter,1,ellcoord@school.edu,3.8,Level 3: Developing
2026LEPELL1.0AsmPre,2025,090520,2983,0000003467,L0000003467,King,Joseph,Paul,,2018-06-23,02,F,W,WIDA ACCESS,CBT,ELL,Coordinator,English Language Proficiency,Winter,1,ellcoord@school.edu,4.3,Level 4: Expanding
2026LEPELL1.0AsmPre,2026,090520,5427,0000003467,L0000003467,King,Joseph,Paul,,2018-06-23,03,F,W,WIDA ACCESS,CBT,ELL,Coordinator,English Language Proficiency,Winter,1,ellcoord@school.edu,3.3,Level 3: Developing
2026LEPELL1.0AsmPre,2024,046345,9133,0000003484,L0000003484,Flores,John,Andrew,,2018-02-26,01,M,W,WIDA ACCESS,CBT,ELL,Coordinator,English Language Proficiency,Winter,1,ellcoord@school.edu,2.5,Level 3: Developing
2026LEPELL1.0AsmPre,2025,046345,9576,0000003484,L0000003484,Flores,John,Andrew,,2018-02-26,03,M,W,WIDA ACCESS,CBT,ELL,Coordinator,English Language Proficiency,Winter,1,ellcoord@school.edu,4.5,Level 4: Expanding
2026LEPELL1.0AsmPre,2026,046345,4013,0000003484,L0000003484,Flores,John,Andrew,,2018-02-26,03,M,W,WIDA ACCESS,CBT,ELL,Coordinator,English Language Proficiency,Winter,1,ellcoord@school.edu,4.2,Level 4: Expanding
2026LEPELL1.0AsmPre,2025,002777,5778,0000003490,L0000003490,Peterson,Abigail,Rachel,,2019-08-13,K,F,W,WIDA ACCESS,CBT,ELL,Coordinator,English Language Proficiency,Winter,1,ellcoord@school.edu,1.8,Level 1-2: Entering/Emerging
2026LEPELL1.0AsmPre,2026,002777,5395,0000003490,L0000003490,Peterson,Abigail,Rachel,,2019-08-13,01,F,W,WIDA ACCESS,CBT,ELL,Coordinator,English Language Proficiency,Winter,1,ellcoord@school.edu,3.9,Level 3: Developing
2026LEPELL1.0AsmPre,2026,052501,4084,0000003493,L0000003493,Donaldson,Tony,Jeffery,,2020-06-16,K,M,W,WIDA ACCESS,CBT,ELL,Coordinator,English Language Proficiency,Winter,1,ellcoord@school.edu,1.7,Level 1-2: Entering/Emerging
2026LEPELL1.0AsmPre,2026,006161,5084,0000003505,L0000003505,Davis,Heather,David,,2020-12-13,K,F,W,WIDA ACCESS,CBT,ELL,Coordinator,English Language Proficiency,Winter,1,ellcoord@school.edu,2.1,Level 1-2: Entering/Emerging
2026LEPELL1.0AsmPre,2026,002340,7534,0000003511,L0000003511,Kline,Michelle,Heather,,2020-08-04,K,F,W,WIDA ACCESS,CBT,ELL,Coordinator,English Language Proficiency,Winter,1,ellcoord@school.edu,2.1,Level 1-2: Entering/Emerging
2026LEPELL1.0AsmPre,2025,103702,1303,0000003522,L0000003522,Meyer,Juan,,,2019-02-17,K,M,W,WIDA ACCESS,CBT,ELL,Coordinator,English Language Proficiency,Winter,1,ellcoord@school.edu,2.9,Level 3: Developing
2026LEPELL1.0AsmPre,2026,103702,8334,0000003522,L0000003522,Meyer,Juan,,,2019-02-17,01,M,W,WIDA ACCESS,CBT,ELL,Coordinator,English Language Proficiency,Winter,1,ellcoord@school.edu,1.7,Level 1-2: Entering/Emerging
2026LEPELL1.0AsmPre,2025,021766,2458,0000003526,L0000003526,Jackson,Robert,,,2019-09-03,K,F,B,WIDA ACCESS,CBT,ELL,Coordinator,English Language Proficiency,Winter,1,ellcoord@school.edu,2.5,Level 3: Developing
2026LEPELL1.0AsmPre,2026,021766,6443,0000003526,L0000003526,Jackson,Robert,,,2019-09-03,01,F,B,WIDA ACCESS,CBT,ELL,Coordinator,English Language Proficiency,Winter,1,ellcoord@school.edu,3.2,Level 3: Developing
2026LEPELL1.0AsmPre,2026,009089,6880,0000003531,L0000003531,Roberts,Cassandra,Christine,,2020-07-20,K,F,I,WIDA ACCESS,CBT,ELL,Coordinator,English Language Proficiency,Winter,1,ellcoord@school.edu,2.2,Level 1-2: Entering/Emerging
2026LEPELL1.0AsmPre,2024,006643,4689,0000003537,L0000003537,Vazquez,Jessica,Kayla,,2018-09-25,01,F,A,WIDA ACCESS,CBT,ELL,Coordinator,English Language Proficiency,Winter,1,ellcoord@school.edu,2.6,Level 3: Developing
2026LEPELL1.0AsmPre,2025,006643,4044,0000003537,L0000003537,Vazquez,Jessica,Kayla,,2018-09-25,02,F,A,WIDA ACCESS,CBT,ELL,Coordinator,English Language Proficiency,Winter,1,ellcoord@school.edu,4.2,Level 4: Expanding
2026LEPELL1.0AsmPre,2026,006643,4426,0000003537,L0000003537,Vazquez,Jessica,Kayla,,2018-09-25,03,F,A,WIDA ACCESS,CBT,ELL,Coordinator,English Language Proficiency,Winter,1,ellcoord@school.edu,3.8,Level 3: Developing
2026LEPELL1.0AsmPre,2026,032402,4811,0000003541,L0000003541,Villegas,Steven,Ryan,,2020-08-20,01,F,W,WIDA ACCESS,CBT,ELL,Coordinator,English Language Proficiency,Winter,1,ellcoord@school.edu,2.0,Level 1-2: Entering/Emerging
2026LEPELL1.0AsmPre,2024,033971,6275,0000003543,L0000003543,Mejia,Todd,Earl,,2018-08-24,01,M,W,WIDA ACCESS,CBT,ELL,Coordinator,English Language Proficiency,Winter,1,ellcoord@school.edu,4.2,Level 4: Expanding
2026LEPELL1.0AsmPre,2025,033971,9764,0000003543,L0000003543,Mejia,Todd,Earl,,2018-08-24,02,M,W,WIDA ACCESS,CBT,ELL,Coordinator,English Language Proficiency,Winter,1,ellcoord@school.edu,3.4,Level 3: Developing
2026LEPELL1.0AsmPre,2026,033971,3719,0000003543,L0000003543,Mejia,Todd,Earl,,2018-08-24,03,M,W,WIDA ACCESS,CBT,ELL,Coordinator,English Language Proficiency,Winter,1,ellcoord@school.edu,5.5,Level 6: Reaching
2026LEPELL1.0AsmPre,2025,012646,1253,0000003571,L0000003571,Rhodes,Gregory,Hector,,2019-09-18,K,M,W,WIDA ACCESS,CBT,ELL,Coordinator,English Language Proficiency,Winter,1,ellcoord@school.edu,2.0,Level 1-2: Entering/Emerging
2026LEPELL1.0AsmPre,2026,012646,1428,0000003571,L0000003571,Rhodes,Gregory,Hector,,2019-09-18,01,M,W,WIDA ACCESS,CBT,ELL,Coordinator,English Language Proficiency,Winter,1,ellcoord@school.edu,3.8,Level 3: Developing
2026LEPELL1.0AsmPre,2025,047005,7024,0000003622,L0000003622,Harmon,Michael,Daniel,,2019-12-13,K,F,W,WIDA ACCESS,CBT,ELL,Coordinator,English Language Proficiency,Winter,1,ellcoord@school.edu,1.8,Level 1-2: Entering/Emerging
2026LEPELL1.0AsmPre,2026,047005,1749,0000003622,L0000003622,Harmon,Michael,Daniel,,2019-12-13,01,F,W,WIDA ACCESS,CBT,ELL,Coordinator,English Language Proficiency,Winter,1,ellcoord@school.edu,2.7,Level 3: Developing
2026LEPELL1.0AsmPre,2026,015624,1743,0000003645,L0000003645,Jones,Dawn,Alexander,,2020-05-02,K,F,B,WIDA ACCESS,CBT,ELL,Coordinator,English Language Proficiency,Winter,1,ellcoord@school.edu,1.9,Level 1-2: Entering/Emerging
2026LEPELL1.0AsmPre,2026,031449,4634,0000003646,L0000003646,Terrell,Jeffrey,,,2020-09-19,K,F,W,WIDA ACCESS,CBT,ELL,Coordinator,English Language Proficiency,Winter,1,ellcoord@school.edu,1.4,Level 1-2: Entering/Emerging
2026LEPELL1.0AsmPre,2026,044227,9043,0000003676,L0000003676,Davis,David,Joshua,,2020-06-15,K,M,W,WIDA ACCESS,CBT,ELL,Coordinator,English Language Proficiency,Winter,1,ellcoord@school.edu,2.3,Level 1-2: Entering/Emerging
2026LEPELL1.0AsmPre,2025,007511,4428,0000003693,L0000003693,Morgan,Nicholas,Aaron,,2019-09-06,K,M,W,WIDA ACCESS,CBT,ELL,Coordinator,English Language Proficiency,Winter,1,ellcoord@school.edu,2.4,Level 1-2: Entering/Emerging
2026LEPELL1.0AsmPre,2026,007511,2650,0000003693,L0000003693,Morgan,Nicholas,Aaron,,2019-09-06,01,M,W,WIDA ACCESS,CBT,ELL,Coordinator,English Language Proficiency,Winter,1,ellcoord@school.edu,3.1,Level 3: Developing
2026LEPELL1.0AsmPre,2025,045145,8794,0000003707,L0000003707,Henderson,James,,,2019-12-27,K,F,W,WIDA ACCESS,CBT,ELL,Coordinator,English Language Proficiency,Winter,1,ellcoord@school.edu,1.7,Level 1-2: Entering/Emerging
2026LEPELL1.0AsmPre,2026,045145,4381,0000003707,L0000003707,Henderson,James,,,2019-12-27,01,F,W,WIDA ACCESS,CBT,ELL,Coordinator,English Language Proficiency,Winter,1,ellcoord@school.edu,3.4,Level 3: Developing
2026LEPELL1.0AsmPre,2024,019880,7783,0000003711,L0000003711,Murray,Kevin,Michelle,,2018-01-20,01,F,M,WIDA ACCESS,CBT,ELL,Coordinator,English Language Proficiency,Winter,1,ellcoord@school.edu,3.7,Level 3: Developing
2026LEPELL1.0AsmPre,2025,019880,6250,0000003711,L0000003711,Murray,Kevin,Michelle,,2018-01-20,03,F,M,WIDA ACCESS,CBT,ELL,Coordinator,English Language Proficiency,Winter,1,ellcoord@school.edu,3.9,Level 3: Developing
2026LEPELL1.0AsmPre,2026,019880,3556,0000003711,L0000003711,Murray,Kevin,Michelle,,2018-01-20,03,F,M,WIDA ACCESS,CBT,ELL,Coordinator,English Language Proficiency,Winter,1,ellcoord@school.edu,5.6,Level 6: Reaching
2026LEPELL1.0AsmPre,2025,081595,7883,0000003727,L0000003727,Collins,Destiny,Jessica,,2019-03-11,K,F,W,WIDA ACCESS,CBT,ELL,Coordinator,English Language Proficiency,Winter,1,ellcoord@school.edu,2.0,Level 1-2: Entering/Emerging
2026LEPELL1.0AsmPre,2026,081595,4549,0000003727,L0000003727,Collins,Destiny,Jessica,,2019-03-11,01,F,W,WIDA ACCESS,CBT,ELL,Coordinator,English Language Proficiency,Winter,1,ellcoord@school.edu,3.2,Level 3: Developing
2026LEPELL1.0AsmPre,2024,078231,1383,0000003729,L0000003729,Ross,Steven,Brandy,,2018-01-11,01,F,W,WIDA ACCESS,CBT,ELL,Coordinator,English Language Proficiency,Winter,1,ellcoord@school.edu,3.1,Level 3: Developing
2026LEPELL1.0AsmPre,2025,078231,5978,0000003729,L0000003729,Ross,Steven,Brandy,,2018-01-11,02,F,W,WIDA ACCESS,CBT,ELL,Coordinator,English Language Proficiency,Winter,1,ellcoord@school.edu,4.7,Level 4: Expanding
2026LEPELL1.0AsmPre,2026,078231,5288,0000003729,L0000003729,Ross,Steven,Brandy,,2018-01-11,03,F,W,WIDA ACCESS,CBT,ELL,Coordinator,English Language Proficiency,Winter,1,ellcoord@school.edu,5.0,Level 5: Bridging
2026LEPELL1.0AsmPre,2024,088437,9562,0000003738,L0000003738,Gay,Deanna,Mary,,2018-09-11,01,F,A,WIDA ACCESS,CBT,ELL,Coordinator,English Language Proficiency,Winter,1,ellcoord@school.edu,3.1,Level 3: Developing
2026LEPELL1.0AsmPre,2025,088437,6552,0000003738,L0000003738,Gay,Deanna,Mary,,2018-09-11,02,F,A,WIDA ACCESS,CBT,ELL,Coordinator,English Language Proficiency,Winter,1,ellcoord@school.edu,2.8,Level 3: Developing
2026LEPELL1.0AsmPre,2026,088437,2632,0000003738,L0000003738,Gay,Deanna,Mary,,2018-09-11,03,F,A,WIDA ACCESS,CBT,ELL,Coordinator,English Language Proficiency,Winter,1,ellcoord@school.edu,5.1,Level 5: Bridging
2026LEPELL1.0AsmPre,2024,061799,1311,0000003742,L0000003742,Dean,Lance,Gregg,,2018-03-25,01,M,W,WIDA ACCESS,CBT,ELL,Coordinator,English Language Proficiency,Winter,1,ellcoord@school.edu,2.0,Level 1-2: Entering/Emerging
2026LEPELL1.0AsmPre,2025,061799,6342,0000003742,L0000003742,Dean,Lance,Gregg,,2018-03-25,02,M,W,WIDA ACCESS,CBT,ELL,Coordinator,English Language Proficiency,Winter,1,ellcoord@school.edu,5.0,Level 5: Bridging
2026LEPELL1.0AsmPre,2026,061799,5994,0000003742,L0000003742,Dean,Lance,Gregg,,2018-03-25,03,M,W,WIDA ACCESS,CBT,ELL,Coordinator,English Language Proficiency,Winter,1,ellcoord@school.edu,4.5,Level 4: Expanding
2026LEPELL1.0AsmPre,2025,114773,8988,0000003747,L0000003747,Hendrix,Michael,,,2019-07-04,K,M,A,WIDA ACCESS,CBT,ELL,Coordinator,English Language Proficiency,Winter,1,ellcoord@school.edu,1.9,Level 1-2: Entering/Emerging
2026LEPELL1.0AsmPre,2026,114773,9601,0000003747,L0000003747,Hendrix,Michael,,,2019-07-04,01,M,A,WIDA ACCESS,CBT,ELL,Coordinator,English Language Proficiency,Winter,1,ellcoord@school.edu,3.6,Level 3: Developing
2026LEPELL1.0AsmPre,2025,014898,7782,0000003759,L0000003759,Sullivan,Natalie,,,2019-04-24,K,F,W,WIDA ACCESS,CBT,ELL,Coordinator,English Language Proficiency,Winter,1,ellcoord@school.edu,2.6,Level 3: Developing
2026LEPELL1.0AsmPre,2026,014898,5277,0000003759,L0000003759,Sullivan,Natalie,,,2019-04-24,01,F,W,WIDA ACCESS,CBT,ELL,Coordinator,English Language Proficiency,Winter,1,ellcoord@school.edu,1.5,Level 1-2: Entering/Emerging
2026LEPELL1.0AsmPre,2026,064707,5866,0000003761,L0000003761,Houston,Kimberly,,,2020-12-22,K,F,W,WIDA ACCESS,CBT,ELL,Coordinator,English Language Proficiency,Winter,1,ellcoord@school.edu,1.8,Level 1-2: Entering/Emerging
2026LEPELL1.0AsmPre,2025,077246,2657,0000003773,L0000003773,Mcintosh,Angelica,Alyssa,,2019-07-03,K,F,W,WIDA ACCESS,CBT,ELL,Coordinator,English Language Proficiency,Winter,1,ellcoord@school.edu,2.0,Level 1-2: Entering/Emerging
2026LEPELL1.0AsmPre,2026,077246,5889,0000003773,L0000003773,Mcintosh,Angelica,Alyssa,,2019-07-03,02,F,W,WIDA ACCESS,CBT,ELL,Coordinator,English Language Proficiency,Winter,1,ellcoord@school.edu,4.9,Level 4: Expanding
2026LEPELL1.0AsmPre,2026,091106,1114,0000003776,L0000003776,Lloyd,Wendy,,,2020-12-26,K,F,A,WIDA ACCESS,CBT,ELL,Coordinator,English Language Proficiency,Winter,1,ellcoord@school.edu,2.0,Level 1-2: Entering/Emerging
2026LEPELL1.0AsmPre,2024,046739,2055,0000003781,L0000003781,Alexander,Tyler,David,,2018-12-16,01,M,I,WIDA ACCESS,CBT,ELL,Coordinator,English Language Proficiency,Winter,1,ellcoord@school.edu,2.3,Level 1-2: Entering/Emerging
2026LEPELL1.0AsmPre,2025,046739,1251,0000003781,L0000003781,Alexander,Tyler,David,,2018-12-16,02,M,I,WIDA ACCESS,CBT,ELL,Coordinator,English Language Proficiency,Winter,1,ellcoord@school.edu,4.9,Level 4: Expanding
2026LEPELL1.0AsmPre,2026,046739,1814,0000003781,L0000003781,Alexander,Tyler,David,,2018-12-16,03,M,I,WIDA ACCESS,CBT,ELL,Coordinator,English Language Proficiency,Winter,1,ellcoord@school.edu,6.0,Level 6: Reaching
2026LEPELL1.0AsmPre,2024,047873,6527,0000003793,L0000003793,Moore,William,,,2018-09-12,01,M,W,WIDA ACCESS,CBT,ELL,Coordinator,English Language Proficiency,Winter,1,ellcoord@school.edu,3.6,Level 3: Developing
2026LEPELL1.0AsmPre,2025,047873,3001,0000003793,L0000003793,Moore,William,,,2018-09-12,02,M,W,WIDA ACCESS,CBT,ELL,Coordinator,English Language Proficiency,Winter,1,ellcoord@school.edu,2.8,Level 3: Developing
2026LEPELL1.0AsmPre,2026,047873,9668,0000003793,L0000003793,Moore,William,,,2018-09-12,03,M,W,WIDA ACCESS,CBT,ELL,Coordinator,English Language Proficiency,Winter,1,ellcoord@school.edu,4.2,Level 4: Expanding
2026LEPELL1.0AsmPre,2025,065837,7670,0000003814,L0000003814,Byrd,Jacqueline,Brittany,,2019-01-02,K,F,W,WIDA ACCESS,CBT,ELL,Coordinator,English Language Proficiency,Winter,1,ellcoord@school.edu,1.6,Level 1-2: Entering/Emerging
2026LEPELL1.0AsmPre,2026,065837,3154,0000003814,L0000003814,Byrd,Jacqueline,Brittany,,2019-01-02,01,F,W,WIDA ACCESS,CBT,ELL,Coordinator,English Language Proficiency,Winter,1,ellcoord@school.edu,3.9,Level 3: Developing
2026LEPELL1.0AsmPre,2025,071825,9777,0000003828,L0000003828,Valdez,Ivan,Jonathan,,2019-05-08,K,M,W,WIDA ACCESS,CBT,ELL,Coordinator,English Language Proficiency,Winter,1,ellcoord@school.edu,2.8,Level 3: Developing
2026LEPELL1.0AsmPre,2026,071825,6112,0000003828,L0000003828,Valdez,Ivan,Jonathan,,2019-05-08,01,M,W,WIDA ACCESS,CBT,ELL,Coordinator,English Language Proficiency,Winter,1,ellcoord@school.edu,2.8,Level 3: Developing
2026LEPELL1.0AsmPre,2025,105482,7944,0000003852,L0000003852,Blake,Elizabeth,Vanessa,,2019-09-15,K,F,W,WIDA ACCESS,CBT,ELL,Coordinator,English Language Proficiency,Winter,1,ellcoord@school.edu,2.7,Level 3: Developing
2026LEPELL1.0AsmPre,2026,105482,4921,0000003852,L0000003852,Blake,Elizabeth,Vanessa,,2019-09-15,01,F,W,WIDA ACCESS,CBT,ELL,Coordinator,English Language Proficiency,Winter,1,ellcoord@school.edu,2.5,Level 3: Developing
2026LEPELL1.0AsmPre,2025,100914,7462,0000003858,L0000003858,Martin,Michael,,,2019-12-04,K,M,B,WIDA ACCESS,CBT,ELL,Coordinator,English Language Proficiency,Winter,1,ellcoord@school.edu,2.4,Level 1-2: Entering/Emerging
2026LEPELL1.0AsmPre,2026,100914,7657,0000003858,L0000003858,Martin,Michael,,,2019-12-04,01,M,B,WIDA ACCESS,CBT,ELL,Coordinator,English Language Proficiency,Winter,1,ellcoord@school.edu,2.2,Level 1-2: Entering/Emerging
2026LEPELL1.0AsmPre,2024,059144,5732,0000003864,L0000003864,Singleton,Amanda,Kimberly,,2018-08-04,01,F,B,WIDA ACCESS,CBT,ELL,Coordinator,English Language Proficiency,Winter,1,ellcoord@school.edu,3.5,Level 3: Developing
2026LEPELL1.0AsmPre,2025,059144,7861,0000003864,L0000003864,Singleton,Amanda,Kimberly,,2018-08-04,02,F,B,WIDA ACCESS,CBT,ELL,Coordinator,English Language Proficiency,Winter,1,ellcoord@school.edu,4.8,Level 4: Expanding
2026LEPELL1.0AsmPre,2026,079648,6963,0000003869,L0000003869,Wilson,George,Matthew,,2020-03-16,K,M,W,WIDA ACCESS,CBT,ELL,Coordinator,English Language Proficiency,Winter,1,ellcoord@school.edu,1.9,Level 1-2: Entering/Emerging
2026LEPELL1.0AsmPre,2025,017809,4473,0000003872,L0000003872,Valenzuela,Carl,John,,2019-02-23,K,F,W,WIDA ACCESS,CBT,ELL,Coordinator,English Language Proficiency,Winter,1,ellcoord@school.edu,2.7,Level 3: Developing
2026LEPELL1.0AsmPre,2026,017809,8041,0000003872,L0000003872,Valenzuela,Carl,John,,2019-02-23,01,F,W,WIDA ACCESS,CBT,ELL,Coordinator,English Language Proficiency,Winter,1,ellcoord@school.edu,2.2,Level 1-2: Entering/Emerging
2026LEPELL1.0AsmPre,2024,029841,1290,0000003886,L0000003886,Young,Mark,John,,2018-08-07,01,M,W,WIDA ACCESS,CBT,ELL,Coordinator,English Language Proficiency,Winter,1,ellcoord@school.edu,1.9,Level 1-2: Entering/Emerging
2026LEPELL1.0AsmPre,2025,029841,7873,0000003886,L0000003886,Young,Mark,John,,2018-08-07,02,M,W,WIDA ACCESS,CBT,ELL,Coordinator,English Language Proficiency,Winter,1,ellcoord@school.edu,3.5,Level 3: Developing
2026LEPELL1.0AsmPre,2026,029841,7179,0000003886,L0000003886,Young,Mark,John,,2018-08-07,03,M,W,WIDA ACCESS,CBT,ELL,Coordinator,English Language Proficiency,Winter,1,ellcoord@school.edu,5.0,Level 5: Bridging
2026LEPELL1.0AsmPre,2026,080416,7886,0000003892,L0000003892,Rodriguez,Robert,David,,2020-05-20,K,F,W,WIDA ACCESS,CBT,ELL,Coordinator,English Language Proficiency,Winter,1,ellcoord@school.edu,1.7,Level 1-2: Entering/Emerging
2026LEPELL1.0AsmPre,2026,115304,5082,0000003914,L0000003914,Love,Stephanie,Lisa,,2020-03-16,K,F,W,WIDA ACCESS,CBT,ELL,Coordinator,English Language Proficiency,Winter,1,ellcoord@school.edu,1.7,Level 1-2: Entering/Emerging
2026LEPELL1.0AsmPre,2026,060110,9865,0000003929,L0000003929,Williams,Joe,Brendan,,2020-09-20,K,M,W,WIDA ACCESS,CBT,ELL,Coordinator,English Language Proficiency,Winter,1,ellcoord@school.edu,2.9,Level 3: Developing
2026LEPELL1.0AsmPre,2025,074908,7374,0000003936,L0000003936,Aguilar,Robert,Ronald,,2019-04-22,K,M,W,WIDA ACCESS,CBT,ELL,Coordinator,English Language Proficiency,Winter,1,ellcoord@school.edu,2.0,Level 1-2: Entering/Emerging
2026LEPELL1.0AsmPre,2026,074908,7894,0000003936,L0000003936,Aguilar,Robert,Ronald,,2019-04-22,01,M,W,WIDA ACCESS,CBT,ELL,Coordinator,English Language Proficiency,Winter,1,ellcoord@school.edu,3.8,Level 3: Developing
2026LEPELL1.0AsmPre,2026,006681,6640,0000003957,L0000003957,Hancock,Ryan,Jason,,2020-03-23,K,M,W,WIDA ACCESS,CBT,ELL,Coordinator,English Language Proficiency,Winter,1,ellcoord@school.edu,2.5,Level 3: Developing
2026LEPELL1.0AsmPre,2025,003515,7195,0000003958,L0000003958,Nguyen,David,Omar,,2019-12-02,K,M,I,WIDA ACCESS,CBT,ELL,Coordinator,English Language Proficiency,Winter,1,ellcoord@school.edu,2.9,Level 3: Developing
2026LEPELL1.0AsmPre,2026,003515,7776,0000003958,L0000003958,Nguyen,David,Omar,,2019-12-02,01,M,I,WIDA ACCESS,CBT,ELL,Coordinator,English Language Proficiency,Winter,1,ellcoord@school.edu,2.6,Level 3: Developing
2026LEPELL1.0AsmPre,2024,014555,6899,0000003959,L0000003959,Martinez,Diane,Margaret,,2018-01-17,01,F,W,WIDA ACCESS,CBT,ELL,Coordinator,English Language Proficiency,Winter,1,ellcoord@school.edu,3.6,Level 3: Developing
2026LEPELL1.0AsmPre,2025,014555,9207,0000003959,L0000003959,Martinez,Diane,Margaret,,2018-01-17,02,F,W,WIDA ACCESS,CBT,ELL,Coordinator,English Language Proficiency,Winter,1,ellcoord@school.edu,3.5,Level 3: Developing
2026LEPELL1.0AsmPre,2026,014555,7567,0000003959,L0000003959,Martinez,Diane,Margaret,,2018-01-17,03,F,W,WIDA ACCESS,CBT,ELL,Coordinator,English Language Proficiency,Winter,1,ellcoord@school.edu,3.8,Level 3: Developing
2026LEPELL1.0AsmPre,2025,067188,7231,0000003975,L0000003975,Long,Tiffany,Stephanie,,2018-08-08,02,F,W,WIDA ACCESS,CBT,ELL,Coordinator,English Language Proficiency,Winter,1,ellcoord@school.edu,3.9,Level 3: Developing
2026LEPELL1.0AsmPre,2026,067188,5861,0000003975,L0000003975,Long,Tiffany,Stephanie,,2018-08-08,03,F,W,WIDA ACCESS,CBT,ELL,Coordinator,English Language Proficiency,Winter,1,ellcoord@school.edu,4.6,Level 4: Expanding
2026LEPELL1.0AsmPre,2024,003159,4929,0000003982,L0000003982,Williams,Jennifer,Anne,,2018-07-20,01,F,W,WIDA ACCESS,CBT,ELL,Coordinator,English Language Proficiency,Winter,1,ellcoord@school.edu,2.7,Level 3: Developing
2026LEPELL1.0AsmPre,2025,003159,3520,0000003982,L0000003982,Williams,Jennifer,Anne,,2018-07-20,02,F,W,WIDA ACCESS,CBT,ELL,Coordinator,English Language Proficiency,Winter,1,ellcoord@school.edu,3.7,Level 3: Developing
2026LEPELL1.0AsmPre,2026,003159,8188,0000003982,L0000003982,Williams,Jennifer,Anne,,2018-07-20,03,F,W,WIDA ACCESS,CBT,ELL,Coordinator,English Language Proficiency,Winter,1,ellcoord@school.edu,5.3,Level 5: Bridging
2026LEPELL1.0AsmPre,2024,110941,5737,0000004015,L0000004015,Marsh,Arthur,Angela,,2019-10-12,K,F,W,WIDA ACCESS,CBT,ELL,Coordinator,English Language Proficiency,Winter,1,ellcoord@school.edu,3.1,Level 3: Developing
2026LEPELL1.0AsmPre,2025,110941,4390,0000004015,L0000004015,Marsh,Arthur,Angela,,2019-10-12,K,F,W,WIDA ACCESS,CBT,ELL,Coordinator,English Language Proficiency,Winter,1,ellcoord@school.edu,2.2,Level 1-2: Entering/Emerging
2026LEPELL1.0AsmPre,2026,110941,9414,0000004015,L0000004015,Marsh,Arthur,Angela,,2019-10-12,01,F,W,WIDA ACCESS,CBT,ELL,Coordinator,English Language Proficiency,Winter,1,ellcoord@school.edu,4.1,Level 4: Expanding
2026LEPELL1.0AsmPre,2026,070889,1614,0000004026,L0000004026,Edwards,Michael,David,,2020-12-07,K,M,P,WIDA ACCESS,CBT,ELL,Coordinator,English Language Proficiency,Winter,1,ellcoord@school.edu,1.7,Level 1-2: Entering/Emerging
2026LEPELL1.0AsmPre,2024,084381,2452,0000004056,L0000004056,Summers,Craig,Monique,,2018-03-26,01,F,A,WIDA ACCESS,CBT,ELL,Coordinator,English Language Proficiency,Winter,1,ellcoord@school.edu,2.2,Level 1-2: Entering/Emerging
2026LEPELL1.0AsmPre,2025,084381,8303,0000004056,L0000004056,Summers,Craig,Monique,,2018-03-26,02,F,A,WIDA ACCESS,CBT,ELL,Coordinator,English Language Proficiency,Winter,1,ellcoord@school.edu,3.1,Level 3: Developing
2026LEPELL1.0AsmPre,2026,084381,6086,0000004056,L0000004056,Summers,Craig,Monique,,2018-03-26,03,F,A,WIDA ACCESS,CBT,ELL,Coordinator,English Language Proficiency,Winter,1,ellcoord@school.edu,5.4,Level 5: Bridging
2026LEPELL1.0AsmPre,2025,107652,1986,0000004069,L0000004069,Montes,Teresa,,,2019-05-14,K,F,M,WIDA ACCESS,CBT,ELL,Coordinator,English Language Proficiency,Winter,1,ellcoord@school.edu,3.1,Level 3: Developing
2026LEPELL1.0AsmPre,2026,107652,4313,0000004069,L0000004069,Montes,Teresa,,,2019-05-14,01,F,M,WIDA ACCESS,CBT,ELL,Coordinator,English Language Proficiency,Winter,1,ellcoord@school.edu,3.8,Level 3: Developing
2026LEPELL1.0AsmPre,2025,053462,5271,0000004071,L0000004071,Short,Alicia,Tracey,,2019-09-15,K,F,W,WIDA ACCESS,CBT,ELL,Coordinator,English Language Proficiency,Winter,1,ellcoord@school.edu,2.2,Level 1-2: Entering/Emerging
2026LEPELL1.0AsmPre,2026,053462,6645,0000004071,L0000004071,Short,Alicia,Tracey,,2019-09-15,01,F,W,WIDA ACCESS,CBT,ELL,Coordinator,English Language Proficiency,Winter,1,ellcoord@school.edu,2.8,Level 3: Developing
2026LEPELL1.0AsmPre,2026,024604,9358,0000004073,L0000004073,Lynch,Chelsea,Susan,,2020-05-14,01,F,B,WIDA ACCESS,CBT,ELL,Coordinator,English Language Proficiency,Winter,1,ellcoord@school.edu,2.6,Level 3: Developing
2026LEPELL1.0AsmPre,2025,087223,6865,0000004074,L0000004074,Harrington,Mary,Dylan,,2019-07-18,K,F,W,WIDA ACCESS,CBT,ELL,Coordinator,English Language Proficiency,Winter,1,ellcoord@school.edu,1.6,Level 1-2: Entering/Emerging
2026LEPELL1.0AsmPre,2026,087223,1804,0000004074,L0000004074,Harrington,Mary,Dylan,,2019-07-18,01,F,W,WIDA ACCESS,CBT,ELL,Coordinator,English Language Proficiency,Winter,1,ellcoord@school.edu,3.3,Level 3: Developing
2026LEPELL1.0AsmPre,2026,090186,8724,0000004115,L0000004115,Nguyen,Taylor,,,2020-12-04,K,F,W,WIDA ACCESS,CBT,ELL,Coordinator,English Language Proficiency,Winter,1,ellcoord@school.edu,2.7,Level 3: Developing
2026LEPELL1.0AsmPre,2026,014933,2070,0000004136,L0000004136,Hunt,Terri,Shannon,,2020-07-03,K,F,A,WIDA ACCESS,CBT,ELL,Coordinator,English Language Proficiency,Winter,1,ellcoord@school.edu,1.8,Level 1-2: Entering/Emerging
2026LEPELL1.0AsmPre,2026,020748,4383,0000004146,L0000004146,Moses,Erica,Tracy,,2020-06-16,K,F,W,WIDA ACCESS,CBT,ELL,Coordinator,English Language Proficiency,Winter,1,ellcoord@school.edu,2.9,Level 3: Developing
2026LEPELL1.0AsmPre,2025,037127,7008,0000004173,L0000004173,Wyatt,Crystal,Morgan,,2019-01-12,K,F,W,WIDA ACCESS,CBT,ELL,Coordinator,English Language Proficiency,Winter,1,ellcoord@school.edu,2.8,Level 3: Developing
2026LEPELL1.0AsmPre,2026,037127,9016,0000004173,L0000004173,Wyatt,Crystal,Morgan,,2019-01-12,01,F,W,WIDA ACCESS,CBT,ELL,Coordinator,English Language Proficiency,Winter,1,ellcoord@school.edu,3.9,Level 3: Developing
2026LEPELL1.0AsmPre,2024,080998,7653,0000004191,L0000004191,Barajas,Nicole,Kathleen,,2018-07-01,01,F,W,WIDA ACCESS,CBT,ELL,Coordinator,English Language Proficiency,Winter,1,ellcoord@school.edu,1.8,Level 1-2: Entering/Emerging
2026LEPELL1.0AsmPre,2025,080998,2076,0000004191,L0000004191,Barajas,Nicole,Kathleen,,2018-07-01,02,F,W,WIDA ACCESS,CBT,ELL,Coordinator,English Language Proficiency,Winter,1,ellcoord@school.edu,4.3,Level 4: Expanding
2026LEPELL1.0AsmPre,2026,080998,2404,0000004191,L0000004191,Barajas,Nicole,Kathleen,,2018-07-01,03,F,W,WIDA ACCESS,CBT,ELL,Coordinator,English Language Proficiency,Winter,1,ellcoord@school.edu,4.3,Level 4: Expanding
2026LEPELL1.0AsmPre,2026,090887,4689,0000004199,L0000004199,Ochoa,Brett,Taylor,,2020-08-01,K,F,W,WIDA ACCESS,CBT,ELL,Coordinator,English Language Proficiency,Winter,1,ellcoord@school.edu,2.4,Level 1-2: Entering/Emerging
2026LEPELL1.0AsmPre,2026,016631,3883,0000004203,L0000004203,Cook,Matthew,Scott,,2020-08-27,K,M,W,WIDA ACCESS,CBT,ELL,Coordinator,English Language Proficiency,Winter,1,ellcoord@school.edu,2.7,Level 3: Developing
2026LEPELL1.0AsmPre,2025,080370,1325,0000004206,L0000004206,Bailey,Angela,Diane,,2019-04-26,K,F,A,WIDA ACCESS,CBT,ELL,Coordinator,English Language Proficiency,Winter,1,ellcoord@school.edu,1.5,Level 1-2: Entering/Emerging
2026LEPELL1.0AsmPre,2026,080370,3081,0000004206,L0000004206,Bailey,Angela,Diane,,2019-04-26,01,F,A,WIDA ACCESS,CBT,ELL,Coordinator,English Language Proficiency,Winter,1,ellcoord@school.edu,3.0,Level 3: Developing
2026LEPELL1.0AsmPre,2025,043073,7141,0000004207,L0000004207,Rosales,Kristin,,,2018-06-05,02,F,W,WIDA ACCESS,CBT,ELL,Coordinator,English Language Proficiency,Winter,1,ellcoord@school.edu,3.3,Level 3: Developing
2026LEPELL1.0AsmPre,2026,043073,3852,0000004207,L0000004207,Rosales,Kristin,,,2018-06-05,03,F,W,WIDA ACCESS,CBT,ELL,Coordinator,English Language Proficiency,Winter,1,ellcoord@school.edu,4.3,Level 4: Expanding
2026LEPELL1.0AsmPre,2025,104622,9103,0000004221,L0000004221,Brown,Michelle,Brenda,,2019-01-27,K,F,A,WIDA ACCESS,CBT,ELL,Coordinator,English Language Proficiency,Winter,1,ellcoord@school.edu,2.4,Level 1-2: Entering/Emerging
2026LEPELL1.0AsmPre,2026,104622,8944,0000004221,L0000004221,Brown,Michelle,Brenda,,2019-01-27,01,F,A,WIDA ACCESS,CBT,ELL,Coordinator,English Language Proficiency,Winter,1,ellcoord@school.edu,2.9,Level 3: Developing
2026LEPELL1.0AsmPre,2025,105406,4507,0000004251,L0000004251,Russell,Bobby,Patrick,,2019-08-24,K,M,W,WIDA ACCESS,CBT,ELL,Coordinator,English Language Proficiency,Winter,1,ellcoord@school.edu,2.5,Level 3: Developing
2026LEPELL1.0AsmPre,2026,105406,7021,0000004251,L0000004251,Russell,Bobby,Patrick,,2019-08-24,01,M,W,WIDA ACCESS,CBT,ELL,Coordinator,English Language Proficiency,Winter,1,ellcoord@school.edu,4.0,Level 4: Expanding
2026LEPELL1.0AsmPre,2025,039087,5946,0000004264,L0000004264,Case,Cynthia,Lisa,,2019-07-19,K,F,W,WIDA ACCESS,CBT,ELL,Coordinator,English Language Proficiency,Winter,1,ellcoord@school.edu,2.6,Level 3: Developing
2026LEPELL1.0AsmPre,2026,039087,7934,0000004264,L0000004264,Case,Cynthia,Lisa,,2019-07-19,01,F,W,WIDA ACCESS,CBT,ELL,Coordinator,English Language Proficiency,Winter,1,ellcoord@school.edu,1.8,Level 1-2: Entering/Emerging
2026LEPELL1.0AsmPre,2026,052109,1570,0000004268,L0000004268,Flores,Roger,Claudia,,2020-10-17,K,F,W,WIDA ACCESS,CBT,ELL,Coordinator,English Language Proficiency,Winter,1,ellcoord@school.edu,2.2,Level 1-2: Entering/Emerging
2026LEPELL1.0AsmPre,2026,050549,6801,0000004273,L0000004273,Mosley,Allison,Grace,,2021-05-02,K,F,W,WIDA ACCESS,CBT,ELL,Coordinator,English Language Proficiency,Winter,1,ellcoord@school.edu,2.1,Level 1-2: Entering/Emerging
2026LEPELL1.0AsmPre,2026,021435,5644,0000004290,L0000004290,Wilson,Lori,,,2020-12-25,K,F,A,WIDA ACCESS,CBT,ELL,Coordinator,English Language Proficiency,Winter,1,ellcoord@school.edu,2.8,Level 3: Developing
2026LEPELL1.0AsmPre,2026,080658,5862,0000004310,L0000004310,Sullivan,Sarah,Rebecca,,2020-09-05,K,F,B,WIDA ACCESS,CBT,ELL,Coordinator,English Language Proficiency,Winter,1,ellcoord@school.edu,2.6,Level 3: Developing
2026LEPELL1.0AsmPre,2024,057278,8472,0000004332,L0000004332,Acosta,Marissa,,,2018-08-04,01,F,W,WIDA ACCESS,CBT,ELL,Coordinator,English Language Proficiency,Winter,1,ellcoord@school.edu,3.6,Level 3: Developing
2026LEPELL1.0AsmPre,2025,057278,8938,0000004332,L0000004332,Acosta,Marissa,,,2018-08-04,02,F,W,WIDA ACCESS,CBT,ELL,Coordinator,English Language Proficiency,Winter,1,ellcoord@school.edu,4.7,Level 4: Expanding
2026LEPELL1.0AsmPre,2026,057278,5333,0000004332,L0000004332,Acosta,Marissa,,,2018-08-04,03,F,W,WIDA ACCESS,CBT,ELL,Coordinator,English Language Proficiency,Winter,1,ellcoord@school.edu,4.6,Level 4: Expanding
2026LEPELL1.0AsmPre,2025,102457,3015,0000004349,L0000004349,Eaton,Richard,,,2019-03-08,K,M,W,WIDA ACCESS,CBT,ELL,Coordinator,English Language Proficiency,Winter,1,ellcoord@school.edu,2.0,Level 1-2: Entering/Emerging
2026LEPELL1.0AsmPre,2026,102457,6254,0000004349,L0000004349,Eaton,Richard,,,2019-03-08,01,M,W,WIDA ACCESS,CBT,ELL,Coordinator,English Language Proficiency,Winter,1,ellcoord@school.edu,1.6,Level 1-2: Entering/Emerging
2026LEPELL1.0AsmPre,2026,031064,8646,0000004356,L0000004356,Allen,Yvonne,Melissa,,2020-06-08,01,F,W,WIDA ACCESS,CBT,ELL,Coordinator,English Language Proficiency,Winter,1,ellcoord@school.edu,2.4,Level 1-2: Entering/Emerging
2026LEPELL1.0AsmPre,2025,042216,2417,0000004373,L0000004373,White,Bruce,Samuel,,2019-06-16,K,F,A,WIDA ACCESS,CBT,ELL,Coordinator,English Language Proficiency,Winter,1,ellcoord@school.edu,3.2,Level 3: Developing
2026LEPELL1.0AsmPre,2026,042216,8792,0000004373,L0000004373,White,Bruce,Samuel,,2019-06-16,01,F,A,WIDA ACCESS,CBT,ELL,Coordinator,English Language Proficiency,Winter,1,ellcoord@school.edu,3.0,Level 3: Developing
2026LEPELL1.0AsmPre,2024,060947,8928,0000004375,L0000004375,Blake,Alejandro,Renee,,2018-05-08,01,F,W,WIDA ACCESS,CBT,ELL,Coordinator,English Language Proficiency,Winter,1,ellcoord@school.edu,2.5,Level 3: Developing
2026LEPELL1.0AsmPre,2025,060947,4311,0000004375,L0000004375,Blake,Alejandro,Renee,,2018-05-08,02,F,W,WIDA ACCESS,CBT,ELL,Coordinator,English Language Proficiency,Winter,1,ellcoord@school.edu,3.6,Level 3: Developing
2026LEPELL1.0AsmPre,2026,060947,3526,0000004375,L0000004375,Blake,Alejandro,Renee,,2018-05-08,03,F,W,WIDA ACCESS,CBT,ELL,Coordinator,English Language Proficiency,Winter,1,ellcoord@school.edu,4.3,Level 4: Expanding
2026LEPELL1.0AsmPre,2025,060701,3545,0000004390,L0000004390,Davis,Monica,Melissa,,2020-03-25,K,F,W,WIDA ACCESS,CBT,ELL,Coordinator,English Language Proficiency,Winter,1,ellcoord@school.edu,2.3,Level 1-2: Entering/Emerging
2026LEPELL1.0AsmPre,2026,060701,2994,0000004390,L0000004390,Davis,Monica,Melissa,,2020-03-25,K,F,W,WIDA ACCESS,CBT,ELL,Coordinator,English Language Proficiency,Winter,1,ellcoord@school.edu,2.7,Level 3: Developing
2026LEPELL1.0AsmPre,2026,026421,3106,0000004391,L0000004391,Barnett,Julie,,,2020-08-18,K,F,A,WIDA ACCESS,CBT,ELL,Coordinator,English Language Proficiency,Winter,1,ellcoord@school.edu,1.8,Level 1-2: Entering/Emerging
2026LEPELL1.0AsmPre,2026,086793,4905,0000004404,L0000004404,Davis,Amy,Nancy,,2020-03-05,K,F,A,WIDA ACCESS,CBT,ELL,Coordinator,English Language Proficiency,Winter,1,ellcoord@school.edu,2.4,Level 1-2: Entering/Emerging
2026LEPELL1.0AsmPre,2026,041203,9466,0000004413,L0000004413,Potter,Justin,,,2020-07-25,K,F,W,WIDA ACCESS,CBT,ELL,Coordinator,English Language Proficiency,Winter,1,ellcoord@school.edu,2.7,Level 3: Developing
2026LEPELL1.0AsmPre,2026,070087,3318,0000004479,L0000004479,Barton,Julie,,,2020-04-06,K,F,W,WIDA ACCESS,CBT,ELL,Coordinator,English Language Proficiency,Winter,1,ellcoord@school.edu,2.1,Level 1-2: Entering/Emerging
2026LEPELL1.0AsmPre,2026,024689,3394,0000004499,L0000004499,Gillespie,Lauren,Amanda,,2020-06-16,K,F,W,WIDA ACCESS,CBT,ELL,Coordinator,English Language Proficiency,Winter,1,ellcoord@school.edu,1.9,Level 1-2: Entering/Emerging
2026LEPELL1.0AsmPre,2024,012756,3083,0000004511,L0000004511,Jarvis,Vincent,Matthew,,2018-04-16,01,M,A,WIDA ACCESS,CBT,ELL,Coordinator,English Language Proficiency,Winter,1,ellcoord@school.edu,4.0,Level 4: Expanding
2026LEPELL1.0AsmPre,2025,012756,1588,0000004511,L0000004511,Jarvis,Vincent,Matthew,,2018-04-16,02,M,A,WIDA ACCESS,CBT,ELL,Coordinator,English Language Proficiency,Winter,1,ellcoord@school.edu,4.2,Level 4: Expanding
2026LEPELL1.0AsmPre,2026,012756,6596,0000004511,L0000004511,Jarvis,Vincent,Matthew,,2018-04-16,03,M,A,WIDA ACCESS,CBT,ELL,Coordinator,English Language Proficiency,Winter,1,ellcoord@school.edu,3.8,Level 3: Developing
2026LEPELL1.0AsmPre,2026,092401,8688,0000004521,L0000004521,Lee,Richard,Scott,,2020-12-22,K,M,W,WIDA ACCESS,CBT,ELL,Coordinator,English Language Proficiency,Winter,1,ellcoord@school.edu,2.4,Level 1-2: Entering/Emerging
2026LEPELL1.0AsmPre,2025,078028,8086,0000004536,L0000004536,Donaldson,Michael,Nicholas,,2019-10-16,K,F,W,WIDA ACCESS,CBT,ELL,Coordinator,English Language Proficiency,Winter,1,ellcoord@school.edu,1.7,Level 1-2: Entering/Emerging
2026LEPELL1.0AsmPre,2026,078028,7294,0000004536,L0000004536,Donaldson,Michael,Nicholas,,2019-10-16,01,F,W,WIDA ACCESS,CBT,ELL,Coordinator,English Language Proficiency,Winter,1,ellcoord@school.edu,3.6,Level 3: Developing
2026LEPELL1.0AsmPre,2024,098104,3216,0000004539,L0000004539,Rios,Joseph,,,2018-06-26,01,M,B,WIDA ACCESS,CBT,ELL,Coordinator,English Language Proficiency,Winter,1,ellcoord@school.edu,2.0,Level 1-2: Entering/Emerging
2026LEPELL1.0AsmPre,2025,098104,9173,0000004539,L0000004539,Rios,Joseph,,,2018-06-26,02,M,B,WIDA ACCESS,CBT,ELL,Coordinator,English Language Proficiency,Winter,1,ellcoord@school.edu,4.3,Level 4: Expanding
2026LEPELL1.0AsmPre,2024,037740,4775,0000004541,L0000004541,Flores,Jeremy,David,,2018-10-13,01,M,B,WIDA ACCESS,CBT,ELL,Coordinator,English Language Proficiency,Winter,1,ellcoord@school.edu,3.0,Level 3: Developing
2026LEPELL1.0AsmPre,2025,037740,7811,0000004541,L0000004541,Flores,Jeremy,David,,2018-10-13,02,M,B,WIDA ACCESS,CBT,ELL,Coordinator,English Language Proficiency,Winter,1,ellcoord@school.edu,4.5,Level 4: Expanding
2026LEPELL1.0AsmPre,2026,037740,4864,0000004541,L0000004541,Flores,Jeremy,David,,2018-10-13,03,M,B,WIDA ACCESS,CBT,ELL,Coordinator,English Language Proficiency,Winter,1,ellcoord@school.edu,4.7,Level 4: Expanding
2026LEPELL1.0AsmPre,2024,004517,2236,0000004569,L0000004569,Gregory,Erin,Dominique,,2018-11-08,01,F,W,WIDA ACCESS,CBT,ELL,Coordinator,English Language Proficiency,Winter,1,ellcoord@school.edu,4.0,Level 4: Expanding
2026LEPELL1.0AsmPre,2025,004517,5082,0000004569,L0000004569,Gregory,Erin,Dominique,,2018-11-08,02,F,W,WIDA ACCESS,CBT,ELL,Coordinator,English Language Proficiency,Winter,1,ellcoord@school.edu,3.5,Level 3: Developing
2026LEPELL1.0AsmPre,2026,004517,6531,0000004569,L0000004569,Gregory,Erin,Dominique,,2018-11-08,03,F,W,WIDA ACCESS,CBT,ELL,Coordinator,English Language Proficiency,Winter,1,ellcoord@school.edu,3.0,Level 3: Developing
2026LEPELL1.0AsmPre,2024,094007,3930,0000004572,L0000004572,Patterson,Travis,,,2018-06-02,01,M,B,WIDA ACCESS,CBT,ELL,Coordinator,English Language Proficiency,Winter,1,ellcoord@school.edu,1.9,Level 1-2: Entering/Emerging
2026LEPELL1.0AsmPre,2025,094007,6414,0000004572,L0000004572,Patterson,Travis,,,2018-06-02,02,M,B,WIDA ACCESS,CBT,ELL,Coordinator,English Language Proficiency,Winter,1,ellcoord@school.edu,3.2,Level 3: Developing
2026LEPELL1.0AsmPre,2026,094007,8009,0000004572,L0000004572,Patterson,Travis,,,2018-06-02,03,M,B,WIDA ACCESS,CBT,ELL,Coordinator,English Language Proficiency,Winter,1,ellcoord@school.edu,3.8,Level 3: Developing
2026LEPELL1.0AsmPre,2025,075369,6346,0000004574,L0000004574,Garrett,Curtis,Cody,,2019-01-02,K,M,W,WIDA ACCESS,CBT,ELL,Coordinator,English Language Proficiency,Winter,1,ellcoord@school.edu,2.1,Level 1-2: Entering/Emerging
2026LEPELL1.0AsmPre,2026,075369,8071,0000004574,L0000004574,Garrett,Curtis,Cody,,2019-01-02,01,M,W,WIDA ACCESS,CBT,ELL,Coordinator,English Language Proficiency,Winter,1,ellcoord@school.edu,3.6,Level 3: Developing
2026LEPELL1.0AsmPre,2024,110446,1342,0000004583,L0000004583,Martinez,Brian,Allison,,2018-07-20,01,F,W,WIDA ACCESS,CBT,ELL,Coordinator,English Language Proficiency,Winter,1,ellcoord@school.edu,2.5,Level 3: Developing
2026LEPELL1.0AsmPre,2025,110446,9724,0000004583,L0000004583,Martinez,Brian,Allison,,2018-07-20,02,F,W,WIDA ACCESS,CBT,ELL,Coordinator,English Language Proficiency,Winter,1,ellcoord@school.edu,3.5,Level 3: Developing
2026LEPELL1.0AsmPre,2026,110446,6368,0000004583,L0000004583,Martinez,Brian,Allison,,2018-07-20,03,F,W,WIDA ACCESS,CBT,ELL,Coordinator,English Language Proficiency,Winter,1,ellcoord@school.edu,2.9,Level 3: Developing
2026LEPELL1.0AsmPre,2026,082974,1835,0000004592,L0000004592,Dyer,Douglas,Patrick,,2020-05-19,K,M,W,WIDA ACCESS,CBT,ELL,Coordinator,English Language Proficiency,Winter,1,ellcoord@school.edu,1.5,Level 1-2: Entering/Emerging
2026LEPELL1.0AsmPre,2025,043104,8796,0000004622,L0000004622,Gutierrez,Nicholas,,,2019-07-08,K,M,W,WIDA ACCESS,CBT,ELL,Coordinator,English Language Proficiency,Winter,1,ellcoord@school.edu,2.0,Level 1-2: Entering/Emerging
2026LEPELL1.0AsmPre,2026,043104,4051,0000004622,L0000004622,Gutierrez,Nicholas,,,2019-07-08,01,M,W,WIDA ACCESS,CBT,ELL,Coordinator,English Language Proficiency,Winter,1,ellcoord@school.edu,2.0,Level 1-2: Entering/Emerging
2026LEPELL1.0AsmPre,2024,096479,4105,0000004643,L0000004643,Smith,Gregory,Tony,,2018-02-07,01,M,A,WIDA ACCESS,CBT,ELL,Coordinator,English Language Proficiency,Winter,1,ellcoord@school.edu,3.5,Level 3: Developing
2026LEPELL1.0AsmPre,2025,096479,5896,0000004643,L0000004643,Smith,Gregory,Tony,,2018-02-07,02,M,A,WIDA ACCESS,CBT,ELL,Coordinator,English Language Proficiency,Winter,1,ellcoord@school.edu,3.4,Level 3: Developing
2026LEPELL1.0AsmPre,2026,096479,5532,0000004643,L0000004643,Smith,Gregory,Tony,,2018-02-07,03,M,A,WIDA ACCESS,CBT,ELL,Coordinator,English Language Proficiency,Winter,1,ellcoord@school.edu,4.9,Level 4: Expanding
2026LEPELL1.0AsmPre,2026,006869,6672,0000004659,L0000004659,Soto,Anthony,David,,2020-06-05,K,M,W,WIDA ACCESS,CBT,ELL,Coordinator,English Language Proficiency,Winter,1,ellcoord@school.edu,2.3,Level 1-2: Entering/Emerging
2026LEPELL1.0AsmPre,2025,105624,3694,0000004673,L0000004673,Hartman,Dwayne,,,2019-09-02,K,F,W,WIDA ACCESS,CBT,ELL,Coordinator,English Language Proficiency,Winter,1,ellcoord@school.edu,2.1,Level 1-2: Entering/Emerging
2026LEPELL1.0AsmPre,2025,007643,2435,0000004679,L0000004679,Chapman,Jennifer,Charles,,2018-05-26,02,F,W,WIDA ACCESS,CBT,ELL,Coordinator,English Language Proficiency,Winter,1,ellcoord@school.edu,3.2,Level 3: Developing
2026LEPELL1.0AsmPre,2026,007643,5887,0000004679,L0000004679,Chapman,Jennifer,Charles,,2018-05-26,03,F,W,WIDA ACCESS,CBT,ELL,Coordinator,English Language Proficiency,Winter,1,ellcoord@school.edu,4.8,Level 4: Expanding
2026LEPELL1.0AsmPre,2024,099635,6729,0000004688,L0000004688,Porter,Wendy,,,2018-12-12,02,F,W,WIDA ACCESS,CBT,ELL,Coordinator,English Language Proficiency,Winter,1,ellcoord@school.edu,3.6,Level 3: Developing
2026LEPELL1.0AsmPre,2025,099635,8536,0000004688,L0000004688,Porter,Wendy,,,2018-12-12,02,F,W,WIDA ACCESS,CBT,ELL,Coordinator,English Language Proficiency,Winter,1,ellcoord@school.edu,4.8,Level 4: Expanding
2026LEPELL1.0AsmPre,2026,099635,5024,0000004688,L0000004688,Porter,Wendy,,,2018-12-12,03,F,W,WIDA ACCESS,CBT,ELL,Coordinator,English Language Proficiency,Winter,1,ellcoord@school.edu,5.8,Level 6: Reaching
2026LEPELL1.0AsmPre,2024,018942,2409,0000004693,L0000004693,Yates,Peter,,,2018-05-04,01,F,W,WIDA ACCESS,CBT,ELL,Coordinator,English Language Proficiency,Winter,1,ellcoord@school.edu,2.5,Level 3: Developing
2026LEPELL1.0AsmPre,2025,018942,2953,0000004693,L0000004693,Yates,Peter,,,2018-05-04,02,F,W,WIDA ACCESS,CBT,ELL,Coordinator,English Language Proficiency,Winter,1,ellcoord@school.edu,3.8,Level 3: Developing
2026LEPELL1.0AsmPre,2024,039355,9934,0000004698,L0000004698,Acosta,Carlos,Brian,,2018-06-09,01,M,B,WIDA ACCESS,CBT,ELL,Coordinator,English Language Proficiency,Winter,1,ellcoord@school.edu,1.5,Level 1-2: Entering/Emerging
2026LEPELL1.0AsmPre,2025,039355,6378,0000004698,L0000004698,Acosta,Carlos,Brian,,2018-06-09,02,M,B,WIDA ACCESS,CBT,ELL,Coordinator,English Language Proficiency,Winter,1,ellcoord@school.edu,4.2,Level 4: Expanding
2026LEPELL1.0AsmPre,2026,039355,8985,0000004698,L0000004698,Acosta,Carlos,Brian,,2018-06-09,03,M,B,WIDA ACCESS,CBT,ELL,Coordinator,English Language Proficiency,Winter,1,ellcoord@school.edu,4.8,Level 4: Expanding
2026LEPELL1.0AsmPre,2025,027259,7122,0000004712,L0000004712,Ellis,Priscilla,Kristine,,2019-03-02,K,F,B,WIDA ACCESS,CBT,ELL,Coordinator,English Language Proficiency,Winter,1,ellcoord@school.edu,2.0,Level 1-2: Entering/Emerging
2026LEPELL1.0AsmPre,2026,027259,7841,0000004712,L0000004712,Ellis,Priscilla,Kristine,,2019-03-02,01,F,B,WIDA ACCESS,CBT,ELL,Coordinator,English Language Proficiency,Winter,1,ellcoord@school.edu,2.5,Level 3: Developing
2026LEPELL1.0AsmPre,2026,096539,6119,0000004717,L0000004717,Gibbs,Amanda,Pamela,,2020-11-11,K,F,W,WIDA ACCESS,CBT,ELL,Coordinator,English Language Proficiency,Winter,1,ellcoord@school.edu,1.7,Level 1-2: Entering/Emerging
2026LEPELL1.0AsmPre,2024,035366,4349,0000004726,L0000004726,Smith,Drew,William,,2018-09-23,01,M,W,WIDA ACCESS,CBT,ELL,Coordinator,English Language Proficiency,Winter,1,ellcoord@school.edu,3.0,Level 3: Developing
2026LEPELL1.0AsmPre,2026,035366,2699,0000004726,L0000004726,Smith,Drew,William,,2018-09-23,03,M,W,WIDA ACCESS,CBT,ELL,Coordinator,English Language Proficiency,Winter,1,ellcoord@school.edu,5.4,Level 5: Bridging
2026LEPELL1.0AsmPre,2025,041912,2961,0000004730,L0000004730,Butler,Anthony,Matthew,,2019-07-28,K,M,W,WIDA ACCESS,CBT,ELL,Coordinator,English Language Proficiency,Winter,1,ellcoord@school.edu,1.5,Level 1-2: Entering/Emerging
2026LEPELL1.0AsmPre,2026,041912,2771,0000004730,L0000004730,Butler,Anthony,Matthew,,2019-07-28,01,M,W,WIDA ACCESS,CBT,ELL,Coordinator,English Language Proficiency,Winter,1,ellcoord@school.edu,2.6,Level 3: Developing
2026LEPELL1.0AsmPre,2026,056156,3660,0000004736,L0000004736,Flores,Ryan,Katherine,,2020-03-18,K,F,I,WIDA ACCESS,CBT,ELL,Coordinator,English Language Proficiency,Winter,1,ellcoord@school.edu,2.2,Level 1-2: Entering/Emerging
2026LEPELL1.0AsmPre,2026,037206,4801,0000004748,L0000004748,Ferguson,Ian,Ronald,,2020-10-05,K,M,A,WIDA ACCESS,CBT,ELL,Coordinator,English Language Proficiency,Winter,1,ellcoord@school.edu,1.9,Level 1-2: Entering/Emerging
2026LEPELL1.0AsmPre,2025,048892,7980,0000004754,L0000004754,Mata,Susan,Elizabeth,,2019-06-10,K,F,W,WIDA ACCESS,CBT,ELL,Coordinator,English Language Proficiency,Winter,1,ellcoord@school.edu,1.6,Level 1-2: Entering/Emerging
2026LEPELL1.0AsmPre,2026,048892,8234,0000004754,L0000004754,Mata,Susan,Elizabeth,,2019-06-10,01,F,W,WIDA ACCESS,CBT,ELL,Coordinator,English Language Proficiency,Winter,1,ellcoord@school.edu,2.0,Level 1-2: Entering/Emerging
2026LEPELL1.0AsmPre,2025,009010,1771,0000004757,L0000004757,Cooper,Steven,Theresa,,2019-12-02,K,F,A,WIDA ACCESS,CBT,ELL,Coordinator,English Language Proficiency,Winter,1,ellcoord@school.edu,2.5,Level 3: Developing
2026LEPELL1.0AsmPre,2026,009010,3433,0000004757,L0000004757,Cooper,Steven,Theresa,,2019-12-02,01,F,A,WIDA ACCESS,CBT,ELL,Coordinator,English Language Proficiency,Winter,1,ellcoord@school.edu,2.8,Level 3: Developing
2026LEPELL1.0AsmPre,2026,102717,2898,0000004759,L0000004759,Molina,Jessica,Misty,,2020-10-27,K,F,W,WIDA ACCESS,CBT,ELL,Coordinator,English Language Proficiency,Winter,1,ellcoord@school.edu,1.6,Level 1-2: Entering/Emerging
2026LEPELL1.0AsmPre,2024,050507,8120,0000004770,L0000004770,Aguilar,Christopher,Steven,,2018-09-25,01,M,A,WIDA ACCESS,CBT,ELL,Coordinator,English Language Proficiency,Winter,1,ellcoord@school.edu,3.2,Level 3: Developing
2026LEPELL1.0AsmPre,2025,050507,5026,0000004770,L0000004770,Aguilar,Christopher,Steven,,2018-09-25,02,M,A,WIDA ACCESS,CBT,ELL,Coordinator,English Language Proficiency,Winter,1,ellcoord@school.edu,3.5,Level 3: Developing
2026LEPELL1.0AsmPre,2026,050507,9356,0000004770,L0000004770,Aguilar,Christopher,Steven,,2018-09-25,03,M,A,WIDA ACCESS,CBT,ELL,Coordinator,English Language Proficiency,Winter,1,ellcoord@school.edu,5.5,Level 6: Reaching
2026LEPELL1.0AsmPre,2024,066011,4407,0000004811,L0000004811,Garcia,Richard,Edward,,2018-04-21,01,M,W,WIDA ACCESS,CBT,ELL,Coordinator,English Language Proficiency,Winter,1,ellcoord@school.edu,1.6,Level 1-2: Entering/Emerging
2026LEPELL1.0AsmPre,2026,066011,8677,0000004811,L0000004811,Garcia,Richard,Edward,,2018-04-21,03,M,W,WIDA ACCESS,CBT,ELL,Coordinator,English Language Proficiency,Winter,1,ellcoord@school.edu,4.6,Level 4: Expanding
2026LEPELL1.0AsmPre,2026,005540,4837,0000004820,L0000004820,Weber,Ashley,Julie,,2020-06-27,K,F,W,WIDA ACCESS,CBT,ELL,Coordinator,English Language Proficiency,Winter,1,ellcoord@school.edu,2.4,Level 1-2: Entering/Emerging
2026LEPELL1.0AsmPre,2024,097672,5810,0000004825,L0000004825,Phillips,Patrick,Felicia,,2018-10-01,01,F,A,WIDA ACCESS,CBT,ELL,Coordinator,English Language Proficiency,Winter,1,ellcoord@school.edu,2.7,Level 3: Developing
2026LEPELL1.0AsmPre,2025,097672,6735,0000004825,L0000004825,Phillips,Patrick,Felicia,,2018-10-01,02,F,A,WIDA ACCESS,CBT,ELL,Coordinator,English Language Proficiency,Winter,1,ellcoord@school.edu,3.7,Level 3: Developing
2026LEPELL1.0AsmPre,2026,097672,3312,0000004825,L0000004825,Phillips,Patrick,Felicia,,2018-10-01,03,F,A,WIDA ACCESS,CBT,ELL,Coordinator,English Language Proficiency,Winter,1,ellcoord@school.edu,3.7,Level 3: Developing
2026LEPELL1.0AsmPre,2024,073639,4416,0000004830,L0000004830,Sanchez,Jeffrey,William,,2018-01-11,02,M,A,WIDA ACCESS,CBT,ELL,Coordinator,English Language Proficiency,Winter,1,ellcoord@school.edu,3.1,Level 3: Developing
2026LEPELL1.0AsmPre,2025,073639,9239,0000004830,L0000004830,Sanchez,Jeffrey,William,,2018-01-11,02,M,A,WIDA ACCESS,CBT,ELL,Coordinator,English Language Proficiency,Winter,1,ellcoord@school.edu,2.5,Level 3: Developing
2026LEPELL1.0AsmPre,2026,073639,4265,0000004830,L0000004830,Sanchez,Jeffrey,William,,2018-01-11,03,M,A,WIDA ACCESS,CBT,ELL,Coordinator,English Language Proficiency,Winter,1,ellcoord@school.edu,2.7,Level 3: Developing
2026LEPELL1.0AsmPre,2026,008282,2580,0000004848,L0000004848,Thomas,John,Jeremiah,,2020-02-12,K,M,W,WIDA ACCESS,CBT,ELL,Coordinator,English Language Proficiency,Winter,1,ellcoord@school.edu,2.2,Level 1-2: Entering/Emerging
2026LEPELL1.0AsmPre,2026,088675,1638,0000004880,L0000004880,Snyder,Kimberly,,,2020-02-05,K,F,W,WIDA ACCESS,CBT,ELL,Coordinator,English Language Proficiency,Winter,1,ellcoord@school.edu,3.1,Level 3: Developing
2026LEPELL1.0AsmPre,2024,064492,7456,0000004889,L0000004889,Rosario,Sean,Christine,,2018-06-23,01,F,W,WIDA ACCESS,CBT,ELL,Coordinator,English Language Proficiency,Winter,1,ellcoord@school.edu,2.9,Level 3: Developing
2026LEPELL1.0AsmPre,2025,064492,5692,0000004889,L0000004889,Rosario,Sean,Christine,,2018-06-23,02,F,W,WIDA ACCESS,CBT,ELL,Coordinator,English Language Proficiency,Winter,1,ellcoord@school.edu,4.6,Level 4: Expanding
2026LEPELL1.0AsmPre,2026,064492,7242,0000004889,L0000004889,Rosario,Sean,Christine,,2018-06-23,03,F,W,WIDA ACCESS,CBT,ELL,Coordinator,English Language Proficiency,Winter,1,ellcoord@school.edu,5.7,Level 6: Reaching
2026LEPELL1.0AsmPre,2026,028136,9023,0000004890,L0000004890,Herring,Brittany,Jessica,,2020-03-21,K,F,P,WIDA ACCESS,CBT,ELL,Coordinator,English Language Proficiency,Winter,1,ellcoord@school.edu,2.5,Level 3: Developing
2026LEPELL1.0AsmPre,2026,008677,8778,0000004895,L0000004895,White,Nathaniel,Kristie,,2020-10-10,K,F,I,WIDA ACCESS,CBT,ELL,Coordinator,English Language Proficiency,Winter,1,ellcoord@school.edu,3.0,Level 3: Developing
2026LEPELL1.0AsmPre,2025,106648,7869,0000004902,L0000004902,Kent,Charles,,,2019-05-18,K,F,A,WIDA ACCESS,CBT,ELL,Coordinator,English Language Proficiency,Winter,1,ellcoord@school.edu,2.4,Level 1-2: Entering/Emerging
2026LEPELL1.0AsmPre,2026,106648,4002,0000004902,L0000004902,Kent,Charles,,,2019-05-18,01,F,A,WIDA ACCESS,CBT,ELL,Coordinator,English Language Proficiency,Winter,1,ellcoord@school.edu,3.9,Level 3: Developing
2026LEPELL1.0AsmPre,2025,060471,2118,0000004907,L0000004907,Parker,Sharon,Katherine,,2019-09-15,K,F,A,WIDA ACCESS,CBT,ELL,Coordinator,English Language Proficiency,Winter,1,ellcoord@school.edu,2.1,Level 1-2: Entering/Emerging
2026LEPELL1.0AsmPre,2026,060471,7988,0000004907,L0000004907,Parker,Sharon,Katherine,,2019-09-15,01,F,A,WIDA ACCESS,CBT,ELL,Coordinator,English Language Proficiency,Winter,1,ellcoord@school.edu,2.2,Level 1-2: Entering/Emerging
2026LEPELL1.0AsmPre,2025,032857,8690,0000004911,L0000004911,Jones,Joshua,Jonathan,,2019-12-01,K,M,A,WIDA ACCESS,CBT,ELL,Coordinator,English Language Proficiency,Winter,1,ellcoord@school.edu,1.5,Level 1-2: Entering/Emerging
2026LEPELL1.0AsmPre,2026,032857,1179,0000004911,L0000004911,Jones,Joshua,Jonathan,,2019-12-01,01,M,A,WIDA ACCESS,CBT,ELL,Coordinator,English Language Proficiency,Winter,1,ellcoord@school.edu,3.4,Level 3: Developing
2026LEPELL1.0AsmPre,2024,019625,7768,0000004941,L0000004941,Burch,Daryl,,,2018-04-03,01,F,A,WIDA ACCESS,CBT,ELL,Coordinator,English Language Proficiency,Winter,1,ellcoord@school.edu,2.9,Level 3: Developing
2026LEPELL1.0AsmPre,2025,019625,1275,0000004941,L0000004941,Burch,Daryl,,,2018-04-03,02,F,A,WIDA ACCESS,CBT,ELL,Coordinator,English Language Proficiency,Winter,1,ellcoord@school.edu,4.4,Level 4: Expanding
2026LEPELL1.0AsmPre,2026,019625,2326,0000004941,L0000004941,Burch,Daryl,,,2018-04-03,03,F,A,WIDA ACCESS,CBT,ELL,Coordinator,English Language Proficiency,Winter,1,ellcoord@school.edu,3.8,Level 3: Developing
2026LEPELL1.0AsmPre,2024,005276,4355,0000004944,L0000004944,Friedman,Chelsea,,,2020-07-28,K,F,I,WIDA ACCESS,CBT,ELL,Coordinator,English Language Proficiency,Winter,1,ellcoord@school.edu,2.4,Level 1-2: Entering/Emerging
2026LEPELL1.0AsmPre,2026,005276,5719,0000004944,L0000004944,Friedman,Chelsea,,,2020-07-28,K,F,I,WIDA ACCESS,CBT,ELL,Coordinator,English Language Proficiency,Winter,1,ellcoord@school.edu,2.5,Level 3: Developing
2026LEPELL1.0AsmPre,2024,095029,3582,0000004951,L0000004951,Henson,Bryan,,,2018-01-02,01,F,W,WIDA ACCESS,CBT,ELL,Coordinator,English Language Proficiency,Winter,1,ellcoord@school.edu,4.3,Level 4: Expanding
2026LEPELL1.0AsmPre,2025,095029,4837,0000004951,L0000004951,Henson,Bryan,,,2018-01-02,02,F,W,WIDA ACCESS,CBT,ELL,Coordinator,English Language Proficiency,Winter,1,ellcoord@school.edu,4.1,Level 4: Expanding
2026LEPELL1.0AsmPre,2026,095029,3642,0000004951,L0000004951,Henson,Bryan,,,2018-01-02,03,F,W,WIDA ACCESS,CBT,ELL,Coordinator,English Language Proficiency,Winter,1,ellcoord@school.edu,5.1,Level 5: Bridging
2026LEPELL1.0AsmPre,2024,029886,7000,0000004957,L0000004957,Perez,Scott,Thomas,,2018-04-28,01,F,W,WIDA ACCESS,CBT,ELL,Coordinator,English Language Proficiency,Winter,1,ellcoord@school.edu,2.0,Level 1-2: Entering/Emerging
2026LEPELL1.0AsmPre,2025,029886,6107,0000004957,L0000004957,Perez,Scott,Thomas,,2018-04-28,02,F,W,WIDA ACCESS,CBT,ELL,Coordinator,English Language Proficiency,Winter,1,ellcoord@school.edu,3.9,Level 3: Developing
2026LEPELL1.0AsmPre,2026,029886,9097,0000004957,L0000004957,Perez,Scott,Thomas,,2018-04-28,03,F,W,WIDA ACCESS,CBT,ELL,Coordinator,English Language Proficiency,Winter,1,ellcoord@school.edu,3.7,Level 3: Developing
2026LEPELL1.0AsmPre,2024,009523,7500,0000004994,L0000004994,Watts,Philip,Cathy,,2018-04-18,01,F,W,WIDA ACCESS,CBT,ELL,Coordinator,English Language Proficiency,Winter,1,ellcoord@school.edu,2.9,Level 3: Developing
2026LEPELL1.0AsmPre,2025,009523,7947,0000004994,L0000004994,Watts,Philip,Cathy,,2018-04-18,02,F,W,WIDA ACCESS,CBT,ELL,Coordinator,English Language Proficiency,Winter,1,ellcoord@school.edu,3.7,Level 3: Developing
2026LEPELL1.0AsmPre,2026,009523,5481,0000004994,L0000004994,Watts,Philip,Cathy,,2018-04-18,03,F,W,WIDA ACCESS,CBT,ELL,Coordinator,English Language Proficiency,Winter,1,ellcoord@school.edu,4.8,Level 4: Expanding
2026LEPELL1.0AsmPre,2025,072530,4665,0000004999,L0000004999,Wilkins,Stephen,Thomas,,2019-02-13,K,M,B,WIDA ACCESS,CBT,ELL,Coordinator,English Language Proficiency,Winter,1,ellcoord@school.edu,2.3,Level 1-2: Entering/Emerging
2026LEPELL1.0AsmPre,2026,072530,1781,0000004999,L0000004999,Wilkins,Stephen,Thomas,,2019-02-13,01,M,B,WIDA ACCESS,CBT,ELL,Coordinator,English Language Proficiency,Winter,1,ellcoord@school.edu,2.7,Level 3: Developing
