Child DCN,Child MOSIS ID,COSRatingA.Description,COSRatingB.Description,COSRatingC.Description,COSRatingPhysical.Description,COSRatingSummary.Description,RefOutcomeTimePoint.Description,OutcomeDate
0000000001,000001,6,4,4,4,4,Exit,2021-09-04
0000000002,000002,3,4,6,4,4,Annual Review,2023-10-16
0000000003,000003,6,4,4,6,5,Exit,2023-03-20
0000000004,000004,1,4,5,4,3,Annual Review,2023-12-08
0000000005,000005,1,2,5,3,2,Annual Review,2020-04-27
0000000006,000006,4,7,1,5,4,Entry,2024-07-24
0000000006,000006,5,6,6,2,4,Annual Review,2022-09-19
0000000007,000007,3,4,4,3,3,Annual Review,2023-06-12
0000000007,000007,3,4,3,3,3,Exit,2025-09-07
0000000008,000008,5,6,3,7,5,Annual Review,2022-08-06
0000000009,000009,4,4,4,1,3,Annual Review,2021-10-28
0000000009,000009,2,4,3,4,3,Exit,2020-04-18
0000000010,000010,3,2,6,2,3,Entry,2020-02-25
0000000011,000011,1,7,6,7,5,Annual Review,2019-06-23
0000000011,000011,5,2,6,5,4,Entry,2021-06-13
0000000011,000011,2,6,1,5,3,Entry,2022-09-07
0000000012,000012,5,1,6,6,4,Annual Review,2022-09-04
0000000013,000013,4,2,3,3,3,Entry,2022-11-30
0000000013,000013,2,4,3,4,3,Entry,2021-03-14
0000000013,000013,5,4,2,3,3,Exit,2025-02-20
0000000014,000014,2,3,4,2,2,Annual Review,2024-03-12
0000000014,000014,3,4,7,1,3,Entry,2025-09-23
0000000015,000015,5,6,5,3,4,Entry,2019-10-07
0000000016,000016,2,2,1,5,2,Annual Review,2022-04-22
0000000017,000017,5,1,2,1,2,Entry,2022-04-11
0000000018,000018,1,3,5,6,3,Entry,2020-12-13
0000000019,000019,1,5,1,3,2,Annual Review,2023-08-25
0000000020,000020,6,5,6,3,5,Annual Review,2023-03-13
0000000021,000021,2,5,5,6,4,Annual Review,2023-03-24
0000000021,000021,6,3,4,7,5,Exit,2024-12-09
0000000021,000021,2,5,4,7,4,Annual Review,2023-11-28
0000000022,000022,4,5,6,3,4,Entry,2019-09-15
0000000023,000023,2,1,2,4,2,Exit,2020-11-20
0000000024,000024,3,5,1,5,3,Entry,2022-02-04
0000000024,000024,7,5,2,3,4,Annual Review,2023-11-19
0000000025,000025,4,4,4,5,4,Exit,2023-10-27
0000000026,000026,3,3,4,3,3,Annual Review,2023-05-25
0000000026,000026,4,3,2,7,4,Annual Review,2021-06-08
0000000027,000027,3,3,5,4,3,Exit,2022-04-17
0000000028,000028,7,5,5,3,5,Entry,2023-02-23
0000000028,000028,2,3,6,7,4,Exit,2021-10-01
0000000028,000028,6,5,6,7,6,Annual Review,2022-07-18
0000000029,000029,3,3,6,4,4,Annual Review,2021-12-14
0000000030,000030,3,3,4,4,3,Annual Review,2021-05-04
0000000030,000030,4,7,5,5,5,Entry,2021-06-24
0000000030,000030,2,2,4,4,3,Entry,2023-03-08
0000000031,000031,3,3,2,4,3,Entry,2020-12-21
0000000032,000032,3,3,6,6,4,Annual Review,2021-08-08
0000000033,000033,2,4,2,3,2,Entry,2022-07-20
0000000034,000034,6,7,6,5,6,Annual Review,2024-03-10
0000000034,000034,4,4,5,6,4,Annual Review,2021-02-23
0000000034,000034,7,4,7,5,5,Exit,2023-04-05
0000000035,000035,4,5,4,2,3,Entry,2022-03-01
0000000036,000036,4,2,4,7,4,Entry,2021-02-27
0000000036,000036,7,5,4,3,4,Annual Review,2022-12-15
0000000037,000037,4,4,4,6,4,Annual Review,2021-01-23
0000000037,000037,4,7,5,6,5,Annual Review,2022-11-10
0000000038,000038,6,5,6,5,5,Entry,2022-10-17
0000000038,000038,5,4,7,5,5,Entry,2024-10-24
0000000038,000038,4,5,3,7,4,Entry,2021-02-18
0000000039,000039,6,3,5,3,4,Exit,2020-12-20
0000000039,000039,5,4,7,1,4,Exit,2021-09-21
0000000040,000040,4,4,6,7,5,Annual Review,2026-02-18
0000000041,000041,7,3,7,7,6,Annual Review,2022-12-05
0000000041,000041,7,6,7,6,6,Annual Review,2023-01-29
0000000041,000041,5,4,5,2,4,Annual Review,2022-01-06
0000000042,000042,5,2,3,2,3,Entry,2020-10-15
0000000043,000043,5,5,3,5,4,Entry,2019-03-25
0000000044,000044,4,5,4,5,4,Annual Review,2024-06-15
0000000044,000044,2,4,4,2,3,Annual Review,2023-08-24
0000000045,000045,1,5,3,1,2,Annual Review,2021-10-01
0000000046,000046,5,4,3,4,4,Annual Review,2022-05-15
0000000047,000047,2,2,3,4,2,Entry,2026-07-03
0000000047,000047,2,2,3,6,3,Exit,2026-06-11
0000000048,000048,6,3,3,3,3,Exit,2024-07-30
0000000048,000048,4,6,4,5,4,Entry,2021-09-21
0000000049,000049,4,5,6,3,4,Entry,2025-05-23
0000000050,000050,2,1,5,3,2,Annual Review,2025-05-14
0000000051,000051,1,4,2,3,2,Entry,2018-12-13
0000000052,000052,5,5,6,6,5,Exit,2023-06-16
0000000052,000052,2,6,4,6,4,Exit,2021-07-15
0000000053,000053,5,3,6,7,5,Entry,2022-06-27
0000000054,000054,4,5,6,4,4,Exit,2025-05-17
0000000054,000054,2,4,4,7,4,Exit,2022-07-30
0000000055,000055,6,5,1,5,4,Exit,2022-05-28
0000000055,000055,6,6,7,5,6,Annual Review,2021-12-05
0000000056,000056,7,6,6,6,6,Annual Review,2024-01-31
0000000056,000056,6,5,5,7,5,Entry,2019-06-22
0000000057,000057,3,2,2,5,3,Entry,2021-04-14
0000000058,000058,2,2,4,3,2,Exit,2022-10-12
0000000058,000058,2,1,3,3,2,Entry,2021-04-05
0000000059,000059,7,2,5,1,3,Exit,2022-09-08
0000000060,000060,3,5,6,5,4,Annual Review,2020-12-14
0000000061,000061,5,4,4,2,3,Exit,2021-02-27
0000000062,000062,4,3,1,6,3,Annual Review,2021-04-20
0000000063,000063,7,7,5,7,6,Entry,2022-03-05
0000000063,000063,5,6,6,6,5,Annual Review,2021-06-10
0000000064,000064,2,4,5,5,4,Exit,2021-11-12
0000000064,000064,7,1,5,4,4,Annual Review,2023-02-12
0000000065,000065,3,5,5,6,4,Entry,2021-05-14
0000000066,000066,2,3,1,4,2,Annual Review,2023-06-24
0000000066,000066,6,3,3,1,3,Entry,2024-06-19
0000000067,000067,4,6,1,1,3,Exit,2024-05-16
0000000068,000068,5,6,7,5,5,Entry,2021-06-05
0000000069,000069,3,2,5,4,3,Entry,2020-10-13
0000000069,000069,3,1,5,5,3,Entry,2021-10-03
0000000070,000070,4,2,2,7,3,Annual Review,2021-07-01
0000000070,000070,5,5,4,2,4,Exit,2021-04-19
0000000071,000071,5,7,4,5,5,Annual Review,2024-11-06
0000000071,000071,6,4,7,7,6,Annual Review,2022-11-16
0000000072,000072,6,2,1,2,2,Entry,2021-05-20
0000000072,000072,4,7,4,3,4,Exit,2023-09-06
0000000073,000073,2,2,3,4,2,Annual Review,2022-05-22
0000000073,000073,1,3,4,4,3,Exit,2022-03-15
0000000074,000074,2,1,3,3,2,Exit,2023-02-23
0000000075,000075,5,7,5,2,4,Entry,2024-01-25
0000000075,000075,4,6,5,6,5,Annual Review,2022-03-20
0000000076,000076,3,1,4,4,3,Annual Review,2024-08-30
0000000077,000077,4,3,4,4,3,Exit,2022-08-20
0000000077,000077,3,1,3,1,2,Exit,2022-04-22
0000000078,000078,6,3,1,6,4,Exit,2020-07-28
0000000078,000078,5,4,2,3,3,Annual Review,2023-03-10
0000000079,000079,2,1,2,5,2,Exit,2025-03-17
0000000079,000079,4,5,6,4,4,Exit,2024-01-31
0000000080,000080,3,3,4,5,3,Exit,2024-08-05
0000000081,000081,5,1,2,4,3,Entry,2023-09-17
0000000082,000082,4,3,4,3,3,Annual Review,2026-09-20
0000000083,000083,4,5,2,4,3,Entry,2020-06-19
0000000083,000083,1,3,3,5,3,Entry,2019-12-09
0000000084,000084,1,2,4,5,3,Entry,2021-01-17
0000000084,000084,2,3,3,4,3,Annual Review,2023-05-06
0000000085,000085,5,6,4,7,5,Entry,2019-04-21
0000000085,000085,1,5,6,7,4,Annual Review,2020-03-10
0000000086,000086,4,4,3,2,3,Entry,2019-08-28
0000000087,000087,1,7,3,5,4,Annual Review,2025-03-28
0000000088,000088,7,7,5,5,6,Exit,2024-05-04
0000000089,000089,5,5,6,4,5,Exit,2025-07-06
0000000090,000090,4,2,6,4,4,Exit,2023-11-06
0000000091,000091,5,5,4,6,5,Annual Review,2023-02-01
0000000092,000092,3,4,2,1,2,Exit,2023-02-06
0000000093,000093,5,5,1,6,4,Exit,2025-07-24
0000000094,000094,1,6,7,5,4,Exit,2020-07-31
0000000095,000095,4,7,6,5,5,Exit,2022-08-11
0000000096,000096,3,2,5,3,3,Exit,2023-05-14
0000000096,000096,5,5,2,4,4,Annual Review,2022-07-20
0000000097,000097,5,1,3,6,3,Exit,2023-12-20
0000000098,000098,5,7,5,1,4,Exit,2023-01-21
0000000099,000099,6,3,5,2,4,Entry,2021-12-31
0000000100,000100,7,6,2,6,5,Entry,2024-05-08
0000000101,000101,5,7,3,5,5,Exit,2022-09-08
0000000102,000102,6,6,3,5,5,Annual Review,2020-06-08
0000000103,000103,2,2,2,3,2,Entry,2023-03-16
0000000104,000104,1,2,1,2,1,Exit,2022-07-30
0000000105,000105,2,1,3,1,1,Entry,2018-10-27
0000000106,000106,4,4,5,4,4,Exit,2026-02-22
0000000106,000106,7,6,3,3,4,Entry,2026-02-08
0000000107,000107,4,5,5,5,4,Annual Review,2021-08-23
0000000108,000108,6,6,3,6,5,Exit,2023-07-10
0000000108,000108,6,5,6,4,5,Annual Review,2020-04-17
0000000108,000108,5,1,3,6,3,Exit,2020-10-29
0000000109,000109,6,4,2,2,3,Exit,2021-05-08
0000000110,000110,1,5,1,3,2,Annual Review,2024-07-21
0000000110,000110,4,2,2,2,2,Entry,2022-07-09
0000000111,000111,2,5,4,3,3,Annual Review,2020-08-06
0000000111,000111,5,3,4,2,3,Annual Review,2021-03-28
0000000112,000112,5,4,7,7,5,Entry,2020-07-13
0000000113,000113,4,2,3,3,3,Annual Review,2020-09-15
0000000114,000114,5,5,5,1,4,Exit,2021-07-02
0000000115,000115,6,7,5,7,6,Annual Review,2023-11-20
0000000115,000115,2,4,5,5,4,Exit,2022-11-08
0000000116,000116,7,6,5,2,5,Entry,2022-11-19
0000000117,000117,4,7,7,5,5,Annual Review,2020-10-12
0000000117,000117,6,5,6,6,5,Entry,2021-12-12
0000000118,000118,5,2,4,6,4,Exit,2023-08-20
0000000119,000119,7,3,2,4,4,Annual Review,2022-10-23
0000000119,000119,2,2,1,4,2,Annual Review,2023-09-08
0000000120,000120,1,3,3,4,2,Annual Review,2025-10-21
0000000121,000121,6,4,4,3,4,Annual Review,2021-09-22
0000000121,000121,5,6,4,5,5,Annual Review,2024-08-21
0000000122,000122,5,6,7,6,6,Entry,2020-01-18
0000000122,000122,6,3,6,7,5,Exit,2023-09-21
0000000123,000123,4,1,7,7,4,Entry,2022-05-30
0000000124,000124,5,7,5,6,5,Annual Review,2022-12-11
0000000124,000124,1,4,6,5,4,Exit,2021-11-18
0000000125,000125,5,5,3,1,3,Entry,2024-03-16
0000000125,000125,7,4,3,3,4,Exit,2023-10-12
0000000126,000126,4,3,3,4,3,Exit,2022-09-06
0000000127,000127,5,4,5,6,5,Entry,2022-05-22
0000000128,000128,5,5,1,2,3,Annual Review,2024-03-05
0000000128,000128,3,6,1,4,3,Annual Review,2025-05-07
0000000129,000129,5,1,1,3,2,Exit,2020-12-25
0000000130,000130,6,7,2,2,4,Exit,2024-03-28
0000000131,000131,1,7,4,3,3,Entry,2021-08-24
0000000132,000132,6,4,7,4,5,Entry,2022-06-03
0000000133,000133,4,1,2,2,2,Entry,2023-10-29
0000000133,000133,3,1,4,5,3,Annual Review,2023-11-27
0000000134,000134,5,3,5,6,4,Annual Review,2022-05-22
0000000134,000134,4,2,3,4,3,Exit,2023-01-29
0000000134,000134,4,4,7,4,4,Exit,2021-06-02
0000000135,000135,6,3,5,7,5,Entry,2024-06-03
0000000136,000136,3,3,6,3,3,Entry,2020-10-28
0000000137,000137,5,4,3,4,4,Entry,2022-09-15
0000000138,000138,5,2,2,2,2,Entry,2022-04-11
0000000138,000138,7,1,2,1,2,Entry,2024-02-06
0000000139,000139,5,1,1,1,2,Annual Review,2021-03-31
0000000139,000139,3,1,1,3,2,Entry,2020-11-25
0000000140,000140,6,5,2,5,4,Annual Review,2022-03-12
0000000141,000141,4,1,3,6,3,Exit,2019-09-22
0000000142,000142,6,5,5,6,5,Annual Review,2023-12-12
0000000143,000143,2,7,6,4,4,Exit,2025-10-14
0000000143,000143,4,5,4,3,4,Exit,2023-04-30
0000000144,000144,1,3,4,2,2,Entry,2018-12-06
0000000145,000145,4,3,5,5,4,Entry,2022-05-11
0000000146,000146,2,5,5,6,4,Exit,2021-01-21
0000000146,000146,2,4,4,3,3,Annual Review,2019-12-25
0000000147,000147,6,7,1,7,5,Annual Review,2019-09-03
0000000148,000148,3,6,1,4,3,Annual Review,2023-09-17
0000000149,000149,1,2,7,6,4,Entry,2021-05-03
0000000150,000150,4,5,6,2,4,Exit,2022-09-06
0000000151,000151,1,5,3,5,3,Annual Review,2024-02-28
0000000151,000151,2,5,3,3,3,Exit,2023-03-24
0000000152,000152,4,4,6,2,4,Exit,2022-05-27
0000000153,000153,6,6,3,4,4,Annual Review,2022-03-10
0000000154,000154,2,6,4,2,3,Exit,2021-05-11
0000000155,000155,3,4,2,6,3,Entry,2021-01-17
0000000156,000156,2,1,2,1,1,Exit,2022-02-18
0000000156,000156,2,4,3,7,4,Exit,2021-04-10
0000000157,000157,6,4,5,4,4,Exit,2022-01-11
0000000158,000158,3,6,7,6,5,Entry,2022-10-01
0000000159,000159,3,3,2,6,3,Annual Review,2023-05-06
0000000160,000160,2,2,4,1,2,Entry,2020-03-21
0000000160,000160,2,2,2,2,2,Annual Review,2022-08-31
0000000161,000161,5,4,7,6,5,Exit,2022-09-25
0000000162,000162,2,4,3,4,3,Annual Review,2020-03-11
0000000163,000163,5,1,5,5,4,Entry,2023-04-02
0000000163,000163,5,5,4,6,5,Exit,2023-02-21
0000000164,000164,4,4,3,6,4,Entry,2024-02-22
0000000165,000165,3,7,5,6,5,Entry,2021-02-20
0000000166,000166,5,5,7,7,6,Entry,2020-09-26
0000000166,000166,6,5,6,5,5,Entry,2019-01-21
0000000166,000166,3,5,4,7,4,Exit,2024-04-02
0000000167,000167,6,2,4,3,3,Entry,2022-09-24
0000000168,000168,1,1,4,3,2,Annual Review,2022-05-10
0000000169,000169,6,5,6,7,6,Entry,2020-11-16
0000000169,000169,5,5,3,6,4,Entry,2025-08-27
0000000170,000170,1,4,6,7,4,Entry,2022-01-03
0000000171,000171,1,2,1,5,2,Exit,2019-09-18
0000000172,000172,4,1,6,4,3,Exit,2023-09-24
0000000172,000172,2,7,2,7,4,Entry,2023-11-13
0000000173,000173,2,1,5,2,2,Entry,2022-08-05
0000000174,000174,4,2,2,6,3,Exit,2024-01-01
0000000174,000174,4,5,6,2,4,Exit,2024-10-29
0000000174,000174,2,2,5,3,3,Annual Review,2025-08-30
0000000175,000175,1,1,2,5,2,Annual Review,2024-02-19
0000000175,000175,5,1,5,2,3,Annual Review,2023-10-12
0000000176,000176,7,3,5,3,4,Entry,2023-04-16
0000000177,000177,3,1,1,1,1,Exit,2020-01-08
0000000178,000178,3,4,3,5,3,Annual Review,2020-10-28
0000000179,000179,4,6,5,7,5,Entry,2019-10-28
0000000180,000180,5,5,6,6,5,Entry,2019-07-13
0000000181,000181,1,4,6,2,3,Entry,2020-03-29
0000000181,000181,3,1,3,1,2,Entry,2020-08-26
0000000182,000182,1,4,5,4,3,Entry,2021-03-08
0000000183,000183,6,6,5,6,5,Annual Review,2023-04-09
0000000184,000184,1,5,1,4,2,Exit,2026-01-20
0000000184,000184,4,3,5,1,3,Exit,2023-03-15
0000000185,000185,3,5,7,5,5,Exit,2023-04-11
0000000186,000186,1,7,5,5,4,Annual Review,2023-06-14
0000000186,000186,3,3,4,4,3,Annual Review,2025-04-02
0000000187,000187,5,1,2,3,2,Exit,2020-09-04
0000000188,000188,3,3,1,3,2,Exit,2021-04-30
0000000188,000188,3,2,4,4,3,Annual Review,2020-12-01
0000000189,000189,4,4,2,5,3,Entry,2022-01-23
0000000190,000190,5,1,5,2,3,Entry,2023-12-27
0000000190,000190,5,3,5,3,4,Exit,2023-09-04
0000000190,000190,4,2,4,2,3,Entry,2021-09-18
0000000191,000191,4,1,2,3,2,Exit,2019-09-04
0000000192,000192,2,4,1,1,2,Entry,2021-11-30
0000000193,000193,5,2,4,5,4,Annual Review,2022-07-11
0000000194,000194,3,2,5,5,3,Annual Review,2022-07-24
0000000195,000195,2,4,1,3,2,Entry,2022-10-19
0000000195,000195,6,4,3,5,4,Entry,2023-11-28
0000000196,000196,4,2,1,3,2,Entry,2020-03-08
0000000197,000197,5,5,4,6,5,Entry,2020-12-14
0000000197,000197,1,3,6,4,3,Entry,2020-10-24
0000000198,000198,4,1,7,5,4,Exit,2021-05-30
0000000199,000199,2,6,7,4,4,Exit,2020-03-18
0000000200,000200,3,6,5,6,5,Exit,2022-06-18
0000000200,000200,7,5,6,7,6,Entry,2022-09-08
0000000201,000201,4,5,4,6,4,Exit,2024-12-02
0000000202,000202,5,1,5,4,3,Entry,2021-04-28
0000000203,000203,1,3,3,2,2,Entry,2019-09-09
0000000204,000204,5,5,4,1,3,Annual Review,2025-01-16
0000000204,000204,4,3,4,3,3,Exit,2023-04-25
0000000205,000205,2,1,4,3,2,Entry,2020-09-12
0000000205,000205,3,3,1,2,2,Exit,2022-12-03
0000000206,000206,7,4,5,6,5,Exit,2024-03-14
0000000206,000206,7,6,5,6,6,Annual Review,2020-06-01
0000000207,000207,5,6,6,7,6,Annual Review,2021-08-16
0000000207,000207,7,5,4,5,5,Exit,2025-06-02
0000000207,000207,7,6,6,7,6,Annual Review,2021-12-13
0000000208,000208,4,5,7,6,5,Annual Review,2022-10-17
0000000209,000209,7,6,6,6,6,Annual Review,2023-04-30
0000000210,000210,6,4,7,3,5,Annual Review,2021-10-21
0000000211,000211,3,2,2,3,2,Entry,2021-12-16
0000000211,000211,1,2,2,4,2,Exit,2023-04-19
0000000212,000212,1,2,2,3,2,Entry,2020-08-09
0000000213,000213,4,2,3,6,3,Annual Review,2025-04-10
0000000213,000213,6,7,3,3,4,Annual Review,2023-06-15
0000000214,000214,1,5,1,5,3,Entry,2021-11-09
0000000215,000215,5,7,4,6,5,Exit,2022-04-17
0000000216,000216,3,3,4,3,3,Entry,2022-08-18
0000000216,000216,1,5,4,1,2,Annual Review,2024-05-09
0000000217,000217,4,3,4,6,4,Exit,2026-01-08
0000000218,000218,5,6,4,5,5,Exit,2021-01-11
0000000219,000219,7,5,7,5,6,Annual Review,2025-03-14
0000000219,000219,4,6,3,6,4,Entry,2022-02-02
0000000220,000220,4,2,5,7,4,Exit,2022-03-15
0000000221,000221,4,5,3,6,4,Annual Review,2020-05-15
0000000222,000222,6,6,6,6,6,Entry,2024-10-15
0000000222,000222,5,1,7,5,4,Entry,2024-12-18
0000000222,000222,7,2,5,7,5,Annual Review,2023-02-16
0000000223,000223,4,5,2,4,3,Annual Review,2024-09-27
0000000224,000224,5,6,5,5,5,Entry,2020-10-01
0000000225,000225,5,3,7,6,5,Entry,2022-06-08
0000000226,000226,6,7,3,6,5,Annual Review,2023-02-16
0000000227,000227,5,3,4,6,4,Exit,2025-05-25
0000000227,000227,4,5,4,6,4,Exit,2023-07-25
0000000228,000228,3,4,4,3,3,Annual Review,2024-01-31
0000000228,000228,4,2,3,4,3,Exit,2021-10-21
0000000228,000228,4,2,4,1,2,Entry,2022-03-16
0000000229,000229,1,4,3,2,2,Exit,2020-11-01
0000000229,000229,2,5,2,3,3,Entry,2020-10-06
0000000230,000230,2,1,2,7,3,Entry,2019-04-20
0000000231,000231,3,3,5,4,3,Entry,2019-09-10
0000000231,000231,3,4,1,3,2,Exit,2021-12-07
0000000232,000232,1,4,4,5,3,Exit,2022-04-21
0000000233,000233,5,2,3,2,3,Annual Review,2025-10-15
0000000234,000234,5,6,2,6,4,Exit,2023-09-15
0000000235,000235,7,4,6,6,5,Exit,2022-11-30
0000000236,000236,5,3,3,2,3,Exit,2021-08-29
0000000236,000236,4,2,3,3,3,Annual Review,2020-04-06
0000000237,000237,5,6,5,6,5,Annual Review,2026-06-28
0000000237,000237,5,6,6,6,5,Annual Review,2024-05-10
0000000237,000237,7,5,5,5,5,Entry,2026-09-26
0000000238,000238,7,6,5,7,6,Entry,2023-04-05
0000000239,000239,2,3,2,4,2,Exit,2021-05-28
0000000239,000239,1,3,1,4,2,Exit,2022-04-01
0000000240,000240,5,1,3,4,3,Entry,2023-08-30
0000000241,000241,7,6,6,7,6,Entry,2022-09-28
0000000242,000242,7,6,3,7,5,Annual Review,2022-07-31
0000000243,000243,5,1,6,3,3,Exit,2022-12-30
0000000244,000244,3,4,5,2,3,Entry,2020-08-22
0000000244,000244,3,3,5,4,3,Annual Review,2020-02-23
0000000245,000245,7,6,5,3,5,Annual Review,2021-09-11
0000000246,000246,4,4,1,2,2,Exit,2023-04-10
0000000246,000246,4,4,3,1,3,Annual Review,2025-12-21
0000000246,000246,2,4,4,1,2,Exit,2024-07-26
0000000247,000247,3,4,5,3,3,Entry,2019-11-04
0000000248,000248,5,3,1,4,3,Exit,2027-04-05
0000000248,000248,6,4,2,2,3,Annual Review,2024-10-20
0000000248,000248,3,7,1,5,4,Entry,2022-12-13
0000000249,000249,1,3,1,5,2,Annual Review,2023-11-20
0000000250,000250,1,6,3,2,3,Entry,2022-03-22
0000000251,000251,5,5,1,7,4,Entry,2022-12-19
0000000251,000251,6,5,3,4,4,Annual Review,2022-07-13
0000000251,000251,7,5,6,2,5,Annual Review,2022-08-24
0000000252,000252,3,2,3,2,2,Annual Review,2021-01-21
0000000252,000252,4,4,2,5,3,Exit,2020-01-13
0000000253,000253,6,5,3,3,4,Exit,2023-10-01
0000000254,000254,1,4,1,6,3,Entry,2023-10-23
0000000255,000255,5,5,3,3,4,Exit,2025-05-23
0000000256,000256,3,2,2,3,2,Entry,2023-01-29
0000000257,000257,4,5,5,7,5,Exit,2023-10-14
0000000258,000258,5,2,7,6,5,Annual Review,2023-08-27
0000000258,000258,6,4,5,6,5,Exit,2027-02-14
0000000259,000259,1,4,1,3,2,Entry,2022-05-25
0000000260,000260,3,3,6,3,3,Annual Review,2021-02-20
0000000261,000261,5,3,5,2,3,Entry,2020-07-23
0000000262,000262,6,6,5,5,5,Annual Review,2023-11-12
0000000263,000263,3,3,3,5,3,Exit,2019-11-24
0000000264,000264,4,5,2,6,4,Annual Review,2026-01-25
0000000264,000264,4,7,3,6,5,Entry,2022-06-04
0000000265,000265,5,7,6,5,5,Entry,2022-04-25
0000000266,000266,2,4,5,4,3,Annual Review,2021-05-05
0000000266,000266,1,4,4,3,3,Annual Review,2023-06-09
0000000267,000267,5,5,1,5,4,Annual Review,2023-12-08
0000000268,000268,6,6,3,6,5,Entry,2021-08-15
0000000269,000269,4,6,4,5,4,Entry,2024-02-03
0000000270,000270,6,6,7,7,6,Annual Review,2021-04-04
0000000270,000270,1,6,5,5,4,Exit,2020-05-25
0000000271,000271,3,3,5,5,4,Annual Review,2020-01-13
0000000271,000271,7,4,5,5,5,Entry,2020-09-04
0000000271,000271,5,3,5,7,5,Exit,2023-09-28
0000000272,000272,2,2,3,5,3,Exit,2025-05-18
0000000273,000273,6,3,5,4,4,Exit,2021-11-29
0000000274,000274,3,5,5,6,4,Exit,2024-03-21
0000000274,000274,2,6,5,5,4,Annual Review,2025-04-15
0000000275,000275,4,4,5,6,4,Exit,2023-06-12
0000000276,000276,5,3,6,1,3,Entry,2021-06-24
0000000276,000276,3,2,3,5,3,Exit,2023-09-28
0000000277,000277,1,2,4,3,2,Exit,2022-09-22
0000000278,000278,4,1,2,2,2,Entry,2020-12-19
0000000279,000279,1,6,3,3,3,Entry,2022-09-24
0000000279,000279,1,1,4,6,3,Entry,2022-01-23
0000000280,000280,5,6,7,5,5,Exit,2026-01-31
0000000280,000280,7,4,4,6,5,Exit,2023-11-09
0000000281,000281,1,3,1,3,2,Entry,2020-11-23
0000000281,000281,4,2,1,1,2,Exit,2020-10-06
0000000281,000281,1,7,2,2,3,Annual Review,2020-07-24
0000000282,000282,3,3,1,7,3,Entry,2022-05-24
0000000283,000283,1,7,6,6,5,Entry,2022-03-17
0000000284,000284,3,3,4,2,3,Exit,2023-07-20
0000000285,000285,1,3,5,1,2,Exit,2024-09-06
0000000285,000285,4,2,4,6,4,Entry,2021-04-03
0000000286,000286,3,3,7,3,4,Annual Review,2023-07-05
0000000287,000287,4,6,5,4,4,Entry,2020-09-22
0000000288,000288,6,5,6,5,5,Exit,2025-02-26
0000000289,000289,4,1,1,5,2,Entry,2020-09-24
0000000290,000290,1,5,2,1,2,Annual Review,2022-09-08
0000000291,000291,2,5,3,2,3,Entry,2023-02-24
0000000292,000292,4,7,6,6,5,Exit,2022-04-26
0000000293,000293,6,5,3,6,5,Entry,2023-07-02
0000000293,000293,2,6,5,6,4,Exit,2027-05-27
0000000294,000294,6,4,3,1,3,Entry,2021-01-25
0000000294,000294,5,3,2,1,2,Entry,2019-07-10
0000000295,000295,5,4,3,5,4,Entry,2018-04-21
0000000296,000296,3,2,4,4,3,Exit,2021-05-15
0000000297,000297,5,5,5,4,4,Exit,2024-08-24
0000000298,000298,5,4,2,2,3,Entry,2022-05-10
0000000298,000298,2,7,3,5,4,Exit,2025-08-19
0000000299,000299,3,6,4,5,4,Exit,2025-02-16
0000000300,000300,2,6,4,3,3,Annual Review,2021-03-02
0000000300,000300,4,4,6,6,5,Exit,2025-01-27
0000000301,000301,7,5,7,3,5,Annual Review,2022-11-23
0000000302,000302,3,2,1,4,2,Entry,2019-09-28
0000000303,000303,2,6,5,4,4,Entry,2021-09-13
0000000304,000304,5,4,2,4,3,Exit,2022-10-29
0000000305,000305,5,7,5,5,5,Entry,2021-07-11
0000000306,000306,2,2,2,2,2,Annual Review,2021-12-18
0000000307,000307,5,5,3,7,5,Annual Review,2021-08-30
0000000308,000308,4,3,5,6,4,Annual Review,2024-06-24
0000000309,000309,4,4,2,3,3,Exit,2024-04-27
0000000310,000310,7,6,5,4,5,Exit,2024-03-07
0000000310,000310,4,1,3,5,3,Exit,2022-04-15
0000000311,000311,2,4,2,5,3,Exit,2020-06-28
0000000311,000311,6,4,5,5,5,Exit,2021-10-12
0000000312,000312,4,6,1,2,3,Entry,2024-09-07
0000000312,000312,5,3,6,5,4,Exit,2024-10-03
0000000313,000313,2,6,6,2,4,Annual Review,2024-05-11
0000000313,000313,6,7,5,3,5,Exit,2023-07-16
0000000314,000314,5,4,5,3,4,Exit,2025-04-02
0000000314,000314,2,5,5,4,4,Entry,2025-03-31
0000000315,000315,2,1,2,3,2,Exit,2021-09-17
0000000316,000316,5,3,5,5,4,Entry,2022-04-07
0000000316,000316,5,5,5,5,5,Annual Review,2025-08-11
0000000316,000316,3,4,5,7,4,Entry,2025-11-18
0000000317,000317,7,7,5,7,6,Annual Review,2024-07-08
0000000317,000317,6,3,6,5,5,Exit,2027-06-05
0000000318,000318,1,4,3,7,3,Annual Review,2021-10-18
0000000319,000319,6,3,6,6,5,Exit,2026-01-06
0000000319,000319,7,7,5,3,5,Exit,2024-11-03
0000000320,000320,4,3,4,4,3,Annual Review,2022-10-24
0000000320,000320,5,1,3,4,3,Exit,2024-07-20
0000000320,000320,2,3,3,2,2,Exit,2020-05-11
0000000321,000321,1,5,3,3,3,Exit,2025-04-15
0000000322,000322,5,1,2,3,2,Exit,2022-08-29
0000000322,000322,3,2,2,5,3,Annual Review,2023-11-15
0000000323,000323,6,4,5,5,5,Exit,2023-09-30
0000000324,000324,2,2,1,6,2,Exit,2024-04-12
0000000324,000324,3,1,4,1,2,Exit,2022-12-24
0000000325,000325,5,6,5,5,5,Entry,2020-08-19
0000000326,000326,3,7,4,2,4,Annual Review,2024-02-02
0000000326,000326,6,1,6,7,5,Annual Review,2022-02-03
0000000326,000326,3,6,5,6,5,Annual Review,2025-05-30
0000000327,000327,2,2,2,7,3,Annual Review,2022-07-23
0000000328,000328,4,5,2,1,3,Annual Review,2020-12-05
0000000329,000329,1,3,1,2,1,Entry,2020-05-23
0000000330,000330,2,3,5,2,3,Exit,2024-09-03
0000000331,000331,3,4,5,3,3,Exit,2021-04-20
0000000332,000332,5,2,3,7,4,Annual Review,2024-02-15
0000000333,000333,4,7,5,7,5,Entry,2024-10-04
0000000334,000334,5,6,4,6,5,Entry,2020-07-24
0000000335,000335,6,6,4,6,5,Entry,2023-06-30
0000000336,000336,5,7,5,6,5,Exit,2024-07-07
0000000337,000337,3,4,5,2,3,Entry,2024-07-29
0000000338,000338,1,7,4,4,4,Annual Review,2022-09-23
0000000338,000338,1,3,3,1,2,Exit,2022-01-14
0000000339,000339,4,2,5,6,4,Entry,2023-06-27
0000000340,000340,4,5,7,2,4,Entry,2021-01-20
0000000340,000340,1,5,1,3,2,Annual Review,2023-05-03
0000000341,000341,3,3,1,1,2,Exit,2021-01-27
0000000342,000342,1,3,4,3,2,Annual Review,2021-04-28
0000000342,000342,2,7,3,1,3,Entry,2019-07-04
0000000343,000343,5,5,6,5,5,Exit,2023-07-14
0000000344,000344,5,3,6,2,4,Annual Review,2024-03-06
0000000345,000345,6,1,1,1,2,Entry,2023-10-21
0000000346,000346,5,1,2,4,3,Annual Review,2021-10-25
0000000347,000347,3,2,2,5,3,Annual Review,2021-09-09
0000000348,000348,5,6,6,7,6,Annual Review,2026-10-12
0000000348,000348,6,6,3,6,5,Exit,2025-12-27
0000000349,000349,6,5,6,6,5,Exit,2023-11-01
0000000349,000349,4,5,4,6,4,Annual Review,2021-10-11
0000000350,000350,1,5,4,6,4,Entry,2020-02-25
0000000351,000351,2,5,5,5,4,Entry,2022-12-19
0000000351,000351,2,3,3,4,3,Entry,2023-03-02
0000000352,000352,2,2,3,1,2,Exit,2024-11-06
0000000352,000352,1,4,5,4,3,Entry,2022-10-26
0000000353,000353,3,7,2,7,4,Annual Review,2023-03-07
0000000353,000353,3,7,7,5,5,Annual Review,2025-03-22
0000000353,000353,5,7,6,5,5,Entry,2026-04-01
0000000354,000354,5,4,3,6,4,Exit,2020-09-29
0000000355,000355,2,1,3,4,2,Annual Review,2019-04-16
0000000356,000356,3,2,5,4,3,Annual Review,2025-04-21
0000000357,000357,5,6,7,5,5,Entry,2019-12-19
0000000358,000358,5,2,5,7,4,Entry,2020-02-29
0000000359,000359,3,5,4,3,3,Entry,2025-07-25
0000000359,000359,2,4,3,6,3,Annual Review,2024-08-26
0000000360,000360,4,2,7,1,3,Annual Review,2021-04-06
0000000361,000361,4,4,5,5,4,Entry,2024-03-02
0000000361,000361,3,6,4,3,4,Annual Review,2023-02-07
0000000362,000362,5,5,4,3,4,Exit,2023-03-15
0000000363,000363,4,6,6,6,5,Exit,2022-04-21
0000000363,000363,6,4,4,3,4,Exit,2024-10-08
0000000364,000364,2,1,1,4,2,Annual Review,2022-03-13
0000000364,000364,5,3,1,4,3,Annual Review,2023-08-19
0000000365,000365,4,5,4,5,4,Annual Review,2025-05-18
0000000366,000366,7,6,2,4,4,Annual Review,2020-12-19
0000000367,000367,5,4,3,4,4,Exit,2023-01-12
0000000368,000368,3,4,5,2,3,Exit,2019-08-30
0000000369,000369,4,4,4,3,3,Entry,2023-04-18
0000000369,000369,3,4,1,3,2,Exit,2023-05-25
0000000370,000370,3,5,2,6,4,Entry,2021-06-01
0000000371,000371,1,2,3,3,2,Exit,2023-10-05
0000000371,000371,2,6,3,4,3,Annual Review,2023-04-28
0000000372,000372,4,1,2,2,2,Entry,2023-07-31
0000000372,000372,5,3,2,3,3,Exit,2024-10-20
0000000372,000372,4,5,1,5,3,Entry,2025-02-04
0000000373,000373,5,5,6,7,5,Entry,2022-12-06
0000000374,000374,5,3,2,4,3,Exit,2022-07-19
0000000375,000375,5,4,4,4,4,Annual Review,2021-02-27
0000000376,000376,2,3,4,3,3,Annual Review,2024-08-16
0000000376,000376,3,4,5,4,4,Exit,2023-08-17
0000000377,000377,2,4,1,3,2,Exit,2023-03-15
0000000378,000378,4,1,5,4,3,Exit,2024-07-10
0000000379,000379,7,2,6,5,5,Annual Review,2023-07-25
0000000379,000379,2,5,1,5,3,Entry,2021-07-31
0000000379,000379,1,6,4,1,3,Annual Review,2024-12-04
0000000380,000380,5,3,2,7,4,Annual Review,2020-07-31
0000000380,000380,4,1,3,4,3,Entry,2019-08-02
0000000381,000381,4,4,7,7,5,Entry,2019-01-19
0000000382,000382,4,5,2,3,3,Annual Review,2021-01-05
0000000383,000383,6,6,6,4,5,Exit,2023-07-31
0000000384,000384,2,4,5,3,3,Entry,2020-11-07
0000000385,000385,3,6,7,3,4,Annual Review,2020-01-09
0000000386,000386,6,4,2,6,4,Entry,2019-12-14
0000000387,000387,5,2,7,4,4,Entry,2022-07-04
0000000387,000387,5,5,4,5,4,Exit,2026-01-31
0000000388,000388,6,6,7,7,6,Entry,2022-07-23
0000000389,000389,4,4,4,5,4,Exit,2022-01-27
0000000390,000390,6,5,5,4,5,Entry,2021-03-03
0000000390,000390,1,4,4,6,3,Annual Review,2026-06-14
0000000390,000390,6,3,3,6,4,Exit,2024-10-27
0000000391,000391,5,3,1,5,3,Annual Review,2023-05-13
0000000392,000392,4,4,1,2,2,Exit,2021-06-02
0000000393,000393,3,1,4,5,3,Exit,2023-12-02
0000000393,000393,1,4,2,1,2,Annual Review,2023-02-09
0000000394,000394,2,4,4,5,3,Exit,2023-01-27
0000000394,000394,3,5,1,2,2,Entry,2020-08-29
0000000395,000395,4,1,1,3,2,Exit,2024-03-30
0000000395,000395,4,2,5,4,3,Exit,2022-02-02
0000000396,000396,7,5,5,6,5,Exit,2023-10-08
0000000397,000397,6,2,6,4,4,Entry,2024-05-12
0000000397,000397,4,2,5,6,4,Annual Review,2021-04-01
0000000397,000397,4,3,1,3,2,Exit,2024-02-06
0000000398,000398,7,3,5,4,4,Exit,2024-08-27
0000000399,000399,4,3,3,7,4,Annual Review,2022-01-24
0000000399,000399,5,3,5,5,4,Entry,2022-01-09
0000000400,000400,3,1,1,2,1,Entry,2020-06-02
0000000401,000401,2,5,5,5,4,Exit,2022-11-26
0000000401,000401,1,1,3,3,2,Entry,2019-11-29
0000000402,000402,2,3,4,6,3,Annual Review,2021-02-18
0000000403,000403,2,2,2,1,1,Annual Review,2024-01-30
0000000403,000403,2,6,4,4,4,Entry,2023-12-30
0000000404,000404,6,4,5,7,5,Annual Review,2020-07-29
0000000405,000405,1,1,3,1,1,Annual Review,2022-10-23
0000000406,000406,1,3,3,4,2,Annual Review,2021-08-11
0000000407,000407,5,3,5,6,4,Annual Review,2021-04-26
0000000407,000407,6,2,7,4,4,Entry,2023-03-26
0000000408,000408,5,5,5,2,4,Exit,2023-06-02
0000000409,000409,7,5,7,6,6,Entry,2020-10-28
0000000410,000410,2,7,3,3,3,Entry,2021-05-08
0000000410,000410,1,1,1,3,1,Annual Review,2023-04-27
0000000411,000411,4,4,4,3,3,Entry,2024-04-16
0000000412,000412,3,3,4,4,3,Exit,2021-05-25
0000000413,000413,2,4,7,2,3,Annual Review,2022-09-16
0000000414,000414,6,6,3,5,5,Annual Review,2024-06-06
0000000415,000415,5,2,3,2,3,Entry,2023-04-15
0000000416,000416,7,6,4,4,5,Annual Review,2023-04-16
0000000416,000416,6,6,6,3,5,Annual Review,2023-06-11
0000000417,000417,6,5,2,7,5,Exit,2024-07-08
0000000417,000417,4,6,6,2,4,Entry,2019-04-13
0000000418,000418,1,2,3,1,1,Entry,2019-06-07
0000000418,000418,3,2,1,1,1,Exit,2019-06-12
0000000419,000419,1,7,5,5,4,Entry,2021-07-24
0000000419,000419,7,1,4,6,4,Annual Review,2022-08-30
0000000420,000420,5,3,3,5,4,Exit,2020-03-13
0000000420,000420,2,2,1,1,1,Annual Review,2021-05-04
0000000421,000421,3,1,3,4,2,Entry,2023-09-22
0000000422,000422,5,3,4,6,4,Entry,2021-06-20
0000000423,000423,4,7,7,7,6,Exit,2022-05-07
0000000424,000424,6,3,5,2,4,Exit,2025-01-29
0000000424,000424,2,4,5,4,3,Exit,2023-04-02
0000000425,000425,1,6,4,4,3,Entry,2020-02-14
0000000426,000426,3,4,5,4,4,Entry,2021-12-25
0000000427,000427,2,5,1,2,2,Entry,2019-10-04
0000000428,000428,5,5,5,5,5,Annual Review,2023-05-03
0000000429,000429,5,3,6,5,4,Entry,2019-07-03
0000000430,000430,6,7,5,5,5,Annual Review,2021-05-13
0000000431,000431,1,4,2,2,2,Entry,2020-08-19
0000000431,000431,3,2,2,1,2,Entry,2022-12-08
0000000431,000431,2,4,1,2,2,Annual Review,2022-10-15
0000000432,000432,1,1,2,2,1,Exit,2021-09-05
0000000433,000433,2,4,5,1,3,Annual Review,2021-01-16
0000000434,000434,5,7,3,3,4,Entry,2019-08-24
0000000434,000434,5,5,4,5,4,Annual Review,2023-05-27
0000000435,000435,1,2,3,3,2,Annual Review,2021-02-13
0000000436,000436,3,4,7,6,5,Annual Review,2023-09-13
0000000437,000437,7,3,5,5,5,Entry,2021-03-29
0000000438,000438,2,4,5,3,3,Entry,2023-10-07
0000000438,000438,3,5,4,3,3,Entry,2021-08-14
0000000438,000438,3,4,5,6,4,Annual Review,2022-04-02
0000000439,000439,5,1,4,4,3,Annual Review,2020-08-16
0000000440,000440,2,4,3,3,3,Entry,2021-05-09
0000000441,000441,3,7,2,5,4,Annual Review,2023-02-27
0000000442,000442,3,7,6,5,5,Entry,2020-09-28
0000000443,000443,6,5,2,3,4,Exit,2022-07-06
0000000444,000444,3,2,1,2,2,Exit,2020-07-23
0000000445,000445,2,4,4,5,3,Entry,2023-11-27
0000000445,000445,3,4,7,1,3,Exit,2021-12-16
0000000445,000445,3,3,2,4,3,Entry,2020-10-18
0000000446,000446,4,7,5,2,4,Entry,2022-11-14
0000000446,000446,5,6,6,6,5,Annual Review,2021-03-08
0000000447,000447,4,3,6,5,4,Annual Review,2024-11-29
0000000447,000447,6,5,5,3,4,Annual Review,2023-09-28
0000000448,000448,5,7,7,6,6,Entry,2021-12-05
0000000449,000449,5,3,4,5,4,Annual Review,2020-11-30
0000000450,000450,5,5,2,6,4,Exit,2024-05-19
0000000450,000450,3,6,5,1,3,Entry,2020-01-22
0000000450,000450,2,6,7,3,4,Annual Review,2022-07-29
0000000451,000451,5,4,7,2,4,Exit,2024-10-01
0000000451,000451,7,5,5,7,6,Annual Review,2023-01-12
0000000452,000452,5,3,5,3,4,Annual Review,2023-10-25
0000000452,000452,7,7,4,4,5,Exit,2027-07-31
0000000453,000453,1,2,1,4,2,Annual Review,2021-05-21
0000000454,000454,5,6,4,5,5,Exit,2024-10-16
0000000454,000454,6,6,6,3,5,Entry,2023-07-23
0000000455,000455,4,3,4,6,4,Annual Review,2021-12-03
0000000456,000456,6,5,7,6,6,Exit,2026-02-07
0000000456,000456,7,1,7,4,4,Annual Review,2023-05-22
0000000457,000457,2,3,4,5,3,Annual Review,2023-01-11
0000000458,000458,4,2,6,7,4,Annual Review,2020-07-27
0000000459,000459,5,5,1,5,4,Annual Review,2021-10-26
0000000460,000460,5,1,4,3,3,Exit,2024-01-22
0000000461,000461,3,1,1,2,1,Exit,2022-04-04
0000000461,000461,2,5,2,5,3,Entry,2023-03-25
0000000461,000461,4,1,3,2,2,Entry,2022-08-05
0000000462,000462,1,3,4,1,2,Exit,2024-04-15
0000000463,000463,6,5,5,6,5,Annual Review,2022-03-21
0000000464,000464,6,6,4,4,5,Annual Review,2022-09-01
0000000465,000465,3,1,1,5,2,Exit,2024-02-10
0000000466,000466,5,5,2,3,3,Annual Review,2021-03-14
0000000466,000466,6,5,1,6,4,Entry,2021-11-21
0000000466,000466,2,5,2,1,2,Annual Review,2020-01-03
0000000467,000467,4,5,4,5,4,Annual Review,2019-12-29
0000000468,000468,6,6,6,6,6,Exit,2022-10-04
0000000468,000468,3,5,2,4,3,Entry,2023-12-28
0000000469,000469,6,2,1,1,2,Exit,2021-06-24
0000000470,000470,5,5,5,5,5,Exit,2023-09-13
0000000471,000471,2,6,6,7,5,Exit,2023-06-13
0000000472,000472,2,2,1,4,2,Exit,2023-01-21
0000000473,000473,2,5,2,3,3,Exit,2020-09-11
0000000473,000473,3,5,4,4,4,Annual Review,2020-04-20
0000000474,000474,6,7,6,7,6,Exit,2025-09-12
0000000474,000474,5,6,6,1,4,Exit,2023-06-23
0000000475,000475,1,5,1,6,3,Exit,2023-07-26
0000000476,000476,5,1,2,4,3,Annual Review,2023-10-17
0000000477,000477,4,4,5,5,4,Exit,2025-01-22
0000000478,000478,3,3,2,4,3,Entry,2022-11-16
0000000478,000478,4,3,3,4,3,Entry,2023-08-24
0000000479,000479,1,5,7,6,4,Exit,2022-01-01
0000000480,000480,4,4,4,3,3,Annual Review,2021-09-05
0000000480,000480,6,6,7,7,6,Annual Review,2022-01-26
0000000481,000481,2,4,5,4,3,Annual Review,2023-01-11
0000000482,000482,5,3,3,1,3,Exit,2022-01-04
0000000482,000482,1,1,1,3,1,Annual Review,2021-10-10
0000000483,000483,6,3,6,5,5,Entry,2024-12-19
0000000483,000483,2,5,3,3,3,Annual Review,2024-12-25
0000000484,000484,3,1,7,7,4,Exit,2022-11-08
0000000485,000485,6,7,5,3,5,Exit,2022-06-04
0000000486,000486,3,2,5,3,3,Exit,2022-07-29
0000000487,000487,1,3,5,6,3,Entry,2022-08-23
0000000487,000487,5,6,2,7,5,Exit,2022-09-14
0000000488,000488,2,5,3,3,3,Exit,2024-12-24
0000000488,000488,3,3,3,4,3,Annual Review,2024-07-26
0000000489,000489,1,3,4,1,2,Exit,2026-02-05
0000000489,000489,4,1,3,5,3,Entry,2021-06-09
0000000490,000490,4,4,6,6,5,Exit,2022-04-13
0000000491,000491,2,2,4,3,2,Entry,2019-05-12
0000000491,000491,1,1,2,5,2,Entry,2019-06-21
0000000492,000492,2,1,5,1,2,Annual Review,2021-03-30
0000000493,000493,4,7,4,6,5,Exit,2022-11-28
0000000494,000494,4,5,3,1,3,Exit,2021-04-01
0000000495,000495,4,1,5,7,4,Entry,2020-12-02
0000000496,000496,5,4,5,5,4,Annual Review,2020-04-24
0000000497,000497,4,5,3,4,4,Annual Review,2022-11-04
0000000497,000497,2,5,4,5,4,Annual Review,2024-12-30
0000000498,000498,5,3,4,5,4,Exit,2023-01-24
0000000499,000499,3,7,5,1,4,Annual Review,2021-12-03
0000000500,000500,6,5,3,1,3,Exit,2021-11-01
0000000500,000500,4,4,4,4,4,Entry,2021-12-26
0000000501,000501,1,2,4,3,2,Exit,2022-05-11
0000000502,000502,4,1,5,3,3,Annual Review,2021-05-22
0000000503,000503,3,5,7,5,5,Entry,2022-03-06
0000000504,000504,2,4,2,2,2,Entry,2019-08-09
0000000505,000505,1,2,1,1,1,Annual Review,2021-12-25
0000000506,000506,1,1,4,1,1,Annual Review,2020-10-31
0000000507,000507,2,4,1,1,2,Entry,2021-10-05
0000000508,000508,3,4,5,5,4,Entry,2018-08-27
0000000508,000508,1,4,4,4,3,Annual Review,2024-05-03
0000000509,000509,4,5,3,6,4,Annual Review,2022-01-17
0000000509,000509,4,5,7,3,4,Exit,2021-03-09
0000000510,000510,6,2,3,3,3,Exit,2023-08-10
0000000511,000511,5,3,4,5,4,Annual Review,2020-01-17
0000000512,000512,4,3,4,2,3,Entry,2020-11-16
0000000512,000512,2,4,3,3,3,Entry,2021-01-02
0000000513,000513,2,2,1,1,1,Entry,2023-01-29
0000000514,000514,5,5,5,5,5,Annual Review,2022-06-17
0000000515,000515,6,6,5,6,5,Entry,2020-01-06
0000000516,000516,5,4,2,6,4,Exit,2026-03-15
0000000517,000517,5,4,4,3,4,Annual Review,2021-09-18
0000000517,000517,5,2,2,5,3,Entry,2019-07-22
0000000518,000518,6,6,6,5,5,Exit,2023-09-10
0000000519,000519,5,6,7,5,5,Entry,2023-03-22
0000000519,000519,5,4,6,6,5,Entry,2024-04-22
0000000520,000520,6,4,6,7,5,Annual Review,2020-07-22
0000000521,000521,2,3,7,1,3,Entry,2020-01-24
0000000522,000522,2,6,4,3,3,Annual Review,2024-08-02
0000000523,000523,3,1,3,5,3,Annual Review,2022-08-26
0000000523,000523,3,7,4,3,4,Entry,2023-07-31
0000000524,000524,4,3,7,5,4,Exit,2022-09-02
0000000524,000524,4,3,6,2,3,Annual Review,2023-11-29
0000000524,000524,2,4,4,4,3,Entry,2020-11-07
0000000525,000525,3,1,4,4,3,Entry,2018-10-19
0000000525,000525,4,2,5,1,3,Entry,2018-08-11
0000000526,000526,4,3,1,3,2,Entry,2020-08-17
0000000527,000527,4,3,3,1,2,Annual Review,2022-10-02
0000000528,000528,5,3,7,6,5,Annual Review,2022-10-27
0000000529,000529,4,4,4,5,4,Annual Review,2021-11-20
0000000530,000530,6,5,5,4,5,Exit,2025-02-03
0000000531,000531,3,6,5,3,4,Exit,2021-12-19
0000000532,000532,2,7,5,6,5,Entry,2022-08-23
0000000533,000533,3,2,2,1,2,Annual Review,2023-10-29
0000000534,000534,3,4,3,4,3,Entry,2021-02-26
0000000535,000535,4,3,4,3,3,Annual Review,2023-08-10
0000000536,000536,7,4,5,5,5,Entry,2021-08-22
0000000536,000536,3,7,4,4,4,Annual Review,2025-09-05
0000000537,000537,4,1,3,5,3,Exit,2024-01-18
0000000537,000537,1,3,4,4,3,Annual Review,2024-02-08
0000000537,000537,5,1,5,6,4,Exit,2025-04-28
0000000538,000538,2,2,6,4,3,Entry,2019-07-28
0000000539,000539,6,4,3,7,5,Annual Review,2022-07-18
0000000539,000539,6,7,3,7,5,Annual Review,2026-02-26
0000000539,000539,7,6,6,7,6,Annual Review,2024-01-22
0000000540,000540,5,5,2,2,3,Entry,2022-09-20
0000000540,000540,1,1,3,2,1,Entry,2023-01-15
0000000540,000540,1,5,1,3,2,Entry,2022-01-01
0000000541,000541,6,4,2,6,4,Exit,2021-02-03
0000000541,000541,1,2,5,5,3,Exit,2021-06-10
0000000541,000541,2,4,4,3,3,Entry,2021-08-30
0000000542,000542,2,2,3,6,3,Exit,2023-03-16
0000000543,000543,3,4,5,1,3,Annual Review,2022-09-12
0000000544,000544,1,4,1,3,2,Annual Review,2021-11-30
0000000544,000544,3,1,2,2,2,Entry,2020-06-10
0000000545,000545,3,5,3,4,3,Entry,2022-04-24
0000000546,000546,6,6,4,6,5,Entry,2019-11-21
0000000547,000547,5,2,2,4,3,Annual Review,2021-11-10
0000000548,000548,5,2,2,5,3,Exit,2021-05-20
0000000549,000549,4,5,3,3,3,Entry,2019-03-06
0000000550,000550,6,5,2,3,4,Annual Review,2023-10-17
0000000551,000551,6,3,7,3,4,Annual Review,2020-10-04
0000000552,000552,5,7,6,5,5,Entry,2023-06-19
0000000552,000552,5,3,3,6,4,Exit,2023-03-22
0000000553,000553,4,3,6,4,4,Exit,2020-08-29
0000000554,000554,5,7,5,5,5,Entry,2020-02-04
0000000555,000555,7,1,6,1,3,Annual Review,2024-07-04
0000000555,000555,1,2,3,2,2,Entry,2022-11-15
0000000556,000556,3,4,4,3,3,Annual Review,2022-09-17
0000000557,000557,1,1,1,3,1,Exit,2021-08-30
0000000557,000557,4,1,5,3,3,Annual Review,2022-07-18
0000000558,000558,4,5,6,6,5,Exit,2023-12-13
0000000558,000558,4,3,5,3,3,Exit,2020-11-26
0000000559,000559,5,6,5,3,4,Entry,2022-11-30
0000000559,000559,7,6,5,6,6,Entry,2020-06-29
0000000560,000560,5,6,5,6,5,Annual Review,2022-08-31
0000000561,000561,7,3,3,4,4,Annual Review,2023-09-07
0000000562,000562,2,1,5,4,3,Exit,2023-05-02
0000000563,000563,4,1,6,2,3,Exit,2023-02-10
0000000563,000563,2,4,5,4,3,Exit,2022-06-28
0000000564,000564,6,5,5,6,5,Annual Review,2025-03-12
0000000565,000565,5,6,3,7,5,Annual Review,2020-12-08
0000000566,000566,3,4,3,5,3,Annual Review,2019-05-17
0000000566,000566,5,4,4,3,4,Annual Review,2022-10-09
0000000566,000566,1,2,3,3,2,Annual Review,2021-02-01
0000000567,000567,3,4,5,5,4,Annual Review,2019-06-30
0000000568,000568,4,2,2,2,2,Exit,2024-09-02
0000000568,000568,4,1,3,2,2,Annual Review,2023-05-14
0000000569,000569,4,4,3,1,3,Entry,2020-07-26
0000000570,000570,4,3,5,5,4,Entry,2020-07-15
0000000571,000571,4,7,7,6,6,Exit,2024-07-03
0000000572,000572,7,3,4,5,4,Entry,2019-07-21
0000000573,000573,3,5,3,4,3,Exit,2024-08-11
0000000573,000573,5,2,5,7,4,Annual Review,2025-08-12
0000000573,000573,2,7,5,4,4,Exit,2024-02-11
0000000574,000574,1,5,6,6,4,Annual Review,2020-06-23
0000000575,000575,6,7,2,4,4,Annual Review,2024-04-19
0000000575,000575,4,2,1,5,3,Entry,2020-12-16
0000000575,000575,5,4,2,5,4,Entry,2021-12-21
0000000576,000576,7,3,7,5,5,Annual Review,2021-08-23
0000000577,000577,1,1,2,4,2,Annual Review,2021-02-16
0000000578,000578,5,5,1,6,4,Entry,2020-07-14
0000000579,000579,5,6,3,1,3,Exit,2021-03-07
0000000579,000579,4,2,5,6,4,Exit,2023-10-08
0000000580,000580,2,6,7,1,4,Exit,2023-05-03
0000000580,000580,6,2,4,6,4,Entry,2023-09-24
0000000580,000580,4,3,3,6,4,Entry,2025-03-01
0000000581,000581,3,5,4,3,3,Exit,2021-04-18
0000000581,000581,5,3,1,3,3,Annual Review,2019-07-17
0000000582,000582,3,3,4,3,3,Entry,2021-02-09
0000000583,000583,6,7,6,5,6,Annual Review,2024-02-24
0000000584,000584,6,4,2,6,4,Annual Review,2021-03-16
0000000585,000585,5,2,2,4,3,Entry,2020-08-28
0000000586,000586,5,5,7,5,5,Annual Review,2021-01-18
0000000587,000587,2,2,4,4,3,Annual Review,2021-05-02
0000000588,000588,7,3,4,3,4,Entry,2021-03-18
0000000588,000588,1,3,5,6,3,Exit,2021-12-17
0000000588,000588,3,3,2,4,3,Entry,2023-10-26
0000000589,000589,5,3,5,3,4,Exit,2023-12-25
0000000590,000590,2,1,6,7,4,Entry,2022-10-17
0000000591,000591,1,1,4,1,1,Entry,2020-11-17
0000000591,000591,2,2,3,6,3,Entry,2019-06-13
0000000592,000592,7,4,3,5,4,Annual Review,2020-01-21
0000000593,000593,6,4,2,2,3,Entry,2022-08-06
0000000594,000594,3,4,3,6,4,Exit,2023-11-02
0000000594,000594,4,4,3,7,4,Entry,2024-06-02
0000000594,000594,4,1,6,4,3,Exit,2024-06-08
0000000595,000595,3,4,5,3,3,Exit,2021-05-09
0000000595,000595,4,4,6,6,5,Exit,2023-03-28
0000000596,000596,5,6,6,1,4,Entry,2022-04-22
0000000597,000597,4,4,2,1,2,Entry,2022-05-20
0000000597,000597,3,1,2,4,2,Annual Review,2022-09-13
0000000597,000597,5,3,1,1,2,Entry,2021-03-26
0000000598,000598,6,7,5,2,5,Annual Review,2024-01-04
0000000599,000599,4,4,5,5,4,Entry,2023-01-23
0000000599,000599,2,3,5,3,3,Annual Review,2024-11-07
0000000600,000600,3,6,4,1,3,Exit,2021-09-26
0000000601,000601,5,4,3,4,4,Annual Review,2024-07-02
0000000602,000602,3,4,5,2,3,Annual Review,2023-10-01
0000000602,000602,2,3,3,3,2,Exit,2022-10-06
0000000603,000603,1,3,1,3,2,Exit,2022-03-24
0000000603,000603,4,2,5,6,4,Annual Review,2024-08-10
0000000604,000604,7,5,2,5,4,Exit,2022-11-15
0000000605,000605,7,5,4,5,5,Annual Review,2025-01-29
0000000605,000605,2,4,2,7,3,Entry,2025-08-25
0000000606,000606,5,4,5,7,5,Entry,2024-10-31
0000000607,000607,2,4,2,1,2,Annual Review,2024-09-09
0000000607,000607,4,3,2,4,3,Exit,2023-09-17
0000000608,000608,4,3,4,7,4,Annual Review,2021-09-30
0000000609,000609,4,3,1,2,2,Annual Review,2020-12-13
0000000610,000610,1,5,1,3,2,Annual Review,2020-06-17
0000000610,000610,6,2,1,5,3,Entry,2020-08-21
0000000610,000610,1,1,4,2,2,Entry,2021-06-18
0000000611,000611,5,1,4,4,3,Entry,2026-04-26
0000000612,000612,5,3,2,2,3,Exit,2024-05-11
0000000612,000612,4,4,4,4,4,Annual Review,2025-08-09
0000000613,000613,6,1,3,4,3,Annual Review,2023-02-10
0000000613,000613,4,6,4,3,4,Exit,2024-09-08
0000000614,000614,6,4,6,5,5,Exit,2021-10-11
0000000615,000615,7,3,6,3,4,Entry,2024-09-06
0000000615,000615,6,7,4,5,5,Entry,2021-09-11
0000000616,000616,6,2,5,4,4,Entry,2024-10-04
0000000616,000616,5,5,1,6,4,Exit,2024-09-02
0000000617,000617,5,2,5,5,4,Entry,2021-07-13
0000000618,000618,3,3,3,6,3,Entry,2023-03-09
0000000618,000618,4,3,5,4,4,Entry,2021-12-24
0000000618,000618,4,1,3,2,2,Exit,2022-01-19
0000000619,000619,6,6,5,4,5,Exit,2023-12-28
0000000620,000620,2,1,1,1,1,Entry,2023-09-08
0000000621,000621,5,7,6,4,5,Entry,2019-01-02
0000000622,000622,4,2,4,5,3,Exit,2021-12-23
0000000622,000622,4,4,1,4,3,Exit,2022-07-10
0000000623,000623,3,1,3,4,2,Exit,2021-08-25
0000000623,000623,6,3,1,2,3,Entry,2019-10-24
0000000623,000623,4,3,2,3,3,Entry,2020-07-05
0000000624,000624,7,6,4,5,5,Annual Review,2025-08-20
0000000624,000624,6,6,4,6,5,Exit,2025-06-29
0000000624,000624,5,6,2,6,4,Annual Review,2022-12-18
0000000625,000625,5,2,5,1,3,Exit,2021-01-22
0000000626,000626,4,3,1,3,2,Annual Review,2023-06-11
0000000626,000626,3,1,3,2,2,Annual Review,2024-06-02
0000000627,000627,7,5,7,5,6,Exit,2022-02-06
0000000628,000628,5,4,5,3,4,Exit,2021-04-18
0000000629,000629,2,4,2,1,2,Entry,2022-05-07
0000000629,000629,2,2,1,2,1,Entry,2022-06-09
0000000629,000629,5,3,4,5,4,Exit,2026-07-02
0000000630,000630,5,3,3,2,3,Exit,2022-08-22
0000000631,000631,6,3,6,6,5,Entry,2022-04-05
0000000631,000631,4,5,4,6,4,Entry,2023-12-15
0000000632,000632,6,1,5,5,4,Exit,2024-12-14
0000000633,000633,3,5,7,4,4,Entry,2023-03-11
0000000633,000633,6,4,6,7,5,Exit,2023-03-15
0000000634,000634,3,3,5,7,4,Entry,2022-05-31
0000000635,000635,6,5,3,6,5,Exit,2023-05-12
0000000636,000636,5,5,5,3,4,Annual Review,2022-08-02
0000000636,000636,2,4,3,3,3,Entry,2023-09-14
0000000637,000637,5,5,3,4,4,Annual Review,2022-03-11
0000000637,000637,2,6,3,4,3,Entry,2022-02-27
0000000638,000638,1,5,1,3,2,Entry,2022-01-16
0000000639,000639,3,2,3,2,2,Annual Review,2023-09-17
0000000640,000640,4,1,7,6,4,Annual Review,2021-09-22
0000000641,000641,3,2,5,4,3,Exit,2023-03-06
0000000642,000642,4,4,2,4,3,Annual Review,2022-09-02
0000000643,000643,5,5,5,6,5,Entry,2019-04-27
0000000644,000644,4,3,3,5,3,Entry,2021-08-02
0000000645,000645,5,6,6,5,5,Exit,2023-01-30
0000000646,000646,2,5,5,7,4,Exit,2024-05-24
0000000646,000646,7,3,4,7,5,Annual Review,2019-12-25
0000000647,000647,2,3,2,2,2,Exit,2022-02-16
0000000648,000648,2,2,3,5,3,Entry,2020-01-22
0000000648,000648,4,5,4,5,4,Annual Review,2021-08-17
0000000648,000648,3,1,1,6,2,Entry,2022-10-25
0000000649,000649,7,5,5,6,5,Entry,2020-02-23
0000000650,000650,3,5,4,7,4,Exit,2027-03-20
0000000650,000650,3,4,7,6,5,Annual Review,2024-08-08
0000000651,000651,5,2,4,1,3,Entry,2020-01-30
0000000651,000651,1,2,3,1,1,Exit,2020-01-28
0000000651,000651,1,3,1,1,1,Annual Review,2019-12-31
0000000652,000652,1,3,2,4,2,Annual Review,2019-07-09
0000000653,000653,7,3,5,6,5,Annual Review,2020-07-29
0000000653,000653,5,6,1,3,3,Entry,2021-07-31
0000000654,000654,4,4,1,4,3,Annual Review,2024-10-01
0000000654,000654,6,4,5,7,5,Annual Review,2025-04-19
0000000654,000654,5,7,2,4,4,Entry,2023-04-03
0000000655,000655,5,2,2,4,3,Annual Review,2022-04-18
0000000656,000656,4,3,7,3,4,Exit,2021-10-02
0000000656,000656,2,4,5,6,4,Entry,2021-08-14
0000000657,000657,4,4,5,5,4,Annual Review,2022-01-25
0000000658,000658,4,7,4,3,4,Annual Review,2023-08-03
0000000658,000658,4,3,7,1,3,Annual Review,2022-04-27
0000000659,000659,3,3,1,5,3,Annual Review,2022-01-10
0000000660,000660,1,3,4,1,2,Exit,2020-08-27
0000000660,000660,4,4,4,5,4,Exit,2019-11-23
0000000660,000660,5,4,1,5,3,Annual Review,2022-12-10
0000000661,000661,2,5,1,1,2,Exit,2022-08-20
0000000661,000661,4,4,4,6,4,Annual Review,2023-08-14
0000000662,000662,6,5,6,5,5,Entry,2022-10-07
0000000663,000663,5,5,6,6,5,Exit,2022-04-28
0000000663,000663,6,7,6,5,6,Annual Review,2023-03-01
0000000664,000664,3,1,3,7,3,Entry,2021-08-01
0000000664,000664,5,3,5,7,5,Annual Review,2023-07-29
0000000664,000664,1,1,4,6,3,Entry,2020-05-14
0000000665,000665,1,4,4,3,3,Entry,2020-10-28
0000000666,000666,3,4,3,4,3,Exit,2023-05-12
0000000667,000667,3,3,3,4,3,Exit,2022-10-30
0000000667,000667,3,6,5,6,5,Entry,2020-02-04
0000000668,000668,5,1,2,5,3,Exit,2020-01-11
0000000669,000669,1,2,1,3,1,Exit,2020-08-05
0000000670,000670,5,4,6,7,5,Exit,2021-12-25
0000000670,000670,4,7,6,5,5,Annual Review,2025-01-14
0000000670,000670,3,5,3,7,4,Annual Review,2023-03-14
0000000671,000671,4,5,2,3,3,Entry,2023-03-22
0000000671,000671,3,2,3,6,3,Exit,2023-04-18
0000000672,000672,3,1,3,3,2,Exit,2022-04-19
0000000673,000673,4,5,2,7,4,Exit,2024-07-07
0000000674,000674,6,3,2,2,3,Annual Review,2024-01-12
0000000674,000674,3,5,4,3,3,Entry,2020-10-23
0000000675,000675,4,4,2,5,3,Annual Review,2020-12-12
0000000675,000675,4,1,1,3,2,Exit,2019-11-28
0000000675,000675,1,5,5,4,3,Entry,2020-12-07
0000000676,000676,3,2,1,3,2,Entry,2022-08-26
0000000677,000677,6,5,5,6,5,Exit,2021-12-03
0000000678,000678,3,6,5,4,4,Annual Review,2024-04-16
0000000678,000678,7,3,6,6,5,Annual Review,2025-02-25
0000000679,000679,3,1,1,5,2,Exit,2020-05-31
0000000680,000680,6,4,3,3,4,Exit,2022-09-27
0000000681,000681,6,5,7,4,5,Annual Review,2021-02-06
0000000682,000682,5,4,3,5,4,Annual Review,2026-03-07
0000000683,000683,3,4,7,5,4,Annual Review,2020-03-21
0000000684,000684,4,4,5,4,4,Exit,2025-01-14
0000000685,000685,4,5,2,4,3,Entry,2022-03-31
0000000686,000686,2,7,4,5,4,Annual Review,2021-01-30
0000000687,000687,2,3,6,1,3,Annual Review,2022-05-12
0000000688,000688,3,2,1,5,2,Annual Review,2019-11-16
0000000689,000689,6,2,1,1,2,Exit,2025-01-10
0000000689,000689,4,2,5,3,3,Annual Review,2022-02-11
0000000689,000689,1,5,4,3,3,Annual Review,2023-06-04
0000000690,000690,2,4,7,6,4,Annual Review,2023-04-14
0000000690,000690,7,7,7,6,6,Entry,2019-08-23
0000000690,000690,5,7,5,4,5,Annual Review,2020-08-01
0000000691,000691,4,2,2,3,2,Entry,2018-10-04
0000000691,000691,3,3,1,7,3,Entry,2020-02-08
0000000692,000692,6,6,2,5,4,Exit,2024-07-24
0000000693,000693,5,7,7,5,6,Entry,2024-02-24
0000000693,000693,7,6,3,3,4,Annual Review,2023-01-07
0000000694,000694,5,6,4,4,4,Annual Review,2021-08-20
0000000695,000695,7,5,5,6,5,Entry,2019-07-18
0000000696,000696,5,1,5,4,3,Entry,2023-03-20
0000000697,000697,4,2,3,4,3,Entry,2022-06-02
0000000698,000698,4,1,3,5,3,Entry,2018-11-18
0000000698,000698,3,2,5,3,3,Exit,2022-07-20
0000000699,000699,3,5,7,3,4,Exit,2020-04-14
0000000700,000700,1,1,5,2,2,Exit,2021-06-11
0000000700,000700,6,4,3,2,3,Annual Review,2021-05-15
0000000701,000701,5,2,5,5,4,Entry,2021-07-20
0000000702,000702,1,4,2,5,3,Exit,2022-09-08
0000000703,000703,1,2,3,1,1,Exit,2022-06-26
0000000703,000703,1,2,1,4,2,Entry,2022-08-24
0000000703,000703,2,1,1,2,1,Entry,2020-12-01
0000000704,000704,7,5,6,6,6,Annual Review,2022-04-24
0000000704,000704,5,6,6,3,5,Annual Review,2022-11-05
0000000705,000705,6,5,5,3,4,Exit,2024-07-17
0000000706,000706,4,4,3,7,4,Exit,2025-01-22
0000000706,000706,5,4,5,7,5,Entry,2021-11-28
0000000707,000707,6,7,2,4,4,Annual Review,2024-02-07
0000000707,000707,5,6,5,4,5,Annual Review,2022-11-17
0000000708,000708,4,4,5,4,4,Annual Review,2022-06-20
0000000709,000709,1,4,5,6,4,Entry,2020-02-04
0000000710,000710,5,4,2,7,4,Entry,2022-12-21
0000000710,000710,3,2,3,4,3,Annual Review,2025-07-30
0000000710,000710,4,3,6,4,4,Exit,2025-01-27
0000000711,000711,5,5,5,5,5,Entry,2020-01-28
0000000712,000712,5,5,3,3,4,Annual Review,2024-12-12
0000000712,000712,5,5,4,4,4,Entry,2021-03-18
0000000712,000712,6,1,7,4,4,Exit,2024-02-24
0000000713,000713,1,5,3,5,3,Exit,2025-10-09
0000000713,000713,5,6,6,5,5,Entry,2020-09-03
0000000713,000713,5,6,3,6,5,Exit,2025-03-02
0000000714,000714,6,1,5,4,4,Entry,2021-10-05
0000000715,000715,5,3,3,5,4,Exit,2021-09-23
0000000716,000716,3,4,4,2,3,Annual Review,2025-12-23
0000000717,000717,6,6,4,7,5,Exit,2022-10-08
0000000718,000718,4,6,5,7,5,Annual Review,2019-03-29
0000000719,000719,3,5,4,6,4,Exit,2024-10-04
0000000719,000719,2,3,5,4,3,Exit,2027-05-22
0000000720,000720,3,4,2,3,3,Entry,2019-08-29
0000000721,000721,6,4,6,3,4,Annual Review,2021-01-30
0000000722,000722,3,4,4,3,3,Annual Review,2020-01-10
0000000722,000722,5,5,7,1,4,Entry,2023-02-24
0000000722,000722,5,3,3,6,4,Entry,2019-01-01
0000000723,000723,3,5,5,3,4,Exit,2022-05-14
0000000724,000724,5,3,5,7,5,Exit,2023-04-21
0000000724,000724,2,3,7,5,4,Exit,2022-11-24
0000000725,000725,4,2,5,4,3,Exit,2020-08-21
0000000726,000726,5,6,6,5,5,Exit,2026-02-17
0000000726,000726,5,4,3,6,4,Exit,2024-06-04
0000000726,000726,6,7,5,7,6,Exit,2024-05-17
0000000727,000727,4,3,4,4,3,Exit,2026-01-27
0000000727,000727,3,2,2,6,3,Annual Review,2024-04-07
0000000727,000727,2,6,4,4,4,Annual Review,2026-12-11
0000000728,000728,3,4,5,4,4,Annual Review,2024-07-09
0000000728,000728,2,5,6,5,4,Exit,2022-09-06
0000000728,000728,7,7,2,2,4,Annual Review,2023-07-27
0000000729,000729,7,7,5,7,6,Exit,2020-11-01
0000000730,000730,1,5,3,4,3,Entry,2022-07-17
0000000731,000731,4,2,3,3,3,Annual Review,2021-01-01
0000000732,000732,3,6,6,3,4,Annual Review,2023-11-11
0000000733,000733,4,3,4,4,3,Annual Review,2021-03-09
0000000734,000734,6,2,3,2,3,Annual Review,2021-06-13
0000000734,000734,3,3,2,6,3,Entry,2021-09-12
0000000735,000735,5,5,5,7,5,Entry,2023-06-23
0000000735,000735,5,6,4,5,5,Entry,2024-10-14
0000000736,000736,3,4,5,1,3,Entry,2019-01-25
0000000737,000737,5,3,5,4,4,Annual Review,2023-03-27
0000000737,000737,4,4,2,5,3,Entry,2020-10-17
0000000737,000737,2,3,4,1,2,Annual Review,2024-07-08
0000000738,000738,4,5,5,3,4,Entry,2023-04-17
0000000738,000738,4,3,5,5,4,Entry,2023-06-05
0000000739,000739,5,4,4,3,4,Entry,2022-10-12
0000000740,000740,5,6,3,6,5,Exit,2025-04-22
0000000741,000741,2,4,4,3,3,Exit,2024-11-29
0000000742,000742,6,7,5,5,5,Exit,2023-07-21
0000000742,000742,3,5,7,3,4,Entry,2021-06-24
0000000742,000742,5,5,6,7,5,Entry,2020-04-06
0000000743,000743,2,1,2,3,2,Exit,2020-11-05
0000000744,000744,4,7,4,6,5,Annual Review,2023-10-22
0000000745,000745,4,6,5,7,5,Entry,2023-11-07
0000000746,000746,6,6,5,7,6,Exit,2023-06-16
0000000747,000747,6,4,5,5,5,Exit,2023-02-15
0000000748,000748,3,3,7,5,4,Annual Review,2021-05-24
0000000749,000749,3,2,4,4,3,Annual Review,2023-07-28
0000000750,000750,5,3,3,2,3,Entry,2023-01-26
0000000751,000751,1,3,2,2,2,Entry,2018-08-07
0000000752,000752,3,7,7,7,6,Annual Review,2022-03-06
0000000752,000752,2,5,6,7,5,Exit,2024-08-10
0000000753,000753,7,4,4,4,4,Annual Review,2023-02-21
0000000754,000754,5,4,3,6,4,Exit,2021-09-24
0000000755,000755,5,5,4,5,4,Annual Review,2021-10-09
0000000756,000756,5,4,2,5,4,Entry,2021-09-03
0000000757,000757,7,6,6,6,6,Entry,2021-05-13
0000000758,000758,3,7,5,4,4,Entry,2023-03-11
0000000759,000759,5,3,4,2,3,Annual Review,2022-12-28
0000000759,000759,6,5,6,5,5,Entry,2023-10-24
0000000760,000760,1,1,5,6,3,Entry,2021-01-09
0000000761,000761,5,6,1,3,3,Annual Review,2020-09-01
0000000762,000762,3,5,4,6,4,Annual Review,2021-05-07
0000000762,000762,4,5,3,6,4,Entry,2021-12-30
0000000763,000763,2,1,4,5,3,Annual Review,2020-08-24
0000000764,000764,6,3,5,5,4,Entry,2023-03-07
0000000765,000765,4,5,5,6,5,Exit,2023-03-02
0000000765,000765,5,5,3,4,4,Exit,2025-04-19
0000000766,000766,4,5,4,4,4,Entry,2023-08-15
0000000767,000767,4,3,3,1,2,Entry,2020-04-02
0000000768,000768,5,4,2,4,3,Exit,2019-06-06
0000000769,000769,7,6,6,5,6,Entry,2022-04-27
0000000769,000769,5,6,6,3,5,Exit,2022-01-30
0000000770,000770,3,6,2,6,4,Exit,2023-06-26
0000000771,000771,6,2,6,2,4,Entry,2023-05-22
0000000772,000772,4,4,4,4,4,Entry,2024-08-25
0000000773,000773,6,5,1,4,4,Annual Review,2021-10-13
0000000774,000774,5,6,4,6,5,Entry,2021-08-29
0000000774,000774,5,6,5,4,5,Annual Review,2020-04-11
0000000775,000775,5,1,3,7,4,Exit,2022-08-11
0000000775,000775,5,2,1,5,3,Exit,2021-10-24
0000000776,000776,1,2,7,2,3,Annual Review,2022-04-29
0000000776,000776,3,6,1,6,4,Annual Review,2022-09-23
0000000777,000777,5,4,3,3,3,Entry,2022-06-13
0000000778,000778,3,3,4,1,2,Entry,2020-09-02
0000000779,000779,3,1,4,7,3,Annual Review,2020-08-10
0000000780,000780,6,5,1,4,4,Entry,2018-07-08
0000000781,000781,6,1,4,7,4,Entry,2021-02-18
0000000781,000781,3,6,5,4,4,Annual Review,2022-01-09
0000000782,000782,6,6,1,4,4,Annual Review,2023-04-17
0000000783,000783,1,5,3,3,3,Entry,2022-05-22
0000000784,000784,5,3,2,3,3,Annual Review,2024-03-30
0000000785,000785,3,6,2,4,3,Annual Review,2022-08-28
0000000786,000786,4,5,6,6,5,Entry,2023-05-22
0000000787,000787,3,5,5,6,4,Annual Review,2024-03-22
0000000788,000788,4,4,5,5,4,Entry,2019-03-28
0000000789,000789,3,3,3,6,3,Entry,2023-02-22
0000000790,000790,5,6,6,5,5,Annual Review,2023-04-01
0000000790,000790,7,6,7,7,6,Entry,2025-05-01
0000000791,000791,2,4,2,1,2,Annual Review,2025-05-12
0000000791,000791,3,4,2,4,3,Entry,2023-03-13
0000000792,000792,4,2,2,5,3,Annual Review,2021-01-25
0000000793,000793,2,7,2,3,3,Annual Review,2024-08-24
0000000794,000794,4,5,4,6,4,Entry,2020-06-18
0000000795,000795,2,3,7,7,4,Annual Review,2026-11-21
0000000795,000795,5,2,5,2,3,Exit,2026-01-02
0000000796,000796,4,5,7,7,5,Annual Review,2022-12-16
0000000796,000796,5,5,2,7,4,Exit,2026-07-07
0000000797,000797,5,2,5,6,4,Exit,2023-11-01
0000000797,000797,3,7,6,5,5,Annual Review,2020-02-10
0000000798,000798,7,4,2,4,4,Annual Review,2024-01-04
0000000799,000799,3,1,2,4,2,Exit,2021-11-06
0000000799,000799,1,3,6,3,3,Entry,2021-10-18
0000000800,000800,7,7,5,5,6,Exit,2023-08-23
0000000800,000800,7,5,3,6,5,Entry,2022-05-22
0000000801,000801,4,6,3,6,4,Entry,2021-02-11
0000000802,000802,7,1,5,5,4,Annual Review,2020-12-24
0000000803,000803,5,7,5,5,5,Exit,2023-09-09
0000000803,000803,4,5,3,5,4,Annual Review,2020-06-25
0000000804,000804,4,5,4,4,4,Exit,2024-01-26
0000000804,000804,7,4,2,7,5,Entry,2024-03-31
0000000805,000805,2,4,3,4,3,Entry,2021-10-27
0000000806,000806,5,3,3,6,4,Annual Review,2023-02-12
0000000807,000807,5,5,1,5,4,Annual Review,2021-02-05
0000000808,000808,5,3,2,3,3,Exit,2020-08-10
0000000809,000809,6,3,4,6,4,Exit,2027-01-02
0000000809,000809,7,5,4,5,5,Annual Review,2023-11-08
0000000810,000810,4,3,6,4,4,Entry,2020-07-04
0000000811,000811,4,2,5,4,3,Annual Review,2022-11-29
0000000812,000812,2,3,6,3,3,Exit,2022-09-06
0000000813,000813,1,1,1,1,1,Annual Review,2022-01-27
0000000813,000813,1,3,4,4,3,Entry,2021-03-22
0000000814,000814,6,4,4,7,5,Exit,2024-05-29
0000000814,000814,7,3,1,2,3,Entry,2023-02-13
0000000815,000815,6,2,5,1,3,Entry,2024-10-19
0000000815,000815,4,3,1,3,2,Entry,2022-04-19
0000000816,000816,3,6,4,7,5,Annual Review,2021-01-20
0000000817,000817,5,3,2,5,3,Annual Review,2021-05-09
0000000817,000817,3,5,4,7,4,Entry,2022-03-06
0000000818,000818,7,6,5,7,6,Annual Review,2022-03-29
0000000819,000819,7,7,5,7,6,Exit,2024-10-12
0000000820,000820,6,6,6,6,6,Entry,2022-03-22
0000000820,000820,2,5,5,7,4,Entry,2025-05-05
0000000821,000821,6,1,4,3,3,Entry,2022-09-26
0000000821,000821,6,2,7,6,5,Annual Review,2022-03-10
0000000822,000822,4,2,2,4,3,Annual Review,2022-04-10
0000000822,000822,2,2,2,2,2,Exit,2022-06-08
0000000823,000823,2,5,2,5,3,Entry,2022-03-07
0000000823,000823,7,5,4,5,5,Annual Review,2021-11-18
0000000823,000823,3,7,6,6,5,Entry,2025-03-05
0000000824,000824,3,2,2,2,2,Entry,2019-08-16
0000000825,000825,3,1,3,2,2,Exit,2024-05-05
0000000825,000825,4,2,1,2,2,Exit,2025-04-08
0000000826,000826,5,6,4,2,4,Entry,2023-02-17
0000000827,000827,1,2,5,7,3,Entry,2019-04-13
0000000828,000828,1,6,4,3,3,Annual Review,2023-02-08
0000000828,000828,5,2,4,6,4,Exit,2023-12-12
0000000829,000829,3,4,2,1,2,Entry,2022-11-04
0000000830,000830,3,4,1,2,2,Entry,2024-09-29
0000000831,000831,3,3,1,3,2,Exit,2025-03-17
0000000831,000831,5,5,4,4,4,Exit,2023-08-24
0000000831,000831,5,3,5,5,4,Entry,2025-03-06
0000000832,000832,3,2,7,1,3,Entry,2019-09-24
0000000833,000833,1,7,6,6,5,Annual Review,2022-02-23
0000000833,000833,4,5,7,7,5,Entry,2018-08-16
0000000833,000833,5,5,6,4,5,Annual Review,2020-04-09
0000000834,000834,4,6,5,3,4,Exit,2026-02-24
0000000835,000835,2,2,2,1,1,Annual Review,2020-11-08
0000000836,000836,7,7,7,5,6,Exit,2024-06-30
0000000837,000837,7,5,5,6,5,Exit,2024-08-04
0000000837,000837,2,4,4,5,3,Annual Review,2022-06-10
0000000838,000838,2,5,4,2,3,Entry,2020-02-17
0000000839,000839,6,4,5,7,5,Exit,2021-04-08
0000000840,000840,4,6,3,2,3,Annual Review,2021-04-02
0000000841,000841,3,2,5,5,3,Annual Review,2020-02-04
0000000842,000842,1,4,5,4,3,Entry,2019-02-24
0000000843,000843,3,6,3,4,4,Exit,2023-08-23
0000000844,000844,5,5,3,6,4,Entry,2021-05-13
0000000845,000845,3,5,4,6,4,Annual Review,2022-03-12
0000000846,000846,5,2,4,2,3,Annual Review,2022-01-13
0000000846,000846,7,4,3,6,5,Annual Review,2023-03-28
0000000846,000846,6,2,1,4,3,Annual Review,2024-01-06
0000000847,000847,7,1,1,4,3,Exit,2021-05-22
0000000848,000848,7,4,4,7,5,Annual Review,2023-01-05
0000000848,000848,1,7,5,2,3,Exit,2024-10-22
0000000848,000848,5,5,7,6,5,Entry,2025-02-11
0000000849,000849,1,1,5,7,3,Exit,2024-09-21
0000000849,000849,1,5,1,4,2,Entry,2023-09-24
0000000850,000850,5,5,7,7,6,Entry,2024-04-27
0000000850,000850,3,6,3,4,4,Exit,2024-01-17
0000000851,000851,4,6,5,4,4,Annual Review,2024-03-18
0000000852,000852,6,2,2,5,3,Annual Review,2026-03-04
0000000852,000852,2,4,4,5,3,Exit,2026-07-16
0000000853,000853,2,4,5,4,3,Entry,2019-05-30
0000000853,000853,5,7,1,5,4,Annual Review,2024-02-01
0000000854,000854,3,4,3,6,4,Entry,2022-01-23
0000000854,000854,3,2,4,5,3,Exit,2021-12-29
0000000855,000855,5,4,1,2,3,Annual Review,2020-12-16
0000000856,000856,6,6,6,6,6,Annual Review,2020-10-12
0000000856,000856,5,5,5,4,4,Annual Review,2023-07-22
0000000857,000857,5,4,7,6,5,Exit,2021-07-19
0000000857,000857,2,6,2,6,4,Entry,2019-04-12
0000000858,000858,6,6,6,4,5,Annual Review,2020-04-29
0000000859,000859,5,3,5,6,4,Entry,2019-04-19
0000000860,000860,3,4,5,5,4,Entry,2021-05-19
0000000860,000860,4,2,3,3,3,Entry,2019-03-14
0000000861,000861,6,3,4,4,4,Exit,2024-01-05
0000000862,000862,2,5,1,3,2,Exit,2026-09-27
0000000863,000863,6,2,5,5,4,Annual Review,2022-07-21
0000000863,000863,4,6,6,7,5,Annual Review,2026-07-29
0000000864,000864,3,4,2,4,3,Exit,2022-06-19
0000000865,000865,3,3,3,4,3,Exit,2022-08-13
0000000866,000866,3,6,5,6,5,Exit,2024-10-18
0000000866,000866,5,7,7,5,6,Exit,2026-05-09
0000000867,000867,3,4,5,6,4,Annual Review,2022-11-06
0000000868,000868,1,7,1,5,3,Exit,2020-10-04
0000000869,000869,4,1,5,4,3,Entry,2019-10-14
0000000869,000869,3,3,2,5,3,Entry,2021-07-31
0000000870,000870,6,6,5,6,5,Annual Review,2020-06-07
0000000871,000871,4,1,2,7,3,Annual Review,2020-07-09
0000000872,000872,6,3,6,5,5,Exit,2023-08-07
0000000873,000873,5,4,4,3,4,Exit,2024-04-07
0000000874,000874,6,6,4,4,5,Entry,2022-12-17
0000000874,000874,2,5,6,3,4,Exit,2021-05-15
0000000874,000874,5,5,4,7,5,Annual Review,2022-02-24
0000000875,000875,6,6,3,2,4,Annual Review,2023-11-20
0000000876,000876,5,3,2,1,2,Entry,2022-01-19
0000000877,000877,6,5,5,6,5,Exit,2021-04-04
0000000877,000877,3,4,5,5,4,Annual Review,2022-01-03
0000000878,000878,1,5,2,1,2,Exit,2021-09-25
0000000879,000879,5,3,6,3,4,Exit,2022-03-16
0000000880,000880,4,4,1,3,3,Annual Review,2022-05-01
0000000881,000881,3,4,4,6,4,Entry,2022-07-05
0000000882,000882,6,6,4,4,5,Exit,2025-03-31
0000000883,000883,2,5,2,5,3,Exit,2022-05-05
0000000883,000883,6,4,4,4,4,Entry,2022-04-19
0000000883,000883,4,6,5,6,5,Exit,2020-10-27
0000000884,000884,7,2,6,4,4,Entry,2021-01-18
0000000885,000885,3,4,3,3,3,Exit,2021-07-19
0000000886,000886,6,5,6,3,5,Entry,2019-05-17
0000000887,000887,1,6,4,6,4,Exit,2023-08-19
0000000888,000888,4,2,1,2,2,Annual Review,2023-11-08
0000000889,000889,6,5,4,7,5,Annual Review,2022-04-16
0000000889,000889,2,6,7,7,5,Exit,2025-09-17
0000000890,000890,2,3,1,5,2,Exit,2021-01-12
0000000890,000890,2,3,1,3,2,Entry,2021-03-21
0000000891,000891,6,5,5,6,5,Annual Review,2021-09-11
0000000892,000892,4,4,1,6,3,Annual Review,2022-04-20
0000000893,000893,2,4,4,3,3,Annual Review,2023-01-08
0000000894,000894,2,1,7,6,4,Entry,2020-08-14
0000000895,000895,2,5,5,2,3,Exit,2024-11-11
0000000896,000896,6,5,2,4,4,Entry,2022-03-11
0000000897,000897,3,7,7,6,5,Entry,2021-08-25
0000000898,000898,6,5,6,6,5,Exit,2024-01-08
0000000899,000899,5,7,7,7,6,Entry,2019-11-21
0000000899,000899,6,4,7,5,5,Exit,2024-10-17
0000000899,000899,5,7,4,6,5,Entry,2020-06-30
0000000900,000900,5,6,5,6,5,Exit,2020-12-19
0000000901,000901,2,5,4,1,3,Entry,2021-08-07
0000000901,000901,1,1,5,5,3,Entry,2021-03-08
0000000902,000902,6,5,7,4,5,Annual Review,2023-01-09
0000000903,000903,6,4,7,7,6,Annual Review,2022-01-18
0000000904,000904,2,4,2,6,3,Entry,2019-07-26
0000000905,000905,3,7,6,4,5,Annual Review,2026-11-20
0000000906,000906,2,4,2,7,3,Entry,2018-07-04
0000000907,000907,1,6,4,2,3,Annual Review,2019-12-19
0000000908,000908,7,7,5,4,5,Annual Review,2022-10-10
0000000909,000909,6,5,2,6,4,Entry,2022-06-17
0000000909,000909,3,6,6,2,4,Entry,2025-02-05
0000000910,000910,6,7,3,6,5,Annual Review,2020-09-27
0000000910,000910,5,7,5,7,6,Annual Review,2022-10-10
0000000911,000911,6,7,5,5,5,Exit,2022-06-29
0000000912,000912,7,5,5,4,5,Entry,2019-09-28
0000000912,000912,5,3,6,6,5,Annual Review,2021-02-04
0000000913,000913,2,5,1,3,2,Exit,2021-03-07
0000000914,000914,5,6,6,4,5,Exit,2022-06-20
0000000915,000915,4,4,6,5,4,Annual Review,2021-12-27
0000000916,000916,4,7,2,7,5,Exit,2024-04-26
0000000917,000917,4,3,5,3,3,Annual Review,2024-03-01
0000000918,000918,6,5,3,6,5,Exit,2022-06-14
0000000918,000918,6,4,2,5,4,Annual Review,2023-08-10
0000000919,000919,3,5,3,5,4,Exit,2020-01-11
0000000920,000920,1,1,5,4,2,Exit,2022-02-14
0000000920,000920,3,1,2,4,2,Exit,2021-04-01
0000000920,000920,3,3,1,7,3,Annual Review,2023-01-06
0000000921,000921,5,4,6,3,4,Exit,2024-01-12
0000000922,000922,3,4,2,4,3,Annual Review,2020-09-23
0000000923,000923,5,5,7,2,4,Exit,2024-03-16
0000000923,000923,5,7,6,3,5,Annual Review,2021-11-28
0000000924,000924,5,7,6,6,6,Annual Review,2022-08-31
0000000925,000925,2,5,2,3,3,Annual Review,2023-03-22
0000000925,000925,5,4,1,4,3,Entry,2021-04-27
0000000926,000926,4,4,7,2,4,Annual Review,2020-04-18
0000000926,000926,7,3,5,6,5,Entry,2019-04-13
0000000927,000927,2,5,4,5,4,Annual Review,2021-11-08
0000000928,000928,1,4,1,3,2,Annual Review,2021-09-02
0000000929,000929,6,3,3,2,3,Entry,2021-12-18
0000000930,000930,3,4,4,3,3,Exit,2021-04-24
0000000931,000931,5,1,4,4,3,Entry,2020-12-16
0000000932,000932,4,4,4,1,3,Entry,2020-08-17
0000000933,000933,5,3,2,5,3,Exit,2022-09-27
0000000934,000934,6,7,4,5,5,Annual Review,2020-12-22
0000000935,000935,2,5,5,2,3,Entry,2020-05-10
0000000936,000936,5,1,1,3,2,Annual Review,2021-05-08
0000000936,000936,7,4,3,4,4,Entry,2021-09-16
0000000937,000937,4,5,5,6,5,Exit,2026-11-16
0000000937,000937,5,7,6,6,6,Entry,2022-08-08
0000000938,000938,2,1,7,4,3,Entry,2019-09-15
0000000939,000939,3,5,3,4,3,Exit,2018-12-30
0000000940,000940,4,3,4,4,3,Exit,2025-03-04
0000000940,000940,3,3,6,5,4,Entry,2022-03-10
0000000941,000941,6,1,5,7,4,Entry,2022-04-21
0000000941,000941,5,5,6,5,5,Exit,2022-02-24
0000000942,000942,4,5,7,5,5,Annual Review,2020-11-21
0000000943,000943,4,2,2,5,3,Annual Review,2023-06-14
0000000943,000943,2,1,2,7,3,Entry,2024-03-16
0000000944,000944,5,4,1,5,3,Entry,2020-08-14
0000000945,000945,6,6,7,4,5,Annual Review,2022-03-19
0000000946,000946,2,3,4,5,3,Exit,2020-09-14
0000000947,000947,6,4,4,5,4,Entry,2020-04-17
0000000948,000948,7,6,5,5,5,Exit,2025-08-27
0000000949,000949,4,7,4,6,5,Annual Review,2021-10-11
0000000949,000949,7,4,7,6,6,Entry,2022-02-04
0000000950,000950,7,1,5,6,4,Entry,2021-07-30
0000000951,000951,1,1,4,6,3,Exit,2022-11-03
0000000952,000952,1,4,3,3,2,Exit,2022-08-05
0000000953,000953,3,3,2,1,2,Entry,2020-04-28
0000000954,000954,1,5,4,4,3,Entry,2022-03-09
0000000955,000955,4,6,1,6,4,Annual Review,2024-09-29
0000000956,000956,3,4,4,3,3,Annual Review,2023-11-24
0000000956,000956,4,5,3,5,4,Annual Review,2025-09-30
0000000957,000957,6,5,5,7,5,Entry,2020-05-12
0000000958,000958,3,3,6,6,4,Annual Review,2024-01-08
0000000959,000959,4,7,5,5,5,Annual Review,2020-09-17
0000000960,000960,3,1,4,4,3,Annual Review,2021-11-27
0000000960,000960,3,7,2,4,4,Entry,2020-01-02
0000000960,000960,2,3,1,2,2,Entry,2019-11-27
0000000961,000961,4,4,5,5,4,Entry,2022-12-07
0000000961,000961,2,6,3,4,3,Entry,2022-05-24
0000000961,000961,3,4,5,4,4,Exit,2027-06-13
0000000962,000962,4,6,3,4,4,Annual Review,2021-11-04
0000000963,000963,4,3,5,5,4,Entry,2020-10-14
0000000964,000964,5,1,5,2,3,Entry,2022-07-20
0000000965,000965,6,5,4,3,4,Entry,2019-09-01
0000000966,000966,3,2,3,4,3,Exit,2022-07-01
0000000966,000966,4,1,2,5,3,Exit,2021-03-02
0000000967,000967,6,4,2,6,4,Annual Review,2022-12-06
0000000967,000967,1,2,3,5,2,Annual Review,2021-02-11
0000000968,000968,6,7,7,3,5,Annual Review,2019-09-25
0000000968,000968,6,6,5,5,5,Annual Review,2020-10-19
0000000969,000969,4,4,4,4,4,Entry,2022-02-18
0000000970,000970,3,3,3,3,3,Exit,2021-12-17
0000000971,000971,5,6,6,5,5,Annual Review,2020-12-06
0000000972,000972,4,5,4,3,4,Exit,2025-06-20
0000000972,000972,5,2,1,4,3,Annual Review,2023-08-15
0000000973,000973,4,5,4,4,4,Annual Review,2024-04-08
0000000974,000974,4,2,4,4,3,Entry,2018-09-20
0000000975,000975,4,4,3,6,4,Entry,2023-04-02
0000000976,000976,2,2,3,6,3,Exit,2021-05-27
0000000976,000976,4,1,2,5,3,Entry,2019-06-18
0000000976,000976,6,4,1,3,3,Annual Review,2022-06-21
0000000977,000977,4,5,6,5,5,Entry,2019-10-25
0000000977,000977,4,6,5,5,5,Annual Review,2021-09-04
0000000978,000978,5,4,7,6,5,Exit,2023-02-08
0000000978,000978,4,7,5,7,5,Entry,2019-06-10
0000000979,000979,4,1,4,3,3,Exit,2020-02-13
0000000980,000980,5,5,5,7,5,Entry,2022-07-11
0000000980,000980,6,4,6,6,5,Annual Review,2021-10-03
0000000980,000980,5,6,6,5,5,Annual Review,2024-10-01
0000000981,000981,3,2,1,3,2,Annual Review,2023-02-12
0000000982,000982,2,6,6,5,4,Exit,2022-07-17
0000000983,000983,5,1,4,2,3,Exit,2021-09-27
0000000983,000983,5,5,3,6,4,Exit,2023-10-13
0000000984,000984,5,6,6,7,6,Entry,2020-05-09
0000000985,000985,5,5,6,6,5,Entry,2018-08-03
0000000986,000986,3,3,1,5,3,Annual Review,2024-03-11
0000000986,000986,3,4,4,4,3,Entry,2021-05-28
0000000987,000987,6,3,6,3,4,Entry,2023-11-23
0000000988,000988,6,5,1,4,4,Entry,2020-12-04
0000000988,000988,3,3,5,6,4,Annual Review,2022-01-11
0000000989,000989,4,4,1,5,3,Entry,2021-07-10
0000000990,000990,7,5,5,6,5,Annual Review,2024-10-15
0000000991,000991,2,1,4,1,2,Exit,2024-03-30
0000000991,000991,4,4,4,3,3,Entry,2024-02-13
0000000992,000992,5,7,7,6,6,Entry,2022-12-04
0000000992,000992,4,7,7,5,5,Entry,2025-12-18
0000000993,000993,5,6,7,5,5,Entry,2023-03-25
0000000994,000994,1,1,2,4,2,Entry,2021-03-02
0000000995,000995,1,5,1,1,2,Exit,2022-11-01
0000000995,000995,2,5,1,4,3,Exit,2022-03-14
0000000995,000995,1,2,5,7,3,Entry,2023-02-25
0000000996,000996,2,6,7,5,5,Entry,2022-03-30
0000000997,000997,3,4,3,5,3,Exit,2023-12-03
0000000998,000998,3,5,4,7,4,Entry,2021-07-28
0000000998,000998,4,5,7,6,5,Exit,2025-10-12
0000000999,000999,2,2,1,4,2,Entry,2022-11-04
0000000999,000999,3,6,5,7,5,Annual Review,2021-10-24
0000001000,001000,2,3,5,4,3,Annual Review,2025-12-31
0000001000,001000,6,6,7,5,6,Annual Review,2023-08-04
0000001001,001001,6,5,5,6,5,Exit,2022-12-30
0000001002,001002,3,5,5,3,4,Annual Review,2020-11-29
0000001003,001003,5,5,3,5,4,Annual Review,2021-11-20
0000001004,001004,5,6,5,7,5,Annual Review,2023-08-15
0000001004,001004,7,6,5,5,5,Annual Review,2020-10-18
0000001004,001004,7,1,7,7,5,Entry,2020-02-09
0000001005,001005,4,3,5,6,4,Entry,2020-03-25
0000001005,001005,2,4,2,2,2,Exit,2024-10-15
0000001006,001006,3,1,3,2,2,Annual Review,2020-03-02
0000001007,001007,4,7,5,7,5,Annual Review,2022-07-28
0000001008,001008,5,7,5,6,5,Annual Review,2021-09-20
0000001008,001008,5,7,4,6,5,Annual Review,2023-12-04
0000001009,001009,6,7,3,5,5,Annual Review,2022-11-06
0000001010,001010,4,7,5,3,4,Entry,2019-05-09
0000001011,001011,5,5,4,7,5,Entry,2020-03-04
0000001011,001011,5,7,5,6,5,Annual Review,2022-11-10
0000001012,001012,5,5,3,6,4,Exit,2024-04-20
0000001012,001012,6,7,5,5,5,Exit,2025-11-12
0000001013,001013,5,3,5,6,4,Annual Review,2024-06-20
0000001014,001014,6,5,7,3,5,Annual Review,2024-02-10
0000001014,001014,4,5,5,4,4,Annual Review,2021-09-25
0000001015,001015,7,5,6,5,5,Entry,2022-07-12
0000001016,001016,1,3,1,4,2,Entry,2022-06-10
0000001017,001017,5,1,6,6,4,Exit,2021-08-08
0000001018,001018,1,6,4,5,4,Entry,2024-06-03
0000001018,001018,5,7,2,5,4,Annual Review,2022-12-13
0000001018,001018,5,6,6,3,5,Annual Review,2023-12-19
0000001019,001019,7,5,5,2,4,Annual Review,2026-06-30
0000001020,001020,3,5,6,5,4,Annual Review,2021-11-01
0000001021,001021,7,5,5,4,5,Exit,2025-04-05
0000001022,001022,6,5,5,5,5,Exit,2021-10-22
0000001023,001023,7,1,5,5,4,Exit,2022-09-10
0000001024,001024,3,2,5,4,3,Entry,2022-07-07
0000001025,001025,5,5,6,6,5,Exit,2023-08-18
0000001026,001026,5,5,5,5,5,Annual Review,2022-06-13
0000001027,001027,3,4,5,4,4,Annual Review,2022-04-19
0000001028,001028,6,7,2,6,5,Exit,2023-02-23
0000001029,001029,6,1,3,3,3,Annual Review,2023-08-28
0000001030,001030,2,4,6,5,4,Entry,2023-03-02
0000001030,001030,5,2,3,4,3,Annual Review,2023-06-22
0000001030,001030,3,5,1,5,3,Entry,2023-12-16
0000001031,001031,3,5,2,1,2,Entry,2023-02-14
0000001031,001031,3,2,5,5,3,Exit,2022-12-29
0000001032,001032,1,1,4,6,3,Annual Review,2024-08-18
0000001032,001032,3,4,4,1,3,Entry,2021-04-25
0000001033,001033,7,4,5,3,4,Annual Review,2019-11-10
0000001034,001034,5,6,3,7,5,Annual Review,2023-02-08
0000001035,001035,2,3,3,3,2,Exit,2024-10-16
0000001036,001036,3,5,2,4,3,Entry,2022-06-30
0000001037,001037,5,1,7,5,4,Entry,2019-04-09
0000001038,001038,1,2,5,7,3,Annual Review,2026-04-10
0000001038,001038,5,3,5,4,4,Exit,2023-04-17
0000001038,001038,2,4,4,5,3,Annual Review,2024-03-17
0000001039,001039,3,2,4,2,2,Entry,2024-03-05
0000001039,001039,5,4,2,2,3,Exit,2024-03-14
0000001039,001039,5,1,3,5,3,Exit,2022-02-22
0000001040,001040,2,4,5,7,4,Entry,2022-03-08
0000001041,001041,6,3,3,7,4,Entry,2022-04-05
0000001042,001042,7,7,6,7,6,Entry,2023-06-14
0000001043,001043,7,7,7,5,6,Entry,2022-12-18
0000001044,001044,4,4,2,1,2,Exit,2022-02-15
0000001044,001044,5,3,6,4,4,Annual Review,2020-08-14
0000001045,001045,2,4,2,4,3,Entry,2023-11-25
0000001045,001045,6,5,4,2,4,Annual Review,2025-08-19
0000001046,001046,4,5,7,5,5,Entry,2023-06-26
0000001047,001047,2,3,5,5,3,Annual Review,2021-07-05
0000001048,001048,6,2,6,5,4,Annual Review,2019-11-09
0000001049,001049,2,7,4,7,5,Entry,2022-03-24
0000001050,001050,2,1,1,2,1,Entry,2022-04-29
0000001051,001051,1,5,1,5,3,Exit,2026-05-08
0000001051,001051,1,4,3,4,3,Annual Review,2024-01-29
0000001052,001052,2,5,4,2,3,Entry,2020-07-19
0000001052,001052,1,5,2,6,3,Exit,2020-05-16
0000001053,001053,6,4,2,4,4,Exit,2021-04-04
0000001054,001054,7,4,2,5,4,Entry,2022-03-06
0000001055,001055,6,1,3,2,3,Exit,2021-11-24
0000001056,001056,6,4,5,3,4,Entry,2021-01-20
0000001056,001056,3,4,2,7,4,Exit,2025-04-01
0000001057,001057,5,2,5,4,4,Annual Review,2023-02-15
0000001058,001058,4,4,6,7,5,Annual Review,2022-12-28
0000001059,001059,6,5,5,6,5,Exit,2023-06-18
0000001059,001059,1,5,2,7,3,Exit,2021-01-29
0000001059,001059,1,6,6,5,4,Annual Review,2019-09-19
0000001060,001060,3,3,5,1,3,Annual Review,2021-07-26
0000001061,001061,4,4,7,6,5,Exit,2022-08-08
0000001062,001062,3,1,1,4,2,Annual Review,2023-09-23
0000001063,001063,5,7,3,6,5,Exit,2025-07-20
0000001064,001064,2,4,5,3,3,Annual Review,2021-05-01
0000001065,001065,3,4,2,4,3,Entry,2021-02-16
0000001065,001065,4,1,5,4,3,Entry,2020-05-02
0000001065,001065,3,5,3,4,3,Exit,2020-03-19
0000001066,001066,6,6,6,5,5,Annual Review,2022-04-27
0000001067,001067,3,1,4,4,3,Annual Review,2023-12-10
0000001067,001067,4,2,2,1,2,Exit,2023-02-24
0000001068,001068,4,3,6,4,4,Annual Review,2022-12-19
0000001069,001069,5,4,3,3,3,Exit,2022-10-31
0000001070,001070,7,6,7,2,5,Exit,2025-02-17
0000001071,001071,4,3,5,7,4,Annual Review,2024-12-06
0000001072,001072,6,2,5,3,4,Annual Review,2023-12-31
0000001072,001072,3,6,4,4,4,Exit,2021-05-28
0000001072,001072,2,2,2,5,2,Annual Review,2022-08-14
0000001073,001073,4,5,3,3,3,Annual Review,2024-01-20
0000001074,001074,3,3,1,2,2,Annual Review,2020-12-03
0000001075,001075,5,3,2,5,3,Exit,2022-08-22
0000001076,001076,2,2,2,1,1,Entry,2022-11-10
0000001077,001077,1,4,1,7,3,Annual Review,2020-11-16
0000001077,001077,2,2,3,5,3,Annual Review,2019-10-05
0000001077,001077,1,7,1,7,4,Entry,2020-08-22
0000001078,001078,4,5,3,7,4,Exit,2022-12-09
0000001079,001079,5,7,5,7,6,Exit,2023-03-09
0000001079,001079,5,4,5,7,5,Entry,2023-03-25
0000001080,001080,3,3,4,3,3,Entry,2020-07-18
0000001081,001081,6,4,3,2,3,Annual Review,2025-08-09
0000001082,001082,4,4,2,4,3,Exit,2024-02-12
0000001082,001082,2,4,1,4,2,Annual Review,2022-02-05
0000001082,001082,6,5,5,5,5,Exit,2021-03-12
0000001083,001083,5,3,3,1,3,Annual Review,2021-08-09
0000001084,001084,3,3,7,5,4,Entry,2022-12-15
0000001084,001084,6,7,6,3,5,Entry,2021-06-03
0000001084,001084,6,3,7,3,4,Exit,2026-04-16
0000001085,001085,2,2,4,2,2,Annual Review,2022-07-31
0000001086,001086,4,3,2,5,3,Exit,2022-05-05
0000001087,001087,3,6,4,4,4,Annual Review,2021-01-28
0000001088,001088,5,1,3,6,3,Annual Review,2022-04-20
0000001088,001088,7,5,5,7,6,Annual Review,2023-10-20
0000001089,001089,1,5,3,1,2,Entry,2019-09-22
0000001090,001090,7,5,7,5,6,Exit,2022-05-23
0000001091,001091,6,2,6,4,4,Entry,2023-01-15
0000001092,001092,1,5,3,7,4,Exit,2022-12-25
0000001093,001093,7,6,6,6,6,Entry,2020-05-10
0000001094,001094,5,5,5,7,5,Annual Review,2020-05-31
0000001095,001095,1,4,4,2,2,Annual Review,2023-02-12
0000001095,001095,4,7,1,4,4,Annual Review,2021-09-04
0000001096,001096,5,6,6,6,5,Annual Review,2022-10-29
0000001097,001097,2,4,5,2,3,Exit,2024-02-15
0000001098,001098,3,3,1,1,2,Entry,2019-08-16
0000001099,001099,7,5,4,4,5,Entry,2019-08-28
0000001100,001100,1,3,4,5,3,Entry,2020-08-15
0000001100,001100,3,5,6,4,4,Entry,2022-07-21
0000001101,001101,1,1,1,4,1,Annual Review,2022-10-17
0000001101,001101,3,4,3,5,3,Exit,2021-04-14
0000001102,001102,7,6,6,6,6,Annual Review,2023-05-10
0000001102,001102,5,7,5,3,5,Entry,2020-09-21
0000001103,001103,4,2,6,7,4,Entry,2021-04-25
0000001103,001103,6,5,5,5,5,Entry,2023-06-03
0000001104,001104,5,6,7,6,6,Annual Review,2021-12-16
0000001105,001105,5,5,3,7,5,Exit,2023-08-11
0000001106,001106,3,4,7,5,4,Exit,2025-01-05
0000001107,001107,5,3,5,6,4,Exit,2021-12-27
0000001108,001108,2,3,5,6,4,Exit,2025-01-09
0000001108,001108,5,5,1,4,3,Annual Review,2021-11-21
0000001109,001109,7,6,5,4,5,Annual Review,2020-04-26
0000001110,001110,5,3,5,5,4,Entry,2023-04-13
0000001111,001111,4,5,2,4,3,Entry,2022-03-31
0000001112,001112,4,7,7,6,6,Annual Review,2025-12-28
0000001112,001112,5,5,6,5,5,Annual Review,2023-04-17
0000001113,001113,3,2,4,7,4,Entry,2019-04-10
0000001114,001114,3,2,3,7,3,Entry,2024-02-25
0000001115,001115,7,5,6,7,6,Entry,2020-12-18
0000001116,001116,7,3,4,2,4,Annual Review,2020-02-03
0000001117,001117,7,4,5,5,5,Annual Review,2020-08-29
0000001118,001118,6,5,6,7,6,Annual Review,2021-08-23
0000001119,001119,5,5,7,7,6,Entry,2019-01-04
0000001120,001120,7,6,7,7,6,Annual Review,2023-11-05
0000001121,001121,5,5,1,7,4,Annual Review,2021-04-01
0000001122,001122,5,5,6,3,4,Annual Review,2022-05-31
0000001123,001123,5,6,3,3,4,Annual Review,2022-04-04
0000001123,001123,7,6,4,6,5,Annual Review,2024-07-03
0000001124,001124,5,6,5,6,5,Exit,2021-12-04
0000001125,001125,3,6,5,7,5,Exit,2021-09-30
0000001125,001125,1,7,6,4,4,Exit,2020-12-31
0000001126,001126,4,3,6,4,4,Exit,2024-05-11
0000001126,001126,7,4,4,7,5,Exit,2022-01-11
0000001127,001127,3,4,3,1,2,Entry,2021-07-29
0000001128,001128,6,4,7,3,5,Exit,2022-04-30
0000001129,001129,3,3,3,4,3,Annual Review,2023-05-28
0000001129,001129,2,5,4,6,4,Annual Review,2023-02-12
0000001130,001130,6,6,4,6,5,Entry,2019-01-15
0000001130,001130,6,6,4,4,5,Exit,2020-11-22
0000001131,001131,3,3,4,7,4,Annual Review,2022-06-14
0000001132,001132,1,2,3,2,2,Entry,2021-06-14
0000001133,001133,1,4,6,5,4,Entry,2020-12-16
0000001134,001134,3,5,6,4,4,Exit,2023-01-17
0000001135,001135,3,1,5,4,3,Entry,2021-06-18
0000001136,001136,1,4,3,3,2,Exit,2024-04-10
0000001137,001137,7,4,3,4,4,Exit,2025-01-17
0000001137,001137,3,7,3,2,3,Annual Review,2022-05-07
0000001138,001138,5,3,5,2,3,Annual Review,2023-12-24
0000001138,001138,3,5,1,2,2,Exit,2023-02-17
0000001139,001139,3,1,3,2,2,Annual Review,2022-10-13
0000001140,001140,5,4,4,6,4,Exit,2021-07-17
0000001141,001141,3,5,3,6,4,Exit,2021-09-01
0000001142,001142,3,4,1,2,2,Annual Review,2024-02-07
0000001142,001142,5,1,3,1,2,Exit,2024-05-04
0000001143,001143,5,3,4,3,3,Entry,2023-06-05
0000001144,001144,5,3,1,3,3,Entry,2022-06-19
0000001144,001144,3,4,5,4,4,Entry,2023-06-23
0000001145,001145,5,2,6,7,5,Entry,2019-11-07
0000001146,001146,7,1,5,4,4,Entry,2022-11-10
0000001146,001146,5,6,5,4,5,Entry,2021-12-03
0000001146,001146,1,5,6,5,4,Exit,2026-04-06
0000001147,001147,2,7,1,3,3,Annual Review,2020-09-24
0000001148,001148,5,2,2,3,3,Annual Review,2021-11-23
0000001149,001149,3,5,6,5,4,Exit,2021-05-07
0000001150,001150,5,1,3,2,2,Entry,2021-06-09
0000001150,001150,2,5,5,4,4,Annual Review,2021-05-29
0000001151,001151,3,6,5,5,4,Annual Review,2022-09-28
0000001152,001152,5,3,6,3,4,Annual Review,2021-11-07
0000001153,001153,3,2,7,3,3,Annual Review,2020-02-15
0000001154,001154,4,5,6,4,4,Entry,2021-06-30
0000001155,001155,1,2,5,5,3,Entry,2023-02-08
0000001155,001155,3,4,4,1,3,Entry,2024-02-24
0000001155,001155,4,5,5,3,4,Exit,2022-11-13
0000001156,001156,1,5,3,3,3,Exit,2023-12-27
0000001156,001156,6,6,6,6,6,Entry,2019-07-27
0000001156,001156,7,6,3,5,5,Exit,2021-06-02
0000001157,001157,4,5,5,4,4,Entry,2021-12-06
0000001158,001158,2,3,3,5,3,Annual Review,2022-10-31
0000001159,001159,6,5,5,5,5,Annual Review,2022-02-03
0000001159,001159,5,5,6,4,5,Exit,2025-09-20
0000001159,001159,2,3,6,4,3,Exit,2023-08-29
0000001160,001160,5,6,1,5,4,Entry,2020-08-09
0000001160,001160,2,7,5,6,5,Entry,2020-06-10
0000001161,001161,5,5,5,3,4,Annual Review,2022-11-08
0000001161,001161,4,4,4,7,4,Entry,2022-09-11
0000001161,001161,5,5,4,7,5,Entry,2022-11-07
0000001162,001162,6,7,6,7,6,Entry,2023-01-22
0000001163,001163,3,3,2,5,3,Annual Review,2022-12-01
0000001163,001163,2,1,4,2,2,Annual Review,2023-06-11
0000001164,001164,1,3,3,3,2,Annual Review,2024-07-05
0000001165,001165,7,6,5,4,5,Entry,2023-01-04
0000001166,001166,7,5,7,5,6,Annual Review,2022-09-06
0000001166,001166,5,6,7,5,5,Exit,2026-02-11
0000001167,001167,1,4,1,3,2,Exit,2022-07-16
0000001168,001168,2,2,3,3,2,Exit,2019-07-08
0000001169,001169,7,3,1,2,3,Exit,2024-08-23
0000001170,001170,7,3,5,2,4,Exit,2024-11-10
0000001171,001171,6,5,3,7,5,Entry,2022-08-13
0000001172,001172,5,5,2,7,4,Entry,2022-09-06
0000001173,001173,4,1,4,1,2,Entry,2021-05-04
0000001174,001174,6,5,4,4,4,Entry,2021-11-22
0000001175,001175,4,5,2,3,3,Exit,2021-08-16
0000001176,001176,1,2,6,4,3,Entry,2020-11-21
0000001176,001176,4,3,2,5,3,Exit,2024-01-27
0000001176,001176,3,4,5,6,4,Exit,2025-06-05
0000001177,001177,3,7,3,7,5,Annual Review,2021-03-01
0000001178,001178,4,3,5,5,4,Exit,2023-02-12
0000001179,001179,5,4,4,1,3,Exit,2022-09-25
0000001180,001180,6,7,5,6,6,Exit,2023-10-08
0000001180,001180,3,1,5,7,4,Entry,2023-10-10
0000001181,001181,5,3,4,6,4,Entry,2020-04-02
0000001181,001181,4,4,1,5,3,Annual Review,2023-03-03
0000001182,001182,6,3,3,5,4,Annual Review,2024-03-09
0000001183,001183,2,5,2,1,2,Exit,2023-05-03
0000001184,001184,2,5,3,5,3,Exit,2020-10-17
0000001184,001184,2,5,5,1,3,Entry,2022-08-18
0000001185,001185,3,3,2,4,3,Annual Review,2023-03-06
0000001186,001186,7,3,5,6,5,Annual Review,2020-06-14
0000001186,001186,6,5,6,7,6,Annual Review,2022-09-13
0000001187,001187,5,7,4,7,5,Annual Review,2024-12-07
0000001188,001188,5,6,5,5,5,Entry,2023-08-18
0000001189,001189,1,2,2,1,1,Annual Review,2022-03-08
0000001190,001190,4,1,1,3,2,Annual Review,2020-11-26
0000001191,001191,3,1,3,4,2,Entry,2022-01-02
0000001192,001192,3,3,3,4,3,Exit,2022-09-29
0000001192,001192,1,5,4,4,3,Entry,2024-02-25
0000001192,001192,6,5,1,3,3,Exit,2024-03-04
0000001193,001193,5,6,3,6,5,Annual Review,2020-10-04
0000001193,001193,3,7,4,5,4,Entry,2022-03-24
0000001194,001194,6,5,3,4,4,Entry,2023-03-22
0000001195,001195,5,2,3,4,3,Exit,2019-10-29
0000001196,001196,2,1,1,7,2,Exit,2022-05-05
0000001196,001196,6,1,1,5,3,Annual Review,2023-11-26
0000001196,001196,1,3,1,4,2,Exit,2022-09-01
0000001197,001197,5,2,4,6,4,Exit,2023-09-05
0000001198,001198,5,2,5,3,3,Entry,2021-12-22
0000001198,001198,4,2,2,2,2,Entry,2020-09-13
0000001199,001199,7,6,6,7,6,Entry,2020-12-28
0000001200,001200,4,5,6,6,5,Annual Review,2021-09-27
0000001201,001201,4,2,4,3,3,Exit,2021-01-26
0000001201,001201,2,1,1,4,2,Entry,2020-07-02
0000001202,001202,3,6,3,5,4,Annual Review,2022-12-13
0000001203,001203,3,4,4,6,4,Exit,2027-01-08
0000001203,001203,4,1,3,2,2,Entry,2024-12-05
0000001204,001204,7,7,6,4,6,Entry,2019-11-05
0000001204,001204,5,6,4,5,5,Annual Review,2023-09-06
0000001205,001205,5,3,3,5,4,Entry,2021-11-28
0000001206,001206,1,4,5,4,3,Annual Review,2024-02-08
0000001207,001207,4,5,5,4,4,Exit,2023-03-28
0000001208,001208,4,5,1,4,3,Entry,2021-06-16
0000001209,001209,7,4,5,6,5,Annual Review,2024-06-04
0000001209,001209,2,5,4,5,4,Entry,2024-12-17
0000001210,001210,1,2,2,2,1,Annual Review,2023-10-01
0000001211,001211,6,2,5,6,4,Entry,2021-03-04
0000001212,001212,5,3,2,1,2,Exit,2023-03-24
0000001213,001213,4,5,3,4,4,Entry,2025-08-30
0000001214,001214,4,1,2,3,2,Annual Review,2022-01-29
0000001214,001214,3,1,1,3,2,Annual Review,2020-12-19
0000001215,001215,5,1,7,6,4,Entry,2021-10-29
0000001216,001216,5,4,3,2,3,Entry,2024-08-19
0000001217,001217,5,3,3,4,3,Exit,2025-06-01
0000001217,001217,5,5,4,6,5,Entry,2021-12-23
0000001218,001218,4,5,7,3,4,Annual Review,2023-04-22
0000001219,001219,5,6,2,3,4,Entry,2022-09-11
0000001220,001220,4,4,4,5,4,Annual Review,2023-05-03
0000001221,001221,2,4,7,2,3,Exit,2019-10-27
0000001222,001222,2,2,2,3,2,Entry,2024-10-16
0000001222,001222,2,4,2,1,2,Exit,2024-03-28
0000001223,001223,1,6,3,5,3,Entry,2021-08-26
0000001224,001224,3,3,5,6,4,Annual Review,2022-02-15
0000001225,001225,1,4,6,7,4,Exit,2019-06-04
0000001225,001225,1,5,2,2,2,Entry,2018-08-24
0000001226,001226,4,3,1,5,3,Annual Review,2024-07-30
0000001227,001227,6,4,4,4,4,Annual Review,2023-10-23
0000001228,001228,4,3,5,1,3,Entry,2021-06-15
0000001229,001229,6,4,1,6,4,Annual Review,2021-07-19
0000001230,001230,4,7,6,6,5,Exit,2021-07-03
0000001231,001231,1,4,4,4,3,Annual Review,2021-08-04
0000001232,001232,5,5,4,5,4,Entry,2019-06-29
0000001233,001233,5,4,3,4,4,Annual Review,2022-08-10
0000001233,001233,2,4,5,2,3,Entry,2022-05-10
0000001234,001234,4,2,4,4,3,Exit,2023-12-31
0000001234,001234,2,6,4,4,4,Exit,2025-09-27
0000001235,001235,3,6,5,4,4,Entry,2021-10-20
0000001236,001236,5,1,1,4,2,Annual Review,2020-11-11
0000001237,001237,5,4,2,3,3,Annual Review,2019-11-19
0000001237,001237,2,4,3,5,3,Exit,2019-05-28
0000001238,001238,3,4,4,7,4,Annual Review,2022-02-04
0000001239,001239,4,2,2,1,2,Entry,2021-07-05
0000001240,001240,2,1,2,4,2,Annual Review,2021-04-02
0000001241,001241,2,2,3,1,2,Annual Review,2024-03-01
0000001242,001242,5,6,7,7,6,Annual Review,2025-02-23
0000001242,001242,2,7,6,6,5,Entry,2021-10-09
0000001243,001243,4,6,6,7,5,Exit,2020-08-10
0000001244,001244,4,5,5,7,5,Annual Review,2024-04-16
0000001245,001245,1,1,2,2,1,Annual Review,2022-01-08
0000001245,001245,3,2,1,1,1,Annual Review,2021-06-15
0000001246,001246,4,2,3,6,3,Entry,2023-12-06
0000001247,001247,6,4,1,5,4,Entry,2023-11-25
0000001248,001248,2,2,3,4,2,Entry,2021-11-29
0000001249,001249,6,2,4,6,4,Exit,2022-07-10
0000001250,001250,5,5,2,4,4,Exit,2023-10-22
0000001251,001251,3,5,5,6,4,Annual Review,2024-06-02
0000001252,001252,5,5,1,2,3,Annual Review,2022-06-19
0000001252,001252,5,4,1,7,4,Entry,2022-04-24
0000001252,001252,4,2,2,7,3,Exit,2025-06-13
0000001253,001253,7,6,7,6,6,Entry,2018-12-10
0000001253,001253,4,3,3,7,4,Entry,2019-08-08
0000001253,001253,6,2,6,6,5,Annual Review,2022-07-11
0000001254,001254,4,5,1,5,3,Entry,2020-08-04
0000001255,001255,1,2,3,4,2,Annual Review,2022-12-08
0000001256,001256,4,4,2,5,3,Annual Review,2022-06-24
0000001256,001256,3,4,4,6,4,Annual Review,2020-07-28
0000001256,001256,6,2,5,3,4,Entry,2022-06-05
0000001257,001257,7,7,5,7,6,Entry,2022-10-26
0000001257,001257,6,5,6,4,5,Entry,2019-12-08
0000001258,001258,1,2,3,5,2,Annual Review,2021-06-19
0000001259,001259,2,2,5,1,2,Entry,2021-09-17
0000001260,001260,1,1,1,2,1,Exit,2022-03-16
0000001261,001261,2,1,2,2,1,Entry,2021-07-17
0000001261,001261,4,1,4,3,3,Annual Review,2023-04-13
0000001262,001262,5,6,5,3,4,Entry,2020-01-22
0000001263,001263,5,2,4,4,3,Entry,2023-07-04
0000001263,001263,1,3,2,3,2,Annual Review,2022-04-21
0000001263,001263,3,2,7,7,4,Exit,2023-04-22
0000001264,001264,1,4,1,4,2,Entry,2018-08-24
0000001265,001265,1,5,3,4,3,Exit,2023-02-22
0000001266,001266,6,3,2,2,3,Exit,2021-10-30
0000001267,001267,3,3,3,3,3,Exit,2020-03-05
0000001268,001268,1,1,3,4,2,Entry,2022-04-08
0000001268,001268,1,3,5,5,3,Entry,2023-02-14
0000001269,001269,5,3,3,3,3,Entry,2020-07-15
0000001270,001270,6,7,6,5,6,Annual Review,2020-01-21
0000001271,001271,5,1,5,4,3,Annual Review,2022-06-10
0000001271,001271,3,5,1,5,3,Entry,2020-09-20
0000001272,001272,4,4,6,6,5,Entry,2023-03-18
0000001273,001273,5,4,5,6,5,Exit,2021-12-29
0000001274,001274,5,6,2,5,4,Entry,2020-11-30
0000001275,001275,6,4,4,7,5,Annual Review,2022-11-19
0000001276,001276,7,3,3,6,4,Annual Review,2023-03-17
0000001277,001277,4,6,3,5,4,Entry,2019-10-15
0000001278,001278,4,7,2,1,3,Exit,2022-01-31
0000001279,001279,4,5,6,3,4,Exit,2024-04-28
0000001280,001280,3,1,2,1,1,Exit,2022-09-12
0000001281,001281,7,5,6,2,5,Exit,2025-01-06
0000001282,001282,5,3,2,4,3,Annual Review,2021-08-02
0000001283,001283,5,1,3,5,3,Entry,2022-07-13
0000001284,001284,5,5,2,6,4,Exit,2021-04-05
0000001285,001285,3,5,6,7,5,Annual Review,2020-01-18
0000001286,001286,4,5,5,6,5,Exit,2023-06-06
0000001286,001286,4,4,4,6,4,Annual Review,2019-05-09
0000001287,001287,3,5,6,2,4,Exit,2027-07-25
0000001287,001287,4,2,3,1,2,Exit,2023-09-24
0000001287,001287,5,5,4,4,4,Entry,2023-11-21
0000001288,001288,1,6,3,1,2,Annual Review,2024-03-13
0000001289,001289,1,4,5,5,3,Exit,2021-07-16
0000001290,001290,3,1,2,1,1,Entry,2021-03-24
0000001290,001290,5,2,6,4,4,Entry,2022-06-16
0000001291,001291,1,4,1,2,2,Exit,2026-01-17
0000001291,001291,2,4,3,1,2,Entry,2022-04-13
0000001292,001292,4,1,5,4,3,Entry,2021-04-16
0000001293,001293,3,1,1,3,2,Annual Review,2020-08-09
0000001294,001294,4,3,2,3,3,Entry,2025-01-19
0000001294,001294,2,3,3,7,3,Exit,2023-10-18
0000001295,001295,1,1,2,3,1,Exit,2023-06-20
0000001296,001296,1,4,5,2,3,Exit,2019-09-11
0000001297,001297,7,3,3,2,3,Entry,2019-05-22
0000001298,001298,6,6,5,4,5,Annual Review,2019-12-23
0000001298,001298,4,4,5,6,4,Annual Review,2020-06-23
0000001298,001298,6,6,4,5,5,Entry,2021-01-02
0000001299,001299,4,5,6,5,5,Entry,2023-05-20
0000001300,001300,6,5,6,7,6,Exit,2023-07-05
0000001301,001301,3,6,6,2,4,Entry,2018-10-30
0000001302,001302,3,3,7,7,5,Annual Review,2023-12-14
0000001303,001303,3,2,6,4,3,Annual Review,2023-05-07
0000001304,001304,4,7,6,3,5,Entry,2019-03-04
0000001304,001304,6,5,7,4,5,Exit,2023-11-27
0000001305,001305,3,4,6,6,4,Exit,2024-07-19
0000001306,001306,2,2,2,3,2,Entry,2020-10-12
0000001307,001307,1,2,1,3,1,Exit,2022-10-10
0000001307,001307,4,6,2,5,4,Entry,2021-01-12
0000001308,001308,5,1,4,3,3,Annual Review,2023-06-22
0000001308,001308,4,4,6,3,4,Exit,2022-03-14
0000001308,001308,3,1,1,4,2,Entry,2024-01-26
0000001309,001309,3,2,4,1,2,Exit,2019-09-22
0000001310,001310,6,4,5,4,4,Exit,2021-01-16
0000001311,001311,3,4,3,5,3,Exit,2022-07-10
0000001312,001312,3,5,1,2,2,Entry,2024-01-12
0000001312,001312,4,2,4,5,3,Exit,2024-01-05
0000001313,001313,6,6,6,5,5,Annual Review,2019-08-01
0000001313,001313,7,5,7,5,6,Entry,2018-07-08
0000001314,001314,2,3,5,4,3,Annual Review,2022-03-04
0000001314,001314,4,3,1,1,2,Entry,2024-02-04
0000001314,001314,2,3,4,3,3,Annual Review,2023-11-19
0000001315,001315,3,3,1,4,2,Annual Review,2021-05-12
0000001316,001316,4,2,4,2,3,Entry,2020-11-21
0000001317,001317,1,1,6,3,2,Exit,2025-04-25
0000001317,001317,3,1,2,1,1,Annual Review,2024-10-06
0000001317,001317,3,2,4,3,3,Annual Review,2023-12-21
0000001318,001318,5,4,5,4,4,Annual Review,2021-12-29
0000001319,001319,3,3,1,2,2,Entry,2020-04-11
0000001320,001320,5,1,1,2,2,Annual Review,2022-12-01
0000001321,001321,5,2,5,1,3,Exit,2024-12-14
0000001322,001322,6,5,6,5,5,Annual Review,2022-04-18
0000001323,001323,5,7,5,3,5,Exit,2023-10-24
0000001323,001323,3,6,3,7,4,Exit,2022-06-29
0000001323,001323,6,6,4,7,5,Annual Review,2020-04-19
0000001324,001324,6,6,1,3,4,Annual Review,2022-12-18
0000001325,001325,3,6,3,6,4,Annual Review,2023-09-25
0000001326,001326,1,2,2,1,1,Annual Review,2023-11-08
0000001327,001327,3,4,2,1,2,Entry,2021-06-21
0000001328,001328,6,3,7,6,5,Annual Review,2021-07-31
0000001328,001328,3,7,6,6,5,Entry,2024-12-16
0000001329,001329,5,5,5,5,5,Annual Review,2024-12-23
0000001330,001330,4,4,1,5,3,Annual Review,2022-02-02
0000001330,001330,6,5,2,3,4,Exit,2022-08-07
0000001331,001331,2,6,5,5,4,Exit,2023-10-16
0000001331,001331,4,6,5,1,4,Annual Review,2024-10-26
0000001332,001332,6,4,4,7,5,Annual Review,2020-01-07
0000001333,001333,5,7,6,6,6,Annual Review,2022-09-09
0000001333,001333,6,4,5,7,5,Entry,2024-02-27
0000001333,001333,6,2,6,5,4,Annual Review,2022-11-18
0000001334,001334,4,5,6,6,5,Entry,2022-09-19
0000001335,001335,3,1,3,4,2,Exit,2025-06-09
0000001336,001336,4,7,5,2,4,Entry,2021-03-31
0000001337,001337,6,2,4,2,3,Entry,2021-01-30
0000001338,001338,1,7,2,1,2,Entry,2024-12-04
0000001339,001339,5,4,4,5,4,Annual Review,2022-11-25
0000001340,001340,3,3,6,4,4,Annual Review,2024-03-14
0000001341,001341,1,1,4,6,3,Exit,2021-06-03
0000001342,001342,4,5,7,4,5,Entry,2022-05-31
0000001343,001343,2,3,3,5,3,Entry,2022-09-14
0000001343,001343,5,2,4,7,4,Exit,2022-09-28
0000001344,001344,3,4,7,4,4,Entry,2022-09-14
0000001344,001344,5,3,5,5,4,Entry,2022-11-22
0000001344,001344,4,3,5,3,3,Annual Review,2027-03-07
0000001345,001345,4,3,5,5,4,Entry,2023-08-15
0000001346,001346,3,1,5,4,3,Entry,2019-02-15
0000001347,001347,3,4,3,2,3,Annual Review,2020-09-17
0000001348,001348,5,3,7,3,4,Exit,2021-08-14
0000001349,001349,4,6,7,4,5,Exit,2019-09-18
0000001349,001349,1,3,2,7,3,Annual Review,2021-03-13
0000001350,001350,7,7,7,6,6,Annual Review,2022-08-25
0000001350,001350,4,3,7,7,5,Exit,2020-07-21
0000001350,001350,5,5,6,6,5,Exit,2021-07-16
0000001351,001351,6,7,6,6,6,Annual Review,2020-02-27
0000001352,001352,1,3,1,3,2,Entry,2023-05-16
0000001353,001353,7,7,5,5,6,Entry,2019-06-10
0000001354,001354,4,6,5,5,5,Entry,2022-02-04
0000001355,001355,7,5,3,6,5,Exit,2022-05-04
0000001355,001355,5,4,7,6,5,Exit,2024-03-15
0000001356,001356,5,7,4,5,5,Entry,2020-11-17
0000001356,001356,3,7,4,4,4,Entry,2022-02-28
0000001356,001356,6,4,5,3,4,Exit,2020-09-19
0000001357,001357,4,4,5,4,4,Annual Review,2023-06-27
0000001358,001358,5,3,5,6,4,Entry,2021-02-21
0000001359,001359,6,6,5,7,6,Annual Review,2022-05-21
0000001359,001359,7,7,5,5,6,Exit,2023-10-27
0000001359,001359,5,4,6,4,4,Annual Review,2024-12-21
0000001360,001360,4,7,4,5,5,Entry,2022-06-07
0000001360,001360,5,3,5,3,4,Exit,2025-06-28
0000001361,001361,3,1,5,5,3,Exit,2020-10-16
0000001362,001362,2,2,4,5,3,Exit,2022-01-10
0000001362,001362,5,5,6,2,4,Annual Review,2023-05-28
0000001363,001363,3,5,3,6,4,Exit,2025-11-30
0000001363,001363,4,3,5,7,4,Exit,2023-10-20
0000001364,001364,1,2,4,4,2,Entry,2021-08-13
0000001365,001365,4,1,6,4,3,Annual Review,2023-01-19
0000001365,001365,2,4,4,6,4,Annual Review,2023-05-17
0000001366,001366,7,3,4,7,5,Annual Review,2021-03-07
0000001367,001367,3,4,5,3,3,Annual Review,2023-03-31
0000001368,001368,6,6,7,4,5,Annual Review,2022-03-01
0000001368,001368,7,5,4,5,5,Entry,2024-10-12
0000001368,001368,6,5,7,5,5,Entry,2021-12-27
0000001369,001369,6,4,3,4,4,Exit,2024-04-05
0000001370,001370,5,6,4,4,4,Entry,2021-03-21
0000001371,001371,5,3,1,5,3,Annual Review,2023-02-02
0000001371,001371,4,3,4,2,3,Exit,2025-01-15
0000001372,001372,6,3,4,3,4,Exit,2025-01-09
0000001372,001372,5,2,7,6,5,Entry,2025-03-10
0000001373,001373,7,3,6,6,5,Annual Review,2023-07-15
0000001374,001374,5,4,4,3,4,Exit,2026-12-12
0000001375,001375,3,6,4,3,4,Exit,2024-04-17
0000001376,001376,2,4,3,1,2,Entry,2019-10-28
0000001376,001376,3,5,7,5,5,Exit,2021-06-08
0000001377,001377,4,3,3,7,4,Exit,2023-06-19
0000001377,001377,5,3,5,5,4,Entry,2023-10-30
0000001378,001378,7,4,6,5,5,Exit,2024-02-03
0000001378,001378,5,4,6,4,4,Annual Review,2025-01-27
0000001379,001379,5,4,6,1,4,Annual Review,2023-05-22
0000001379,001379,6,5,5,7,5,Entry,2025-12-03
0000001379,001379,5,4,6,6,5,Entry,2024-04-17
0000001380,001380,6,6,1,6,4,Exit,2023-02-01
0000001381,001381,4,5,5,2,4,Entry,2019-10-23
0000001382,001382,3,5,2,7,4,Entry,2020-12-20
0000001383,001383,3,3,3,5,3,Entry,2023-08-12
0000001384,001384,6,5,5,1,4,Exit,2024-12-19
0000001385,001385,3,1,2,2,2,Annual Review,2020-04-02
0000001386,001386,2,5,4,4,3,Entry,2021-12-08
0000001386,001386,4,2,6,1,3,Annual Review,2021-11-24
0000001387,001387,5,3,2,3,3,Exit,2019-09-17
0000001388,001388,4,5,4,3,4,Annual Review,2023-08-28
0000001389,001389,4,5,4,4,4,Exit,2024-01-15
0000001390,001390,7,3,2,2,3,Annual Review,2022-10-05
0000001390,001390,3,4,5,7,4,Annual Review,2024-08-31
0000001390,001390,6,5,1,3,3,Annual Review,2021-12-02
0000001391,001391,4,3,1,3,2,Annual Review,2023-09-22
0000001392,001392,5,6,4,5,5,Annual Review,2023-05-04
0000001393,001393,6,6,3,6,5,Exit,2025-08-19
0000001394,001394,6,2,5,3,4,Annual Review,2023-10-16
0000001394,001394,6,4,3,2,3,Exit,2021-12-05
0000001395,001395,4,7,3,5,4,Annual Review,2020-11-23
0000001395,001395,5,5,5,3,4,Annual Review,2020-12-20
0000001395,001395,6,6,7,5,6,Annual Review,2022-09-14
0000001396,001396,2,2,5,2,2,Exit,2025-08-09
0000001397,001397,1,1,6,5,3,Exit,2022-03-09
0000001397,001397,4,1,2,1,2,Annual Review,2021-07-11
0000001397,001397,1,6,2,1,2,Annual Review,2023-02-20
0000001398,001398,3,3,4,4,3,Exit,2020-11-22
0000001399,001399,3,5,5,7,5,Entry,2025-04-07
0000001399,001399,5,6,7,3,5,Annual Review,2022-10-08
0000001400,001400,4,1,6,5,4,Annual Review,2022-02-21
0000001401,001401,3,3,5,1,3,Annual Review,2022-01-14
0000001401,001401,2,2,4,2,2,Annual Review,2024-04-13
0000001402,001402,4,5,1,7,4,Exit,2022-11-16
0000001403,001403,2,1,3,7,3,Entry,2022-02-19
0000001403,001403,5,5,3,4,4,Entry,2025-02-15
0000001403,001403,4,2,4,6,4,Annual Review,2025-03-02
0000001404,001404,6,7,2,5,5,Exit,2024-10-13
0000001405,001405,4,5,6,3,4,Annual Review,2023-02-11
0000001405,001405,5,5,6,6,5,Entry,2024-12-04
0000001405,001405,3,5,7,7,5,Exit,2022-09-04
0000001406,001406,4,4,3,1,3,Entry,2021-11-10
0000001407,001407,3,4,3,5,3,Entry,2020-09-13
0000001407,001407,5,5,3,4,4,Annual Review,2024-12-13
0000001407,001407,4,5,4,4,4,Exit,2023-07-20
0000001408,001408,3,1,3,2,2,Exit,2023-04-09
0000001409,001409,4,4,5,7,5,Annual Review,2024-01-10
0000001410,001410,7,7,4,7,6,Entry,2023-06-04
0000001410,001410,7,7,4,6,6,Exit,2023-05-03
0000001411,001411,6,4,4,2,4,Entry,2019-07-31
0000001412,001412,7,3,5,6,5,Annual Review,2026-02-14
0000001412,001412,5,3,1,4,3,Exit,2025-03-18
0000001413,001413,3,6,5,4,4,Exit,2023-03-28
0000001414,001414,5,5,7,5,5,Entry,2018-11-10
0000001414,001414,4,7,5,7,5,Entry,2021-04-20
0000001415,001415,3,2,3,4,3,Annual Review,2021-09-10
0000001416,001416,1,1,3,5,2,Annual Review,2021-04-25
0000001417,001417,7,3,5,4,4,Exit,2022-12-01
0000001417,001417,6,6,6,6,6,Exit,2022-12-09
0000001417,001417,5,5,7,3,5,Annual Review,2024-02-06
0000001418,001418,2,5,5,3,3,Entry,2019-11-26
0000001419,001419,5,3,3,5,4,Entry,2020-05-02
0000001420,001420,5,6,5,7,5,Entry,2019-11-07
0000001421,001421,2,4,3,5,3,Annual Review,2024-04-14
0000001421,001421,5,4,4,5,4,Entry,2021-04-18
0000001422,001422,4,6,5,6,5,Annual Review,2023-03-24
0000001423,001423,6,7,4,5,5,Entry,2022-09-08
0000001423,001423,6,3,1,6,4,Exit,2026-09-08
0000001423,001423,5,6,6,6,5,Annual Review,2023-01-29
0000001424,001424,4,1,2,3,2,Exit,2023-07-24
0000001425,001425,2,3,1,2,2,Annual Review,2023-06-09
0000001425,001425,6,4,3,7,5,Entry,2023-12-22
0000001426,001426,4,7,7,6,6,Entry,2026-01-23
0000001426,001426,7,5,7,6,6,Annual Review,2024-02-24
0000001427,001427,5,6,6,4,5,Entry,2021-01-13
0000001428,001428,6,5,4,5,5,Annual Review,2021-05-08
0000001429,001429,6,2,1,1,2,Exit,2023-08-12
0000001429,001429,7,1,1,3,3,Entry,2022-09-23
0000001430,001430,4,5,4,6,4,Entry,2025-01-18
0000001431,001431,3,5,1,3,3,Annual Review,2021-02-25
0000001432,001432,6,3,2,7,4,Annual Review,2024-01-10
0000001433,001433,5,4,6,2,4,Exit,2023-06-06
0000001434,001434,5,3,4,6,4,Entry,2021-03-27
0000001435,001435,2,5,5,7,4,Exit,2023-12-03
0000001436,001436,5,7,1,6,4,Annual Review,2020-05-05
0000001437,001437,7,5,4,6,5,Exit,2022-09-05
0000001438,001438,5,3,6,2,4,Annual Review,2021-07-12
0000001439,001439,6,4,6,6,5,Annual Review,2023-06-25
0000001440,001440,5,4,5,5,4,Exit,2022-05-21
0000001441,001441,3,4,4,3,3,Annual Review,2022-06-17
0000001442,001442,5,4,4,5,4,Exit,2021-05-08
0000001442,001442,4,7,7,4,5,Annual Review,2022-04-19
0000001443,001443,1,4,2,2,2,Entry,2022-02-03
0000001444,001444,2,5,2,5,3,Exit,2023-12-13
0000001445,001445,2,5,4,3,3,Annual Review,2022-02-20
0000001446,001446,4,1,1,3,2,Annual Review,2025-01-31
0000001447,001447,5,3,2,1,2,Entry,2021-02-27
0000001448,001448,2,3,6,2,3,Exit,2022-06-03
0000001449,001449,5,6,5,6,5,Entry,2021-11-02
0000001450,001450,2,2,2,5,2,Exit,2025-12-26
0000001451,001451,3,4,3,4,3,Exit,2020-11-09
0000001452,001452,1,2,5,4,3,Exit,2021-08-15
0000001453,001453,4,4,1,1,2,Annual Review,2021-09-25
0000001454,001454,2,4,2,3,2,Entry,2023-08-30
0000001454,001454,5,2,5,5,4,Entry,2021-01-03
0000001455,001455,7,3,2,2,3,Entry,2019-01-20
0000001456,001456,5,6,5,6,5,Exit,2024-01-22
0000001457,001457,2,2,3,7,3,Annual Review,2023-03-11
0000001457,001457,1,2,2,7,3,Entry,2023-01-08
0000001458,001458,6,4,6,7,5,Exit,2024-08-22
0000001458,001458,2,5,5,4,4,Exit,2023-10-12
0000001459,001459,3,3,5,4,3,Exit,2024-06-04
0000001459,001459,2,4,5,2,3,Annual Review,2021-11-23
0000001460,001460,1,3,1,7,3,Entry,2018-08-28
0000001460,001460,1,4,5,3,3,Annual Review,2019-08-15
0000001461,001461,4,1,4,4,3,Exit,2025-01-09
0000001461,001461,2,4,1,4,2,Exit,2024-04-09
0000001462,001462,5,4,2,4,3,Annual Review,2020-12-21
0000001463,001463,6,6,2,5,4,Annual Review,2025-03-11
0000001463,001463,7,4,5,3,4,Annual Review,2022-10-28
0000001464,001464,3,4,4,4,3,Entry,2021-06-14
0000001465,001465,2,4,3,2,2,Annual Review,2023-02-19
0000001466,001466,5,5,1,1,3,Exit,2021-01-22
0000001467,001467,6,5,4,6,5,Exit,2024-01-27
0000001468,001468,4,7,4,6,5,Annual Review,2023-03-02
0000001468,001468,5,4,5,5,4,Entry,2020-01-14
0000001469,001469,2,5,3,3,3,Annual Review,2022-02-19
0000001470,001470,5,5,3,2,3,Entry,2023-04-20
0000001471,001471,3,3,1,4,2,Exit,2022-12-10
0000001472,001472,1,3,1,3,2,Exit,2021-07-03
0000001472,001472,3,3,3,1,2,Exit,2020-05-16
0000001473,001473,1,1,5,1,2,Entry,2021-11-13
0000001474,001474,2,2,6,4,3,Entry,2022-05-07
0000001474,001474,3,7,6,5,5,Exit,2022-06-20
0000001475,001475,6,2,5,3,4,Annual Review,2021-09-08
0000001476,001476,6,6,5,5,5,Entry,2022-11-21
0000001476,001476,5,4,6,7,5,Exit,2026-09-29
0000001476,001476,5,6,6,3,5,Exit,2025-11-07
0000001477,001477,1,6,2,7,4,Exit,2021-08-06
0000001478,001478,3,6,5,3,4,Annual Review,2021-03-01
0000001479,001479,4,5,6,4,4,Exit,2025-09-27
0000001480,001480,5,2,7,5,4,Entry,2023-01-15
0000001480,001480,7,2,5,7,5,Entry,2026-09-29
0000001480,001480,6,7,5,4,5,Annual Review,2026-09-04
0000001481,001481,5,5,5,6,5,Annual Review,2021-02-20
0000001482,001482,3,4,6,7,5,Exit,2022-05-06
0000001482,001482,7,6,5,6,6,Annual Review,2023-05-12
0000001483,001483,4,6,3,4,4,Exit,2023-03-25
0000001484,001484,3,5,3,3,3,Annual Review,2020-08-14
0000001485,001485,5,6,7,7,6,Exit,2024-05-31
0000001485,001485,6,5,7,7,6,Exit,2027-03-11
0000001486,001486,5,5,1,2,3,Annual Review,2024-12-03
0000001487,001487,5,4,4,4,4,Annual Review,2022-07-25
0000001488,001488,3,3,6,6,4,Annual Review,2025-07-10
0000001489,001489,5,3,3,7,4,Entry,2022-12-09
0000001489,001489,6,7,6,4,5,Exit,2021-06-07
0000001489,001489,4,4,6,7,5,Annual Review,2019-03-15
0000001490,001490,4,1,7,3,3,Entry,2021-02-02
0000001490,001490,1,6,3,1,2,Entry,2020-04-15
0000001491,001491,2,3,5,5,3,Exit,2024-01-17
0000001492,001492,5,3,3,6,4,Entry,2023-07-14
0000001492,001492,4,3,5,6,4,Exit,2022-08-22
0000001492,001492,6,2,7,3,4,Annual Review,2021-06-28
0000001493,001493,4,7,6,7,6,Exit,2020-12-14
0000001494,001494,1,3,1,2,1,Annual Review,2019-07-23
0000001495,001495,1,4,2,3,2,Entry,2021-01-31
0000001496,001496,1,2,3,5,2,Annual Review,2020-02-08
0000001497,001497,5,3,2,1,2,Entry,2023-01-27
0000001498,001498,2,4,1,5,3,Annual Review,2020-08-25
0000001499,001499,6,7,7,4,6,Exit,2025-07-27
0000001500,001500,5,3,4,1,3,Entry,2022-09-03
0000001500,001500,6,4,3,3,4,Entry,2024-05-11
0000001501,001501,4,6,1,7,4,Entry,2020-10-30
0000001502,001502,5,5,3,5,4,Exit,2021-08-12
0000001503,001503,3,2,2,4,2,Annual Review,2026-03-01
0000001504,001504,3,1,1,3,2,Exit,2023-10-12
0000001504,001504,3,5,4,1,3,Entry,2021-06-21
0000001505,001505,6,7,5,6,6,Exit,2023-07-30
0000001506,001506,1,2,5,6,3,Entry,2022-12-14
0000001507,001507,5,4,2,1,3,Exit,2024-04-29
0000001507,001507,4,3,5,4,4,Entry,2021-05-27
0000001508,001508,6,5,7,5,5,Exit,2021-10-27
0000001509,001509,4,4,5,4,4,Annual Review,2023-05-06
0000001509,001509,7,6,5,7,6,Exit,2022-05-06
0000001510,001510,6,4,6,5,5,Annual Review,2026-12-17
0000001510,001510,5,5,5,2,4,Exit,2025-12-21
0000001511,001511,1,3,4,3,2,Exit,2025-11-11
0000001511,001511,2,3,4,3,3,Exit,2024-04-17
0000001512,001512,1,5,2,2,2,Entry,2020-03-06
0000001512,001512,2,2,1,2,1,Exit,2019-11-11
0000001513,001513,1,2,2,4,2,Entry,2023-07-06
0000001513,001513,2,1,3,4,2,Exit,2023-05-16
0000001514,001514,5,6,5,6,5,Entry,2020-08-23
0000001514,001514,7,6,7,7,6,Entry,2018-12-20
0000001515,001515,3,5,3,7,4,Annual Review,2022-05-29
0000001516,001516,6,4,4,6,5,Annual Review,2022-10-06
0000001516,001516,5,3,2,5,3,Entry,2019-11-12
0000001517,001517,2,5,2,4,3,Entry,2023-04-24
0000001517,001517,5,4,7,3,4,Entry,2021-10-22
0000001518,001518,4,5,7,1,4,Entry,2024-08-14
0000001519,001519,5,7,4,6,5,Exit,2021-09-02
0000001520,001520,4,2,4,4,3,Exit,2021-02-11
0000001521,001521,2,7,4,5,4,Annual Review,2023-09-10
0000001522,001522,3,3,1,6,3,Annual Review,2021-04-20
0000001522,001522,3,5,6,3,4,Exit,2023-12-09
0000001522,001522,3,4,1,6,3,Exit,2022-10-26
0000001523,001523,3,4,5,4,4,Entry,2022-06-01
0000001524,001524,3,5,5,4,4,Annual Review,2020-08-20
0000001524,001524,5,2,5,3,3,Exit,2021-04-11
0000001524,001524,7,3,4,5,4,Exit,2023-12-22
0000001525,001525,5,6,4,4,4,Exit,2022-06-22
0000001525,001525,7,6,5,6,6,Entry,2022-05-11
0000001526,001526,5,4,1,6,4,Exit,2026-11-15
0000001527,001527,1,5,4,4,3,Annual Review,2024-10-18
0000001527,001527,1,4,1,5,2,Entry,2022-04-24
0000001528,001528,2,7,1,1,2,Entry,2020-10-27
0000001528,001528,3,6,1,2,3,Annual Review,2020-10-09
0000001528,001528,1,5,2,4,3,Annual Review,2020-09-26
0000001529,001529,4,6,2,5,4,Annual Review,2021-03-13
0000001530,001530,3,6,4,4,4,Entry,2022-06-24
0000001531,001531,2,2,2,6,3,Exit,2025-09-02
0000001532,001532,4,4,3,4,3,Entry,2020-10-30
0000001533,001533,4,5,3,3,3,Exit,2026-04-19
0000001533,001533,1,3,3,1,2,Entry,2023-04-07
0000001533,001533,6,6,2,5,4,Entry,2022-08-07
0000001534,001534,4,4,4,3,3,Annual Review,2022-11-02
0000001535,001535,7,3,5,6,5,Entry,2018-08-27
0000001535,001535,7,5,4,6,5,Annual Review,2023-12-25
0000001535,001535,5,6,7,6,6,Exit,2020-12-29
0000001536,001536,2,2,1,4,2,Exit,2021-03-13
0000001537,001537,4,1,4,7,4,Exit,2025-11-09
0000001538,001538,4,1,4,3,3,Exit,2022-08-02
0000001539,001539,2,4,5,5,4,Exit,2022-09-11
0000001540,001540,5,7,4,5,5,Exit,2023-11-18
0000001540,001540,7,6,7,5,6,Entry,2024-04-11
0000001541,001541,6,3,6,6,5,Entry,2021-10-20
0000001541,001541,5,5,5,3,4,Exit,2024-12-03
0000001542,001542,5,4,6,7,5,Annual Review,2023-11-04
0000001543,001543,3,4,7,3,4,Entry,2021-02-18
0000001544,001544,5,2,3,4,3,Annual Review,2021-11-17
0000001545,001545,2,3,4,1,2,Entry,2021-09-21
0000001546,001546,5,6,5,7,5,Exit,2020-10-17
0000001546,001546,6,6,2,6,5,Entry,2020-10-05
0000001547,001547,1,2,2,4,2,Exit,2023-01-24
0000001548,001548,3,1,5,2,2,Entry,2023-10-23
0000001548,001548,4,5,3,2,3,Exit,2023-11-25
0000001549,001549,5,6,4,7,5,Entry,2022-06-24
0000001549,001549,5,6,6,6,5,Entry,2024-11-08
0000001549,001549,6,7,6,6,6,Exit,2022-08-17
0000001550,001550,2,1,1,2,1,Entry,2020-01-18
0000001550,001550,3,2,4,5,3,Entry,2021-03-14
0000001551,001551,5,4,5,6,5,Exit,2020-09-11
0000001551,001551,6,2,3,4,3,Exit,2022-12-19
0000001551,001551,2,1,4,3,2,Annual Review,2021-08-09
0000001552,001552,5,4,3,5,4,Entry,2019-06-06
0000001553,001553,5,2,4,4,3,Entry,2019-01-12
0000001554,001554,6,1,3,4,3,Annual Review,2023-02-12
0000001554,001554,5,3,1,2,2,Annual Review,2023-02-26
0000001555,001555,3,6,7,3,4,Entry,2025-07-29
0000001556,001556,5,7,6,6,6,Entry,2019-11-14
0000001557,001557,4,2,1,3,2,Exit,2021-07-01
0000001558,001558,4,4,3,1,3,Entry,2020-08-08
0000001559,001559,2,1,1,5,2,Entry,2020-03-28
0000001559,001559,2,3,3,3,2,Annual Review,2022-04-29
0000001560,001560,2,2,5,3,3,Exit,2021-11-29
0000001561,001561,4,2,2,7,3,Entry,2021-11-27
0000001562,001562,4,5,6,5,5,Annual Review,2021-07-07
0000001562,001562,6,6,2,6,5,Annual Review,2023-05-28
0000001563,001563,7,4,4,3,4,Exit,2020-09-09
0000001563,001563,5,6,4,6,5,Annual Review,2021-06-18
0000001564,001564,6,4,6,5,5,Exit,2021-11-16
0000001565,001565,7,5,6,7,6,Annual Review,2023-04-10
0000001565,001565,6,7,5,5,5,Exit,2022-04-13
0000001565,001565,3,7,1,3,3,Exit,2022-05-03
0000001566,001566,2,5,3,5,3,Entry,2020-08-27
0000001567,001567,3,6,5,5,4,Annual Review,2021-08-09
0000001568,001568,5,4,2,2,3,Exit,2022-11-21
0000001569,001569,1,4,3,6,3,Entry,2020-11-03
0000001569,001569,3,1,3,2,2,Annual Review,2022-09-06
0000001569,001569,3,4,3,4,3,Exit,2022-12-11
0000001570,001570,5,3,3,6,4,Entry,2020-06-19
0000001571,001571,6,6,5,5,5,Annual Review,2021-04-20
0000001571,001571,7,6,7,6,6,Exit,2025-07-31
0000001571,001571,6,7,2,3,4,Annual Review,2022-06-04
0000001572,001572,4,6,7,5,5,Exit,2025-04-17
0000001573,001573,1,3,2,3,2,Entry,2020-07-08
0000001574,001574,3,7,5,5,5,Annual Review,2021-12-10
0000001575,001575,5,1,3,7,4,Annual Review,2023-07-25
0000001576,001576,4,2,1,2,2,Entry,2020-09-19
0000001577,001577,2,1,3,3,2,Annual Review,2022-06-20
0000001578,001578,3,6,5,7,5,Exit,2025-03-01
0000001579,001579,2,3,5,1,2,Annual Review,2022-07-22
0000001579,001579,3,3,2,1,2,Annual Review,2021-08-12
0000001579,001579,2,3,2,5,3,Annual Review,2022-03-03
0000001580,001580,5,5,3,5,4,Entry,2022-08-15
0000001580,001580,5,5,7,5,5,Annual Review,2025-07-09
0000001581,001581,7,6,7,6,6,Exit,2022-11-18
0000001581,001581,6,6,7,6,6,Exit,2025-07-03
0000001582,001582,7,5,4,2,4,Exit,2022-08-25
0000001583,001583,5,5,4,3,4,Exit,2024-07-08
0000001583,001583,5,4,4,3,4,Entry,2020-07-26
0000001584,001584,5,1,2,3,2,Entry,2023-12-22
0000001584,001584,5,4,6,4,4,Exit,2023-09-12
0000001585,001585,6,4,7,3,5,Exit,2023-10-04
0000001586,001586,4,3,5,7,4,Entry,2023-11-10
0000001587,001587,4,4,5,6,4,Entry,2019-03-20
0000001587,001587,6,7,1,6,5,Annual Review,2022-07-24
0000001587,001587,5,6,4,5,5,Entry,2018-08-01
0000001588,001588,2,7,4,5,4,Annual Review,2022-06-19
0000001589,001589,6,2,5,4,4,Annual Review,2022-03-14
0000001590,001590,5,3,5,5,4,Annual Review,2024-06-06
0000001591,001591,3,4,4,2,3,Annual Review,2024-01-06
0000001592,001592,4,5,6,5,5,Annual Review,2021-08-04
0000001593,001593,7,5,1,1,3,Annual Review,2023-11-11
0000001593,001593,4,4,4,4,4,Entry,2020-11-11
0000001594,001594,3,1,6,3,3,Entry,2023-11-07
0000001595,001595,5,7,6,4,5,Entry,2020-11-15
0000001596,001596,4,5,3,3,3,Entry,2020-06-17
0000001597,001597,3,2,2,4,2,Annual Review,2020-06-02
0000001598,001598,5,5,6,6,5,Exit,2021-10-09
0000001598,001598,4,5,4,6,4,Entry,2021-08-27
0000001599,001599,6,4,6,7,5,Exit,2024-03-13
0000001599,001599,2,6,2,3,3,Entry,2022-05-12
0000001600,001600,1,2,3,3,2,Exit,2022-02-15
0000001601,001601,3,6,7,5,5,Entry,2019-10-19
0000001602,001602,3,6,5,6,5,Entry,2023-07-23
0000001603,001603,4,4,5,3,4,Exit,2025-12-27
0000001604,001604,1,2,5,3,2,Entry,2024-09-18
0000001605,001605,2,2,1,5,2,Annual Review,2023-02-09
0000001606,001606,3,5,4,5,4,Entry,2023-04-09
0000001606,001606,1,5,4,5,3,Exit,2026-09-27
0000001607,001607,4,6,6,6,5,Annual Review,2025-07-07
0000001608,001608,2,5,2,2,2,Entry,2022-01-14
0000001608,001608,2,3,3,5,3,Exit,2021-11-02
0000001609,001609,6,5,2,5,4,Entry,2025-12-26
0000001610,001610,3,2,6,3,3,Annual Review,2022-02-21
0000001611,001611,2,1,1,4,2,Exit,2020-10-25
0000001612,001612,6,4,3,6,4,Exit,2021-05-18
0000001613,001613,6,5,6,6,5,Entry,2024-08-18
0000001613,001613,6,5,4,5,5,Exit,2024-01-10
0000001613,001613,4,4,5,7,5,Exit,2025-12-05
0000001614,001614,3,5,6,6,5,Annual Review,2022-09-06
0000001614,001614,5,6,1,5,4,Annual Review,2024-08-09
0000001615,001615,4,5,6,6,5,Entry,2022-05-16
0000001616,001616,5,7,4,6,5,Entry,2019-09-01
0000001617,001617,3,2,5,3,3,Entry,2023-04-25
0000001617,001617,2,1,4,4,2,Annual Review,2023-01-22
0000001618,001618,6,4,6,7,5,Annual Review,2020-12-29
0000001619,001619,4,3,4,1,3,Annual Review,2022-12-28
0000001620,001620,5,4,2,2,3,Annual Review,2023-01-01
0000001621,001621,5,7,6,6,6,Entry,2023-08-10
0000001621,001621,3,4,6,5,4,Entry,2021-03-29
0000001622,001622,6,5,5,6,5,Annual Review,2026-11-19
0000001622,001622,6,5,5,6,5,Annual Review,2023-10-20
0000001623,001623,5,7,4,5,5,Entry,2020-04-23
0000001624,001624,6,6,7,5,6,Exit,2022-06-28
0000001625,001625,5,6,5,3,4,Annual Review,2021-07-14
0000001626,001626,3,3,5,5,4,Annual Review,2023-06-29
0000001627,001627,3,1,2,5,2,Entry,2021-08-29
0000001628,001628,5,1,6,5,4,Entry,2023-06-17
0000001629,001629,7,5,7,2,5,Entry,2021-06-14
0000001630,001630,5,4,6,4,4,Entry,2021-04-06
0000001631,001631,4,2,5,4,3,Annual Review,2022-06-16
0000001632,001632,3,4,2,4,3,Exit,2021-02-12
0000001632,001632,7,5,5,3,5,Annual Review,2022-02-18
0000001633,001633,1,5,1,4,2,Annual Review,2022-07-25
0000001633,001633,2,2,2,3,2,Exit,2021-05-29
0000001634,001634,2,2,2,4,2,Entry,2021-11-20
0000001635,001635,4,3,4,2,3,Entry,2024-06-28
0000001635,001635,2,2,4,2,2,Entry,2022-07-22
0000001636,001636,3,1,4,3,2,Entry,2024-01-24
0000001636,001636,3,5,1,1,2,Exit,2023-11-29
0000001636,001636,2,2,4,4,3,Entry,2021-11-22
0000001637,001637,7,7,5,7,6,Exit,2022-04-22
0000001638,001638,5,5,5,6,5,Entry,2019-09-22
0000001639,001639,1,1,2,7,2,Exit,2020-03-16
0000001639,001639,1,5,3,7,4,Annual Review,2021-05-10
0000001640,001640,5,3,5,4,4,Annual Review,2024-11-07
0000001640,001640,5,1,7,3,4,Entry,2026-05-13
0000001641,001641,4,4,4,4,4,Exit,2021-05-15
0000001641,001641,4,4,5,5,4,Entry,2021-07-04
0000001642,001642,1,4,2,7,3,Annual Review,2020-04-26
0000001643,001643,3,6,6,1,4,Entry,2018-12-02
0000001643,001643,5,4,4,1,3,Exit,2021-09-26
0000001644,001644,3,2,3,2,2,Exit,2021-04-17
0000001644,001644,2,3,3,1,2,Annual Review,2022-11-16
0000001644,001644,1,3,4,4,3,Annual Review,2023-04-21
0000001645,001645,5,6,5,6,5,Exit,2021-05-15
0000001646,001646,5,3,1,2,2,Entry,2020-06-07
0000001646,001646,1,5,5,4,3,Exit,2022-12-25
0000001647,001647,5,1,4,4,3,Annual Review,2022-04-13
0000001648,001648,4,2,6,3,3,Exit,2022-04-08
0000001649,001649,1,4,2,3,2,Entry,2021-12-05
0000001649,001649,5,3,5,3,4,Annual Review,2022-11-23
0000001650,001650,2,6,4,1,3,Entry,2020-12-03
0000001650,001650,4,1,3,4,3,Exit,2022-05-28
0000001651,001651,3,7,6,1,4,Entry,2019-08-12
0000001652,001652,3,5,3,4,3,Exit,2022-02-14
0000001653,001653,6,7,7,7,6,Annual Review,2023-03-06
0000001653,001653,6,5,7,4,5,Exit,2021-12-19
0000001654,001654,5,5,5,7,5,Annual Review,2023-03-26
0000001654,001654,3,7,7,7,6,Entry,2024-10-07
0000001655,001655,7,7,4,2,5,Exit,2026-05-29
0000001656,001656,4,4,4,4,4,Exit,2025-09-01
0000001656,001656,3,2,4,2,2,Annual Review,2021-04-02
0000001656,001656,3,5,3,5,4,Entry,2022-01-30
0000001657,001657,3,5,3,6,4,Annual Review,2025-05-03
0000001658,001658,3,4,4,4,3,Exit,2022-01-06
0000001659,001659,6,5,1,3,3,Annual Review,2020-03-22
0000001659,001659,7,2,7,3,4,Annual Review,2023-02-11
0000001660,001660,3,1,5,3,3,Annual Review,2022-06-08
0000001661,001661,3,7,4,2,4,Exit,2023-05-13
0000001661,001661,2,3,3,4,3,Exit,2022-07-18
0000001662,001662,4,3,7,3,4,Annual Review,2022-09-26
0000001663,001663,3,6,6,5,5,Annual Review,2023-02-20
0000001664,001664,1,5,4,5,3,Entry,2020-07-27
0000001665,001665,6,3,2,5,4,Entry,2019-12-21
0000001666,001666,6,3,3,2,3,Entry,2023-09-09
0000001667,001667,4,4,4,3,3,Exit,2025-06-04
0000001667,001667,5,4,3,4,4,Entry,2023-04-15
0000001668,001668,3,6,6,4,4,Entry,2021-05-16
0000001669,001669,4,5,5,7,5,Exit,2022-07-10
0000001670,001670,6,6,4,7,5,Exit,2024-12-12
0000001671,001671,6,1,2,3,3,Entry,2021-08-13
0000001672,001672,4,3,4,7,4,Annual Review,2022-12-18
0000001673,001673,5,1,1,2,2,Exit,2020-05-04
0000001673,001673,1,2,2,4,2,Annual Review,2021-05-26
0000001674,001674,4,1,2,4,2,Entry,2018-06-15
0000001675,001675,6,7,6,7,6,Exit,2022-07-26
0000001676,001676,2,2,5,4,3,Annual Review,2022-10-21
0000001677,001677,6,6,1,2,3,Exit,2024-12-08
0000001678,001678,2,4,3,4,3,Exit,2023-06-17
0000001679,001679,4,3,3,7,4,Exit,2024-07-19
0000001680,001680,4,5,2,6,4,Annual Review,2025-07-18
0000001680,001680,1,4,1,5,2,Annual Review,2023-06-18
0000001681,001681,2,5,3,6,4,Annual Review,2019-11-21
0000001682,001682,1,1,2,5,2,Annual Review,2025-03-28
0000001683,001683,7,1,5,6,4,Entry,2021-11-20
0000001683,001683,7,3,7,6,5,Entry,2023-10-29
0000001684,001684,6,4,5,6,5,Annual Review,2020-10-14
0000001684,001684,7,5,5,4,5,Entry,2023-03-23
0000001684,001684,4,5,7,5,5,Entry,2020-04-18
0000001685,001685,4,5,4,5,4,Exit,2023-08-31
0000001686,001686,6,4,5,3,4,Annual Review,2020-09-01
0000001687,001687,6,4,6,4,5,Annual Review,2020-10-12
0000001687,001687,6,3,3,5,4,Annual Review,2022-12-08
0000001687,001687,5,4,2,3,3,Exit,2022-02-03
0000001688,001688,6,6,5,4,5,Annual Review,2021-10-21
0000001688,001688,7,4,4,6,5,Exit,2024-08-31
0000001689,001689,6,5,7,6,6,Entry,2020-04-18
0000001689,001689,5,6,6,6,5,Exit,2023-01-02
0000001690,001690,1,7,7,6,5,Exit,2023-09-26
0000001690,001690,6,6,4,5,5,Entry,2023-09-30
0000001691,001691,4,1,4,4,3,Annual Review,2024-11-08
0000001692,001692,4,3,1,6,3,Entry,2019-10-20
0000001693,001693,1,4,2,4,2,Annual Review,2021-09-30
0000001693,001693,4,2,1,2,2,Exit,2020-12-12
0000001694,001694,2,4,5,4,3,Exit,2026-08-22
0000001694,001694,5,5,3,1,3,Entry,2023-01-29
0000001695,001695,6,1,2,3,3,Annual Review,2021-09-30
0000001696,001696,1,2,4,3,2,Entry,2021-01-31
0000001697,001697,3,3,3,4,3,Exit,2021-03-14
0000001697,001697,2,3,4,4,3,Entry,2021-01-23
0000001698,001698,4,1,2,4,2,Entry,2021-12-11
0000001698,001698,4,1,3,6,3,Entry,2020-10-20
0000001699,001699,1,1,2,6,2,Annual Review,2020-09-20
0000001700,001700,2,4,1,4,2,Exit,2021-01-09
0000001700,001700,1,2,5,1,2,Entry,2021-02-04
0000001700,001700,5,1,2,2,2,Entry,2020-02-19
0000001701,001701,7,2,5,6,5,Annual Review,2020-07-16
0000001702,001702,2,2,4,3,2,Entry,2020-04-12
0000001702,001702,4,4,2,3,3,Exit,2022-12-14
0000001703,001703,6,3,5,5,4,Exit,2025-07-16
0000001704,001704,4,4,5,5,4,Entry,2022-04-27
0000001705,001705,4,5,2,1,3,Annual Review,2023-10-27
0000001706,001706,5,5,4,5,4,Exit,2024-06-01
0000001707,001707,7,6,2,5,5,Annual Review,2021-11-03
0000001708,001708,2,6,6,4,4,Entry,2020-08-20
0000001708,001708,5,5,5,6,5,Annual Review,2023-01-27
0000001709,001709,1,3,7,4,3,Annual Review,2020-07-15
0000001710,001710,1,1,1,1,1,Exit,2021-02-03
0000001710,001710,1,4,1,1,1,Exit,2020-05-07
0000001711,001711,5,3,3,6,4,Entry,2020-11-08
0000001712,001712,2,4,4,3,3,Annual Review,2019-11-17
0000001713,001713,6,5,5,3,4,Entry,2024-10-10
0000001713,001713,5,1,7,3,4,Annual Review,2023-10-25
0000001714,001714,3,2,2,1,2,Annual Review,2020-12-05
0000001715,001715,4,2,6,2,3,Annual Review,2022-01-18
0000001716,001716,6,6,4,5,5,Annual Review,2021-10-20
0000001717,001717,5,4,5,3,4,Annual Review,2022-03-08
0000001717,001717,3,6,3,4,4,Annual Review,2019-11-14
0000001718,001718,4,6,6,5,5,Entry,2019-08-01
0000001719,001719,7,2,1,3,3,Annual Review,2022-06-04
0000001720,001720,3,3,2,5,3,Annual Review,2022-04-08
0000001721,001721,4,4,6,2,4,Annual Review,2022-02-26
0000001722,001722,1,5,2,3,2,Annual Review,2021-08-23
0000001723,001723,4,2,3,1,2,Exit,2022-11-13
0000001724,001724,5,1,2,6,3,Exit,2021-09-24
0000001724,001724,2,2,3,1,2,Entry,2022-01-28
0000001724,001724,2,3,3,4,3,Exit,2020-09-21
0000001725,001725,4,4,5,4,4,Exit,2020-01-19
0000001725,001725,4,2,5,6,4,Exit,2020-12-09
0000001726,001726,1,2,1,5,2,Entry,2023-11-23
0000001727,001727,2,1,4,5,3,Annual Review,2022-05-23
0000001728,001728,1,3,5,3,3,Annual Review,2021-09-03
0000001729,001729,3,3,4,6,4,Annual Review,2023-10-01
0000001729,001729,5,2,2,5,3,Exit,2021-07-15
0000001729,001729,3,1,4,2,2,Exit,2022-12-13
0000001730,001730,6,5,4,4,4,Exit,2023-04-01
0000001731,001731,5,4,4,6,4,Entry,2021-11-27
0000001731,001731,6,4,7,4,5,Exit,2025-08-20
0000001731,001731,5,6,7,4,5,Exit,2024-02-15
0000001732,001732,4,3,2,6,3,Exit,2023-04-20
0000001733,001733,2,6,4,1,3,Exit,2024-10-08
0000001733,001733,5,4,5,4,4,Entry,2021-07-21
0000001734,001734,4,5,6,4,4,Annual Review,2021-09-12
0000001735,001735,4,3,5,7,4,Entry,2022-03-04
0000001736,001736,5,7,5,4,5,Exit,2027-02-01
0000001737,001737,5,4,6,4,4,Annual Review,2023-02-27
0000001737,001737,2,5,1,7,3,Entry,2020-11-17
0000001738,001738,5,5,5,6,5,Annual Review,2023-10-07
0000001738,001738,7,6,6,3,5,Entry,2024-04-09
0000001739,001739,4,2,3,5,3,Entry,2020-08-07
0000001739,001739,6,4,6,6,5,Annual Review,2022-11-11
0000001740,001740,2,6,3,6,4,Exit,2021-12-07
0000001740,001740,5,5,5,5,5,Annual Review,2020-09-11
0000001741,001741,3,5,5,6,4,Annual Review,2020-12-24
0000001741,001741,7,2,6,6,5,Annual Review,2023-03-30
0000001742,001742,3,6,6,3,4,Annual Review,2021-10-17
0000001743,001743,1,1,5,3,2,Entry,2019-12-18
0000001744,001744,6,6,2,3,4,Exit,2023-05-29
0000001745,001745,4,1,3,5,3,Exit,2023-10-25
0000001746,001746,5,6,5,4,5,Annual Review,2022-01-19
0000001746,001746,6,1,5,7,4,Entry,2020-11-13
0000001747,001747,7,6,7,6,6,Exit,2024-09-15
0000001747,001747,3,7,6,4,5,Entry,2023-11-14
0000001748,001748,6,6,5,5,5,Entry,2020-11-13
0000001749,001749,4,1,2,5,3,Entry,2021-12-21
0000001749,001749,1,1,7,1,2,Annual Review,2023-02-16
0000001750,001750,6,6,7,5,6,Exit,2021-08-07
0000001751,001751,5,7,3,6,5,Annual Review,2020-09-02
0000001751,001751,6,5,4,6,5,Annual Review,2023-09-27
0000001752,001752,2,1,4,2,2,Exit,2022-06-14
0000001752,001752,1,5,4,4,3,Entry,2022-08-16
0000001753,001753,4,4,6,5,4,Entry,2020-09-22
0000001754,001754,6,3,2,5,4,Exit,2022-05-08
0000001754,001754,4,7,7,4,5,Annual Review,2023-05-21
0000001755,001755,5,1,5,2,3,Entry,2023-10-25
0000001755,001755,3,2,4,6,3,Entry,2022-10-24
0000001756,001756,5,3,7,4,4,Exit,2023-06-12
0000001756,001756,1,1,2,1,1,Annual Review,2025-05-19
0000001757,001757,5,5,6,6,5,Annual Review,2022-03-29
0000001757,001757,6,4,5,6,5,Annual Review,2022-03-28
0000001758,001758,2,1,4,4,2,Entry,2019-07-19
0000001759,001759,2,3,1,1,1,Exit,2024-02-02
0000001760,001760,5,3,3,7,4,Entry,2022-08-12
0000001761,001761,6,7,4,7,6,Annual Review,2020-05-17
0000001762,001762,4,1,3,1,2,Exit,2021-12-04
0000001763,001763,6,2,1,6,3,Exit,2023-12-06
0000001763,001763,7,6,4,6,5,Entry,2019-06-24
0000001764,001764,2,3,1,1,1,Entry,2019-12-27
0000001765,001765,2,1,4,3,2,Exit,2023-12-02
0000001766,001766,1,1,1,2,1,Annual Review,2022-03-04
0000001767,001767,3,5,4,4,4,Exit,2021-03-26
0000001768,001768,3,5,3,5,4,Entry,2021-12-10
0000001768,001768,6,5,2,4,4,Annual Review,2025-01-27
0000001769,001769,5,4,4,2,3,Annual Review,2021-08-28
0000001769,001769,5,4,5,4,4,Entry,2023-01-28
0000001769,001769,5,3,5,4,4,Annual Review,2022-05-29
0000001770,001770,3,6,6,1,4,Exit,2022-04-07
0000001770,001770,7,1,6,5,4,Exit,2021-12-12
0000001770,001770,6,5,7,4,5,Annual Review,2020-05-28
0000001771,001771,5,2,4,5,4,Exit,2022-09-25
0000001772,001772,4,1,5,3,3,Exit,2022-05-19
0000001773,001773,5,6,2,6,4,Exit,2026-08-03
0000001774,001774,4,3,3,2,3,Entry,2021-01-27
0000001775,001775,3,3,5,6,4,Exit,2023-05-20
0000001776,001776,3,4,4,2,3,Exit,2022-04-24
0000001777,001777,7,6,5,6,6,Annual Review,2024-09-08
0000001777,001777,6,4,5,6,5,Entry,2021-10-21
0000001778,001778,6,5,6,3,5,Exit,2021-02-12
0000001779,001779,5,5,4,6,5,Exit,2021-11-16
0000001780,001780,6,7,3,6,5,Entry,2020-03-19
0000001781,001781,5,3,4,4,4,Entry,2020-08-03
0000001782,001782,4,5,5,6,5,Exit,2026-10-03
0000001782,001782,4,5,5,5,4,Annual Review,2022-10-15
0000001782,001782,6,5,5,6,5,Annual Review,2022-10-15
0000001783,001783,4,1,3,2,2,Entry,2019-05-17
0000001784,001784,4,5,7,6,5,Exit,2024-05-19
0000001784,001784,6,5,6,6,5,Annual Review,2025-04-24
0000001784,001784,6,7,5,5,5,Exit,2024-02-25
0000001785,001785,5,5,5,5,5,Annual Review,2023-01-31
0000001786,001786,3,2,5,1,2,Annual Review,2021-11-05
0000001786,001786,1,5,4,4,3,Exit,2020-10-05
0000001787,001787,1,3,3,1,2,Exit,2023-10-14
0000001787,001787,3,2,1,3,2,Entry,2024-02-06
0000001788,001788,4,7,4,1,4,Annual Review,2021-07-22
0000001788,001788,1,4,5,3,3,Exit,2022-06-24
0000001789,001789,7,6,6,7,6,Entry,2021-04-21
0000001789,001789,6,6,6,6,6,Entry,2023-10-01
0000001790,001790,7,4,1,5,4,Exit,2022-04-05
0000001791,001791,4,3,4,4,3,Entry,2022-04-04
0000001792,001792,5,5,5,5,5,Entry,2022-10-05
0000001792,001792,6,4,5,6,5,Entry,2020-11-10
0000001793,001793,6,5,6,4,5,Entry,2020-12-27
0000001794,001794,2,4,4,6,4,Annual Review,2020-06-05
0000001795,001795,7,3,6,5,5,Annual Review,2024-03-10
0000001796,001796,2,1,5,4,3,Entry,2021-03-09
0000001797,001797,5,4,4,1,3,Exit,2023-03-14
0000001797,001797,1,7,5,4,4,Exit,2021-11-14
0000001798,001798,2,1,5,2,2,Exit,2021-11-27
0000001799,001799,6,7,6,6,6,Annual Review,2022-04-26
0000001799,001799,4,7,6,5,5,Entry,2020-05-28
0000001799,001799,4,5,4,6,4,Exit,2023-06-26
0000001800,001800,5,6,5,6,5,Exit,2024-08-08
0000001800,001800,4,4,5,7,5,Annual Review,2023-02-27
0000001801,001801,1,2,2,1,1,Exit,2020-06-14
0000001802,001802,4,3,4,4,3,Exit,2023-03-25
0000001803,001803,1,5,3,4,3,Annual Review,2022-01-27
0000001804,001804,5,6,5,7,5,Exit,2024-02-11
0000001805,001805,5,4,1,4,3,Exit,2024-05-29
0000001806,001806,2,3,2,1,2,Annual Review,2022-03-10
0000001806,001806,5,1,2,5,3,Exit,2021-05-25
0000001807,001807,5,3,5,5,4,Annual Review,2021-01-20
0000001807,001807,2,3,5,3,3,Entry,2020-10-01
0000001808,001808,3,4,5,5,4,Exit,2022-11-26
0000001809,001809,4,6,6,5,5,Exit,2022-07-05
0000001810,001810,4,2,5,5,4,Entry,2025-01-08
0000001810,001810,3,4,4,4,3,Entry,2021-10-19
0000001811,001811,1,4,3,4,3,Entry,2021-07-13
0000001812,001812,5,4,5,3,4,Entry,2020-07-13
0000001812,001812,5,4,3,1,3,Entry,2022-10-23
0000001813,001813,3,6,7,5,5,Entry,2020-02-04
0000001814,001814,1,2,3,6,3,Annual Review,2021-09-18
0000001815,001815,6,2,2,3,3,Exit,2021-09-21
0000001816,001816,3,1,2,3,2,Entry,2021-10-31
0000001817,001817,4,5,3,1,3,Entry,2021-12-04
0000001818,001818,7,6,5,4,5,Annual Review,2023-09-10
0000001819,001819,1,2,5,2,2,Annual Review,2021-05-03
0000001820,001820,5,5,4,6,5,Annual Review,2023-12-21
0000001820,001820,4,6,6,7,5,Exit,2023-03-01
0000001821,001821,4,4,6,5,4,Exit,2022-03-13
0000001822,001822,2,7,3,3,3,Entry,2023-09-06
0000001822,001822,3,1,1,4,2,Exit,2023-03-09
0000001823,001823,2,3,4,2,2,Entry,2019-12-26
0000001823,001823,5,2,4,7,4,Entry,2021-03-30
0000001824,001824,3,2,3,1,2,Exit,2023-05-14
0000001825,001825,5,2,6,5,4,Exit,2021-03-10
0000001826,001826,5,4,2,3,3,Exit,2023-12-24
0000001826,001826,4,3,2,5,3,Exit,2022-04-30
0000001827,001827,5,3,1,4,3,Annual Review,2020-06-15
0000001828,001828,3,5,1,3,3,Entry,2019-02-19
0000001828,001828,5,3,1,1,2,Exit,2021-02-03
0000001829,001829,1,4,3,2,2,Entry,2020-08-08
0000001830,001830,5,6,5,6,5,Exit,2025-05-15
0000001831,001831,3,6,4,5,4,Exit,2024-09-05
0000001831,001831,6,5,1,5,4,Annual Review,2022-08-13
0000001831,001831,5,5,4,3,4,Exit,2021-06-15
0000001832,001832,1,2,3,3,2,Entry,2021-04-25
0000001833,001833,3,1,2,2,2,Exit,2021-08-08
0000001834,001834,7,4,4,2,4,Annual Review,2020-02-28
0000001835,001835,5,3,7,2,4,Exit,2026-01-09
0000001835,001835,7,6,5,3,5,Annual Review,2023-11-17
0000001836,001836,1,5,1,3,2,Exit,2022-05-30
0000001837,001837,4,2,2,2,2,Exit,2022-08-07
0000001837,001837,5,4,2,3,3,Exit,2020-11-09
0000001838,001838,3,4,4,3,3,Annual Review,2020-06-12
0000001838,001838,5,3,2,4,3,Entry,2019-10-07
0000001839,001839,2,7,6,1,4,Annual Review,2021-01-04
0000001840,001840,2,6,2,1,2,Entry,2023-04-14
0000001841,001841,4,1,4,5,3,Annual Review,2021-11-09
0000001841,001841,2,3,5,4,3,Exit,2023-01-22
0000001842,001842,7,5,6,5,5,Exit,2023-06-01
0000001843,001843,4,1,2,2,2,Exit,2022-10-29
0000001844,001844,3,3,6,6,4,Exit,2023-10-18
0000001844,001844,6,5,6,6,5,Annual Review,2024-09-26
0000001844,001844,6,5,7,6,6,Exit,2022-11-04
0000001845,001845,2,3,5,5,3,Entry,2024-02-24
0000001845,001845,3,3,1,5,3,Annual Review,2023-10-02
0000001846,001846,4,6,6,6,5,Annual Review,2022-10-29
0000001847,001847,6,5,3,4,4,Annual Review,2023-03-22
0000001848,001848,5,7,6,6,6,Entry,2019-12-12
0000001849,001849,5,4,3,5,4,Exit,2025-08-29
0000001850,001850,4,1,2,5,3,Entry,2021-07-05
0000001851,001851,2,4,2,4,3,Exit,2019-06-02
0000001852,001852,2,3,3,4,3,Annual Review,2022-01-05
0000001852,001852,5,3,3,5,4,Annual Review,2022-01-26
0000001853,001853,4,3,3,1,2,Exit,2024-05-07
0000001854,001854,5,1,2,6,3,Entry,2020-05-03
0000001855,001855,6,5,3,2,4,Exit,2025-11-30
0000001856,001856,1,5,2,1,2,Exit,2020-03-25
0000001857,001857,3,1,5,6,3,Exit,2019-10-10
0000001858,001858,5,5,6,4,5,Annual Review,2022-09-19
0000001858,001858,3,5,2,5,3,Exit,2021-07-27
0000001858,001858,5,4,1,4,3,Entry,2022-07-25
0000001859,001859,5,1,4,6,4,Exit,2021-08-18
0000001860,001860,4,7,5,4,5,Entry,2022-11-29
0000001861,001861,4,4,2,4,3,Annual Review,2023-12-23
0000001862,001862,5,5,6,4,5,Annual Review,2020-06-01
0000001863,001863,4,1,2,6,3,Exit,2019-07-31
0000001864,001864,2,4,4,4,3,Exit,2023-07-17
0000001865,001865,2,1,4,5,3,Annual Review,2019-11-10
0000001866,001866,5,2,1,3,2,Exit,2022-04-13
0000001866,001866,4,1,6,7,4,Exit,2023-02-01
0000001867,001867,6,6,5,7,6,Annual Review,2022-09-12
0000001867,001867,4,4,7,6,5,Exit,2021-11-13
0000001868,001868,2,5,4,2,3,Exit,2026-01-17
0000001868,001868,2,5,1,4,3,Exit,2024-04-26
0000001869,001869,6,6,7,7,6,Entry,2020-10-08
0000001870,001870,4,2,3,4,3,Annual Review,2022-05-01
0000001870,001870,3,6,5,7,5,Exit,2024-01-01
0000001871,001871,2,5,1,4,3,Entry,2020-08-11
0000001871,001871,5,5,6,4,5,Exit,2024-01-08
0000001872,001872,3,4,4,5,4,Exit,2024-03-15
0000001873,001873,2,3,2,4,2,Entry,2019-03-03
0000001873,001873,3,4,5,5,4,Exit,2020-05-10
0000001874,001874,5,5,6,4,5,Exit,2027-01-27
0000001875,001875,2,1,4,2,2,Annual Review,2020-10-12
0000001875,001875,2,1,6,4,3,Annual Review,2020-12-14
0000001876,001876,1,4,3,1,2,Annual Review,2021-11-27
0000001877,001877,3,2,5,4,3,Annual Review,2020-08-25
0000001877,001877,1,4,4,3,3,Entry,2023-05-24
0000001877,001877,2,5,6,2,3,Entry,2021-05-11
0000001878,001878,4,3,3,2,3,Entry,2021-09-01
0000001878,001878,2,1,4,1,2,Annual Review,2022-07-30
0000001879,001879,3,4,2,3,3,Exit,2024-02-10
0000001880,001880,3,2,2,2,2,Exit,2024-02-04
0000001880,001880,1,4,4,4,3,Annual Review,2022-07-01
0000001880,001880,3,2,5,2,3,Annual Review,2021-04-03
0000001881,001881,2,3,2,4,2,Entry,2022-07-21
0000001882,001882,2,5,4,4,3,Entry,2022-10-05
0000001883,001883,4,4,7,6,5,Annual Review,2020-03-05
0000001884,001884,5,3,4,6,4,Entry,2025-03-03
0000001885,001885,4,5,4,6,4,Entry,2022-02-08
0000001886,001886,6,5,5,7,5,Entry,2021-06-12
0000001887,001887,1,1,3,2,1,Entry,2020-09-17
0000001888,001888,3,5,4,5,4,Entry,2021-07-19
0000001889,001889,1,3,1,2,1,Entry,2021-11-29
0000001890,001890,1,2,2,3,2,Entry,2022-05-06
0000001891,001891,3,3,1,3,2,Entry,2020-05-23
0000001891,001891,4,5,2,2,3,Entry,2021-04-06
0000001892,001892,3,2,4,3,3,Annual Review,2021-12-06
0000001893,001893,6,6,6,7,6,Entry,2022-11-03
0000001894,001894,3,3,7,3,4,Annual Review,2022-02-22
0000001895,001895,5,1,1,2,2,Annual Review,2022-02-15
0000001895,001895,3,2,2,4,2,Exit,2022-05-26
0000001896,001896,3,5,3,7,4,Annual Review,2023-08-26
0000001897,001897,1,1,1,4,1,Exit,2023-02-01
0000001897,001897,1,2,1,2,1,Annual Review,2024-03-14
0000001898,001898,2,1,5,3,2,Entry,2023-03-03
0000001899,001899,5,2,4,2,3,Exit,2021-05-02
0000001899,001899,2,3,1,5,2,Entry,2021-09-03
0000001900,001900,1,6,4,3,3,Exit,2026-04-09
0000001901,001901,2,6,4,1,3,Annual Review,2022-02-22
0000001902,001902,4,5,6,5,5,Entry,2021-02-02
0000001903,001903,3,1,5,7,4,Entry,2020-05-30
0000001904,001904,2,3,3,6,3,Annual Review,2020-10-06
0000001904,001904,4,3,2,1,2,Exit,2021-04-07
0000001905,001905,2,5,4,3,3,Entry,2022-02-28
0000001906,001906,5,4,3,4,4,Exit,2027-03-17
0000001906,001906,2,3,1,5,2,Annual Review,2024-05-28
0000001907,001907,5,4,2,3,3,Annual Review,2022-05-12
0000001908,001908,6,7,4,6,5,Exit,2024-05-23
0000001908,001908,5,4,5,5,4,Annual Review,2025-04-20
0000001908,001908,6,5,6,4,5,Annual Review,2023-08-13
0000001909,001909,6,3,6,5,5,Exit,2023-06-26
0000001909,001909,2,5,3,7,4,Annual Review,2020-07-30
0000001910,001910,2,3,4,3,3,Exit,2023-02-25
0000001910,001910,5,3,4,2,3,Exit,2024-02-05
0000001910,001910,3,1,1,2,1,Annual Review,2024-01-22
0000001911,001911,5,1,3,1,2,Annual Review,2023-10-25
0000001912,001912,2,3,3,3,2,Exit,2021-08-31
0000001912,001912,2,5,5,2,3,Entry,2019-12-22
0000001913,001913,4,4,4,3,3,Annual Review,2025-01-15
0000001913,001913,2,2,4,4,3,Exit,2026-11-13
0000001913,001913,1,5,1,7,3,Annual Review,2023-08-24
0000001914,001914,2,3,2,2,2,Exit,2024-04-24
0000001915,001915,1,5,3,6,3,Annual Review,2025-03-21
0000001916,001916,4,4,4,5,4,Entry,2022-08-19
0000001917,001917,4,3,4,2,3,Annual Review,2023-04-18
0000001917,001917,4,5,4,3,4,Exit,2022-05-12
0000001918,001918,1,5,1,3,2,Annual Review,2021-05-21
0000001918,001918,5,1,1,4,2,Exit,2021-07-17
0000001919,001919,5,7,3,5,5,Entry,2022-11-01
0000001920,001920,5,1,1,5,3,Exit,2026-01-25
0000001920,001920,7,3,4,7,5,Exit,2024-03-09
0000001921,001921,1,5,5,6,4,Exit,2024-07-11
0000001922,001922,5,6,5,4,5,Entry,2019-08-19
0000001922,001922,6,6,6,7,6,Annual Review,2020-08-16
0000001922,001922,7,3,7,2,4,Entry,2021-06-13
0000001923,001923,6,6,6,6,6,Entry,2024-06-27
0000001924,001924,5,7,6,7,6,Annual Review,2026-06-02
0000001924,001924,5,5,6,7,5,Exit,2025-04-01
0000001925,001925,4,3,1,5,3,Entry,2019-12-02
0000001926,001926,2,2,5,5,3,Entry,2020-03-19
0000001927,001927,2,2,2,6,3,Annual Review,2021-12-14
0000001928,001928,3,5,2,1,2,Entry,2022-05-01
0000001928,001928,3,1,4,2,2,Annual Review,2024-10-10
0000001929,001929,1,7,5,7,5,Entry,2021-09-23
0000001929,001929,5,6,5,6,5,Annual Review,2024-12-27
0000001930,001930,5,5,5,2,4,Exit,2023-09-10
0000001930,001930,4,5,2,3,3,Entry,2020-10-06
0000001931,001931,6,7,6,5,6,Exit,2021-10-23
0000001932,001932,1,5,7,5,4,Entry,2024-11-24
0000001933,001933,5,3,2,6,4,Exit,2021-12-18
0000001934,001934,4,6,7,7,6,Annual Review,2024-04-06
0000001934,001934,4,6,3,7,5,Entry,2025-01-26
0000001935,001935,5,3,4,5,4,Entry,2022-10-31
0000001936,001936,2,4,3,2,2,Annual Review,2021-02-09
0000001937,001937,3,1,4,4,3,Exit,2024-11-28
0000001937,001937,5,5,2,6,4,Entry,2022-04-05
0000001938,001938,2,3,5,4,3,Exit,2023-07-17
0000001939,001939,3,5,3,5,4,Entry,2019-09-09
0000001940,001940,2,4,1,4,2,Annual Review,2020-03-27
0000001940,001940,3,1,3,3,2,Annual Review,2021-05-28
0000001941,001941,5,6,7,1,4,Entry,2021-04-21
0000001941,001941,5,5,5,4,4,Annual Review,2024-09-19
0000001941,001941,4,4,7,3,4,Annual Review,2022-07-12
0000001942,001942,6,2,4,5,4,Entry,2019-08-27
0000001942,001942,4,4,4,5,4,Exit,2023-08-24
0000001943,001943,5,6,5,4,5,Entry,2021-11-21
0000001944,001944,5,4,1,6,4,Exit,2020-08-21
0000001945,001945,4,3,5,4,4,Annual Review,2021-03-26
0000001946,001946,5,6,5,7,5,Annual Review,2021-10-31
0000001947,001947,3,4,7,4,4,Entry,2019-07-27
0000001948,001948,7,5,4,5,5,Annual Review,2024-01-13
0000001949,001949,7,5,6,7,6,Entry,2022-06-29
0000001950,001950,3,5,6,5,4,Exit,2022-07-19
0000001950,001950,3,2,3,6,3,Annual Review,2023-07-07
0000001951,001951,3,3,3,6,3,Annual Review,2023-07-13
0000001951,001951,5,5,4,4,4,Annual Review,2025-07-17
0000001952,001952,3,2,4,4,3,Annual Review,2022-02-05
0000001952,001952,1,2,7,1,2,Exit,2025-03-03
0000001952,001952,4,5,3,5,4,Exit,2024-06-01
0000001953,001953,5,7,5,3,5,Exit,2022-12-01
0000001953,001953,6,3,7,6,5,Annual Review,2025-04-14
0000001954,001954,2,5,2,5,3,Annual Review,2022-01-02
0000001955,001955,2,5,5,2,3,Entry,2022-02-20
0000001956,001956,3,3,1,2,2,Exit,2021-10-10
0000001957,001957,3,5,7,1,4,Exit,2024-10-12
0000001957,001957,4,6,5,2,4,Annual Review,2023-09-04
0000001957,001957,4,1,4,6,3,Entry,2022-01-20
0000001958,001958,5,3,2,5,3,Exit,2021-10-06
0000001959,001959,5,5,7,7,6,Annual Review,2025-09-18
0000001960,001960,4,5,4,7,5,Annual Review,2023-04-22
0000001961,001961,4,1,1,2,2,Exit,2023-05-03
0000001962,001962,4,3,5,2,3,Annual Review,2022-08-03
0000001963,001963,5,4,1,7,4,Exit,2022-11-08
0000001963,001963,1,1,1,3,1,Exit,2023-09-17
0000001963,001963,3,2,4,4,3,Entry,2021-02-07
0000001964,001964,3,6,3,4,4,Exit,2020-04-26
0000001965,001965,6,2,5,3,4,Entry,2020-06-10
0000001965,001965,7,7,5,5,6,Entry,2022-05-30
0000001966,001966,5,5,2,4,4,Annual Review,2020-10-24
0000001967,001967,5,2,2,7,4,Annual Review,2021-12-21
0000001968,001968,5,5,2,7,4,Annual Review,2024-04-30
0000001969,001969,5,2,1,4,3,Annual Review,2024-08-22
0000001970,001970,2,4,5,5,4,Exit,2023-09-25
0000001971,001971,2,5,2,3,3,Annual Review,2020-10-08
0000001972,001972,5,6,6,5,5,Exit,2022-12-08
0000001973,001973,3,5,4,6,4,Entry,2020-11-12
0000001973,001973,3,4,3,6,4,Exit,2024-09-25
0000001974,001974,2,3,3,4,3,Exit,2026-07-02
0000001975,001975,5,3,6,5,4,Entry,2022-09-10
0000001975,001975,3,5,6,5,4,Exit,2025-11-17
0000001976,001976,2,1,4,3,2,Exit,2022-02-04
0000001977,001977,4,5,1,5,3,Entry,2024-12-12
0000001978,001978,1,2,3,1,1,Entry,2021-11-09
0000001979,001979,5,5,7,6,5,Entry,2018-09-05
0000001980,001980,2,1,3,4,2,Exit,2020-11-18
0000001981,001981,5,3,5,1,3,Annual Review,2021-08-10
0000001982,001982,3,1,4,3,2,Annual Review,2022-05-13
0000001983,001983,6,5,5,6,5,Exit,2021-10-14
0000001983,001983,3,3,2,3,2,Exit,2025-04-10
0000001984,001984,7,7,6,7,6,Exit,2024-04-17
0000001985,001985,2,1,1,4,2,Annual Review,2020-04-28
0000001985,001985,2,7,3,4,4,Annual Review,2021-01-04
0000001986,001986,3,3,3,3,3,Exit,2023-05-20
0000001987,001987,2,4,1,6,3,Exit,2021-08-14
0000001988,001988,4,5,5,5,4,Exit,2021-03-15
0000001989,001989,2,5,3,7,4,Annual Review,2020-10-27
0000001989,001989,6,7,6,6,6,Exit,2023-09-19
0000001990,001990,2,2,4,6,3,Exit,2026-01-01
0000001990,001990,5,5,3,1,3,Annual Review,2024-07-10
0000001991,001991,5,6,4,4,4,Entry,2021-11-14
0000001992,001992,5,7,6,5,5,Entry,2021-01-02
0000001992,001992,5,3,5,2,3,Annual Review,2024-11-16
0000001993,001993,4,4,4,4,4,Exit,2019-10-01
0000001994,001994,2,6,4,5,4,Entry,2020-08-26
0000001995,001995,3,5,7,7,5,Annual Review,2024-04-05
0000001995,001995,5,6,1,6,4,Entry,2021-10-02
0000001996,001996,7,6,5,6,6,Entry,2019-07-08
0000001997,001997,4,6,4,7,5,Entry,2025-11-22
0000001997,001997,1,4,6,6,4,Annual Review,2023-11-22
0000001998,001998,1,4,7,3,3,Annual Review,2023-08-09
0000001998,001998,2,2,3,1,2,Entry,2022-07-20
0000001999,001999,4,6,5,5,5,Entry,2023-10-09
0000002000,002000,3,6,2,7,4,Exit,2024-06-17
0000002001,002001,3,6,3,5,4,Annual Review,2024-10-04
0000002001,002001,7,3,1,3,3,Exit,2027-01-03
0000002001,002001,2,3,4,4,3,Exit,2023-09-02
0000002002,002002,5,6,4,6,5,Annual Review,2023-01-18
0000002003,002003,2,5,7,4,4,Exit,2021-06-27
0000002004,002004,4,5,2,6,4,Entry,2022-12-04
0000002004,002004,4,2,3,1,2,Exit,2024-04-20
0000002004,002004,4,1,3,1,2,Exit,2022-11-03
0000002005,002005,6,3,3,5,4,Exit,2024-07-13
0000002006,002006,3,2,3,3,2,Entry,2020-12-22
0000002006,002006,3,1,5,4,3,Entry,2019-07-19
0000002007,002007,3,3,5,1,3,Entry,2019-12-26
0000002008,002008,5,5,4,5,4,Exit,2022-05-05
0000002008,002008,2,3,4,6,3,Entry,2022-10-11
0000002009,002009,6,5,3,6,5,Annual Review,2021-01-06
0000002010,002010,2,3,2,3,2,Entry,2023-04-12
0000002010,002010,4,3,4,5,4,Entry,2021-07-19
0000002011,002011,4,7,5,4,5,Entry,2021-05-18
0000002012,002012,5,7,5,5,5,Exit,2021-07-10
0000002013,002013,1,1,2,2,1,Exit,2024-03-28
0000002013,002013,1,4,1,3,2,Annual Review,2023-11-30
0000002014,002014,2,5,5,1,3,Exit,2023-01-03
0000002015,002015,2,5,1,3,2,Entry,2022-11-03
0000002016,002016,4,5,1,5,3,Entry,2022-02-19
0000002016,002016,3,3,2,3,2,Entry,2020-01-21
0000002017,002017,6,6,3,3,4,Annual Review,2023-07-03
0000002018,002018,5,5,5,5,5,Annual Review,2024-06-06
0000002019,002019,2,3,4,7,4,Entry,2021-03-03
0000002020,002020,2,3,4,4,3,Exit,2021-08-10
0000002021,002021,4,3,5,5,4,Annual Review,2022-02-18
0000002022,002022,4,1,6,4,3,Entry,2019-10-01
0000002023,002023,5,5,1,7,4,Annual Review,2020-11-20
0000002024,002024,4,6,5,5,5,Entry,2022-11-25
0000002025,002025,1,2,2,1,1,Entry,2020-12-23
0000002026,002026,6,6,2,6,5,Exit,2025-06-13
0000002027,002027,5,1,6,7,4,Entry,2022-05-20
0000002028,002028,1,4,4,3,3,Annual Review,2021-07-28
0000002028,002028,1,1,2,4,2,Annual Review,2020-08-28
0000002029,002029,7,5,4,7,5,Exit,2021-01-23
0000002030,002030,3,6,3,3,3,Entry,2021-03-11
0000002031,002031,2,4,4,7,4,Annual Review,2021-04-07
0000002031,002031,3,3,5,5,4,Exit,2021-05-04
0000002031,002031,4,1,2,1,2,Exit,2020-04-29
0000002032,002032,4,5,3,1,3,Entry,2020-09-22
0000002033,002033,1,4,4,3,3,Annual Review,2023-02-11
0000002034,002034,1,2,3,5,2,Entry,2021-01-16
0000002035,002035,3,3,4,7,4,Entry,2022-05-11
0000002036,002036,2,5,6,2,3,Annual Review,2023-10-10
0000002037,002037,5,3,5,6,4,Annual Review,2021-05-16
0000002037,002037,2,4,5,3,3,Annual Review,2021-09-07
0000002038,002038,2,1,4,6,3,Entry,2022-01-19
0000002039,002039,3,4,5,6,4,Exit,2022-09-25
0000002040,002040,2,1,4,4,2,Exit,2024-11-10
0000002041,002041,4,2,2,5,3,Entry,2020-12-03
0000002041,002041,5,4,6,7,5,Annual Review,2025-01-13
0000002042,002042,7,6,2,6,5,Entry,2023-10-08
0000002042,002042,5,4,6,3,4,Exit,2023-08-15
0000002043,002043,3,2,2,1,2,Annual Review,2021-12-01
0000002043,002043,1,2,3,3,2,Exit,2021-03-13
0000002043,002043,4,1,3,6,3,Entry,2022-04-04
0000002044,002044,5,6,3,5,4,Entry,2021-06-06
0000002045,002045,6,7,6,6,6,Entry,2025-08-02
0000002045,002045,3,5,5,5,4,Exit,2025-07-20
0000002046,002046,1,1,5,5,3,Annual Review,2021-06-25
0000002047,002047,3,5,4,5,4,Entry,2018-12-21
0000002047,002047,1,5,5,5,4,Entry,2020-03-31
0000002048,002048,7,2,2,4,3,Exit,2023-04-12
0000002049,002049,4,6,1,7,4,Exit,2025-01-16
0000002050,002050,3,3,2,4,3,Entry,2020-07-10
0000002051,002051,6,7,6,6,6,Exit,2021-09-15
0000002052,002052,3,3,2,4,3,Annual Review,2021-04-15
0000002053,002053,6,5,5,7,5,Exit,2021-12-27
0000002053,002053,5,3,6,6,5,Annual Review,2023-02-24
0000002054,002054,7,3,3,5,4,Exit,2022-04-04
0000002055,002055,3,3,3,2,2,Entry,2021-06-06
0000002056,002056,2,4,4,1,2,Exit,2023-11-30
0000002057,002057,5,3,6,3,4,Exit,2020-08-20
0000002058,002058,2,2,7,5,4,Entry,2020-01-15
0000002059,002059,1,1,5,5,3,Annual Review,2021-08-30
0000002060,002060,4,3,3,6,4,Exit,2021-03-19
0000002061,002061,3,1,2,3,2,Exit,2020-08-11
0000002062,002062,4,2,5,4,3,Annual Review,2020-02-10
0000002062,002062,1,3,5,3,3,Entry,2021-02-21
0000002062,002062,5,4,5,5,4,Exit,2023-10-01
0000002063,002063,5,5,6,6,5,Exit,2023-01-12
0000002063,002063,5,6,6,6,5,Annual Review,2019-07-20
0000002064,002064,4,4,4,4,4,Entry,2021-12-31
0000002065,002065,1,6,1,6,3,Exit,2025-11-12
0000002065,002065,6,6,5,6,5,Annual Review,2022-12-28
0000002066,002066,5,6,2,3,4,Exit,2023-08-18
0000002067,002067,4,3,2,6,3,Exit,2024-06-03
0000002067,002067,4,5,5,3,4,Exit,2021-10-16
0000002068,002068,2,2,3,4,2,Exit,2020-11-30
0000002068,002068,5,6,1,4,4,Exit,2019-09-26
0000002069,002069,7,4,2,6,4,Exit,2023-04-18
0000002070,002070,5,2,3,3,3,Annual Review,2020-02-19
0000002071,002071,4,5,5,5,4,Exit,2023-04-17
0000002071,002071,2,3,7,4,4,Entry,2025-02-21
0000002072,002072,5,1,2,6,3,Exit,2021-12-20
0000002073,002073,4,1,3,1,2,Exit,2020-09-03
0000002074,002074,5,3,1,6,3,Entry,2021-09-08
0000002075,002075,1,4,3,3,2,Entry,2021-05-12
0000002075,002075,3,1,4,3,2,Entry,2020-06-02
0000002076,002076,5,3,5,4,4,Annual Review,2020-02-20
0000002077,002077,7,3,4,6,5,Exit,2021-11-07
0000002078,002078,6,6,7,5,6,Annual Review,2023-01-28
0000002079,002079,7,7,7,6,6,Exit,2024-06-12
0000002079,002079,6,5,4,6,5,Annual Review,2022-08-17
0000002079,002079,3,1,5,6,3,Exit,2021-11-05
0000002080,002080,2,2,7,6,4,Exit,2022-02-03
0000002080,002080,7,4,3,5,4,Entry,2022-01-30
0000002081,002081,6,5,5,3,4,Exit,2023-03-19
0000002082,002082,2,7,5,5,4,Annual Review,2024-03-12
0000002082,002082,7,5,7,6,6,Entry,2019-03-02
0000002083,002083,5,4,6,5,5,Annual Review,2021-08-27
0000002084,002084,7,3,6,1,4,Entry,2023-11-09
0000002084,002084,1,7,5,5,4,Entry,2021-02-01
0000002085,002085,6,7,5,6,6,Entry,2019-05-31
0000002086,002086,2,3,2,6,3,Entry,2020-05-21
0000002087,002087,2,2,4,3,2,Exit,2024-03-15
0000002088,002088,3,5,4,3,3,Exit,2021-07-20
0000002089,002089,1,2,1,3,1,Exit,2019-12-20
0000002090,002090,7,6,4,5,5,Annual Review,2022-10-22
0000002090,002090,7,5,6,6,6,Annual Review,2024-02-26
0000002091,002091,7,5,4,6,5,Entry,2019-01-03
0000002091,002091,5,3,6,6,5,Annual Review,2022-05-19
0000002092,002092,5,4,4,4,4,Exit,2020-05-14
0000002092,002092,2,2,4,7,3,Annual Review,2022-08-24
0000002092,002092,3,5,3,2,3,Annual Review,2021-06-16
0000002093,002093,4,1,4,5,3,Entry,2022-09-14
0000002094,002094,3,3,3,3,3,Exit,2022-06-28
0000002094,002094,4,2,2,4,3,Annual Review,2023-07-31
0000002095,002095,1,1,1,2,1,Annual Review,2021-12-09
0000002095,002095,2,1,3,3,2,Exit,2022-04-30
0000002096,002096,6,3,3,5,4,Entry,2020-06-16
0000002097,002097,6,6,5,4,5,Annual Review,2021-06-07
0000002098,002098,5,1,1,3,2,Entry,2021-07-18
0000002098,002098,4,4,2,5,3,Entry,2020-12-11
0000002099,002099,4,2,2,3,2,Annual Review,2024-04-15
0000002100,002100,3,5,6,4,4,Entry,2023-04-12
0000002100,002100,5,6,4,6,5,Exit,2023-05-04
0000002100,002100,3,7,5,7,5,Entry,2021-09-19
0000002101,002101,2,5,5,7,4,Annual Review,2024-11-21
0000002102,002102,4,2,1,3,2,Annual Review,2022-10-10
0000002103,002103,4,1,2,4,2,Annual Review,2023-01-09
0000002104,002104,5,3,2,3,3,Exit,2024-11-25
0000002105,002105,5,4,4,3,4,Entry,2019-12-25
0000002106,002106,4,6,4,5,4,Exit,2025-12-21
0000002106,002106,5,1,5,7,4,Annual Review,2024-10-05
0000002106,002106,5,6,5,2,4,Annual Review,2023-12-30
0000002107,002107,4,6,2,1,3,Exit,2020-05-27
0000002108,002108,4,1,3,2,2,Annual Review,2022-05-10
0000002109,002109,3,4,6,7,5,Annual Review,2026-02-15
0000002109,002109,5,4,2,5,4,Annual Review,2023-08-22
0000002110,002110,2,5,5,4,4,Exit,2020-04-10
0000002111,002111,6,5,3,4,4,Annual Review,2027-09-12
0000002111,002111,7,3,7,5,5,Exit,2026-11-12
0000002111,002111,5,7,3,6,5,Entry,2023-12-22
0000002112,002112,2,2,2,2,2,Entry,2021-11-14
0000002112,002112,4,5,2,5,4,Exit,2024-11-10
0000002113,002113,4,4,4,7,4,Exit,2021-05-23
0000002114,002114,2,2,1,4,2,Entry,2021-07-26
0000002114,002114,5,5,1,4,3,Exit,2021-06-04
0000002115,002115,4,4,4,4,4,Entry,2020-03-28
0000002116,002116,4,6,7,6,5,Exit,2025-02-01
0000002117,002117,5,5,3,6,4,Entry,2024-08-25
0000002118,002118,3,3,3,3,3,Exit,2023-05-01
0000002118,002118,6,3,4,7,5,Annual Review,2024-04-01
0000002118,002118,5,2,4,4,3,Annual Review,2021-09-07
0000002119,002119,1,5,4,4,3,Entry,2024-07-18
0000002119,002119,3,4,5,6,4,Annual Review,2023-09-02
0000002120,002120,3,3,3,2,2,Entry,2020-03-11
0000002121,002121,3,3,2,4,3,Entry,2021-02-15
0000002122,002122,5,6,3,5,4,Annual Review,2022-11-17
0000002123,002123,5,7,5,4,5,Annual Review,2026-02-08
0000002124,002124,5,6,4,3,4,Entry,2022-11-21
0000002124,002124,3,4,5,6,4,Entry,2022-09-26
0000002125,002125,4,3,2,4,3,Exit,2022-04-03
0000002126,002126,2,1,2,5,2,Annual Review,2022-12-14
0000002127,002127,3,5,5,6,4,Exit,2019-10-08
0000002128,002128,4,3,4,4,3,Annual Review,2021-07-06
0000002129,002129,3,4,4,2,3,Annual Review,2024-06-17
0000002130,002130,4,3,5,4,4,Entry,2020-05-09
0000002131,002131,5,2,3,3,3,Annual Review,2021-01-26
0000002132,002132,1,3,4,5,3,Annual Review,2023-01-04
0000002132,002132,3,4,1,5,3,Entry,2021-03-13
0000002133,002133,2,4,2,3,2,Annual Review,2025-03-11
0000002134,002134,2,5,5,1,3,Entry,2022-11-30
0000002135,002135,3,6,4,6,4,Exit,2023-01-27
0000002135,002135,5,4,6,6,5,Exit,2026-12-13
0000002135,002135,5,4,4,7,5,Exit,2025-07-13
0000002136,002136,6,4,4,6,5,Entry,2023-05-08
0000002137,002137,5,6,3,3,4,Exit,2025-07-27
0000002138,002138,6,3,3,4,4,Entry,2020-04-30
0000002138,002138,4,3,3,7,4,Exit,2022-03-21
0000002139,002139,1,2,4,3,2,Entry,2021-11-24
0000002140,002140,2,2,5,3,3,Exit,2022-07-20
0000002141,002141,4,6,6,7,5,Entry,2022-10-23
0000002142,002142,4,2,5,7,4,Entry,2021-10-22
0000002143,002143,5,4,3,3,3,Entry,2022-11-12
0000002144,002144,1,5,6,4,4,Entry,2021-04-06
0000002144,002144,6,7,6,3,5,Exit,2025-07-05
0000002144,002144,2,6,3,7,4,Annual Review,2021-12-02
0000002145,002145,3,5,3,4,3,Annual Review,2020-05-03
0000002146,002146,7,6,6,5,6,Annual Review,2021-02-01
0000002147,002147,4,4,3,3,3,Exit,2023-09-12
0000002147,002147,2,2,6,4,3,Entry,2019-09-05
0000002147,002147,6,6,6,6,6,Entry,2019-05-14
0000002148,002148,3,5,5,5,4,Annual Review,2021-04-26
0000002149,002149,2,1,3,2,2,Annual Review,2023-02-18
0000002150,002150,6,6,5,5,5,Annual Review,2022-11-05
0000002151,002151,3,1,6,6,4,Exit,2021-12-14
0000002151,002151,6,2,5,3,4,Exit,2022-09-16
0000002152,002152,6,3,4,7,5,Annual Review,2021-06-20
0000002153,002153,6,6,6,7,6,Annual Review,2022-10-24
0000002154,002154,2,2,4,5,3,Entry,2023-02-14
0000002155,002155,5,7,6,6,6,Annual Review,2021-02-19
0000002156,002156,1,4,5,2,3,Entry,2022-08-07
0000002156,002156,3,5,1,3,3,Exit,2022-05-22
0000002157,002157,1,5,5,2,3,Exit,2024-02-06
0000002158,002158,3,6,6,5,5,Entry,2022-05-03
0000002159,002159,5,5,7,5,5,Exit,2021-05-08
0000002159,002159,7,4,6,7,6,Entry,2021-06-06
0000002160,002160,2,3,2,4,2,Entry,2021-12-13
0000002161,002161,1,3,4,5,3,Exit,2021-03-21
0000002162,002162,6,5,7,3,5,Annual Review,2022-03-03
0000002163,002163,7,7,4,5,5,Annual Review,2024-07-06
0000002164,002164,6,2,6,5,4,Exit,2024-06-19
0000002164,002164,4,3,5,6,4,Annual Review,2021-05-14
0000002165,002165,7,5,7,6,6,Exit,2024-01-10
0000002166,002166,2,1,4,3,2,Annual Review,2022-05-16
0000002166,002166,1,1,4,1,1,Exit,2020-09-06
0000002166,002166,5,2,3,3,3,Exit,2021-04-21
0000002167,002167,3,4,6,4,4,Exit,2020-12-25
0000002168,002168,5,1,3,2,2,Exit,2022-01-08
0000002169,002169,2,3,1,5,2,Annual Review,2021-10-14
0000002170,002170,2,2,4,4,3,Entry,2020-01-06
0000002171,002171,4,1,2,4,2,Annual Review,2023-02-05
0000002171,002171,1,4,2,5,3,Annual Review,2021-10-28
0000002172,002172,2,4,3,4,3,Entry,2019-02-04
0000002172,002172,2,5,2,1,2,Entry,2020-03-02
0000002173,002173,2,4,3,3,3,Exit,2022-05-31
0000002174,002174,4,2,3,4,3,Entry,2022-09-27
0000002175,002175,2,1,3,2,2,Exit,2023-04-22
0000002175,002175,3,4,4,3,3,Annual Review,2022-07-10
0000002175,002175,4,1,3,4,3,Annual Review,2024-07-02
0000002176,002176,5,3,4,1,3,Exit,2022-07-03
0000002176,002176,5,3,1,2,2,Annual Review,2022-06-23
0000002177,002177,1,2,1,6,2,Entry,2022-02-13
0000002178,002178,1,4,2,3,2,Exit,2023-09-14
0000002179,002179,3,4,1,6,3,Annual Review,2023-07-01
0000002180,002180,5,5,1,6,4,Exit,2022-08-09
0000002181,002181,2,2,1,5,2,Annual Review,2023-09-13
0000002182,002182,4,7,4,5,5,Entry,2021-11-11
0000002182,002182,4,4,5,7,5,Entry,2023-04-12
0000002182,002182,6,5,7,5,5,Exit,2026-07-20
0000002183,002183,4,7,6,5,5,Exit,2026-07-08
0000002184,002184,3,3,3,1,2,Exit,2024-03-18
0000002185,002185,4,5,1,6,4,Entry,2022-08-30
0000002186,002186,4,4,5,6,4,Annual Review,2021-10-02
0000002187,002187,2,2,4,1,2,Annual Review,2023-11-02
0000002188,002188,3,4,3,4,3,Annual Review,2020-04-12
0000002188,002188,1,2,3,4,2,Entry,2021-03-28
0000002189,002189,4,6,4,4,4,Annual Review,2022-03-01
0000002190,002190,1,4,3,2,2,Exit,2019-10-28
0000002191,002191,3,3,4,1,2,Entry,2019-12-10
0000002192,002192,2,2,6,3,3,Annual Review,2024-11-26
0000002193,002193,4,2,3,2,2,Annual Review,2021-07-25
0000002194,002194,4,4,4,6,4,Exit,2021-05-26
0000002195,002195,1,5,4,6,4,Entry,2022-04-04
0000002196,002196,6,3,6,6,5,Annual Review,2022-08-15
0000002197,002197,4,3,5,5,4,Exit,2027-03-17
0000002197,002197,4,6,4,5,4,Annual Review,2024-05-09
0000002198,002198,5,4,6,5,5,Exit,2021-05-11
0000002199,002199,4,4,3,7,4,Exit,2023-06-13
0000002200,002200,4,1,5,1,2,Entry,2020-03-03
0000002201,002201,2,1,1,5,2,Entry,2018-11-01
0000002202,002202,2,4,2,1,2,Entry,2024-02-12
0000002203,002203,4,6,5,2,4,Entry,2020-12-04
0000002204,002204,2,6,7,5,5,Annual Review,2021-10-20
0000002205,002205,4,5,6,4,4,Entry,2020-05-28
0000002206,002206,3,6,3,6,4,Annual Review,2021-03-17
0000002207,002207,4,3,6,7,5,Annual Review,2020-11-29
0000002208,002208,1,3,3,4,2,Entry,2018-08-02
0000002209,002209,6,4,6,6,5,Exit,2024-01-23
0000002209,002209,3,4,5,4,4,Annual Review,2025-04-03
0000002209,002209,3,6,7,6,5,Annual Review,2020-10-31
0000002210,002210,6,4,4,4,4,Exit,2020-09-30
0000002211,002211,2,1,1,4,2,Entry,2020-04-15
0000002212,002212,2,4,2,2,2,Annual Review,2022-10-21
0000002212,002212,1,1,3,4,2,Exit,2023-05-11
0000002213,002213,1,4,5,5,3,Entry,2021-05-06
0000002213,002213,2,2,3,4,2,Annual Review,2023-05-09
0000002214,002214,5,3,6,7,5,Annual Review,2021-06-26
0000002215,002215,3,4,4,4,3,Entry,2022-04-09
0000002216,002216,7,7,7,4,6,Exit,2024-11-05
0000002216,002216,6,3,5,6,5,Annual Review,2021-12-15
0000002217,002217,4,6,7,4,5,Annual Review,2026-07-09
0000002217,002217,5,5,4,5,4,Entry,2022-03-21
0000002218,002218,5,2,5,6,4,Entry,2022-06-12
0000002219,002219,2,2,2,4,2,Annual Review,2022-11-14
0000002220,002220,3,4,7,1,3,Exit,2024-01-11
0000002220,002220,4,2,1,5,3,Exit,2022-12-25
0000002221,002221,6,5,7,5,5,Annual Review,2021-01-21
0000002222,002222,5,6,2,6,4,Entry,2022-01-10
0000002223,002223,5,5,7,6,5,Annual Review,2026-05-21
0000002223,002223,4,5,5,6,5,Entry,2022-10-12
0000002224,002224,4,7,1,1,3,Exit,2022-06-24
0000002225,002225,1,6,5,3,3,Annual Review,2023-11-06
0000002226,002226,4,5,1,6,4,Entry,2019-11-17
0000002227,002227,3,3,6,5,4,Annual Review,2022-10-20
0000002228,002228,7,7,3,5,5,Exit,2025-04-23
0000002229,002229,4,5,6,5,5,Exit,2025-01-13
0000002230,002230,4,5,4,7,5,Annual Review,2021-03-23
0000002230,002230,3,5,4,3,3,Annual Review,2021-10-30
0000002231,002231,6,1,4,5,4,Exit,2022-09-17
0000002231,002231,3,3,4,3,3,Annual Review,2023-01-04
0000002231,002231,7,1,3,3,3,Annual Review,2025-02-16
0000002232,002232,4,5,2,2,3,Exit,2020-04-15
0000002232,002232,1,2,3,1,1,Exit,2019-10-07
0000002233,002233,6,6,6,6,6,Annual Review,2022-05-10
0000002234,002234,6,5,3,5,4,Exit,2024-05-08
0000002235,002235,5,4,6,7,5,Annual Review,2022-09-07
0000002235,002235,3,5,5,2,3,Annual Review,2024-09-26
0000002236,002236,4,3,3,5,3,Annual Review,2024-02-27
0000002237,002237,2,2,6,1,2,Entry,2021-12-07
0000002238,002238,2,2,3,2,2,Exit,2019-08-02
0000002238,002238,3,6,3,4,4,Entry,2018-08-25
0000002239,002239,5,6,5,6,5,Exit,2021-11-02
0000002240,002240,5,3,4,1,3,Exit,2021-10-07
0000002241,002241,6,5,6,6,5,Annual Review,2024-08-03
0000002242,002242,1,3,4,5,3,Exit,2022-08-03
0000002242,002242,2,1,1,3,1,Exit,2021-10-10
0000002243,002243,6,6,3,6,5,Entry,2020-03-15
0000002244,002244,3,7,5,5,5,Entry,2020-08-10
0000002244,002244,4,4,5,4,4,Entry,2019-11-20
0000002245,002245,6,6,4,5,5,Entry,2021-12-12
0000002246,002246,5,4,4,6,4,Annual Review,2025-04-27
0000002246,002246,5,4,4,7,5,Annual Review,2022-03-20
0000002247,002247,5,2,5,6,4,Annual Review,2022-11-13
0000002248,002248,5,6,7,5,5,Exit,2021-01-26
0000002249,002249,2,7,5,4,4,Exit,2024-02-22
0000002250,002250,6,5,6,5,5,Annual Review,2022-12-26
0000002251,002251,5,2,4,3,3,Entry,2022-11-13
0000002252,002252,4,4,6,6,5,Annual Review,2021-06-05
0000002253,002253,4,4,4,6,4,Annual Review,2024-09-19
0000002254,002254,4,7,6,7,6,Exit,2024-12-17
0000002255,002255,6,6,6,5,5,Entry,2023-08-06
0000002256,002256,5,3,2,5,3,Entry,2019-04-04
0000002256,002256,3,6,6,4,4,Annual Review,2022-04-25
0000002257,002257,5,6,5,6,5,Exit,2024-01-19
0000002257,002257,4,4,6,2,4,Exit,2022-04-23
0000002258,002258,2,3,3,3,2,Annual Review,2019-12-27
0000002259,002259,1,6,5,6,4,Exit,2025-01-29
0000002259,002259,4,5,5,1,3,Annual Review,2021-12-11
0000002260,002260,3,5,2,3,3,Annual Review,2020-12-15
0000002261,002261,4,1,1,3,2,Exit,2020-07-15
0000002262,002262,4,2,3,3,3,Annual Review,2023-04-30
0000002263,002263,5,3,1,4,3,Annual Review,2023-04-18
0000002263,002263,1,3,1,5,2,Annual Review,2022-09-02
0000002264,002264,1,7,6,4,4,Entry,2022-03-05
0000002265,002265,1,2,2,3,2,Entry,2022-12-15
0000002266,002266,5,4,6,3,4,Exit,2025-04-10
0000002267,002267,2,4,5,3,3,Exit,2022-12-04
0000002268,002268,2,5,4,5,4,Annual Review,2021-03-03
0000002269,002269,3,4,7,3,4,Annual Review,2021-05-25
0000002270,002270,4,4,1,7,4,Exit,2023-05-01
0000002271,002271,4,6,6,5,5,Exit,2023-03-18
0000002272,002272,2,7,4,4,4,Annual Review,2022-08-19
0000002273,002273,6,3,4,2,3,Exit,2021-10-21
0000002274,002274,2,7,5,3,4,Entry,2023-10-11
0000002274,002274,3,4,7,7,5,Entry,2021-08-07
0000002275,002275,4,5,4,7,5,Exit,2022-08-21
0000002275,002275,6,5,6,6,5,Entry,2019-07-01
0000002276,002276,1,3,1,1,1,Entry,2020-02-29
0000002277,002277,2,5,7,7,5,Annual Review,2023-02-04
0000002277,002277,5,6,5,5,5,Annual Review,2021-11-05
0000002278,002278,5,5,5,4,4,Annual Review,2019-08-15
0000002279,002279,5,2,4,7,4,Annual Review,2020-03-18
0000002279,002279,5,3,3,6,4,Annual Review,2021-05-29
0000002280,002280,4,5,4,7,5,Annual Review,2022-05-20
0000002280,002280,2,4,6,5,4,Entry,2025-01-18
0000002280,002280,5,7,5,5,5,Entry,2022-06-13
0000002281,002281,4,4,3,7,4,Entry,2022-12-17
0000002282,002282,4,4,2,3,3,Entry,2021-02-02
0000002282,002282,4,5,5,5,4,Annual Review,2023-11-10
0000002283,002283,1,2,1,4,2,Annual Review,2023-05-10
0000002284,002284,5,3,4,6,4,Entry,2021-11-05
0000002285,002285,6,6,5,5,5,Annual Review,2021-04-02
0000002286,002286,7,6,4,6,5,Exit,2023-10-04
0000002287,002287,4,1,5,5,3,Annual Review,2022-11-04
0000002288,002288,7,2,6,6,5,Entry,2020-03-31
0000002289,002289,5,7,4,3,4,Annual Review,2021-10-31
0000002290,002290,4,6,6,1,4,Annual Review,2021-04-07
0000002291,002291,3,6,5,7,5,Annual Review,2020-06-20
0000002292,002292,2,5,5,6,4,Annual Review,2019-06-20
0000002293,002293,1,4,3,5,3,Annual Review,2020-07-10
0000002294,002294,2,5,4,3,3,Annual Review,2021-09-15
0000002294,002294,6,4,5,5,5,Exit,2020-07-27
0000002295,002295,3,2,5,1,2,Exit,2021-01-22
0000002296,002296,2,4,7,3,4,Exit,2021-10-11
0000002296,002296,6,7,4,4,5,Entry,2020-05-02
0000002297,002297,2,4,3,5,3,Exit,2021-06-28
0000002297,002297,6,2,4,5,4,Annual Review,2020-11-06
0000002298,002298,3,3,6,6,4,Entry,2020-12-14
0000002299,002299,7,6,6,5,6,Annual Review,2022-07-21
0000002300,002300,2,2,1,1,1,Exit,2021-08-14
0000002301,002301,7,7,6,6,6,Entry,2023-09-14
0000002302,002302,4,5,3,3,3,Exit,2023-08-14
0000002302,002302,7,3,5,6,5,Entry,2025-01-07
0000002303,002303,4,1,3,4,3,Annual Review,2022-12-15
0000002304,002304,4,2,4,3,3,Entry,2023-02-27
0000002305,002305,6,5,6,7,6,Exit,2022-04-22
0000002306,002306,7,4,4,3,4,Exit,2022-01-31
0000002307,002307,5,5,3,6,4,Exit,2023-05-06
0000002308,002308,6,6,7,5,6,Entry,2019-11-17
0000002308,002308,7,6,2,6,5,Annual Review,2020-07-29
0000002309,002309,1,1,5,1,2,Exit,2022-04-07
0000002309,002309,5,2,2,3,3,Entry,2023-01-09
0000002310,002310,4,5,5,1,3,Annual Review,2022-10-09
0000002311,002311,2,2,4,5,3,Annual Review,2023-06-01
0000002312,002312,4,2,2,2,2,Annual Review,2020-12-14
0000002312,002312,4,3,1,1,2,Entry,2019-10-09
0000002313,002313,6,6,5,3,5,Exit,2023-04-28
0000002314,002314,7,7,7,4,6,Annual Review,2021-11-27
0000002315,002315,5,4,6,5,5,Entry,2020-07-28
0000002316,002316,2,2,4,2,2,Entry,2020-08-19
0000002317,002317,3,3,4,2,3,Exit,2023-06-16
0000002317,002317,5,3,4,6,4,Exit,2021-10-17
0000002318,002318,2,6,2,5,3,Annual Review,2020-12-01
0000002318,002318,7,6,2,6,5,Entry,2019-12-01
0000002319,002319,5,5,6,5,5,Entry,2022-05-18
0000002319,002319,5,6,6,7,6,Entry,2022-03-17
0000002319,002319,6,6,1,5,4,Exit,2027-02-09
0000002320,002320,3,3,4,5,3,Exit,2022-03-29
0000002321,002321,2,1,3,1,1,Entry,2020-07-04
0000002322,002322,6,3,5,6,5,Entry,2020-11-12
0000002322,002322,5,4,2,5,4,Annual Review,2020-09-23
0000002322,002322,4,4,3,4,3,Annual Review,2019-08-14
0000002323,002323,4,5,7,6,5,Exit,2024-12-05
0000002323,002323,3,5,4,4,4,Entry,2021-05-12
0000002324,002324,4,4,4,5,4,Exit,2024-10-30
0000002325,002325,6,5,4,5,5,Entry,2020-12-15
0000002325,002325,3,3,3,1,2,Annual Review,2024-06-06
0000002326,002326,5,2,5,4,4,Annual Review,2021-03-24
0000002327,002327,1,2,5,4,3,Annual Review,2023-03-16
0000002328,002328,1,4,4,2,2,Annual Review,2023-06-16
0000002329,002329,5,5,3,4,4,Exit,2024-04-30
0000002330,002330,5,3,5,5,4,Exit,2021-11-06
0000002331,002331,2,3,3,5,3,Annual Review,2022-10-13
0000002332,002332,4,5,4,4,4,Entry,2024-01-18
0000002332,002332,3,2,5,4,3,Exit,2026-02-01
0000002333,002333,3,1,4,4,3,Entry,2020-02-19
0000002334,002334,4,3,5,2,3,Annual Review,2021-07-26
0000002334,002334,2,5,3,2,3,Entry,2023-06-12
0000002334,002334,4,3,3,4,3,Annual Review,2023-01-09
0000002335,002335,2,7,3,5,4,Annual Review,2021-12-08
0000002336,002336,7,7,1,5,5,Annual Review,2023-05-17
0000002337,002337,6,6,7,7,6,Exit,2025-03-09
0000002338,002338,4,3,1,4,3,Exit,2020-01-10
0000002339,002339,4,5,5,4,4,Exit,2021-01-18
0000002339,002339,4,4,1,4,3,Annual Review,2022-01-03
0000002340,002340,5,5,7,3,5,Exit,2025-01-19
0000002340,002340,6,5,7,1,4,Annual Review,2022-11-22
0000002340,002340,5,6,7,5,5,Entry,2025-01-02
0000002341,002341,7,4,4,5,5,Exit,2022-10-10
0000002342,002342,4,1,7,6,4,Exit,2024-07-31
0000002342,002342,1,4,6,3,3,Exit,2022-09-18
0000002343,002343,2,3,7,4,4,Entry,2020-10-31
0000002343,002343,5,6,5,7,5,Exit,2025-06-03
0000002344,002344,5,7,6,6,6,Exit,2025-05-03
0000002345,002345,3,5,4,4,4,Entry,2021-11-25
0000002345,002345,4,5,1,5,3,Annual Review,2024-10-16
0000002346,002346,3,1,3,3,2,Exit,2020-04-29
0000002347,002347,6,3,2,3,3,Entry,2019-07-01
0000002348,002348,2,4,4,5,3,Entry,2021-12-11
0000002349,002349,6,4,2,5,4,Annual Review,2022-06-02
0000002350,002350,3,3,5,3,3,Annual Review,2025-06-29
0000002350,002350,4,4,1,3,3,Exit,2022-05-31
0000002351,002351,4,5,6,3,4,Entry,2020-12-20
0000002352,002352,2,3,4,2,2,Entry,2020-01-21
0000002353,002353,5,5,5,5,5,Entry,2019-02-12
0000002354,002354,4,2,6,5,4,Annual Review,2021-05-26
0000002355,002355,1,4,2,7,3,Annual Review,2022-05-11
0000002355,002355,2,4,1,3,2,Entry,2020-10-14
0000002356,002356,5,3,5,3,4,Annual Review,2021-03-11
0000002357,002357,6,3,6,6,5,Annual Review,2023-02-02
0000002357,002357,3,5,5,6,4,Annual Review,2023-11-25
0000002358,002358,6,6,6,7,6,Exit,2025-09-02
0000002359,002359,1,1,2,2,1,Entry,2019-02-10
0000002360,002360,1,5,3,4,3,Exit,2021-07-08
0000002361,002361,5,7,7,3,5,Exit,2023-08-24
0000002361,002361,3,5,6,5,4,Entry,2019-02-27
0000002362,002362,5,7,4,7,5,Entry,2022-10-20
0000002362,002362,3,7,5,5,5,Entry,2023-01-07
0000002362,002362,6,4,5,7,5,Exit,2027-06-24
0000002363,002363,5,4,7,3,4,Exit,2020-08-18
0000002364,002364,1,2,4,5,3,Annual Review,2023-03-15
0000002364,002364,1,3,2,5,2,Entry,2022-08-19
0000002365,002365,2,5,2,3,3,Entry,2021-04-12
0000002366,002366,5,3,5,6,4,Entry,2021-01-02
0000002367,002367,4,1,4,2,2,Exit,2020-11-03
0000002368,002368,2,2,5,4,3,Entry,2019-05-17
0000002369,002369,7,3,3,7,5,Exit,2023-09-05
0000002369,002369,6,5,6,7,6,Entry,2019-04-11
0000002370,002370,4,2,3,6,3,Entry,2019-03-23
0000002371,002371,3,4,3,4,3,Exit,2019-11-11
0000002372,002372,4,1,4,7,4,Entry,2020-06-12
0000002373,002373,1,7,1,4,3,Annual Review,2024-11-21
0000002374,002374,2,3,2,1,2,Annual Review,2025-03-10
0000002374,002374,4,3,5,5,4,Annual Review,2023-07-30
0000002375,002375,5,7,4,5,5,Entry,2019-05-01
0000002375,002375,7,6,7,6,6,Exit,2024-01-15
0000002376,002376,3,4,1,5,3,Entry,2021-08-10
0000002377,002377,3,2,6,2,3,Exit,2021-12-23
0000002378,002378,1,5,5,6,4,Exit,2022-11-24
0000002379,002379,3,4,5,6,4,Annual Review,2021-12-26
0000002380,002380,5,4,7,3,4,Annual Review,2023-01-16
0000002380,002380,4,4,5,5,4,Annual Review,2026-08-13
0000002381,002381,4,7,3,3,4,Annual Review,2021-03-05
0000002382,002382,4,5,4,5,4,Entry,2020-08-05
0000002383,002383,6,5,3,7,5,Entry,2020-11-11
0000002384,002384,4,2,4,6,4,Exit,2022-04-19
0000002385,002385,4,5,4,2,3,Annual Review,2023-10-27
0000002386,002386,7,6,3,5,5,Entry,2022-09-16
0000002386,002386,2,4,5,4,3,Exit,2024-12-15
0000002387,002387,2,3,3,4,3,Exit,2024-12-25
0000002387,002387,5,5,5,3,4,Annual Review,2023-11-25
0000002388,002388,3,3,1,6,3,Exit,2025-08-29
0000002388,002388,2,3,4,4,3,Exit,2024-11-18
0000002389,002389,3,5,4,5,4,Entry,2026-08-25
0000002390,002390,5,7,3,7,5,Entry,2019-08-30
0000002390,002390,4,6,1,4,3,Exit,2023-09-01
0000002391,002391,7,2,6,3,4,Entry,2022-02-23
0000002392,002392,4,3,2,3,3,Annual Review,2022-01-23
0000002392,002392,4,1,3,6,3,Exit,2021-03-21
0000002393,002393,3,2,3,3,2,Annual Review,2023-10-19
0000002394,002394,3,4,4,4,3,Exit,2023-06-21
0000002394,002394,4,4,2,3,3,Exit,2022-04-26
0000002395,002395,4,3,3,4,3,Entry,2018-05-27
0000002395,002395,3,2,5,2,3,Annual Review,2020-05-21
0000002396,002396,4,3,4,1,3,Exit,2022-05-13
0000002397,002397,4,4,5,3,4,Exit,2022-05-31
0000002398,002398,5,4,5,4,4,Exit,2024-01-28
0000002398,002398,5,5,6,7,5,Entry,2022-09-05
0000002399,002399,7,5,5,5,5,Annual Review,2026-02-12
0000002400,002400,7,3,5,7,5,Annual Review,2022-08-09
0000002400,002400,6,5,4,5,5,Entry,2021-08-24
0000002401,002401,2,2,3,2,2,Exit,2022-04-15
0000002401,002401,1,3,4,7,3,Entry,2023-01-20
0000002402,002402,2,4,4,3,3,Entry,2025-04-18
0000002402,002402,2,2,3,5,3,Exit,2023-11-03
0000002403,002403,3,5,5,5,4,Entry,2022-01-23
0000002403,002403,1,7,1,1,2,Entry,2020-10-03
0000002403,002403,1,5,2,2,2,Exit,2020-07-14
0000002404,002404,4,1,4,3,3,Exit,2020-09-22
0000002405,002405,6,2,7,6,5,Annual Review,2025-02-11
0000002405,002405,7,7,4,7,6,Entry,2022-06-26
0000002406,002406,2,3,4,5,3,Exit,2020-10-21
0000002407,002407,1,4,2,1,2,Entry,2025-06-09
0000002407,002407,2,1,6,7,4,Annual Review,2024-06-19
0000002408,002408,7,7,4,1,4,Exit,2023-07-27
0000002408,002408,5,6,2,5,4,Annual Review,2024-06-24
0000002409,002409,4,4,4,3,3,Annual Review,2025-08-01
0000002410,002410,6,7,1,4,4,Exit,2025-02-07
0000002411,002411,5,3,6,5,4,Entry,2018-12-07
0000002412,002412,2,3,2,4,2,Annual Review,2024-07-26
0000002412,002412,7,3,4,3,4,Exit,2020-12-21
0000002412,002412,3,5,2,5,3,Entry,2020-12-28
0000002413,002413,4,4,4,4,4,Entry,2022-10-01
0000002413,002413,5,4,4,3,4,Annual Review,2022-02-21
0000002414,002414,6,5,3,5,4,Entry,2024-04-07
0000002414,002414,6,1,1,5,3,Exit,2024-04-12
0000002415,002415,3,2,3,4,3,Exit,2022-09-30
0000002415,002415,6,7,3,3,4,Exit,2024-05-20
0000002416,002416,1,1,6,6,3,Entry,2021-07-20
0000002417,002417,6,5,5,7,5,Entry,2019-03-27
0000002418,002418,2,5,3,4,3,Entry,2022-01-18
0000002419,002419,7,5,5,5,5,Exit,2024-03-14
0000002420,002420,6,6,5,7,6,Entry,2024-05-26
0000002420,002420,3,5,6,6,5,Entry,2021-09-16
0000002421,002421,3,5,2,2,3,Annual Review,2021-01-18
0000002422,002422,5,2,4,1,3,Annual Review,2023-02-15
0000002423,002423,6,6,6,5,5,Exit,2022-06-23
0000002424,002424,3,1,3,2,2,Exit,2022-11-21
0000002424,002424,3,1,4,3,2,Entry,2020-12-18
0000002425,002425,7,3,4,4,4,Exit,2021-10-13
0000002425,002425,1,2,2,6,2,Exit,2023-11-22
0000002426,002426,1,1,3,1,1,Entry,2021-02-02
0000002427,002427,2,4,4,6,4,Entry,2020-05-17
0000002428,002428,2,3,1,2,2,Annual Review,2023-11-03
0000002428,002428,2,3,4,1,2,Entry,2024-03-11
0000002429,002429,4,4,1,5,3,Entry,2023-09-20
0000002429,002429,4,1,3,2,2,Exit,2023-07-12
0000002430,002430,5,4,5,6,5,Annual Review,2022-01-08
0000002431,002431,5,7,4,5,5,Entry,2019-12-02
0000002432,002432,7,5,2,4,4,Entry,2023-10-04
0000002432,002432,7,4,4,6,5,Exit,2023-09-06
0000002432,002432,6,2,6,4,4,Exit,2023-12-05
0000002433,002433,1,5,6,4,4,Entry,2019-12-22
0000002434,002434,3,3,4,5,3,Annual Review,2022-02-08
0000002435,002435,5,2,3,6,4,Entry,2021-01-03
0000002436,002436,5,5,3,4,4,Entry,2019-02-28
0000002437,002437,1,2,4,5,3,Annual Review,2022-01-25
0000002438,002438,1,5,4,4,3,Exit,2023-04-29
0000002439,002439,3,5,1,5,3,Entry,2022-07-07
0000002440,002440,3,3,3,4,3,Annual Review,2023-02-27
0000002441,002441,4,5,1,6,4,Exit,2023-07-28
0000002441,002441,7,5,5,6,5,Exit,2025-07-25
0000002442,002442,6,7,5,2,5,Exit,2022-04-16
0000002443,002443,6,1,4,5,4,Exit,2023-01-21
0000002444,002444,7,7,5,6,6,Annual Review,2021-03-22
0000002445,002445,4,5,5,4,4,Annual Review,2022-07-03
0000002446,002446,4,7,5,5,5,Annual Review,2020-03-30
0000002447,002447,3,5,1,5,3,Exit,2024-04-02
0000002448,002448,6,2,6,6,5,Exit,2026-04-28
0000002448,002448,6,6,4,4,5,Entry,2026-05-10
0000002448,002448,1,4,4,6,3,Entry,2022-04-23
0000002449,002449,7,7,4,6,6,Annual Review,2022-04-28
0000002450,002450,6,5,5,5,5,Annual Review,2025-05-03
0000002450,002450,1,5,2,3,2,Annual Review,2023-03-29
0000002451,002451,4,5,6,1,4,Entry,2019-11-25
0000002451,002451,1,5,2,2,2,Entry,2021-08-29
0000002452,002452,2,3,5,6,4,Entry,2025-08-14
0000002452,002452,5,5,7,7,6,Entry,2023-11-03
0000002453,002453,5,4,5,5,4,Exit,2025-04-15
0000002454,002454,2,6,3,3,3,Annual Review,2019-06-14
0000002454,002454,1,4,3,1,2,Annual Review,2019-07-04
0000002455,002455,5,7,7,7,6,Annual Review,2024-10-16
0000002455,002455,6,2,5,4,4,Entry,2022-07-19
0000002456,002456,1,4,4,4,3,Annual Review,2021-07-11
0000002457,002457,2,7,1,5,3,Exit,2023-10-25
0000002458,002458,1,5,3,2,2,Annual Review,2020-06-13
0000002459,002459,1,1,6,4,3,Exit,2023-01-07
0000002460,002460,4,1,2,4,2,Annual Review,2020-02-27
0000002461,002461,6,4,7,6,5,Exit,2027-01-19
0000002462,002462,1,6,7,5,4,Annual Review,2025-09-14
0000002462,002462,4,3,5,2,3,Entry,2022-11-22
0000002463,002463,5,6,5,5,5,Entry,2025-03-13
0000002464,002464,4,3,4,7,4,Annual Review,2020-04-09
0000002465,002465,4,2,3,1,2,Entry,2024-01-30
0000002465,002465,2,4,1,4,2,Entry,2023-01-22
0000002466,002466,1,7,3,7,4,Exit,2020-04-21
0000002467,002467,1,2,3,3,2,Entry,2023-06-13
0000002468,002468,2,4,4,4,3,Entry,2021-02-09
0000002469,002469,7,4,5,7,5,Entry,2020-06-24
0000002470,002470,2,1,7,6,4,Exit,2021-02-08
0000002470,002470,2,5,5,1,3,Exit,2022-10-24
0000002471,002471,3,4,4,3,3,Exit,2021-12-17
0000002472,002472,6,6,3,3,4,Annual Review,2023-04-23
0000002473,002473,4,5,3,4,4,Exit,2020-10-09
0000002473,002473,1,3,5,4,3,Exit,2019-12-23
0000002474,002474,2,7,6,4,4,Entry,2023-03-18
0000002474,002474,4,4,4,5,4,Entry,2020-06-30
0000002475,002475,1,1,3,1,1,Annual Review,2022-09-29
0000002476,002476,4,7,4,1,4,Exit,2024-10-23
0000002477,002477,5,4,3,1,3,Annual Review,2022-01-24
0000002478,002478,5,5,5,5,5,Exit,2024-11-29
0000002479,002479,3,7,6,5,5,Annual Review,2023-09-18
0000002480,002480,4,3,4,3,3,Exit,2022-02-07
0000002481,002481,2,4,4,6,4,Entry,2021-08-24
0000002482,002482,5,4,7,4,5,Entry,2022-08-23
0000002482,002482,3,7,5,7,5,Entry,2019-11-15
0000002482,002482,5,5,3,6,4,Exit,2021-03-31
0000002483,002483,3,1,2,3,2,Annual Review,2022-12-22
0000002483,002483,4,1,3,5,3,Entry,2020-03-02
0000002484,002484,3,1,2,4,2,Entry,2023-02-16
0000002484,002484,1,1,1,7,2,Entry,2023-12-16
0000002485,002485,5,4,5,6,5,Annual Review,2026-11-13
0000002485,002485,5,7,4,7,5,Exit,2023-05-29
0000002486,002486,5,2,7,5,4,Exit,2024-11-25
0000002487,002487,7,5,5,5,5,Annual Review,2024-04-25
0000002488,002488,5,6,6,6,5,Exit,2024-06-25
0000002488,002488,4,5,4,6,4,Annual Review,2025-04-29
0000002489,002489,1,4,5,6,4,Entry,2021-08-28
0000002490,002490,3,2,4,3,3,Entry,2022-06-15
0000002491,002491,5,6,7,1,4,Entry,2026-11-06
0000002491,002491,2,5,7,7,5,Exit,2026-12-25
0000002491,002491,6,3,5,6,5,Exit,2024-06-09
0000002492,002492,1,5,5,3,3,Exit,2021-03-26
0000002492,002492,4,4,3,3,3,Annual Review,2024-02-10
0000002492,002492,3,5,3,5,4,Annual Review,2022-01-10
0000002493,002493,3,6,6,6,5,Entry,2020-12-18
0000002494,002494,4,7,1,3,3,Entry,2020-05-30
0000002495,002495,4,6,5,6,5,Exit,2025-12-11
0000002495,002495,4,6,6,3,4,Exit,2024-06-10
0000002496,002496,5,4,6,7,5,Annual Review,2020-07-13
0000002496,002496,6,6,2,4,4,Exit,2022-05-19
0000002497,002497,4,1,5,1,2,Annual Review,2023-03-20
0000002498,002498,1,3,2,3,2,Annual Review,2020-12-08
0000002498,002498,3,2,1,4,2,Exit,2022-05-19
0000002498,002498,3,4,3,2,3,Exit,2021-05-02
0000002499,002499,1,2,5,4,3,Annual Review,2024-05-06
0000002499,002499,3,5,5,5,4,Entry,2021-03-01
0000002500,002500,3,1,3,2,2,Annual Review,2022-12-02
0000002501,002501,4,5,6,5,5,Exit,2023-04-13
0000002502,002502,1,3,4,5,3,Annual Review,2022-08-07
0000002502,002502,1,5,3,4,3,Annual Review,2024-06-16
0000002503,002503,2,4,2,1,2,Exit,2023-08-10
0000002504,002504,7,2,7,6,5,Annual Review,2021-11-07
0000002504,002504,6,3,2,2,3,Exit,2022-03-04
0000002504,002504,7,7,3,7,6,Entry,2022-04-22
0000002505,002505,2,1,6,6,3,Annual Review,2022-06-04
0000002505,002505,5,4,3,6,4,Exit,2021-07-01
0000002506,002506,3,2,3,1,2,Annual Review,2020-03-23
0000002507,002507,6,6,7,6,6,Annual Review,2024-08-15
0000002508,002508,3,7,6,7,5,Entry,2022-02-11
0000002509,002509,6,6,7,6,6,Exit,2025-11-12
0000002509,002509,7,6,5,7,6,Exit,2023-02-24
0000002509,002509,4,5,5,5,4,Entry,2021-09-23
0000002510,002510,6,4,5,1,4,Entry,2021-05-12
0000002510,002510,4,5,4,5,4,Annual Review,2024-01-15
0000002511,002511,3,5,4,6,4,Annual Review,2020-04-16
0000002512,002512,4,5,5,4,4,Annual Review,2024-07-10
0000002513,002513,1,4,4,2,2,Exit,2024-11-10
0000002513,002513,5,6,4,2,4,Annual Review,2022-07-25
0000002514,002514,6,5,5,6,5,Exit,2023-05-19
0000002514,002514,4,3,2,4,3,Exit,2022-11-04
0000002514,002514,5,5,5,5,5,Exit,2025-03-09
0000002515,002515,3,3,1,3,2,Annual Review,2020-10-20
0000002516,002516,2,5,2,4,3,Exit,2023-07-01
0000002517,002517,1,3,3,4,2,Annual Review,2022-11-16
0000002518,002518,1,5,6,4,4,Annual Review,2023-09-11
0000002518,002518,6,2,4,5,4,Exit,2022-08-18
0000002519,002519,3,2,3,4,3,Entry,2022-02-23
0000002519,002519,2,4,3,1,2,Annual Review,2024-12-16
0000002520,002520,1,4,1,3,2,Entry,2021-01-30
0000002520,002520,2,2,4,4,3,Annual Review,2022-08-07
0000002521,002521,5,5,4,5,4,Exit,2021-10-31
0000002522,002522,6,1,3,5,3,Annual Review,2022-11-30
0000002522,002522,5,6,5,6,5,Entry,2023-12-22
0000002523,002523,4,3,4,3,3,Annual Review,2022-09-26
0000002524,002524,6,1,4,6,4,Entry,2020-12-25
0000002525,002525,3,3,7,6,4,Entry,2020-12-15
0000002526,002526,4,5,4,4,4,Annual Review,2023-02-04
0000002527,002527,3,3,5,6,4,Entry,2022-03-07
0000002528,002528,4,3,2,4,3,Entry,2020-05-30
0000002528,002528,4,1,6,4,3,Exit,2023-04-11
0000002529,002529,4,4,4,5,4,Entry,2023-03-09
0000002530,002530,1,3,2,3,2,Entry,2022-05-14
0000002531,002531,3,5,4,4,4,Entry,2020-12-21
0000002532,002532,3,6,6,4,4,Annual Review,2022-01-23
0000002533,002533,1,3,4,2,2,Exit,2023-07-06
0000002533,002533,4,4,2,4,3,Exit,2021-04-10
0000002533,002533,5,2,2,2,2,Entry,2021-03-10
0000002534,002534,2,2,4,3,2,Annual Review,2022-08-09
0000002535,002535,5,6,3,7,5,Exit,2023-06-03
0000002536,002536,6,5,2,5,4,Annual Review,2023-06-07
0000002537,002537,5,4,3,2,3,Annual Review,2025-03-27
0000002537,002537,1,4,1,4,2,Annual Review,2024-06-27
0000002538,002538,2,6,7,7,5,Annual Review,2022-06-21
0000002539,002539,3,4,5,5,4,Entry,2020-09-29
0000002540,002540,6,4,4,3,4,Entry,2025-02-12
0000002540,002540,2,4,5,5,4,Annual Review,2024-05-13
0000002540,002540,4,2,5,6,4,Exit,2027-04-06
0000002541,002541,5,5,6,6,5,Exit,2025-02-12
0000002542,002542,4,1,4,5,3,Annual Review,2022-05-11
0000002542,002542,4,1,5,3,3,Annual Review,2023-04-20
0000002543,002543,5,7,4,6,5,Exit,2021-08-11
0000002544,002544,3,4,5,4,4,Annual Review,2023-07-15
0000002545,002545,1,2,2,5,2,Annual Review,2021-06-08
0000002545,002545,1,1,5,3,2,Entry,2019-11-09
0000002546,002546,2,4,1,3,2,Annual Review,2021-07-24
0000002547,002547,5,5,6,5,5,Exit,2020-02-12
0000002548,002548,5,3,4,4,4,Exit,2025-02-12
0000002549,002549,2,2,1,4,2,Exit,2022-05-22
0000002550,002550,1,6,4,1,3,Entry,2019-05-26
0000002551,002551,4,7,5,5,5,Exit,2022-02-09
0000002552,002552,6,3,6,3,4,Entry,2020-04-13
0000002553,002553,5,7,6,4,5,Entry,2023-05-29
0000002554,002554,3,7,3,5,4,Entry,2019-12-17
0000002555,002555,7,4,6,2,4,Exit,2025-04-04
0000002556,002556,5,5,7,4,5,Exit,2021-10-13
0000002557,002557,4,3,4,3,3,Exit,2023-03-04
0000002558,002558,4,4,2,2,3,Annual Review,2023-12-24
0000002559,002559,7,6,5,6,6,Exit,2022-09-14
0000002560,002560,2,4,7,7,5,Entry,2021-09-23
0000002561,002561,1,4,2,3,2,Exit,2021-05-03
0000002562,002562,5,1,1,5,3,Annual Review,2023-07-14
0000002563,002563,3,4,7,5,4,Annual Review,2023-10-21
0000002563,002563,7,6,2,3,4,Exit,2026-09-26
0000002564,002564,5,6,4,5,5,Annual Review,2024-07-17
0000002565,002565,5,7,5,5,5,Annual Review,2025-07-14
0000002565,002565,3,6,4,7,5,Annual Review,2023-09-05
0000002566,002566,4,4,2,4,3,Entry,2022-02-24
0000002567,002567,4,1,4,3,3,Exit,2023-07-20
0000002568,002568,1,3,5,6,3,Entry,2023-10-24
0000002569,002569,1,6,3,6,4,Entry,2021-07-28
0000002570,002570,5,5,2,6,4,Exit,2022-09-02
0000002570,002570,5,5,3,6,4,Exit,2023-08-14
0000002570,002570,3,4,6,6,4,Annual Review,2024-07-15
0000002571,002571,6,6,4,7,5,Annual Review,2021-11-08
0000002571,002571,6,6,5,6,5,Annual Review,2024-12-11
0000002571,002571,5,6,3,5,4,Annual Review,2022-07-03
0000002572,002572,5,1,5,3,3,Annual Review,2026-07-26
0000002572,002572,6,2,1,5,3,Annual Review,2023-10-19
0000002573,002573,1,4,4,2,2,Annual Review,2020-11-29
0000002574,002574,4,5,3,1,3,Entry,2022-09-17
0000002574,002574,5,1,4,5,3,Annual Review,2024-12-29
0000002575,002575,6,6,7,6,6,Entry,2020-07-12
0000002576,002576,3,7,2,1,3,Annual Review,2021-10-25
0000002576,002576,3,4,2,4,3,Annual Review,2021-01-18
0000002577,002577,7,5,4,2,4,Entry,2022-04-23
0000002578,002578,2,5,2,4,3,Exit,2024-01-16
0000002579,002579,5,6,5,7,5,Annual Review,2023-09-01
0000002580,002580,2,4,2,1,2,Entry,2020-06-26
0000002581,002581,6,5,3,7,5,Exit,2024-09-12
0000002582,002582,5,3,4,6,4,Exit,2024-08-17
0000002583,002583,5,4,2,6,4,Annual Review,2022-07-04
0000002584,002584,2,5,5,3,3,Exit,2021-11-16
0000002585,002585,3,2,4,4,3,Exit,2024-09-27
0000002586,002586,1,3,1,4,2,Annual Review,2024-08-13
0000002587,002587,1,4,4,2,2,Exit,2021-09-10
0000002587,002587,2,2,2,3,2,Exit,2022-03-07
0000002587,002587,5,4,2,4,3,Annual Review,2023-04-02
0000002588,002588,3,2,4,2,2,Entry,2021-04-07
0000002589,002589,3,7,3,5,4,Entry,2021-03-14
0000002590,002590,4,3,1,4,3,Entry,2023-04-03
0000002591,002591,4,7,4,6,5,Exit,2022-10-14
0000002592,002592,4,2,5,3,3,Entry,2022-06-21
0000002593,002593,3,3,3,5,3,Annual Review,2022-01-24
0000002593,002593,2,2,1,5,2,Exit,2023-11-08
0000002594,002594,4,3,1,1,2,Annual Review,2021-08-25
0000002594,002594,2,2,1,2,1,Entry,2021-12-22
0000002594,002594,2,5,1,4,3,Entry,2021-05-27
0000002595,002595,7,4,6,4,5,Exit,2025-01-14
0000002596,002596,4,1,4,5,3,Exit,2022-12-20
0000002596,002596,3,5,1,2,2,Exit,2021-02-25
0000002596,002596,4,1,1,3,2,Annual Review,2022-05-24
0000002597,002597,6,5,6,6,5,Exit,2021-12-17
0000002598,002598,6,6,6,7,6,Exit,2024-11-22
0000002599,002599,6,2,7,3,4,Entry,2025-04-15
0000002599,002599,4,6,3,5,4,Exit,2025-03-13
0000002600,002600,1,1,5,4,2,Exit,2024-01-31
0000002601,002601,5,4,5,4,4,Exit,2027-05-21
0000002601,002601,5,5,6,6,5,Exit,2025-11-02
0000002601,002601,4,7,5,5,5,Entry,2022-01-23
0000002602,002602,6,5,6,4,5,Exit,2024-04-12
0000002603,002603,5,4,4,4,4,Annual Review,2021-11-29
0000002604,002604,1,1,2,2,1,Entry,2021-10-17
0000002605,002605,2,6,6,6,5,Annual Review,2022-10-11
0000002606,002606,5,6,7,5,5,Exit,2023-05-09
0000002606,002606,6,4,4,6,5,Entry,2023-08-24
0000002607,002607,4,4,6,4,4,Annual Review,2022-03-27
0000002608,002608,2,6,3,4,3,Exit,2023-04-16
0000002609,002609,3,5,4,3,3,Exit,2022-09-08
0000002610,002610,5,5,3,4,4,Entry,2022-08-05
0000002611,002611,1,4,2,1,2,Annual Review,2019-12-12
0000002611,002611,4,1,3,4,3,Annual Review,2020-01-19
0000002612,002612,4,5,5,6,5,Entry,2024-10-16
0000002613,002613,2,2,4,5,3,Entry,2023-11-12
0000002613,002613,1,1,4,5,2,Exit,2023-07-11
0000002614,002614,6,5,3,5,4,Entry,2023-11-02
0000002614,002614,5,5,7,6,5,Annual Review,2023-01-05
0000002615,002615,4,4,4,6,4,Entry,2023-07-15
0000002615,002615,4,5,4,6,4,Annual Review,2023-06-07
0000002616,002616,2,3,2,4,2,Entry,2024-02-21
0000002616,002616,5,2,3,7,4,Exit,2024-01-06
0000002616,002616,7,1,2,3,3,Annual Review,2026-04-07
0000002617,002617,2,5,3,4,3,Exit,2022-07-17
0000002617,002617,5,3,4,5,4,Annual Review,2023-05-03
0000002618,002618,7,5,4,3,4,Exit,2023-03-25
0000002618,002618,3,7,5,5,5,Entry,2023-02-18
0000002619,002619,2,1,5,4,3,Annual Review,2025-01-10
0000002620,002620,5,4,7,3,4,Annual Review,2025-12-28
0000002621,002621,4,1,4,5,3,Entry,2020-12-16
0000002621,002621,2,7,3,1,3,Entry,2022-12-27
0000002622,002622,3,4,1,3,2,Exit,2022-01-28
0000002623,002623,5,7,7,6,6,Annual Review,2022-12-17
0000002624,002624,3,6,4,7,5,Exit,2024-08-09
0000002625,002625,4,6,5,5,5,Annual Review,2024-01-01
0000002626,002626,4,5,3,6,4,Entry,2019-10-10
0000002626,002626,1,4,2,5,3,Entry,2018-08-21
0000002627,002627,6,5,6,7,6,Annual Review,2023-03-30
0000002627,002627,6,7,6,6,6,Exit,2026-11-17
0000002628,002628,5,3,3,6,4,Entry,2020-09-08
0000002629,002629,4,1,4,7,4,Annual Review,2023-10-31
0000002629,002629,4,3,5,2,3,Annual Review,2023-12-10
0000002630,002630,4,4,3,4,3,Annual Review,2022-09-16
0000002631,002631,3,4,6,6,4,Exit,2022-09-24
0000002632,002632,5,5,3,2,3,Annual Review,2023-05-14
0000002632,002632,2,2,4,4,3,Exit,2022-04-05
0000002633,002633,6,4,5,5,5,Entry,2021-12-09
0000002634,002634,5,2,4,5,4,Entry,2019-12-07
0000002635,002635,5,4,6,6,5,Exit,2026-10-13
0000002636,002636,2,2,3,4,2,Entry,2020-11-23
0000002637,002637,4,1,3,2,2,Entry,2021-04-03
0000002638,002638,5,2,2,5,3,Annual Review,2020-12-11
0000002638,002638,7,4,3,6,5,Exit,2024-07-27
0000002638,002638,3,5,7,6,5,Entry,2020-01-02
0000002639,002639,3,3,3,5,3,Annual Review,2025-06-21
0000002640,002640,4,3,4,5,4,Exit,2023-06-01
0000002641,002641,4,5,4,6,4,Entry,2019-04-07
0000002642,002642,6,4,5,6,5,Exit,2026-04-25
0000002643,002643,4,2,6,7,4,Exit,2021-08-06
0000002643,002643,2,4,5,1,3,Exit,2020-08-05
0000002644,002644,5,6,3,7,5,Exit,2024-03-06
0000002645,002645,3,4,5,6,4,Exit,2022-04-17
0000002646,002646,2,5,5,3,3,Exit,2021-01-13
0000002647,002647,7,1,3,6,4,Exit,2024-01-23
0000002647,002647,7,2,1,7,4,Entry,2025-12-04
0000002648,002648,1,1,1,2,1,Exit,2024-05-09
0000002648,002648,3,1,4,5,3,Exit,2023-08-31
0000002648,002648,3,2,5,4,3,Entry,2022-06-19
0000002649,002649,6,5,4,7,5,Entry,2021-12-24
0000002650,002650,3,5,5,7,5,Annual Review,2023-03-19
0000002650,002650,4,6,6,5,5,Annual Review,2020-09-15
0000002651,002651,4,6,6,6,5,Annual Review,2021-03-11
0000002652,002652,5,7,5,4,5,Entry,2020-01-24
0000002653,002653,5,2,4,3,3,Entry,2023-05-14
0000002654,002654,2,4,4,2,3,Exit,2023-02-25
0000002655,002655,1,4,2,4,2,Exit,2023-10-20
0000002656,002656,3,2,2,3,2,Entry,2020-03-29
0000002657,002657,5,3,1,4,3,Annual Review,2019-11-01
0000002658,002658,5,4,7,6,5,Entry,2025-03-17
0000002658,002658,6,6,3,6,5,Entry,2023-03-15
0000002658,002658,4,7,4,5,5,Exit,2023-04-30
0000002659,002659,2,5,5,4,4,Annual Review,2020-08-27
0000002660,002660,4,2,6,3,3,Exit,2020-03-16
0000002661,002661,6,5,4,6,5,Exit,2022-09-28
0000002661,002661,4,6,6,6,5,Exit,2022-02-25
0000002662,002662,5,1,4,5,3,Exit,2026-11-07
0000002663,002663,7,6,7,4,6,Exit,2024-07-25
0000002663,002663,1,4,3,5,3,Entry,2024-08-10
0000002664,002664,3,2,4,5,3,Entry,2020-08-08
0000002665,002665,5,5,6,4,5,Entry,2020-01-16
0000002666,002666,5,5,3,3,4,Entry,2019-04-19
0000002667,002667,2,4,4,3,3,Exit,2024-05-01
0000002667,002667,6,4,4,6,5,Annual Review,2020-09-19
0000002668,002668,3,3,5,5,4,Annual Review,2020-07-21
0000002669,002669,1,2,2,5,2,Entry,2020-01-24
0000002670,002670,5,4,7,7,5,Annual Review,2020-07-24
0000002671,002671,5,4,4,3,4,Annual Review,2023-09-29
0000002672,002672,5,4,4,4,4,Entry,2022-03-02
0000002672,002672,7,4,2,4,4,Exit,2026-09-18
0000002673,002673,3,2,5,3,3,Entry,2021-06-13
0000002674,002674,1,1,5,7,3,Exit,2025-03-05
0000002674,002674,5,6,4,5,5,Exit,2026-05-23
0000002675,002675,2,4,5,1,3,Entry,2022-05-15
0000002676,002676,5,5,4,5,4,Entry,2022-12-21
0000002676,002676,5,5,5,4,4,Exit,2026-06-25
0000002676,002676,4,6,5,7,5,Entry,2026-05-18
0000002677,002677,5,4,6,3,4,Annual Review,2026-01-14
0000002678,002678,7,6,4,2,4,Exit,2022-06-30
0000002679,002679,4,5,5,3,4,Annual Review,2025-09-02
0000002679,002679,1,6,2,1,2,Entry,2023-07-11
0000002680,002680,2,3,6,5,4,Exit,2023-06-28
0000002681,002681,4,4,5,5,4,Entry,2022-04-11
0000002681,002681,6,3,6,4,4,Annual Review,2026-11-13
0000002681,002681,6,4,3,5,4,Entry,2024-01-08
0000002682,002682,1,1,5,5,3,Entry,2024-02-18
0000002682,002682,1,5,2,4,3,Entry,2023-06-01
0000002682,002682,1,3,1,2,1,Entry,2022-12-11
0000002683,002683,2,3,4,5,3,Exit,2024-01-20
0000002684,002684,6,5,2,6,4,Entry,2023-01-30
0000002684,002684,6,6,6,7,6,Exit,2023-02-22
0000002685,002685,5,4,7,6,5,Entry,2019-03-27
0000002686,002686,4,3,4,2,3,Exit,2027-03-06
0000002686,002686,4,3,4,1,3,Exit,2025-02-11
0000002686,002686,4,5,1,7,4,Entry,2025-07-04
0000002687,002687,4,5,1,6,4,Exit,2024-02-07
0000002688,002688,2,4,5,5,4,Exit,2023-11-22
0000002689,002689,7,4,3,2,4,Annual Review,2023-08-16
0000002690,002690,4,2,2,4,3,Annual Review,2022-06-08
0000002690,002690,2,4,6,4,4,Entry,2022-08-11
0000002691,002691,2,4,4,4,3,Entry,2025-11-06
0000002691,002691,5,4,4,6,4,Annual Review,2024-10-08
0000002692,002692,4,7,5,3,4,Annual Review,2022-07-11
0000002693,002693,6,3,5,7,5,Entry,2019-11-13
0000002693,002693,5,2,7,7,5,Exit,2022-01-14
0000002694,002694,3,6,2,5,4,Entry,2021-05-01
0000002695,002695,6,3,3,6,4,Entry,2023-07-21
0000002695,002695,2,7,6,4,4,Annual Review,2023-03-21
0000002696,002696,5,4,4,3,4,Entry,2023-02-26
0000002697,002697,4,3,2,4,3,Annual Review,2021-10-05
0000002698,002698,6,2,1,2,2,Annual Review,2021-04-01
0000002698,002698,4,4,4,1,3,Exit,2022-09-28
0000002698,002698,5,2,2,1,2,Entry,2020-08-10
0000002699,002699,2,3,3,4,3,Entry,2020-03-30
0000002700,002700,5,4,3,5,4,Annual Review,2024-08-06
0000002700,002700,5,6,5,5,5,Annual Review,2022-06-04
0000002701,002701,4,5,4,5,4,Annual Review,2022-01-13
0000002702,002702,4,2,2,5,3,Exit,2024-10-27
0000002702,002702,4,3,2,4,3,Exit,2024-01-15
0000002703,002703,5,6,5,4,5,Entry,2020-01-13
0000002704,002704,5,7,6,5,5,Entry,2021-09-21
0000002704,002704,4,5,4,7,5,Annual Review,2023-09-27
0000002705,002705,1,2,2,3,2,Exit,2023-06-29
0000002706,002706,5,6,4,6,5,Entry,2021-12-15
0000002706,002706,7,5,5,6,5,Entry,2020-01-21
0000002707,002707,1,1,2,2,1,Entry,2021-05-27
0000002708,002708,5,4,3,5,4,Exit,2022-11-11
0000002709,002709,5,2,2,7,4,Annual Review,2023-04-21
0000002710,002710,2,4,1,1,2,Annual Review,2021-03-23
0000002711,002711,5,6,5,6,5,Annual Review,2024-04-23
0000002711,002711,4,5,2,5,4,Annual Review,2023-07-20
0000002712,002712,5,7,5,7,6,Exit,2021-09-17
0000002712,002712,6,5,6,6,5,Annual Review,2019-07-20
0000002713,002713,3,2,5,5,3,Entry,2022-06-11
0000002714,002714,4,1,5,7,4,Entry,2022-09-13
0000002714,002714,2,1,5,6,3,Exit,2022-10-18
0000002714,002714,5,4,3,6,4,Annual Review,2025-06-13
0000002715,002715,4,7,4,2,4,Exit,2021-12-19
0000002716,002716,1,7,4,2,3,Exit,2023-02-09
0000002716,002716,1,5,1,2,2,Exit,2022-01-20
0000002717,002717,3,3,6,3,3,Annual Review,2020-07-17
0000002718,002718,4,6,6,3,4,Exit,2026-04-06
0000002719,002719,6,6,7,6,6,Entry,2024-04-29
0000002720,002720,1,5,4,1,2,Annual Review,2023-04-17
0000002721,002721,4,3,4,7,4,Annual Review,2022-03-08
0000002722,002722,6,5,6,3,5,Annual Review,2021-05-08
0000002723,002723,2,6,4,2,3,Exit,2021-02-08
0000002724,002724,3,6,4,5,4,Annual Review,2022-03-15
0000002724,002724,4,4,4,6,4,Exit,2024-12-20
0000002725,002725,7,7,5,6,6,Entry,2023-08-30
0000002725,002725,4,6,4,6,5,Exit,2023-07-21
0000002726,002726,4,4,4,1,3,Annual Review,2023-09-15
0000002727,002727,2,3,1,1,1,Entry,2020-05-04
0000002727,002727,2,1,3,2,2,Exit,2020-06-08
0000002728,002728,3,3,6,3,3,Entry,2020-06-09
0000002728,002728,5,3,4,2,3,Annual Review,2022-09-13
0000002729,002729,3,1,1,1,1,Entry,2020-08-12
0000002730,002730,7,4,5,4,5,Annual Review,2021-10-11
0000002730,002730,5,6,6,7,6,Annual Review,2021-08-27
0000002731,002731,4,5,1,4,3,Annual Review,2022-12-24
0000002732,002732,4,2,4,4,3,Annual Review,2020-12-05
0000002733,002733,2,3,1,1,1,Annual Review,2022-04-06
0000002733,002733,2,1,5,1,2,Annual Review,2023-01-27
0000002733,002733,2,1,4,2,2,Annual Review,2021-02-27
0000002734,002734,5,5,3,3,4,Exit,2025-03-31
0000002734,002734,6,1,4,2,3,Exit,2024-10-18
0000002735,002735,2,3,2,3,2,Exit,2022-01-30
0000002736,002736,5,5,4,3,4,Entry,2022-06-15
0000002736,002736,1,6,4,4,3,Entry,2023-09-24
0000002737,002737,3,4,3,3,3,Exit,2023-10-12
0000002738,002738,4,4,4,6,4,Exit,2023-05-14
0000002739,002739,5,4,6,7,5,Exit,2023-10-21
0000002740,002740,2,2,2,4,2,Annual Review,2020-07-18
0000002741,002741,3,6,2,6,4,Exit,2021-02-13
0000002742,002742,3,4,2,5,3,Entry,2022-11-01
0000002743,002743,5,1,2,1,2,Exit,2021-07-14
0000002744,002744,7,7,5,5,6,Exit,2026-06-17
0000002744,002744,4,6,7,3,5,Annual Review,2024-04-19
0000002745,002745,1,5,5,6,4,Entry,2021-04-23
0000002745,002745,3,7,4,5,4,Exit,2021-04-19
0000002746,002746,6,4,5,6,5,Exit,2023-02-08
0000002746,002746,6,5,3,7,5,Entry,2024-03-07
0000002747,002747,5,6,6,6,5,Entry,2019-08-24
0000002747,002747,5,6,4,6,5,Entry,2021-09-06
0000002748,002748,7,4,1,4,4,Exit,2022-05-26
0000002748,002748,6,4,1,3,3,Exit,2020-12-13
0000002749,002749,2,3,6,1,3,Annual Review,2024-05-18
0000002750,002750,4,5,4,5,4,Annual Review,2023-10-15
0000002750,002750,5,2,4,2,3,Annual Review,2020-08-26
0000002750,002750,4,3,4,4,3,Exit,2021-02-04
0000002751,002751,4,4,4,2,3,Annual Review,2023-01-14
0000002752,002752,2,5,3,2,3,Annual Review,2021-07-17
0000002753,002753,4,2,3,3,3,Entry,2021-12-08
0000002754,002754,5,6,6,5,5,Entry,2020-07-17
0000002755,002755,4,6,6,5,5,Annual Review,2022-05-18
0000002756,002756,5,4,4,4,4,Entry,2023-12-30
0000002757,002757,4,5,1,1,2,Exit,2022-01-04
0000002758,002758,5,3,7,6,5,Exit,2023-12-11
0000002759,002759,2,5,4,2,3,Entry,2020-09-16
0000002760,002760,7,4,5,6,5,Entry,2021-02-08
0000002761,002761,6,1,6,5,4,Exit,2022-09-13
0000002762,002762,2,4,3,4,3,Exit,2024-06-07
0000002763,002763,4,2,4,3,3,Entry,2020-12-17
0000002764,002764,5,5,4,4,4,Exit,2022-01-24
0000002765,002765,4,2,6,6,4,Entry,2021-08-08
0000002766,002766,6,4,3,4,4,Exit,2023-02-20
0000002767,002767,1,5,3,7,4,Exit,2023-11-19
0000002767,002767,6,4,3,3,4,Exit,2023-01-05
0000002768,002768,5,4,7,5,5,Annual Review,2022-09-14
0000002769,002769,3,6,4,7,5,Entry,2020-06-04
0000002770,002770,5,4,3,3,3,Exit,2021-09-22
0000002770,002770,5,3,1,3,3,Annual Review,2022-09-24
0000002771,002771,4,1,3,5,3,Annual Review,2021-10-14
0000002772,002772,4,7,4,5,5,Annual Review,2020-02-01
0000002772,002772,6,5,6,4,5,Annual Review,2021-09-09
0000002772,002772,5,5,6,6,5,Annual Review,2020-05-24
0000002773,002773,3,6,1,3,3,Entry,2022-10-10
0000002773,002773,3,5,2,3,3,Exit,2022-10-03
0000002773,002773,3,1,1,1,1,Entry,2020-07-10
0000002774,002774,6,7,6,4,5,Entry,2022-10-17
0000002774,002774,4,7,5,7,5,Annual Review,2022-08-17
0000002775,002775,3,2,3,6,3,Entry,2022-08-17
0000002776,002776,7,4,4,1,4,Entry,2019-11-01
0000002777,002777,4,4,3,5,4,Entry,2018-11-08
0000002778,002778,5,1,4,7,4,Entry,2019-10-08
0000002779,002779,2,5,5,5,4,Exit,2023-07-14
0000002779,002779,2,2,4,2,2,Exit,2021-09-16
0000002780,002780,5,1,1,2,2,Exit,2022-08-31
0000002781,002781,2,4,4,3,3,Exit,2023-10-23
0000002782,002782,1,5,1,1,2,Entry,2022-03-23
0000002783,002783,4,3,7,1,3,Exit,2022-12-27
0000002783,002783,1,1,2,4,2,Entry,2023-03-28
0000002783,002783,2,5,2,2,2,Exit,2023-03-10
0000002784,002784,5,7,6,4,5,Exit,2026-11-06
0000002784,002784,6,3,5,5,4,Exit,2024-07-21
0000002785,002785,2,4,4,6,4,Exit,2023-10-20
0000002785,002785,6,5,5,5,5,Exit,2021-12-21
0000002786,002786,5,3,7,5,5,Annual Review,2024-01-15
0000002787,002787,3,3,2,3,2,Exit,2022-12-24
0000002788,002788,4,5,5,6,5,Exit,2023-08-24
0000002789,002789,2,1,3,6,3,Exit,2021-07-05
0000002790,002790,4,2,3,3,3,Annual Review,2021-10-30
0000002791,002791,2,1,7,5,3,Annual Review,2020-09-30
0000002792,002792,7,5,5,6,5,Entry,2020-01-09
0000002792,002792,5,1,6,5,4,Exit,2021-07-31
0000002793,002793,5,4,2,5,4,Annual Review,2021-07-08
0000002793,002793,2,2,5,7,4,Entry,2023-07-28
0000002793,002793,6,5,5,3,4,Annual Review,2022-11-14
0000002794,002794,6,4,7,6,5,Annual Review,2021-11-13
0000002795,002795,1,3,2,3,2,Entry,2020-07-26
0000002796,002796,5,6,6,6,5,Entry,2023-01-08
0000002796,002796,6,4,6,1,4,Exit,2025-08-22
0000002797,002797,6,4,1,1,3,Annual Review,2023-05-05
0000002797,002797,4,4,3,4,3,Annual Review,2026-06-04
0000002798,002798,3,6,3,5,4,Annual Review,2024-07-04
0000002798,002798,3,4,3,2,3,Entry,2022-05-02
0000002799,002799,7,6,5,7,6,Annual Review,2022-04-30
0000002800,002800,3,7,5,6,5,Exit,2024-12-04
0000002800,002800,5,6,5,3,4,Entry,2020-05-13
0000002800,002800,2,5,5,3,3,Annual Review,2021-04-30
0000002801,002801,4,1,7,7,4,Entry,2023-01-30
0000002802,002802,2,3,4,5,3,Exit,2024-04-05
0000002803,002803,6,5,6,7,6,Entry,2022-05-29
0000002804,002804,7,6,6,7,6,Entry,2019-10-10
0000002805,002805,5,6,4,7,5,Annual Review,2023-02-20
0000002806,002806,1,2,2,3,2,Entry,2020-08-24
0000002807,002807,5,5,5,6,5,Entry,2021-06-14
0000002808,002808,4,6,4,3,4,Exit,2024-12-06
0000002809,002809,3,6,4,3,4,Annual Review,2023-04-08
0000002809,002809,6,5,4,6,5,Exit,2026-11-18
0000002809,002809,6,5,5,6,5,Annual Review,2024-10-01
0000002810,002810,6,3,7,6,5,Annual Review,2023-12-08
0000002811,002811,5,5,4,4,4,Entry,2023-01-19
0000002812,002812,2,3,7,3,3,Exit,2023-01-11
0000002812,002812,4,4,3,3,3,Entry,2023-10-02
0000002813,002813,6,5,4,4,4,Entry,2022-06-02
0000002814,002814,4,3,4,2,3,Entry,2021-01-28
0000002815,002815,3,5,3,1,3,Entry,2021-08-25
0000002815,002815,3,2,3,4,3,Entry,2020-12-20
0000002816,002816,4,5,2,4,3,Annual Review,2020-11-24
0000002817,002817,4,4,5,6,4,Annual Review,2023-12-10
0000002818,002818,4,5,5,7,5,Entry,2024-10-24
0000002819,002819,5,6,6,7,6,Entry,2019-12-06
0000002820,002820,5,4,4,5,4,Exit,2021-08-22
0000002820,002820,7,5,4,7,5,Annual Review,2022-08-24
0000002821,002821,4,2,2,2,2,Entry,2022-03-13
0000002822,002822,1,1,5,7,3,Entry,2023-04-14
0000002822,002822,4,4,4,3,3,Exit,2020-09-13
0000002823,002823,1,3,4,3,2,Entry,2022-02-26
0000002824,002824,3,5,7,7,5,Annual Review,2024-12-23
0000002825,002825,2,3,2,1,2,Exit,2020-04-04
0000002826,002826,4,3,5,4,4,Exit,2021-01-12
0000002827,002827,2,1,1,2,1,Exit,2022-06-10
0000002828,002828,5,6,6,5,5,Annual Review,2023-08-28
0000002829,002829,5,6,7,7,6,Annual Review,2023-10-10
0000002830,002830,3,2,5,4,3,Entry,2021-08-11
0000002831,002831,1,3,7,2,3,Exit,2023-04-29
0000002832,002832,3,3,2,2,2,Entry,2023-04-20
0000002832,002832,1,1,2,4,2,Annual Review,2023-04-21
0000002833,002833,6,4,4,7,5,Entry,2020-09-06
0000002834,002834,5,4,5,3,4,Exit,2021-07-22
0000002834,002834,5,6,5,7,5,Annual Review,2022-08-15
0000002835,002835,4,4,3,5,4,Exit,2023-10-13
0000002835,002835,4,4,6,5,4,Entry,2024-01-03
0000002836,002836,3,4,1,4,3,Exit,2021-09-02
0000002837,002837,4,6,4,5,4,Exit,2024-12-29
0000002837,002837,1,6,1,6,3,Annual Review,2025-10-19
0000002838,002838,4,1,5,5,3,Entry,2023-02-08
0000002839,002839,1,3,7,2,3,Entry,2020-03-05
0000002839,002839,5,4,5,6,5,Entry,2021-11-04
0000002839,002839,5,1,3,7,4,Annual Review,2022-01-11
0000002840,002840,5,3,5,1,3,Entry,2019-05-10
0000002841,002841,6,6,4,5,5,Exit,2023-10-24
0000002841,002841,5,7,3,5,5,Annual Review,2020-08-03
0000002842,002842,6,6,5,3,5,Annual Review,2022-06-23
0000002842,002842,4,6,5,7,5,Entry,2021-09-21
0000002843,002843,4,6,5,3,4,Exit,2023-07-27
0000002844,002844,5,2,2,3,3,Annual Review,2022-01-07
0000002844,002844,3,4,3,1,2,Exit,2020-11-26
0000002845,002845,5,7,3,4,4,Exit,2021-07-12
0000002846,002846,3,3,6,4,4,Entry,2022-08-14
0000002847,002847,7,7,6,5,6,Entry,2021-02-25
0000002848,002848,2,4,2,4,3,Annual Review,2023-03-11
0000002849,002849,5,5,5,5,5,Exit,2023-09-24
0000002850,002850,3,1,2,5,2,Annual Review,2021-06-27
0000002851,002851,5,4,6,4,4,Entry,2021-02-08
0000002852,002852,6,4,3,4,4,Exit,2023-12-09
0000002852,002852,4,5,6,6,5,Annual Review,2021-05-17
0000002853,002853,4,3,4,4,3,Annual Review,2022-12-19
0000002854,002854,4,5,2,1,3,Entry,2020-11-30
0000002855,002855,6,5,5,1,4,Annual Review,2020-11-19
0000002855,002855,5,4,4,3,4,Exit,2025-02-15
0000002855,002855,6,5,7,6,6,Annual Review,2022-10-07
0000002856,002856,5,5,5,4,4,Annual Review,2023-09-19
0000002857,002857,7,4,7,7,6,Entry,2022-10-24
0000002858,002858,4,6,6,5,5,Annual Review,2024-03-31
0000002859,002859,1,3,3,5,3,Entry,2019-12-09
0000002860,002860,6,6,5,4,5,Entry,2020-07-07
0000002860,002860,7,7,1,7,5,Entry,2022-10-09
0000002861,002861,3,4,2,5,3,Annual Review,2022-01-20
0000002862,002862,5,3,5,1,3,Exit,2023-02-26
0000002863,002863,3,5,1,3,3,Entry,2022-05-03
0000002864,002864,2,7,2,5,4,Exit,2023-08-08
0000002865,002865,2,4,5,7,4,Annual Review,2020-04-02
0000002866,002866,4,4,3,3,3,Annual Review,2022-05-16
0000002867,002867,4,6,3,4,4,Annual Review,2022-06-06
0000002868,002868,3,4,1,5,3,Entry,2018-06-30
0000002869,002869,6,6,4,7,5,Entry,2021-04-07
0000002870,002870,5,5,5,6,5,Annual Review,2020-12-30
0000002871,002871,7,3,6,6,5,Entry,2020-07-31
0000002872,002872,5,5,2,5,4,Annual Review,2020-09-27
0000002872,002872,2,4,4,5,3,Annual Review,2019-06-30
0000002872,002872,1,2,2,3,2,Entry,2021-07-23
0000002873,002873,6,7,3,2,4,Exit,2023-10-17
0000002874,002874,5,4,2,7,4,Entry,2022-04-24
0000002875,002875,3,7,2,4,4,Exit,2022-02-05
0000002875,002875,3,1,2,2,2,Entry,2019-11-25
0000002876,002876,4,5,3,6,4,Entry,2020-03-07
0000002876,002876,3,2,2,4,2,Exit,2021-12-26
0000002877,002877,3,2,4,4,3,Annual Review,2021-07-29
0000002877,002877,7,7,6,5,6,Entry,2020-04-03
0000002878,002878,6,6,5,7,6,Entry,2020-07-27
0000002878,002878,1,6,6,5,4,Annual Review,2024-03-18
0000002879,002879,2,3,5,3,3,Entry,2020-02-09
0000002880,002880,1,4,4,5,3,Annual Review,2023-12-27
0000002881,002881,5,7,5,5,5,Annual Review,2023-03-13
0000002882,002882,3,5,3,5,4,Exit,2022-11-18
0000002883,002883,3,2,2,2,2,Exit,2023-01-14
0000002883,002883,5,5,4,5,4,Annual Review,2022-01-18
0000002883,002883,4,2,3,3,3,Annual Review,2024-02-28
0000002884,002884,4,3,7,3,4,Annual Review,2023-09-16
0000002885,002885,1,1,6,3,2,Annual Review,2020-11-03
0000002885,002885,1,1,2,4,2,Entry,2020-07-06
0000002886,002886,7,4,5,6,5,Entry,2023-01-07
0000002886,002886,6,7,4,6,5,Exit,2023-02-18
0000002887,002887,2,3,3,2,2,Annual Review,2021-09-24
0000002888,002888,3,6,5,5,4,Annual Review,2023-11-13
0000002889,002889,6,4,1,4,3,Annual Review,2021-08-31
0000002890,002890,5,5,4,5,4,Annual Review,2019-08-24
0000002891,002891,3,2,2,2,2,Exit,2020-10-16
0000002892,002892,7,1,7,6,5,Annual Review,2023-09-09
0000002893,002893,1,1,2,5,2,Exit,2025-03-01
0000002894,002894,5,1,1,5,3,Entry,2021-04-29
0000002894,002894,3,2,5,4,3,Annual Review,2022-03-26
0000002895,002895,4,2,2,4,3,Entry,2023-05-27
0000002896,002896,4,3,3,1,2,Exit,2023-09-11
0000002896,002896,5,5,6,7,5,Entry,2023-08-23
0000002897,002897,5,2,3,5,3,Entry,2018-09-01
0000002897,002897,5,6,2,5,4,Exit,2021-11-28
0000002897,002897,4,2,5,6,4,Exit,2022-10-11
0000002898,002898,1,1,6,6,3,Exit,2021-12-12
0000002899,002899,2,4,2,2,2,Exit,2022-09-13
0000002900,002900,5,2,5,3,3,Entry,2019-06-20
0000002901,002901,2,3,1,3,2,Annual Review,2022-04-30
0000002902,002902,4,2,5,5,4,Annual Review,2021-09-01
0000002902,002902,5,2,1,4,3,Entry,2022-01-22
0000002903,002903,3,4,1,3,2,Annual Review,2020-07-13
0000002903,002903,4,4,5,5,4,Entry,2019-08-24
0000002904,002904,2,1,3,4,2,Exit,2022-02-05
0000002905,002905,5,5,1,3,3,Annual Review,2021-01-25
0000002906,002906,6,5,6,5,5,Entry,2022-01-24
0000002907,002907,5,6,5,5,5,Exit,2024-01-15
0000002907,002907,4,4,6,5,4,Exit,2021-08-29
0000002907,002907,4,4,5,4,4,Entry,2019-05-31
0000002908,002908,5,6,6,7,6,Annual Review,2021-10-14
0000002909,002909,5,2,5,6,4,Annual Review,2021-06-03
0000002909,002909,3,4,4,5,4,Entry,2018-08-18
0000002910,002910,6,6,6,3,5,Entry,2019-12-12
0000002911,002911,1,4,1,1,1,Entry,2021-12-17
0000002912,002912,1,5,4,1,2,Entry,2020-01-29
0000002912,002912,3,7,5,7,5,Entry,2019-12-30
0000002913,002913,4,6,2,3,3,Exit,2023-12-07
0000002914,002914,4,7,6,4,5,Entry,2020-12-25
0000002915,002915,1,3,1,2,1,Entry,2019-01-06
0000002916,002916,3,4,2,5,3,Annual Review,2022-07-22
0000002917,002917,5,2,6,4,4,Entry,2021-06-26
0000002918,002918,1,2,5,3,2,Exit,2021-03-23
0000002919,002919,3,7,4,4,4,Annual Review,2022-06-25
0000002920,002920,2,4,6,6,4,Entry,2021-08-25
0000002921,002921,3,4,4,5,4,Exit,2025-01-22
0000002922,002922,2,5,3,5,3,Exit,2023-04-24
0000002922,002922,1,3,4,2,2,Annual Review,2022-09-22
0000002923,002923,6,4,3,4,4,Entry,2023-01-22
0000002923,002923,4,6,6,7,5,Annual Review,2022-04-21
0000002924,002924,7,5,2,4,4,Annual Review,2021-01-29
0000002924,002924,2,3,4,1,2,Exit,2022-08-27
0000002925,002925,6,5,4,5,5,Annual Review,2024-08-21
0000002925,002925,6,6,5,3,5,Annual Review,2023-06-02
0000002925,002925,3,1,6,7,4,Annual Review,2025-02-13
0000002926,002926,4,5,1,4,3,Exit,2023-12-29
0000002927,002927,7,7,7,7,7,Exit,2020-12-22
0000002927,002927,5,6,6,6,5,Entry,2019-09-18
0000002928,002928,5,3,4,5,4,Annual Review,2023-06-28
0000002928,002928,3,4,4,6,4,Exit,2025-07-29
0000002928,002928,1,4,5,6,4,Entry,2026-04-13
0000002929,002929,1,1,3,4,2,Entry,2019-01-19
0000002930,002930,6,2,3,2,3,Entry,2019-05-10
0000002930,002930,1,3,4,4,3,Exit,2022-05-15
0000002931,002931,7,1,2,2,3,Entry,2019-10-09
0000002932,002932,5,5,2,5,4,Exit,2026-05-15
0000002932,002932,5,5,4,5,4,Annual Review,2023-12-17
0000002933,002933,1,5,2,4,3,Annual Review,2022-05-19
0000002933,002933,2,3,4,1,2,Exit,2021-04-05
0000002934,002934,3,2,1,6,3,Exit,2022-09-17
0000002934,002934,2,4,4,4,3,Exit,2022-05-09
0000002935,002935,5,6,7,5,5,Annual Review,2019-11-13
0000002936,002936,1,2,6,3,3,Entry,2020-01-28
0000002936,002936,3,3,1,3,2,Entry,2021-03-29
0000002937,002937,3,4,3,4,3,Entry,2021-06-08
0000002937,002937,5,3,4,5,4,Annual Review,2023-01-27
0000002937,002937,3,3,7,1,3,Entry,2022-12-06
0000002938,002938,3,3,4,1,2,Annual Review,2020-04-24
0000002939,002939,2,5,4,4,3,Annual Review,2022-08-24
0000002940,002940,1,2,1,2,1,Annual Review,2020-02-22
0000002941,002941,7,7,4,7,6,Entry,2020-09-17
0000002942,002942,2,6,3,3,3,Annual Review,2022-12-15
0000002942,002942,5,3,2,1,2,Annual Review,2021-10-11
0000002943,002943,7,5,3,2,4,Annual Review,2025-05-21
0000002944,002944,3,2,4,1,2,Exit,2023-04-23
0000002945,002945,4,5,6,7,5,Entry,2022-06-18
0000002945,002945,7,7,2,6,5,Annual Review,2021-05-23
0000002946,002946,5,5,5,6,5,Annual Review,2023-06-26
0000002946,002946,7,6,4,5,5,Annual Review,2024-12-27
0000002947,002947,2,4,1,7,3,Entry,2019-07-23
0000002948,002948,6,4,4,7,5,Annual Review,2023-07-21
0000002949,002949,3,3,4,6,4,Annual Review,2020-08-28
0000002950,002950,2,4,6,6,4,Exit,2021-11-24
0000002951,002951,6,5,5,5,5,Entry,2024-11-19
0000002952,002952,2,4,5,5,4,Annual Review,2024-11-03
0000002952,002952,4,3,3,7,4,Exit,2023-09-16
0000002952,002952,5,3,2,1,2,Entry,2021-02-17
0000002953,002953,5,7,7,4,5,Entry,2020-08-30
0000002954,002954,6,4,5,7,5,Entry,2020-08-27
0000002955,002955,6,6,3,4,4,Exit,2024-09-08
0000002955,002955,5,6,7,7,6,Entry,2024-11-12
0000002956,002956,4,4,4,6,4,Entry,2024-06-18
0000002956,002956,2,2,5,4,3,Annual Review,2023-10-13
0000002957,002957,6,4,5,7,5,Entry,2023-08-19
0000002958,002958,3,5,1,5,3,Exit,2021-08-10
0000002959,002959,5,5,3,1,3,Annual Review,2022-09-26
0000002960,002960,1,5,4,1,2,Annual Review,2021-06-24
0000002961,002961,5,6,6,4,5,Exit,2025-05-16
0000002961,002961,5,4,7,6,5,Exit,2023-09-29
0000002962,002962,6,1,5,5,4,Exit,2022-02-16
0000002963,002963,7,6,5,5,5,Annual Review,2019-11-09
0000002964,002964,4,6,3,2,3,Annual Review,2022-05-14
0000002965,002965,3,6,6,5,5,Annual Review,2024-06-11
0000002966,002966,5,4,6,2,4,Annual Review,2019-11-27
0000002967,002967,5,7,4,5,5,Annual Review,2021-08-01
0000002968,002968,4,5,7,5,5,Entry,2021-11-17
0000002969,002969,1,4,1,2,2,Annual Review,2022-02-13
0000002970,002970,4,3,5,3,3,Annual Review,2020-12-23
0000002971,002971,4,1,5,5,3,Entry,2021-03-11
0000002972,002972,2,3,4,3,3,Annual Review,2021-07-01
0000002973,002973,2,3,4,1,2,Entry,2023-09-25
0000002974,002974,4,5,4,1,3,Annual Review,2023-05-14
0000002975,002975,6,6,5,5,5,Annual Review,2024-07-05
0000002976,002976,6,7,3,5,5,Annual Review,2021-06-19
0000002977,002977,5,5,3,3,4,Entry,2019-03-27
0000002978,002978,5,6,5,5,5,Annual Review,2020-04-18
0000002979,002979,2,7,5,6,5,Exit,2025-01-26
0000002979,002979,6,1,3,5,3,Exit,2023-01-08
0000002980,002980,5,7,5,3,5,Entry,2022-12-24
0000002981,002981,6,2,4,7,4,Annual Review,2022-07-31
0000002982,002982,6,6,3,5,5,Entry,2019-04-24
0000002983,002983,4,6,5,6,5,Annual Review,2021-07-12
0000002984,002984,2,6,6,3,4,Exit,2021-07-31
0000002984,002984,4,6,1,5,4,Annual Review,2022-05-17
0000002985,002985,6,4,5,5,5,Entry,2019-05-20
0000002986,002986,4,6,3,6,4,Entry,2022-05-18
0000002987,002987,5,4,6,6,5,Annual Review,2023-06-03
0000002987,002987,5,4,3,5,4,Exit,2027-01-05
0000002988,002988,4,2,3,4,3,Entry,2023-06-01
0000002988,002988,2,2,2,3,2,Entry,2022-04-21
0000002989,002989,6,6,3,6,5,Exit,2021-07-12
0000002990,002990,2,4,2,7,3,Annual Review,2025-12-06
0000002990,002990,3,5,5,6,4,Annual Review,2023-02-21
0000002991,002991,6,3,5,5,4,Entry,2020-07-10
0000002991,002991,4,2,6,5,4,Entry,2022-11-17
0000002992,002992,7,4,2,1,3,Exit,2021-09-05
0000002993,002993,1,3,3,4,2,Annual Review,2021-01-06
0000002994,002994,2,5,5,4,4,Entry,2024-11-29
0000002995,002995,5,6,5,3,4,Annual Review,2025-11-15
0000002996,002996,5,5,2,2,3,Annual Review,2025-10-30
0000002997,002997,7,4,6,5,5,Exit,2022-11-05
0000002997,002997,3,1,1,3,2,Annual Review,2020-11-04
0000002998,002998,4,6,6,6,5,Exit,2022-09-25
0000002998,002998,6,6,1,2,3,Entry,2020-03-01
0000002998,002998,6,5,7,4,5,Entry,2021-11-11
0000002999,002999,3,5,4,4,4,Annual Review,2020-03-05
0000003000,003000,1,1,4,1,1,Annual Review,2020-08-22
0000003001,003001,4,6,2,3,3,Exit,2022-04-18
0000003002,003002,5,4,5,5,4,Entry,2021-10-02
0000003002,003002,6,3,4,6,4,Entry,2020-11-09
0000003003,003003,1,1,7,2,2,Annual Review,2021-11-23
0000003004,003004,6,3,4,7,5,Exit,2020-06-18
0000003005,003005,3,6,4,6,4,Entry,2020-06-20
0000003006,003006,3,5,7,7,5,Annual Review,2026-01-22
0000003007,003007,3,4,5,4,4,Entry,2022-12-03
0000003007,003007,3,5,1,4,3,Annual Review,2024-10-12
0000003008,003008,4,1,5,3,3,Exit,2022-03-02
0000003009,003009,3,2,1,1,1,Exit,2019-01-20
0000003010,003010,3,1,4,6,3,Exit,2023-01-09
0000003011,003011,4,3,4,5,4,Entry,2024-10-10
0000003012,003012,4,4,5,4,4,Entry,2021-04-29
0000003013,003013,6,7,6,6,6,Entry,2021-11-06
0000003014,003014,1,5,2,2,2,Exit,2022-03-13
0000003015,003015,5,5,6,7,5,Annual Review,2022-02-01
0000003015,003015,7,4,3,6,5,Exit,2026-02-04
0000003016,003016,5,4,7,5,5,Annual Review,2027-01-19
0000003017,003017,1,7,4,6,4,Entry,2021-04-22
0000003017,003017,4,4,4,5,4,Exit,2025-08-10
0000003018,003018,2,3,1,4,2,Annual Review,2020-05-15
0000003019,003019,1,5,1,2,2,Exit,2023-10-30
0000003019,003019,3,2,5,3,3,Exit,2020-08-17
0000003019,003019,3,3,2,6,3,Annual Review,2021-10-15
0000003020,003020,3,7,4,4,4,Annual Review,2023-07-30
0000003021,003021,7,5,4,1,4,Annual Review,2022-09-22
0000003022,003022,2,6,5,6,4,Exit,2021-02-04
0000003023,003023,5,1,2,6,3,Entry,2022-03-29
0000003023,003023,3,3,3,1,2,Exit,2022-03-10
0000003024,003024,5,4,5,6,5,Entry,2024-06-02
0000003025,003025,5,3,5,1,3,Entry,2025-01-15
0000003025,003025,3,7,3,2,3,Exit,2025-02-18
0000003026,003026,2,3,3,1,2,Exit,2019-11-22
0000003027,003027,5,6,3,6,5,Annual Review,2022-07-12
0000003027,003027,5,7,1,5,4,Annual Review,2020-06-27
0000003028,003028,5,6,2,4,4,Entry,2021-09-02
0000003029,003029,5,1,1,4,2,Entry,2019-10-14
0000003029,003029,1,1,4,3,2,Entry,2019-01-17
0000003030,003030,4,3,3,7,4,Exit,2026-05-04
0000003030,003030,2,2,5,4,3,Exit,2023-03-16
0000003031,003031,6,1,5,5,4,Entry,2023-08-11
0000003032,003032,2,2,6,7,4,Exit,2020-08-09
0000003033,003033,4,3,5,3,3,Exit,2023-03-02
0000003034,003034,5,6,6,5,5,Exit,2026-02-08
0000003035,003035,7,5,5,6,5,Annual Review,2025-03-28
0000003036,003036,4,6,5,6,5,Annual Review,2020-12-26
0000003037,003037,2,1,2,1,1,Exit,2022-04-06
0000003038,003038,4,5,1,4,3,Annual Review,2024-12-16
0000003039,003039,4,5,4,4,4,Entry,2023-08-11
0000003040,003040,5,4,6,3,4,Entry,2021-01-09
0000003041,003041,3,5,5,7,5,Annual Review,2024-03-02
0000003042,003042,7,7,5,7,6,Annual Review,2023-02-13
0000003043,003043,5,5,2,6,4,Exit,2023-05-06
0000003043,003043,1,5,6,6,4,Entry,2020-01-15
0000003044,003044,1,3,5,6,3,Exit,2022-07-28
0000003045,003045,7,5,4,1,4,Exit,2020-05-20
0000003046,003046,1,1,3,1,1,Exit,2020-03-23
0000003046,003046,1,1,7,4,3,Exit,2021-08-26
0000003047,003047,4,2,7,1,3,Entry,2022-03-18
0000003048,003048,1,3,4,4,3,Annual Review,2024-07-27
0000003048,003048,2,3,5,4,3,Entry,2025-07-11
0000003048,003048,3,4,3,5,3,Exit,2023-09-01
0000003049,003049,3,2,2,5,3,Annual Review,2021-01-10
0000003050,003050,4,7,4,7,5,Annual Review,2022-12-05
0000003051,003051,6,4,2,2,3,Annual Review,2021-01-11
0000003052,003052,6,6,5,4,5,Entry,2023-11-01
0000003052,003052,5,3,1,4,3,Exit,2023-11-04
0000003052,003052,7,5,6,6,6,Exit,2022-02-22
0000003053,003053,2,4,6,5,4,Annual Review,2026-08-06
0000003053,003053,7,2,2,6,4,Annual Review,2024-01-26
0000003053,003053,2,6,4,5,4,Exit,2022-10-28
0000003054,003054,4,4,4,7,4,Exit,2020-08-14
0000003055,003055,3,4,2,3,3,Entry,2020-09-12
0000003056,003056,1,3,1,4,2,Annual Review,2021-09-27
0000003056,003056,1,3,3,2,2,Entry,2021-09-18
0000003057,003057,4,1,5,5,3,Exit,2023-08-07
0000003057,003057,2,4,3,6,3,Exit,2019-10-22
0000003058,003058,4,4,3,3,3,Annual Review,2021-11-15
0000003058,003058,4,6,4,5,4,Entry,2021-10-18
0000003059,003059,4,4,5,5,4,Entry,2019-03-07
0000003060,003060,1,3,4,2,2,Entry,2020-01-13
0000003061,003061,6,5,5,5,5,Annual Review,2021-01-31
0000003062,003062,3,6,1,3,3,Annual Review,2020-03-15
0000003063,003063,4,7,3,6,5,Entry,2023-12-07
0000003063,003063,6,6,7,6,6,Annual Review,2021-06-08
0000003064,003064,1,5,3,6,3,Exit,2026-09-08
0000003064,003064,4,5,3,2,3,Exit,2024-07-22
0000003064,003064,6,3,3,3,3,Annual Review,2023-04-11
0000003065,003065,4,2,6,2,3,Annual Review,2022-04-07
0000003065,003065,1,5,1,5,3,Entry,2022-08-25
0000003065,003065,3,5,5,1,3,Entry,2019-09-17
0000003066,003066,6,2,4,6,4,Exit,2027-05-02
0000003067,003067,1,4,4,4,3,Annual Review,2022-01-22
0000003067,003067,6,3,4,2,3,Exit,2020-11-27
0000003067,003067,2,4,5,2,3,Entry,2021-01-10
0000003068,003068,4,3,5,5,4,Annual Review,2023-07-23
0000003068,003068,3,4,4,5,4,Entry,2021-03-15
0000003069,003069,1,2,2,2,1,Entry,2020-09-09
0000003069,003069,4,2,1,2,2,Exit,2022-06-15
0000003070,003070,5,5,4,6,5,Entry,2021-08-27
0000003070,003070,6,7,7,3,5,Annual Review,2024-10-05
0000003071,003071,3,4,5,4,4,Exit,2020-11-11
0000003072,003072,4,3,6,7,5,Exit,2022-02-19
0000003072,003072,6,3,4,7,5,Entry,2023-06-22
0000003073,003073,4,4,2,3,3,Annual Review,2024-04-10
0000003073,003073,4,1,3,4,3,Exit,2023-06-08
0000003074,003074,5,6,6,5,5,Annual Review,2020-11-13
0000003074,003074,7,5,4,3,4,Entry,2021-03-29
0000003074,003074,6,5,6,6,5,Entry,2023-03-28
0000003075,003075,4,4,6,3,4,Entry,2023-03-31
0000003076,003076,4,2,4,3,3,Exit,2022-10-29
0000003077,003077,3,3,6,2,3,Entry,2021-12-05
0000003077,003077,3,2,6,5,4,Annual Review,2024-11-15
0000003077,003077,1,4,5,7,4,Exit,2026-08-04
0000003078,003078,2,5,2,3,3,Exit,2023-07-29
0000003079,003079,1,3,4,1,2,Exit,2019-04-28
0000003080,003080,6,3,4,6,4,Exit,2023-12-29
0000003081,003081,4,5,5,2,4,Annual Review,2021-09-18
0000003081,003081,3,1,3,5,3,Exit,2023-02-25
0000003082,003082,5,2,4,2,3,Annual Review,2022-10-17
0000003083,003083,5,2,5,4,4,Exit,2022-06-29
0000003083,003083,5,3,6,7,5,Annual Review,2025-08-17
0000003084,003084,4,4,1,3,3,Entry,2022-03-31
0000003085,003085,4,1,4,4,3,Annual Review,2023-01-16
0000003085,003085,4,4,2,7,4,Entry,2019-12-06
0000003086,003086,3,1,6,3,3,Annual Review,2022-09-30
0000003086,003086,1,6,3,3,3,Entry,2021-09-16
0000003087,003087,7,5,1,5,4,Annual Review,2022-03-21
0000003088,003088,2,4,2,5,3,Annual Review,2021-10-16
0000003088,003088,5,5,1,1,3,Annual Review,2021-05-09
0000003088,003088,6,5,4,6,5,Exit,2020-05-02
0000003089,003089,2,6,1,1,2,Annual Review,2021-01-04
0000003090,003090,1,1,2,1,1,Entry,2022-07-05
0000003090,003090,7,2,3,2,3,Exit,2024-02-25
0000003091,003091,3,1,3,1,2,Annual Review,2022-11-09
0000003092,003092,6,1,2,6,3,Entry,2020-08-24
0000003093,003093,5,3,6,7,5,Entry,2021-06-18
0000003093,003093,6,7,7,5,6,Annual Review,2019-11-13
0000003093,003093,1,6,3,4,3,Exit,2023-09-14
0000003094,003094,6,4,4,6,5,Exit,2022-02-10
0000003095,003095,3,3,4,3,3,Exit,2022-03-04
0000003096,003096,5,3,3,5,4,Exit,2024-09-02
0000003096,003096,1,3,1,7,3,Annual Review,2024-01-24
0000003097,003097,1,6,2,4,3,Entry,2020-08-01
0000003098,003098,5,4,7,5,5,Annual Review,2023-03-19
0000003099,003099,3,5,5,6,4,Entry,2022-05-28
0000003100,003100,6,2,6,6,5,Entry,2023-08-26
0000003100,003100,1,4,6,4,3,Annual Review,2025-10-23
0000003101,003101,6,5,4,4,4,Entry,2021-04-03
0000003102,003102,4,4,4,6,4,Exit,2024-01-01
0000003102,003102,2,2,3,2,2,Annual Review,2025-02-11
0000003103,003103,2,2,5,4,3,Entry,2019-08-21
0000003104,003104,6,5,5,5,5,Exit,2021-04-20
0000003105,003105,6,5,7,6,6,Exit,2023-09-30
0000003105,003105,6,3,1,7,4,Exit,2024-09-03
0000003105,003105,4,6,2,6,4,Exit,2027-02-06
0000003106,003106,6,3,4,5,4,Exit,2023-08-14
0000003107,003107,1,2,3,2,2,Entry,2022-07-23
0000003108,003108,4,1,2,4,2,Annual Review,2022-11-04
0000003109,003109,4,6,3,6,4,Annual Review,2021-11-25
0000003110,003110,4,3,4,2,3,Annual Review,2023-03-21
0000003110,003110,1,2,5,5,3,Entry,2021-03-23
0000003110,003110,1,1,2,5,2,Exit,2020-10-20
0000003111,003111,5,7,6,4,5,Exit,2021-04-18
0000003111,003111,7,4,5,6,5,Entry,2021-09-22
0000003112,003112,2,2,3,2,2,Annual Review,2024-04-04
0000003113,003113,2,4,5,5,4,Entry,2020-11-06
0000003114,003114,5,5,2,2,3,Exit,2020-03-08
0000003115,003115,3,1,5,3,3,Entry,2022-07-28
0000003115,003115,3,4,1,3,2,Entry,2020-05-26
0000003116,003116,4,3,4,3,3,Entry,2021-09-20
0000003117,003117,5,3,2,3,3,Exit,2023-11-06
0000003118,003118,5,6,7,7,6,Exit,2022-11-12
0000003119,003119,6,5,5,6,5,Entry,2022-03-04
0000003120,003120,3,4,3,1,2,Exit,2026-12-09
0000003120,003120,3,4,2,3,3,Entry,2023-01-05
0000003121,003121,7,5,6,5,5,Entry,2021-05-19
0000003122,003122,4,7,3,5,4,Annual Review,2024-03-26
0000003123,003123,3,4,2,4,3,Exit,2022-09-04
0000003124,003124,3,6,5,4,4,Exit,2020-12-12
0000003125,003125,5,4,3,7,4,Exit,2024-10-25
0000003125,003125,5,5,5,4,4,Exit,2023-06-29
0000003126,003126,4,4,4,7,4,Annual Review,2022-01-16
0000003127,003127,5,3,1,3,3,Entry,2023-03-20
0000003127,003127,2,1,1,7,2,Exit,2023-01-06
0000003127,003127,1,2,2,4,2,Entry,2024-08-05
0000003128,003128,5,7,7,4,5,Annual Review,2020-12-07
0000003129,003129,4,3,5,4,4,Entry,2021-03-31
0000003130,003130,6,6,3,5,5,Exit,2022-07-31
0000003130,003130,4,2,4,4,3,Exit,2023-03-06
0000003131,003131,2,4,1,1,2,Annual Review,2021-04-01
0000003132,003132,4,6,1,3,3,Entry,2020-05-25
0000003132,003132,5,5,3,4,4,Annual Review,2021-12-31
0000003133,003133,2,1,5,2,2,Annual Review,2020-06-15
0000003134,003134,4,4,5,5,4,Annual Review,2022-07-13
0000003134,003134,3,6,6,6,5,Exit,2023-11-11
0000003135,003135,4,4,4,5,4,Exit,2021-08-09
0000003135,003135,1,6,4,3,3,Entry,2021-07-14
0000003136,003136,5,3,2,5,3,Exit,2020-09-08
0000003137,003137,4,4,6,2,4,Annual Review,2019-08-19
0000003137,003137,3,4,4,5,4,Exit,2020-03-23
0000003138,003138,3,4,4,6,4,Annual Review,2022-11-07
0000003138,003138,4,4,3,7,4,Annual Review,2021-01-10
0000003138,003138,4,2,4,4,3,Entry,2023-08-20
0000003139,003139,4,4,5,7,5,Annual Review,2021-03-16
0000003140,003140,3,7,5,5,5,Exit,2026-08-15
0000003141,003141,7,1,4,4,4,Annual Review,2021-02-24
0000003142,003142,4,6,2,2,3,Entry,2023-09-30
0000003143,003143,3,5,7,3,4,Annual Review,2024-05-11
0000003143,003143,5,5,5,3,4,Exit,2024-11-23
0000003144,003144,2,4,5,5,4,Exit,2023-09-30
0000003144,003144,5,2,4,4,3,Annual Review,2024-06-24
0000003145,003145,7,7,5,5,6,Exit,2023-01-13
0000003146,003146,4,4,2,4,3,Annual Review,2021-03-13
0000003147,003147,6,5,6,7,6,Exit,2020-09-10
0000003147,003147,1,4,4,3,3,Entry,2020-08-15
0000003148,003148,6,3,4,4,4,Entry,2021-04-28
0000003149,003149,2,1,2,5,2,Exit,2022-10-22
0000003150,003150,4,4,6,6,5,Annual Review,2023-12-20
0000003151,003151,5,6,5,5,5,Exit,2023-11-13
0000003152,003152,4,2,1,5,3,Annual Review,2023-07-24
0000003152,003152,4,7,7,3,5,Entry,2023-04-25
0000003152,003152,5,1,4,3,3,Entry,2025-05-04
0000003153,003153,2,2,1,6,2,Exit,2023-04-02
0000003153,003153,4,1,3,1,2,Annual Review,2024-06-06
0000003154,003154,3,4,5,4,4,Exit,2022-05-30
0000003154,003154,2,5,3,4,3,Exit,2021-11-28
0000003155,003155,5,6,6,7,6,Exit,2026-09-23
0000003155,003155,4,7,4,6,5,Entry,2022-03-07
0000003156,003156,7,4,6,5,5,Entry,2024-06-16
0000003156,003156,5,4,4,4,4,Exit,2024-05-30
0000003157,003157,2,3,6,3,3,Entry,2019-05-29
0000003158,003158,2,2,1,6,2,Exit,2019-08-03
0000003159,003159,4,2,1,6,3,Annual Review,2021-08-20
0000003160,003160,3,2,1,4,2,Exit,2020-11-30
0000003161,003161,4,5,6,7,5,Entry,2020-08-14
0000003162,003162,5,3,4,3,3,Exit,2021-03-29
0000003163,003163,4,4,3,6,4,Exit,2023-06-11
0000003164,003164,1,6,4,7,4,Annual Review,2022-10-02
0000003164,003164,6,5,3,6,5,Exit,2022-12-19
0000003164,003164,6,7,5,5,5,Exit,2025-08-21
0000003165,003165,3,7,5,6,5,Entry,2020-11-21
0000003166,003166,1,4,6,2,3,Annual Review,2021-01-10
0000003167,003167,5,2,7,3,4,Exit,2024-06-18
0000003168,003168,2,5,5,5,4,Entry,2019-12-05
0000003169,003169,4,5,4,2,3,Entry,2023-01-07
0000003169,003169,5,3,5,3,4,Exit,2024-09-28
0000003169,003169,5,5,6,4,5,Entry,2024-11-07
0000003170,003170,7,7,5,5,6,Annual Review,2022-03-31
0000003170,003170,5,6,4,5,5,Exit,2025-02-04
0000003171,003171,5,7,3,5,5,Annual Review,2021-05-22
0000003171,003171,5,6,6,5,5,Exit,2022-01-14
0000003171,003171,6,2,6,6,5,Entry,2022-07-16
0000003172,003172,3,1,7,5,4,Exit,2023-09-03
0000003173,003173,1,6,5,6,4,Annual Review,2021-04-18
0000003174,003174,5,6,1,7,4,Exit,2024-07-12
0000003175,003175,3,3,5,5,4,Exit,2024-02-25
0000003176,003176,5,5,4,5,4,Annual Review,2023-09-16
0000003177,003177,3,5,1,4,3,Entry,2021-11-21
0000003178,003178,5,3,6,5,4,Annual Review,2020-06-18
0000003179,003179,5,5,4,3,4,Exit,2024-06-11
0000003180,003180,3,4,5,7,4,Annual Review,2021-06-01
0000003180,003180,1,5,3,6,3,Annual Review,2023-05-17
0000003181,003181,2,5,2,1,2,Annual Review,2022-01-09
0000003181,003181,4,4,1,3,3,Exit,2021-01-06
0000003182,003182,3,1,3,7,3,Exit,2022-08-23
0000003183,003183,3,3,4,7,4,Annual Review,2022-08-06
0000003183,003183,6,6,3,3,4,Entry,2019-07-10
0000003184,003184,3,5,4,6,4,Entry,2022-06-06
0000003185,003185,6,2,5,4,4,Entry,2022-02-05
0000003186,003186,3,4,3,6,4,Annual Review,2023-07-21
0000003187,003187,4,1,3,1,2,Entry,2019-02-07
0000003188,003188,3,2,6,5,4,Annual Review,2021-08-22
0000003188,003188,6,2,2,6,4,Annual Review,2020-05-02
0000003189,003189,4,6,5,6,5,Entry,2021-04-05
0000003190,003190,4,4,1,5,3,Exit,2020-12-20
0000003191,003191,4,1,1,1,1,Annual Review,2022-08-15
0000003192,003192,4,2,2,2,2,Annual Review,2023-07-08
0000003193,003193,4,6,2,3,3,Entry,2024-12-25
0000003194,003194,1,3,3,5,3,Annual Review,2023-07-07
0000003194,003194,5,4,1,5,3,Annual Review,2024-10-16
0000003195,003195,7,6,6,5,6,Exit,2021-09-14
0000003196,003196,1,6,2,7,4,Annual Review,2021-05-08
0000003197,003197,3,3,5,3,3,Exit,2023-08-31
0000003198,003198,1,1,5,4,2,Entry,2024-01-11
0000003199,003199,2,5,6,5,4,Entry,2022-10-12
0000003200,003200,2,2,4,4,3,Annual Review,2022-03-13
0000003201,003201,6,5,7,6,6,Annual Review,2023-02-22
0000003201,003201,1,3,7,4,3,Exit,2024-12-31
0000003202,003202,3,7,5,6,5,Annual Review,2023-01-28
0000003203,003203,1,4,5,7,4,Annual Review,2022-08-28
0000003204,003204,5,2,6,4,4,Entry,2020-04-09
0000003204,003204,4,5,5,2,4,Exit,2023-02-14
0000003205,003205,4,2,2,4,3,Exit,2024-11-10
0000003206,003206,1,5,6,4,4,Annual Review,2024-04-02
0000003206,003206,6,6,6,7,6,Entry,2020-04-17
0000003207,003207,3,6,5,5,4,Exit,2023-11-06
0000003208,003208,1,3,4,1,2,Entry,2023-07-13
0000003208,003208,7,5,4,5,5,Annual Review,2022-09-10
0000003208,003208,2,4,4,3,3,Entry,2021-02-07
0000003209,003209,2,2,2,1,1,Entry,2020-06-29
0000003210,003210,3,1,4,4,3,Entry,2021-02-12
0000003211,003211,3,4,5,3,3,Entry,2024-05-24
0000003211,003211,1,4,4,4,3,Exit,2022-11-24
0000003211,003211,7,2,5,7,5,Annual Review,2023-10-30
0000003212,003212,3,2,5,6,4,Entry,2020-05-17
0000003212,003212,1,1,4,2,2,Exit,2021-06-04
0000003212,003212,1,3,5,5,3,Exit,2021-12-31
0000003213,003213,5,4,6,2,4,Entry,2019-10-12
0000003214,003214,4,2,5,2,3,Annual Review,2019-05-21
0000003215,003215,5,3,6,7,5,Exit,2024-01-06
0000003216,003216,3,3,5,2,3,Annual Review,2026-01-23
0000003216,003216,4,2,1,1,2,Exit,2024-10-22
0000003217,003217,3,3,2,7,3,Exit,2020-07-14
0000003217,003217,4,5,5,5,4,Annual Review,2021-08-20
0000003218,003218,6,4,2,4,4,Exit,2024-10-16
0000003219,003219,6,4,5,5,5,Exit,2027-07-09
0000003219,003219,3,5,4,5,4,Exit,2026-05-14
0000003220,003220,4,1,4,6,3,Exit,2023-10-30
0000003220,003220,1,2,1,3,1,Entry,2023-11-11
0000003220,003220,5,3,1,4,3,Annual Review,2024-12-10
0000003221,003221,5,2,1,1,2,Entry,2021-07-17
0000003222,003222,1,1,1,4,1,Annual Review,2026-01-05
0000003222,003222,1,3,1,1,1,Entry,2023-03-23
0000003223,003223,2,6,5,6,4,Annual Review,2019-06-19
0000003224,003224,4,2,4,6,4,Exit,2023-12-13
0000003225,003225,3,1,5,4,3,Annual Review,2022-04-21
0000003226,003226,5,1,3,1,2,Exit,2019-10-07
0000003227,003227,5,7,7,6,6,Exit,2023-03-05
0000003228,003228,3,4,7,7,5,Exit,2023-12-10
0000003229,003229,5,4,4,1,3,Exit,2022-04-20
0000003230,003230,5,2,2,2,2,Annual Review,2023-11-15
0000003230,003230,3,2,4,5,3,Exit,2023-02-09
0000003231,003231,5,1,2,3,2,Exit,2022-08-07
0000003232,003232,4,2,4,5,3,Annual Review,2022-12-06
0000003232,003232,2,3,6,3,3,Annual Review,2023-07-17
0000003233,003233,5,4,6,7,5,Annual Review,2021-10-21
0000003233,003233,4,5,1,5,3,Exit,2020-12-21
0000003234,003234,6,2,5,5,4,Annual Review,2025-02-19
0000003234,003234,7,4,1,7,4,Entry,2026-10-02
0000003235,003235,5,5,6,7,5,Exit,2024-09-18
0000003235,003235,5,5,3,7,5,Exit,2025-09-03
0000003236,003236,4,5,4,3,4,Annual Review,2023-03-11
0000003236,003236,4,7,6,4,5,Exit,2026-11-16
0000003236,003236,7,3,3,7,5,Annual Review,2023-08-14
0000003237,003237,5,3,2,3,3,Annual Review,2022-06-06
0000003238,003238,5,1,7,6,4,Annual Review,2023-02-08
0000003239,003239,5,7,4,6,5,Entry,2025-08-16
0000003240,003240,3,2,1,2,2,Entry,2023-02-24
0000003241,003241,6,4,4,5,4,Annual Review,2021-12-14
0000003242,003242,6,6,5,4,5,Annual Review,2023-11-07
0000003242,003242,7,6,5,4,5,Entry,2024-07-02
0000003242,003242,6,5,3,6,5,Entry,2022-04-13
0000003243,003243,3,7,6,5,5,Annual Review,2021-05-10
0000003244,003244,6,1,1,6,3,Entry,2021-05-08
0000003245,003245,3,3,2,2,2,Annual Review,2020-03-06
0000003245,003245,4,1,2,2,2,Entry,2018-08-08
0000003246,003246,5,4,4,4,4,Annual Review,2019-11-24
0000003246,003246,5,6,3,5,4,Exit,2020-10-09
0000003246,003246,6,5,4,4,4,Entry,2020-12-11
0000003247,003247,5,3,5,6,4,Exit,2025-08-02
0000003247,003247,2,5,1,4,3,Annual Review,2023-07-22
0000003248,003248,1,3,2,5,2,Entry,2021-05-22
0000003248,003248,5,5,1,2,3,Exit,2023-10-01
0000003249,003249,4,1,4,5,3,Annual Review,2024-04-03
0000003250,003250,4,5,6,3,4,Exit,2020-08-29
0000003251,003251,2,5,6,7,5,Entry,2022-02-12
0000003252,003252,5,4,5,1,3,Entry,2022-07-09
0000003252,003252,4,2,4,2,3,Entry,2024-01-17
0000003253,003253,4,4,3,4,3,Exit,2024-06-02
0000003254,003254,3,4,3,3,3,Annual Review,2023-01-18
0000003255,003255,4,3,5,7,4,Entry,2021-09-15
0000003256,003256,5,1,5,4,3,Exit,2026-12-12
0000003256,003256,3,3,6,7,4,Exit,2025-07-13
0000003257,003257,2,5,2,2,2,Annual Review,2020-05-06
0000003257,003257,5,3,2,2,3,Entry,2020-06-07
0000003258,003258,3,6,5,6,5,Entry,2026-06-02
0000003258,003258,6,6,5,5,5,Entry,2022-05-02
0000003259,003259,4,4,3,3,3,Annual Review,2023-03-05
0000003259,003259,5,4,5,4,4,Annual Review,2025-06-02
0000003260,003260,3,3,3,4,3,Annual Review,2024-02-22
0000003260,003260,4,3,2,6,3,Annual Review,2023-08-09
0000003261,003261,5,5,5,2,4,Exit,2024-11-20
0000003262,003262,4,5,5,7,5,Entry,2021-11-26
0000003263,003263,5,5,7,2,4,Annual Review,2021-03-29
0000003264,003264,6,1,2,2,2,Entry,2020-02-01
0000003265,003265,6,4,6,5,5,Annual Review,2024-06-12
0000003266,003266,5,3,1,1,2,Annual Review,2022-11-07
0000003267,003267,3,4,2,5,3,Entry,2025-10-03
0000003268,003268,2,3,4,4,3,Annual Review,2022-07-13
0000003269,003269,7,2,6,3,4,Annual Review,2021-07-29
0000003269,003269,7,2,5,5,4,Exit,2023-09-10
0000003270,003270,5,3,6,4,4,Annual Review,2022-10-26
0000003271,003271,5,2,1,1,2,Entry,2022-08-22
0000003272,003272,6,7,2,4,4,Entry,2023-04-13
0000003273,003273,2,3,1,1,1,Entry,2020-11-28
0000003274,003274,5,6,6,3,5,Annual Review,2022-07-04
0000003274,003274,7,6,7,7,6,Annual Review,2022-02-08
0000003275,003275,5,4,5,7,5,Entry,2021-07-02
0000003276,003276,5,6,3,6,5,Annual Review,2021-09-21
0000003277,003277,4,5,2,4,3,Entry,2020-06-06
0000003278,003278,5,7,5,6,5,Annual Review,2023-02-21
0000003278,003278,4,7,4,6,5,Annual Review,2022-01-29
0000003278,003278,6,3,6,3,4,Entry,2020-04-07
0000003279,003279,6,2,7,6,5,Entry,2022-05-30
0000003280,003280,1,5,4,3,3,Entry,2019-02-23
0000003281,003281,6,3,2,5,4,Exit,2020-10-07
0000003281,003281,2,1,4,3,2,Exit,2022-08-27
0000003281,003281,1,1,3,2,1,Annual Review,2021-09-07
0000003282,003282,2,2,4,4,3,Exit,2019-11-19
0000003283,003283,5,6,4,3,4,Annual Review,2023-07-28
0000003284,003284,3,6,5,3,4,Annual Review,2021-12-16
0000003285,003285,1,1,3,2,1,Annual Review,2022-03-24
0000003286,003286,5,3,5,2,3,Exit,2020-02-28
0000003287,003287,3,3,4,3,3,Annual Review,2024-01-25
0000003288,003288,5,6,7,4,5,Exit,2025-11-17
0000003289,003289,5,5,4,7,5,Annual Review,2021-02-18
0000003290,003290,5,4,5,7,5,Exit,2022-12-13
0000003290,003290,5,5,4,3,4,Annual Review,2025-07-28
0000003291,003291,6,6,6,6,6,Annual Review,2019-08-18
0000003291,003291,6,5,5,4,5,Exit,2023-10-27
0000003292,003292,5,3,2,5,3,Entry,2022-04-18
0000003292,003292,5,5,6,7,5,Annual Review,2025-08-04
0000003292,003292,5,4,7,5,5,Exit,2027-06-09
0000003293,003293,6,6,6,7,6,Entry,2020-10-13
0000003294,003294,7,5,7,5,6,Exit,2026-01-31
0000003295,003295,4,6,7,5,5,Entry,2021-02-18
0000003296,003296,6,4,6,6,5,Exit,2023-08-27
0000003297,003297,4,7,6,6,5,Exit,2025-07-21
0000003298,003298,1,7,2,4,3,Entry,2022-11-08
0000003298,003298,1,3,4,2,2,Annual Review,2023-10-17
0000003299,003299,6,1,3,3,3,Entry,2024-11-23
0000003300,003300,4,3,2,1,2,Exit,2026-07-25
0000003300,003300,3,3,3,5,3,Exit,2023-01-07
0000003301,003301,3,2,2,4,2,Annual Review,2023-06-21
0000003302,003302,5,5,5,5,5,Entry,2023-09-09
0000003303,003303,5,7,5,5,5,Exit,2021-07-25
0000003304,003304,5,6,3,4,4,Exit,2022-09-13
0000003305,003305,4,6,1,3,3,Exit,2021-02-19
0000003306,003306,1,2,6,4,3,Entry,2020-05-01
0000003307,003307,4,5,5,6,5,Annual Review,2022-05-13
0000003307,003307,6,5,6,4,5,Annual Review,2025-02-19
0000003308,003308,2,5,1,5,3,Entry,2019-12-16
0000003309,003309,5,1,3,3,3,Annual Review,2021-03-26
0000003309,003309,6,4,4,4,4,Exit,2023-08-20
0000003310,003310,1,2,2,2,1,Exit,2022-09-08
0000003311,003311,6,3,4,7,5,Annual Review,2019-11-26
0000003311,003311,5,2,3,7,4,Exit,2020-10-11
0000003312,003312,3,1,3,2,2,Entry,2023-01-04
0000003312,003312,2,3,4,2,2,Entry,2022-08-28
0000003313,003313,2,6,5,6,4,Entry,2022-04-09
0000003313,003313,7,4,4,5,5,Exit,2022-03-27
0000003314,003314,1,2,1,4,2,Entry,2020-12-04
0000003315,003315,1,1,1,5,2,Annual Review,2019-10-18
0000003316,003316,2,3,2,3,2,Entry,2020-07-10
0000003317,003317,4,5,6,4,4,Entry,2021-08-17
0000003318,003318,2,5,4,3,3,Entry,2022-03-30
0000003319,003319,4,6,5,5,5,Annual Review,2021-03-07
0000003320,003320,6,2,5,4,4,Exit,2026-01-26
0000003320,003320,4,4,4,5,4,Annual Review,2023-10-01
0000003320,003320,3,6,2,1,3,Exit,2025-03-24
0000003321,003321,5,3,3,2,3,Entry,2023-04-13
0000003321,003321,1,1,5,4,2,Entry,2022-07-20
0000003322,003322,3,4,1,5,3,Exit,2022-04-09
0000003323,003323,1,2,4,5,3,Entry,2022-04-12
0000003324,003324,7,6,7,3,5,Annual Review,2020-11-16
0000003325,003325,3,4,6,4,4,Annual Review,2021-03-08
0000003326,003326,1,4,4,1,2,Entry,2023-07-29
0000003326,003326,1,3,3,2,2,Entry,2023-03-20
0000003326,003326,4,2,3,2,2,Annual Review,2023-02-06
0000003327,003327,4,3,4,7,4,Exit,2024-12-24
0000003328,003328,2,2,1,4,2,Entry,2019-10-12
0000003329,003329,5,1,1,1,2,Entry,2021-10-24
0000003329,003329,1,4,3,2,2,Entry,2021-04-21
0000003330,003330,3,5,5,6,4,Annual Review,2023-09-06
0000003331,003331,7,5,4,1,4,Exit,2024-07-05
0000003331,003331,4,6,5,6,5,Exit,2024-11-21
0000003332,003332,4,5,2,2,3,Entry,2020-06-25
0000003333,003333,6,5,2,3,4,Exit,2023-10-23
0000003334,003334,6,4,4,6,5,Exit,2024-09-19
0000003335,003335,4,1,5,7,4,Entry,2023-10-02
0000003336,003336,3,2,1,2,2,Annual Review,2023-03-19
0000003336,003336,5,3,2,4,3,Exit,2022-12-16
0000003337,003337,2,1,4,7,3,Exit,2024-03-01
0000003337,003337,3,4,3,1,2,Entry,2023-03-04
0000003338,003338,5,5,7,6,5,Annual Review,2022-10-26
0000003338,003338,7,6,5,5,5,Exit,2025-03-30
0000003338,003338,6,5,6,5,5,Entry,2025-01-05
0000003339,003339,5,6,5,2,4,Entry,2024-04-05
0000003339,003339,2,5,4,4,3,Entry,2022-05-29
0000003340,003340,5,3,6,5,4,Annual Review,2022-12-29
0000003340,003340,6,3,2,5,4,Exit,2026-07-09
0000003340,003340,5,5,7,7,6,Annual Review,2022-11-10
0000003341,003341,4,2,6,6,4,Entry,2020-09-25
0000003342,003342,5,5,5,7,5,Exit,2024-05-13
0000003342,003342,5,2,5,3,3,Entry,2021-08-24
0000003342,003342,5,5,7,6,5,Exit,2026-03-18
0000003343,003343,3,4,2,4,3,Entry,2020-05-03
0000003344,003344,2,4,3,1,2,Entry,2020-10-30
0000003345,003345,3,2,2,4,2,Exit,2022-04-20
0000003346,003346,6,7,4,4,5,Exit,2026-02-20
0000003347,003347,3,3,1,5,3,Exit,2020-04-25
0000003348,003348,1,3,3,2,2,Annual Review,2023-06-13
0000003348,003348,1,2,1,7,2,Exit,2023-07-28
0000003349,003349,4,6,5,2,4,Exit,2025-03-19
0000003349,003349,7,4,6,4,5,Exit,2022-07-09
0000003349,003349,5,4,2,3,3,Entry,2021-12-07
0000003350,003350,5,5,4,3,4,Entry,2019-06-16
0000003351,003351,4,3,4,2,3,Exit,2024-06-18
0000003352,003352,6,5,6,6,5,Entry,2022-05-24
0000003353,003353,6,2,3,6,4,Annual Review,2021-06-16
0000003354,003354,2,5,6,4,4,Annual Review,2023-02-25
0000003355,003355,5,6,6,6,5,Annual Review,2023-04-11
0000003356,003356,3,4,1,4,3,Entry,2021-01-02
0000003356,003356,6,1,3,2,3,Exit,2023-08-07
0000003357,003357,5,3,5,7,5,Exit,2026-07-13
0000003358,003358,2,7,6,5,5,Exit,2025-08-26
0000003359,003359,4,5,6,5,5,Annual Review,2025-05-15
0000003359,003359,6,5,6,5,5,Annual Review,2023-10-18
0000003359,003359,4,7,6,5,5,Annual Review,2023-05-05
0000003360,003360,4,3,5,4,4,Entry,2021-02-19
0000003360,003360,3,4,6,5,4,Exit,2023-08-12
0000003361,003361,7,3,5,4,4,Entry,2020-02-20
0000003361,003361,5,6,7,6,6,Exit,2022-02-10
0000003362,003362,5,4,2,7,4,Entry,2019-05-15
0000003362,003362,6,7,3,7,5,Exit,2020-07-20
0000003363,003363,3,1,1,3,2,Exit,2021-08-06
0000003364,003364,2,2,6,4,3,Exit,2021-01-02
0000003365,003365,1,5,3,2,2,Exit,2023-01-27
0000003365,003365,1,3,2,1,1,Exit,2021-10-16
0000003365,003365,2,7,4,4,4,Entry,2023-07-20
0000003366,003366,1,2,4,3,2,Exit,2023-03-11
0000003367,003367,4,5,6,5,5,Entry,2021-08-26
0000003368,003368,5,3,3,4,3,Annual Review,2019-10-09
0000003369,003369,6,1,3,6,4,Exit,2025-03-14
0000003370,003370,4,7,6,5,5,Annual Review,2019-07-30
0000003371,003371,7,5,3,6,5,Entry,2024-01-02
0000003371,003371,6,2,5,7,5,Annual Review,2024-01-05
0000003372,003372,5,7,4,6,5,Annual Review,2022-02-03
0000003373,003373,4,3,2,3,3,Entry,2020-08-07
0000003373,003373,5,5,4,4,4,Exit,2020-10-01
0000003373,003373,1,5,5,5,4,Entry,2022-05-10
0000003374,003374,5,7,6,5,5,Exit,2021-02-02
0000003375,003375,6,4,7,4,5,Annual Review,2026-07-05
0000003376,003376,1,5,1,4,2,Exit,2027-02-28
0000003376,003376,4,3,1,7,3,Annual Review,2024-01-18
0000003376,003376,3,3,4,1,2,Annual Review,2023-05-30
0000003377,003377,4,4,2,4,3,Exit,2020-05-10
0000003378,003378,4,4,3,3,3,Annual Review,2023-05-28
0000003379,003379,4,3,3,7,4,Exit,2021-07-16
0000003380,003380,6,5,2,2,3,Entry,2022-08-02
0000003381,003381,1,2,4,1,2,Exit,2019-02-19
0000003382,003382,7,5,4,6,5,Annual Review,2021-12-22
0000003383,003383,1,3,7,2,3,Exit,2020-11-28
0000003384,003384,3,7,4,5,4,Annual Review,2021-04-11
0000003384,003384,3,4,5,5,4,Entry,2019-01-11
0000003385,003385,2,3,5,1,2,Annual Review,2019-10-16
0000003386,003386,6,5,5,3,4,Entry,2021-07-19
0000003387,003387,5,3,3,4,3,Exit,2020-05-16
0000003388,003388,4,2,2,2,2,Exit,2021-12-20
0000003389,003389,4,4,6,3,4,Entry,2018-05-11
0000003390,003390,1,2,5,4,3,Entry,2021-02-28
0000003390,003390,4,2,1,2,2,Annual Review,2021-08-13
0000003391,003391,4,5,4,5,4,Exit,2020-05-03
0000003392,003392,4,3,6,4,4,Annual Review,2023-01-31
0000003393,003393,1,2,4,6,3,Exit,2023-04-22
0000003394,003394,7,3,2,1,3,Annual Review,2020-06-08
0000003395,003395,4,4,3,5,4,Entry,2022-08-20
0000003396,003396,2,6,3,6,4,Exit,2023-11-05
0000003397,003397,3,4,3,6,4,Annual Review,2023-03-23
0000003398,003398,1,1,5,5,3,Annual Review,2026-01-22
0000003399,003399,5,1,6,5,4,Exit,2025-05-16
0000003400,003400,5,4,4,6,4,Annual Review,2022-06-27
0000003401,003401,4,6,5,6,5,Exit,2024-03-23
0000003401,003401,6,7,6,6,6,Annual Review,2022-10-10
0000003401,003401,7,5,5,4,5,Exit,2026-06-18
0000003402,003402,7,1,5,3,4,Annual Review,2024-01-06
0000003402,003402,5,3,4,4,4,Exit,2023-04-09
0000003403,003403,6,7,3,6,5,Entry,2023-09-29
0000003404,003404,4,2,3,4,3,Annual Review,2021-02-17
0000003404,003404,6,3,4,3,4,Exit,2020-01-10
0000003405,003405,1,4,4,1,2,Entry,2023-08-29
0000003405,003405,2,1,6,5,3,Exit,2025-03-24
0000003406,003406,5,2,4,4,3,Entry,2025-05-16
0000003407,003407,6,1,4,6,4,Annual Review,2023-08-07
0000003408,003408,5,5,5,5,5,Annual Review,2023-05-12
0000003408,003408,7,7,4,6,6,Entry,2020-11-05
0000003409,003409,2,3,2,4,2,Exit,2024-03-16
0000003410,003410,5,7,6,5,5,Annual Review,2021-10-02
0000003411,003411,1,5,5,4,3,Exit,2023-07-17
0000003411,003411,1,4,6,5,4,Exit,2025-01-05
0000003412,003412,5,4,6,7,5,Entry,2024-08-05
0000003413,003413,6,2,2,3,3,Exit,2027-02-06
0000003414,003414,2,4,5,3,3,Entry,2023-01-09
0000003414,003414,5,1,3,5,3,Exit,2022-12-09
0000003415,003415,4,3,4,2,3,Annual Review,2022-07-17
0000003416,003416,7,4,6,6,5,Entry,2023-05-01
0000003417,003417,4,2,2,2,2,Exit,2022-11-20
0000003418,003418,6,7,6,6,6,Annual Review,2021-11-30
0000003419,003419,2,4,3,3,3,Exit,2022-06-24
0000003419,003419,4,4,4,2,3,Entry,2022-06-23
0000003420,003420,4,3,4,4,3,Annual Review,2025-08-23
0000003420,003420,4,2,1,4,2,Entry,2023-07-26
0000003421,003421,3,6,7,3,4,Entry,2024-02-23
0000003421,003421,2,4,6,6,4,Entry,2021-06-01
0000003422,003422,5,4,3,7,4,Entry,2021-09-17
0000003423,003423,2,5,5,4,4,Exit,2021-04-13
0000003423,003423,2,6,4,1,3,Entry,2022-08-23
0000003423,003423,4,4,4,6,4,Exit,2022-07-18
0000003424,003424,5,6,5,3,4,Entry,2019-07-07
0000003425,003425,1,1,4,1,1,Exit,2019-12-15
0000003426,003426,4,4,5,5,4,Entry,2021-12-02
0000003426,003426,6,5,3,6,5,Entry,2019-12-04
0000003427,003427,5,3,2,5,3,Exit,2022-10-14
0000003428,003428,2,5,7,3,4,Exit,2021-09-18
0000003429,003429,2,3,1,7,3,Entry,2019-01-22
0000003430,003430,5,3,2,4,3,Exit,2023-10-07
0000003430,003430,3,5,4,4,4,Annual Review,2024-08-23
0000003431,003431,5,4,3,4,4,Exit,2026-01-09
0000003431,003431,3,4,1,5,3,Entry,2023-06-03
0000003432,003432,4,3,3,2,3,Annual Review,2025-03-02
0000003433,003433,4,6,5,6,5,Entry,2020-06-13
0000003434,003434,6,4,7,5,5,Annual Review,2020-09-07
0000003435,003435,5,6,3,3,4,Annual Review,2019-05-09
0000003436,003436,4,7,3,6,5,Annual Review,2020-03-03
0000003437,003437,4,2,4,5,3,Entry,2021-04-27
0000003438,003438,2,4,4,2,3,Annual Review,2023-07-25
0000003439,003439,3,6,5,5,4,Annual Review,2023-03-31
0000003439,003439,5,2,5,4,4,Entry,2024-05-05
0000003440,003440,5,4,1,4,3,Exit,2022-10-05
0000003441,003441,5,2,4,3,3,Exit,2024-03-04
0000003441,003441,1,3,5,1,2,Exit,2022-11-05
0000003442,003442,4,3,6,3,4,Annual Review,2021-10-23
0000003443,003443,4,3,3,4,3,Annual Review,2023-08-11
0000003443,003443,4,4,2,4,3,Entry,2022-06-24
0000003443,003443,7,3,4,4,4,Entry,2025-10-23
0000003444,003444,7,6,6,6,6,Entry,2021-06-14
0000003444,003444,5,6,4,5,5,Exit,2025-09-13
0000003445,003445,1,3,5,4,3,Exit,2025-01-10
0000003445,003445,4,2,5,1,3,Exit,2024-07-04
0000003446,003446,1,4,5,1,2,Exit,2020-08-11
0000003447,003447,1,4,7,4,4,Exit,2022-12-12
0000003448,003448,1,6,5,4,4,Exit,2023-09-10
0000003449,003449,7,6,6,6,6,Exit,2025-04-23
0000003449,003449,7,4,5,4,5,Exit,2023-05-09
0000003450,003450,2,4,6,5,4,Annual Review,2025-08-03
0000003450,003450,7,2,4,4,4,Annual Review,2023-08-18
0000003451,003451,6,5,7,4,5,Exit,2023-12-14
0000003451,003451,5,6,5,5,5,Exit,2025-08-20
0000003452,003452,2,5,5,6,4,Annual Review,2024-11-17
0000003453,003453,2,1,1,4,2,Exit,2020-11-05
0000003453,003453,3,3,3,7,4,Entry,2020-04-19
0000003454,003454,2,3,3,2,2,Entry,2022-09-21
0000003454,003454,7,2,5,6,5,Entry,2024-04-27
0000003455,003455,5,3,4,4,4,Entry,2021-02-27
0000003456,003456,1,1,1,2,1,Annual Review,2021-06-10
0000003457,003457,5,4,5,4,4,Exit,2022-01-28
0000003458,003458,3,5,3,3,3,Exit,2022-05-03
0000003458,003458,3,3,2,6,3,Exit,2019-06-06
0000003459,003459,4,3,5,1,3,Entry,2021-12-25
0000003460,003460,5,3,4,2,3,Annual Review,2021-05-02
0000003461,003461,5,2,4,5,4,Annual Review,2026-06-29
0000003461,003461,4,6,5,5,5,Entry,2022-07-18
0000003462,003462,4,4,7,3,4,Exit,2024-09-01
0000003463,003463,6,7,7,7,6,Exit,2023-06-01
0000003463,003463,3,5,4,3,3,Annual Review,2020-07-18
0000003464,003464,2,1,1,4,2,Exit,2021-03-05
0000003465,003465,1,2,2,2,1,Exit,2022-04-16
0000003466,003466,7,5,6,7,6,Annual Review,2020-07-18
0000003467,003467,2,1,2,3,2,Entry,2022-07-31
0000003467,003467,3,1,5,2,2,Entry,2020-02-03
0000003468,003468,6,6,5,6,5,Entry,2022-12-01
0000003469,003469,6,6,7,5,6,Exit,2021-02-13
0000003469,003469,7,4,3,4,4,Annual Review,2021-11-14
0000003469,003469,4,7,5,7,5,Exit,2024-03-03
0000003470,003470,3,4,5,5,4,Entry,2019-01-20
0000003470,003470,6,5,5,3,4,Entry,2019-03-02
0000003471,003471,5,2,5,6,4,Annual Review,2023-05-25
0000003472,003472,1,4,4,1,2,Annual Review,2021-07-15
0000003473,003473,5,4,4,3,4,Exit,2023-08-01
0000003473,003473,4,4,4,5,4,Annual Review,2024-12-24
0000003474,003474,2,5,6,4,4,Exit,2022-09-19
0000003474,003474,5,5,5,5,5,Annual Review,2023-09-30
0000003475,003475,5,4,4,6,4,Exit,2023-01-12
0000003476,003476,4,5,4,4,4,Annual Review,2021-03-20
0000003477,003477,5,4,5,6,5,Annual Review,2025-01-19
0000003477,003477,3,2,5,3,3,Entry,2022-07-02
0000003478,003478,6,6,7,7,6,Annual Review,2022-10-19
0000003478,003478,6,4,4,6,5,Entry,2020-02-07
0000003479,003479,5,4,4,3,4,Entry,2021-08-31
0000003480,003480,3,3,1,7,3,Entry,2019-12-24
0000003481,003481,5,2,2,5,3,Entry,2018-10-06
0000003482,003482,6,5,7,4,5,Annual Review,2019-07-15
0000003483,003483,2,1,4,5,3,Exit,2021-05-26
0000003484,003484,2,3,4,1,2,Exit,2020-09-14
0000003485,003485,2,3,2,5,3,Entry,2024-06-02
0000003486,003486,3,4,1,7,3,Entry,2019-12-26
0000003487,003487,3,1,5,4,3,Exit,2023-02-12
0000003487,003487,5,5,5,2,4,Entry,2021-01-10
0000003488,003488,6,6,5,5,5,Entry,2022-03-24
0000003489,003489,6,5,6,5,5,Entry,2020-06-05
0000003490,003490,3,3,3,5,3,Annual Review,2024-08-11
0000003491,003491,3,2,3,3,2,Annual Review,2020-09-17
0000003491,003491,3,3,4,5,3,Entry,2022-12-09
0000003492,003492,6,1,3,1,2,Annual Review,2024-10-31
0000003492,003492,6,4,4,7,5,Annual Review,2024-09-15
0000003493,003493,5,1,1,7,3,Annual Review,2022-08-21
0000003494,003494,3,4,2,6,3,Exit,2023-02-28
0000003494,003494,2,2,2,3,2,Entry,2023-04-11
0000003495,003495,2,1,4,1,2,Entry,2020-06-28
0000003495,003495,1,1,4,4,2,Entry,2020-09-25
0000003496,003496,5,1,7,6,4,Exit,2025-12-14
0000003496,003496,6,5,6,5,5,Exit,2024-11-29
0000003496,003496,6,6,7,2,5,Annual Review,2022-11-15
0000003497,003497,2,2,5,2,2,Exit,2021-03-08
0000003498,003498,7,6,4,5,5,Annual Review,2023-09-15
0000003499,003499,6,6,1,5,4,Exit,2022-09-18
0000003499,003499,4,5,5,2,4,Annual Review,2021-03-20
0000003500,003500,5,3,1,6,3,Annual Review,2021-09-21
0000003501,003501,3,3,1,4,2,Entry,2023-07-10
0000003502,003502,5,2,4,4,3,Entry,2022-02-19
0000003502,003502,4,1,2,6,3,Annual Review,2022-03-26
0000003502,003502,1,2,4,2,2,Exit,2025-05-18
0000003503,003503,6,7,6,5,6,Entry,2022-12-12
0000003504,003504,3,6,3,3,3,Annual Review,2021-02-04
0000003504,003504,5,3,3,5,4,Annual Review,2023-03-17
0000003505,003505,7,3,5,3,4,Entry,2021-12-11
0000003506,003506,2,5,3,1,2,Entry,2024-11-07
0000003506,003506,4,1,5,2,3,Entry,2022-07-17
0000003507,003507,1,4,2,2,2,Exit,2021-10-19
0000003508,003508,4,7,7,3,5,Exit,2025-05-08
0000003509,003509,4,4,6,4,4,Exit,2024-03-09
0000003510,003510,6,4,1,6,4,Entry,2021-02-08
0000003510,003510,5,3,1,4,3,Entry,2023-04-19
0000003511,003511,2,3,4,6,3,Entry,2022-09-10
0000003512,003512,3,2,4,2,2,Entry,2023-11-07
0000003513,003513,7,4,5,7,5,Annual Review,2020-07-24
0000003514,003514,5,7,4,1,4,Exit,2021-04-07
0000003514,003514,1,7,4,3,3,Entry,2018-08-30
0000003515,003515,2,2,5,5,3,Exit,2023-07-26
0000003516,003516,1,3,6,2,3,Entry,2022-09-19
0000003516,003516,4,4,3,2,3,Entry,2021-11-10
0000003517,003517,5,5,6,7,5,Annual Review,2023-10-19
0000003518,003518,5,6,6,6,5,Entry,2019-08-14
0000003518,003518,5,4,4,4,4,Annual Review,2021-11-27
0000003519,003519,2,4,3,7,4,Exit,2021-03-01
0000003519,003519,7,3,5,2,4,Exit,2024-09-12
0000003519,003519,6,5,6,7,6,Annual Review,2022-03-20
0000003520,003520,5,5,4,2,4,Exit,2025-10-13
0000003520,003520,5,4,5,1,3,Entry,2023-01-05
0000003521,003521,6,1,6,2,3,Entry,2022-06-26
0000003522,003522,3,4,5,2,3,Annual Review,2020-11-28
0000003523,003523,4,4,5,4,4,Exit,2021-10-29
0000003524,003524,2,4,5,2,3,Annual Review,2021-01-29
0000003525,003525,2,4,3,2,2,Exit,2022-06-11
0000003526,003526,6,5,3,1,3,Annual Review,2021-06-10
0000003527,003527,4,3,1,3,2,Exit,2020-04-01
0000003528,003528,5,2,5,6,4,Entry,2021-05-29
0000003529,003529,4,2,1,2,2,Entry,2019-09-30
0000003530,003530,2,5,6,5,4,Exit,2022-06-08
0000003531,003531,4,3,7,7,5,Annual Review,2021-10-12
0000003532,003532,2,5,6,5,4,Annual Review,2022-04-21
0000003533,003533,1,5,5,4,3,Entry,2020-08-07
0000003534,003534,4,4,4,3,3,Annual Review,2023-04-18
0000003534,003534,3,4,6,2,3,Exit,2022-05-27
0000003535,003535,6,5,4,4,4,Entry,2021-07-17
0000003536,003536,7,4,7,6,6,Entry,2021-06-17
0000003537,003537,2,1,3,1,1,Exit,2020-02-04
0000003538,003538,4,2,5,6,4,Annual Review,2022-11-23
0000003538,003538,5,4,3,4,4,Annual Review,2024-05-28
0000003539,003539,2,1,4,4,2,Exit,2024-02-12
0000003539,003539,1,3,5,6,3,Annual Review,2023-01-28
0000003539,003539,4,4,2,5,3,Entry,2020-03-21
0000003540,003540,2,3,1,2,2,Annual Review,2021-11-06
0000003541,003541,7,6,5,6,6,Entry,2024-11-07
0000003541,003541,5,5,6,6,5,Entry,2021-09-23
0000003541,003541,5,2,7,4,4,Annual Review,2023-11-30
0000003542,003542,5,3,6,7,5,Annual Review,2024-10-14
0000003542,003542,6,1,5,6,4,Annual Review,2023-03-24
0000003542,003542,5,4,4,4,4,Exit,2022-05-06
0000003543,003543,3,2,7,4,4,Annual Review,2020-05-25
0000003544,003544,2,3,3,5,3,Exit,2022-09-24
0000003545,003545,3,4,6,3,4,Exit,2020-09-04
0000003545,003545,3,3,2,6,3,Annual Review,2021-09-06
0000003546,003546,6,4,5,3,4,Annual Review,2022-12-27
0000003546,003546,4,7,6,4,5,Annual Review,2020-05-25
0000003546,003546,6,6,5,6,5,Annual Review,2020-10-15
0000003547,003547,6,5,5,5,5,Exit,2022-11-27
0000003548,003548,5,6,6,5,5,Entry,2022-12-01
0000003549,003549,6,1,7,2,4,Exit,2021-08-17
0000003549,003549,3,2,3,1,2,Exit,2023-01-30
0000003550,003550,5,1,1,3,2,Entry,2019-04-10
0000003551,003551,4,4,5,6,4,Entry,2025-01-13
0000003551,003551,6,7,5,7,6,Exit,2023-05-23
0000003551,003551,5,7,5,3,5,Annual Review,2024-08-24
0000003552,003552,6,6,4,6,5,Exit,2023-08-28
0000003552,003552,3,4,7,7,5,Exit,2026-03-05
0000003553,003553,1,4,5,4,3,Exit,2021-11-26
0000003553,003553,6,2,5,3,4,Entry,2020-03-17
0000003554,003554,3,4,4,6,4,Exit,2022-07-07
0000003554,003554,6,7,5,6,6,Annual Review,2022-01-26
0000003555,003555,4,2,1,4,2,Exit,2022-06-28
0000003556,003556,7,6,5,4,5,Annual Review,2024-07-09
0000003557,003557,6,6,6,5,5,Annual Review,2024-02-19
0000003558,003558,1,3,6,4,3,Entry,2021-12-01
0000003558,003558,2,3,1,4,2,Entry,2022-03-04
0000003559,003559,2,1,4,5,3,Exit,2022-07-11
0000003560,003560,5,2,3,2,3,Entry,2022-05-07
0000003561,003561,1,3,5,6,3,Annual Review,2022-10-30
0000003562,003562,7,7,3,7,6,Entry,2021-11-13
0000003563,003563,2,3,4,3,3,Entry,2019-04-28
0000003563,003563,1,5,2,7,3,Entry,2021-02-18
0000003564,003564,2,2,2,1,1,Exit,2022-11-19
0000003564,003564,4,3,2,4,3,Entry,2023-01-17
0000003565,003565,3,5,3,4,3,Entry,2019-09-17
0000003565,003565,4,1,5,5,3,Entry,2022-03-14
0000003565,003565,4,7,3,3,4,Annual Review,2020-05-17
0000003566,003566,4,7,6,1,4,Annual Review,2023-06-22
0000003567,003567,4,6,6,4,5,Annual Review,2025-06-22
0000003567,003567,1,5,4,2,3,Exit,2024-03-21
0000003568,003568,3,4,5,4,4,Annual Review,2025-08-06
0000003569,003569,5,7,5,3,5,Entry,2021-10-08
0000003569,003569,6,5,6,3,5,Entry,2021-01-23
0000003570,003570,3,6,6,7,5,Entry,2021-07-28
0000003570,003570,5,6,7,7,6,Entry,2024-08-19
0000003571,003571,7,6,7,5,6,Annual Review,2021-07-06
0000003572,003572,2,1,1,2,1,Annual Review,2022-09-05
0000003573,003573,4,3,2,5,3,Annual Review,2021-10-28
0000003574,003574,7,6,4,3,5,Exit,2023-09-11
0000003574,003574,5,5,2,6,4,Annual Review,2020-06-18
0000003575,003575,6,2,6,6,5,Exit,2022-09-28
0000003576,003576,7,6,5,2,5,Entry,2023-01-19
0000003576,003576,7,5,5,5,5,Exit,2022-12-20
0000003577,003577,6,4,4,7,5,Entry,2023-10-06
0000003577,003577,3,1,5,6,3,Exit,2027-08-04
0000003578,003578,4,4,4,5,4,Exit,2023-11-21
0000003579,003579,3,2,1,1,1,Entry,2023-01-27
0000003579,003579,1,3,1,5,2,Entry,2019-05-13
0000003580,003580,2,2,4,1,2,Annual Review,2020-04-09
0000003581,003581,3,1,5,4,3,Entry,2019-10-22
0000003582,003582,2,5,3,4,3,Exit,2024-02-11
0000003583,003583,4,3,5,4,4,Entry,2024-12-29
0000003584,003584,3,5,3,3,3,Exit,2025-06-26
0000003584,003584,5,5,2,2,3,Entry,2022-05-16
0000003585,003585,5,2,3,6,4,Entry,2022-07-25
0000003586,003586,1,3,4,1,2,Annual Review,2023-05-12
0000003587,003587,1,5,7,7,5,Exit,2024-03-27
0000003587,003587,4,6,5,4,4,Entry,2022-01-08
0000003588,003588,6,3,4,6,4,Exit,2024-09-12
0000003589,003589,4,3,2,3,3,Exit,2022-03-14
0000003590,003590,5,4,2,6,4,Annual Review,2022-05-21
0000003591,003591,2,1,3,3,2,Exit,2024-10-12
0000003591,003591,1,1,4,3,2,Exit,2023-08-19
0000003592,003592,2,1,3,4,2,Exit,2018-12-07
0000003593,003593,6,1,3,5,3,Entry,2022-12-04
0000003594,003594,1,4,3,5,3,Entry,2022-04-27
0000003595,003595,6,3,7,5,5,Annual Review,2023-10-25
0000003596,003596,3,5,3,5,4,Exit,2026-04-03
0000003596,003596,6,4,5,1,4,Exit,2022-09-24
0000003596,003596,4,7,5,6,5,Annual Review,2023-08-11
0000003597,003597,4,7,5,4,5,Entry,2022-05-12
0000003597,003597,5,2,3,5,3,Exit,2022-04-12
0000003598,003598,1,1,3,3,2,Exit,2022-09-21
0000003599,003599,7,7,4,4,5,Exit,2023-09-06
0000003600,003600,3,4,4,3,3,Exit,2023-08-26
0000003600,003600,6,3,4,2,3,Entry,2024-10-14
0000003600,003600,2,6,5,5,4,Exit,2023-02-28
0000003601,003601,3,3,4,3,3,Entry,2021-06-30
0000003602,003602,7,7,7,6,6,Exit,2023-10-31
0000003603,003603,6,7,3,1,4,Annual Review,2023-10-12
0000003603,003603,4,3,1,5,3,Entry,2022-01-29
0000003604,003604,5,5,1,5,4,Exit,2022-05-26
0000003604,003604,4,3,3,4,3,Exit,2023-01-05
0000003605,003605,6,2,5,6,4,Exit,2021-02-20
0000003605,003605,7,3,5,5,5,Annual Review,2022-01-26
0000003606,003606,5,2,2,5,3,Exit,2024-04-03
0000003607,003607,2,7,1,1,2,Entry,2019-03-18
0000003608,003608,1,6,3,4,3,Entry,2022-03-27
0000003609,003609,3,5,3,6,4,Exit,2024-06-26
0000003610,003610,7,6,4,5,5,Annual Review,2023-05-31
0000003611,003611,6,7,6,6,6,Entry,2021-09-08
0000003612,003612,7,4,3,4,4,Exit,2022-06-16
0000003613,003613,6,3,2,5,4,Entry,2022-07-22
0000003614,003614,4,4,3,7,4,Exit,2020-02-02
0000003615,003615,1,5,1,5,3,Exit,2022-04-10
0000003616,003616,5,1,3,3,3,Annual Review,2022-12-22
0000003617,003617,5,5,7,4,5,Entry,2021-09-01
0000003618,003618,5,6,2,4,4,Annual Review,2022-08-21
0000003619,003619,4,5,5,6,5,Exit,2023-02-12
0000003620,003620,3,5,6,4,4,Exit,2024-02-06
0000003621,003621,6,4,7,7,6,Entry,2022-06-12
0000003622,003622,4,6,5,3,4,Annual Review,2022-04-20
0000003623,003623,5,5,3,4,4,Entry,2025-03-20
0000003623,003623,6,5,5,7,5,Annual Review,2024-05-22
0000003624,003624,6,3,1,2,3,Entry,2023-02-14
0000003625,003625,5,3,7,6,5,Annual Review,2024-05-31
0000003625,003625,3,3,6,6,4,Annual Review,2023-01-28
0000003626,003626,3,4,3,7,4,Exit,2024-03-13
0000003626,003626,5,2,1,2,2,Annual Review,2025-09-18
0000003627,003627,1,1,5,6,3,Entry,2022-05-26
0000003628,003628,1,4,2,6,3,Annual Review,2021-08-28
0000003629,003629,5,5,6,5,5,Annual Review,2023-01-03
0000003630,003630,2,5,1,4,3,Entry,2024-11-01
0000003631,003631,3,2,4,3,3,Annual Review,2019-10-08
0000003632,003632,3,3,5,2,3,Entry,2022-07-24
0000003633,003633,4,4,3,3,3,Annual Review,2023-01-06
0000003633,003633,3,1,4,1,2,Exit,2022-01-04
0000003634,003634,1,3,5,1,2,Annual Review,2020-08-09
0000003635,003635,6,6,6,6,6,Exit,2024-09-23
0000003636,003636,3,2,5,5,3,Exit,2022-03-09
0000003637,003637,5,7,5,3,5,Exit,2023-10-22
0000003638,003638,2,5,2,3,3,Annual Review,2022-05-09
0000003639,003639,5,4,5,5,4,Entry,2020-10-01
0000003640,003640,3,2,3,6,3,Exit,2024-08-06
0000003640,003640,3,5,4,1,3,Annual Review,2025-08-12
0000003641,003641,6,3,3,1,3,Annual Review,2022-06-07
0000003642,003642,5,6,5,5,5,Entry,2019-11-24
0000003642,003642,2,7,6,2,4,Exit,2021-03-12
0000003642,003642,5,5,4,6,5,Exit,2024-05-11
0000003643,003643,3,3,3,3,3,Exit,2020-10-29
0000003644,003644,1,4,1,3,2,Exit,2025-03-19
0000003645,003645,4,5,5,4,4,Exit,2022-11-23
0000003646,003646,6,4,4,5,4,Exit,2024-01-07
0000003647,003647,6,6,5,6,5,Exit,2025-07-02
0000003648,003648,3,2,3,2,2,Annual Review,2023-03-14
0000003649,003649,5,4,2,6,4,Entry,2021-10-03
0000003650,003650,7,6,5,6,6,Exit,2025-11-04
0000003650,003650,5,5,4,4,4,Entry,2021-03-13
0000003651,003651,4,3,5,4,4,Exit,2021-12-06
0000003652,003652,5,5,7,6,5,Entry,2023-04-13
0000003653,003653,2,6,3,5,4,Exit,2022-07-28
0000003654,003654,2,3,3,2,2,Annual Review,2020-05-27
0000003655,003655,1,2,2,5,2,Exit,2021-01-15
0000003656,003656,6,4,2,5,4,Exit,2026-10-13
0000003657,003657,5,7,5,4,5,Annual Review,2021-09-29
0000003657,003657,3,4,1,4,3,Annual Review,2023-09-06
0000003658,003658,5,5,3,5,4,Entry,2023-04-24
0000003659,003659,4,4,4,6,4,Exit,2022-09-22
0000003660,003660,2,3,1,3,2,Annual Review,2023-11-02
0000003660,003660,7,1,1,1,2,Entry,2023-09-01
0000003661,003661,7,6,6,2,5,Annual Review,2020-05-25
0000003662,003662,5,3,5,3,4,Entry,2021-09-14
0000003663,003663,3,5,6,5,4,Exit,2025-03-16
0000003664,003664,2,4,4,5,3,Annual Review,2021-11-25
0000003665,003665,4,5,1,4,3,Annual Review,2023-03-17
0000003665,003665,6,5,7,4,5,Annual Review,2024-04-25
0000003665,003665,5,4,5,3,4,Exit,2026-02-26
0000003666,003666,2,1,4,2,2,Entry,2021-04-10
0000003666,003666,2,4,3,4,3,Annual Review,2021-09-29
0000003667,003667,6,5,4,4,4,Entry,2023-01-04
0000003668,003668,2,3,4,6,3,Annual Review,2022-03-01
0000003669,003669,7,6,5,7,6,Entry,2021-11-29
0000003670,003670,5,4,4,6,4,Entry,2021-03-01
0000003671,003671,4,6,5,4,4,Exit,2024-03-23
0000003672,003672,5,6,5,3,4,Annual Review,2021-11-29
0000003673,003673,5,3,6,5,4,Annual Review,2021-08-02
0000003674,003674,2,6,5,6,4,Entry,2019-04-24
0000003675,003675,2,3,4,5,3,Annual Review,2020-12-29
0000003675,003675,5,1,1,3,2,Entry,2023-01-22
0000003676,003676,6,4,5,6,5,Annual Review,2024-12-10
0000003676,003676,3,5,2,4,3,Exit,2021-11-24
0000003677,003677,5,1,4,3,3,Annual Review,2022-05-11
0000003678,003678,5,4,3,5,4,Entry,2023-07-31
0000003679,003679,5,3,5,3,4,Exit,2022-01-25
0000003680,003680,4,2,4,4,3,Exit,2021-05-21
0000003681,003681,3,2,5,3,3,Exit,2025-03-02
0000003681,003681,5,2,5,5,4,Exit,2022-03-04
0000003682,003682,1,2,3,1,1,Entry,2023-02-09
0000003683,003683,4,3,3,5,3,Exit,2021-07-03
0000003683,003683,2,6,4,4,4,Entry,2021-09-22
0000003684,003684,2,7,3,7,4,Annual Review,2020-03-07
0000003685,003685,7,5,4,7,5,Entry,2020-03-24
0000003685,003685,6,6,4,7,5,Annual Review,2024-02-21
0000003685,003685,7,5,6,3,5,Annual Review,2021-05-22
0000003686,003686,3,1,2,3,2,Annual Review,2021-02-02
0000003687,003687,6,7,7,3,5,Annual Review,2021-04-20
0000003687,003687,5,6,5,6,5,Annual Review,2020-04-24
0000003687,003687,6,7,3,7,5,Entry,2023-03-29
0000003688,003688,4,5,4,7,5,Annual Review,2024-10-11
0000003689,003689,5,5,1,3,3,Entry,2022-09-25
0000003689,003689,4,4,6,4,4,Entry,2021-10-21
0000003690,003690,2,2,4,3,2,Annual Review,2021-06-14
0000003691,003691,4,1,5,1,2,Exit,2024-11-07
0000003692,003692,1,5,3,4,3,Entry,2023-03-26
0000003693,003693,5,4,4,5,4,Exit,2022-07-08
0000003693,003693,2,6,4,4,4,Annual Review,2021-04-17
0000003694,003694,6,3,5,5,4,Exit,2022-05-24
0000003695,003695,4,7,4,5,5,Entry,2021-06-27
0000003696,003696,5,2,3,4,3,Exit,2023-09-09
0000003697,003697,4,7,7,6,6,Entry,2023-11-10
0000003698,003698,6,5,7,6,6,Exit,2021-06-02
0000003699,003699,3,2,4,4,3,Entry,2021-11-10
0000003700,003700,5,5,3,6,4,Annual Review,2023-10-05
0000003700,003700,2,6,5,3,4,Annual Review,2025-07-05
0000003701,003701,5,5,6,6,5,Entry,2023-04-22
0000003702,003702,6,6,4,5,5,Entry,2021-11-15
0000003703,003703,2,2,5,6,3,Entry,2020-06-01
0000003704,003704,6,6,2,5,4,Entry,2018-10-21
0000003705,003705,5,6,3,3,4,Entry,2021-11-24
0000003705,003705,3,5,4,7,4,Entry,2021-12-08
0000003705,003705,2,6,5,6,4,Exit,2026-07-04
0000003706,003706,4,2,5,5,4,Exit,2022-12-17
0000003707,003707,3,2,3,5,3,Annual Review,2024-08-04
0000003707,003707,6,1,4,3,3,Entry,2021-12-30
0000003708,003708,7,2,2,3,3,Annual Review,2023-11-11
0000003709,003709,1,1,5,1,2,Entry,2024-03-24
0000003710,003710,6,5,4,7,5,Exit,2022-08-14
0000003711,003711,5,2,5,2,3,Annual Review,2019-04-23
0000003712,003712,5,3,1,1,2,Annual Review,2021-06-04
0000003713,003713,1,4,7,7,4,Annual Review,2024-04-15
0000003713,003713,3,6,6,2,4,Exit,2023-03-17
0000003714,003714,1,3,6,4,3,Entry,2019-08-11
0000003714,003714,6,5,5,5,5,Exit,2024-04-04
0000003715,003715,3,4,5,4,4,Exit,2021-06-11
0000003716,003716,5,6,3,6,5,Entry,2025-09-04
0000003717,003717,3,7,5,4,4,Annual Review,2025-11-04
0000003717,003717,7,6,6,5,6,Exit,2022-02-12
0000003718,003718,7,4,5,6,5,Exit,2023-05-10
0000003719,003719,3,4,4,5,4,Entry,2022-03-20
0000003720,003720,5,3,4,3,3,Entry,2020-05-22
0000003721,003721,1,3,4,2,2,Annual Review,2023-03-19
0000003722,003722,2,5,5,6,4,Annual Review,2022-09-09
0000003722,003722,3,5,6,5,4,Entry,2019-08-17
0000003723,003723,5,1,3,2,2,Exit,2020-02-05
0000003724,003724,3,2,3,1,2,Entry,2021-01-10
0000003724,003724,1,3,3,3,2,Entry,2021-02-22
0000003725,003725,3,5,4,2,3,Annual Review,2021-02-08
0000003725,003725,5,5,2,3,3,Annual Review,2023-12-18
0000003725,003725,2,5,1,5,3,Entry,2022-03-21
0000003726,003726,3,4,4,4,3,Annual Review,2023-05-09
0000003727,003727,5,4,2,1,3,Entry,2021-06-17
0000003727,003727,3,3,1,5,3,Annual Review,2020-10-20
0000003727,003727,4,4,3,4,3,Annual Review,2024-02-11
0000003728,003728,3,2,3,4,3,Exit,2023-08-06
0000003729,003729,5,6,7,4,5,Annual Review,2020-01-01
0000003730,003730,3,2,4,7,4,Annual Review,2023-03-03
0000003731,003731,4,5,2,3,3,Exit,2021-02-13
0000003732,003732,5,3,3,5,4,Exit,2022-05-30
0000003733,003733,7,3,2,3,3,Entry,2025-04-28
0000003734,003734,3,1,4,2,2,Exit,2019-10-12
0000003735,003735,5,4,4,3,4,Exit,2024-04-24
0000003735,003735,2,7,3,5,4,Annual Review,2023-01-16
0000003736,003736,4,1,6,4,3,Annual Review,2021-12-15
0000003737,003737,2,4,3,4,3,Entry,2018-09-15
0000003738,003738,6,5,5,5,5,Annual Review,2020-07-14
0000003739,003739,2,3,6,7,4,Entry,2019-08-22
0000003740,003740,4,2,4,3,3,Annual Review,2024-05-11
0000003740,003740,4,1,5,6,4,Exit,2023-06-09
0000003741,003741,3,6,1,4,3,Annual Review,2022-09-29
0000003742,003742,3,6,5,7,5,Entry,2022-04-11
0000003742,003742,5,2,5,5,4,Entry,2020-02-07
0000003743,003743,3,1,4,3,2,Entry,2021-09-08
0000003744,003744,3,3,1,2,2,Annual Review,2021-05-06
0000003745,003745,3,1,1,1,1,Entry,2021-06-22
0000003746,003746,6,6,1,7,5,Exit,2022-06-27
0000003746,003746,3,4,5,5,4,Entry,2022-09-18
0000003747,003747,6,5,7,3,5,Exit,2023-03-22
0000003748,003748,3,3,6,4,4,Exit,2024-08-25
0000003749,003749,6,6,5,4,5,Entry,2022-12-23
0000003749,003749,2,7,5,4,4,Annual Review,2025-07-24
0000003750,003750,3,7,6,6,5,Annual Review,2023-05-08
0000003751,003751,7,2,5,4,4,Annual Review,2026-02-23
0000003751,003751,6,4,4,5,4,Annual Review,2024-01-16
0000003752,003752,3,2,1,7,3,Exit,2020-06-28
0000003753,003753,7,2,6,5,5,Entry,2023-07-18
0000003754,003754,2,2,1,4,2,Entry,2023-03-10
0000003755,003755,2,6,6,7,5,Entry,2022-11-12
0000003756,003756,5,5,6,6,5,Entry,2023-04-01
0000003757,003757,4,4,4,1,3,Annual Review,2024-04-03
0000003757,003757,2,5,1,3,2,Exit,2023-03-14
0000003758,003758,6,4,6,7,5,Entry,2020-11-11
0000003759,003759,4,5,5,2,4,Annual Review,2021-04-02
0000003759,003759,5,4,6,4,4,Annual Review,2023-08-12
0000003759,003759,1,2,2,6,2,Annual Review,2022-04-18
0000003760,003760,3,1,4,2,2,Annual Review,2022-05-22
0000003761,003761,4,3,6,3,4,Exit,2023-03-12
0000003762,003762,7,4,4,6,5,Entry,2020-12-29
0000003763,003763,6,6,4,6,5,Exit,2023-12-03
0000003763,003763,6,6,5,7,6,Entry,2020-04-19
0000003763,003763,4,4,4,7,4,Exit,2020-08-09
0000003764,003764,4,1,4,4,3,Entry,2021-08-05
0000003765,003765,4,1,5,4,3,Entry,2020-08-30
0000003765,003765,2,4,5,3,3,Annual Review,2023-04-14
0000003765,003765,3,5,5,3,4,Entry,2021-06-14
0000003766,003766,6,3,6,5,5,Annual Review,2022-12-07
0000003767,003767,2,2,5,4,3,Entry,2021-07-25
0000003768,003768,5,6,5,5,5,Exit,2023-11-12
0000003769,003769,6,1,6,6,4,Exit,2025-07-22
0000003770,003770,6,3,6,5,5,Entry,2021-02-25
0000003770,003770,6,5,6,6,5,Entry,2022-03-31
0000003771,003771,7,2,5,4,4,Exit,2025-05-15
0000003772,003772,4,5,1,3,3,Annual Review,2023-10-27
0000003772,003772,1,1,4,4,2,Exit,2023-01-25
0000003773,003773,7,3,3,6,4,Entry,2024-05-06
0000003773,003773,6,6,7,4,5,Annual Review,2021-05-17
0000003774,003774,5,1,1,5,3,Annual Review,2020-07-02
0000003774,003774,5,2,3,3,3,Exit,2022-01-13
0000003775,003775,2,6,4,5,4,Entry,2021-08-15
0000003775,003775,5,5,5,6,5,Entry,2025-01-25
0000003775,003775,2,5,3,7,4,Exit,2025-01-19
0000003776,003776,2,5,5,1,3,Exit,2024-10-02
0000003777,003777,7,5,7,6,6,Exit,2024-06-25
0000003777,003777,6,1,4,4,3,Annual Review,2025-05-29
0000003778,003778,4,3,1,1,2,Exit,2022-01-22
0000003779,003779,6,3,5,6,5,Entry,2019-06-16
0000003779,003779,5,6,3,4,4,Annual Review,2021-12-14
0000003780,003780,3,4,5,3,3,Annual Review,2024-06-10
0000003781,003781,2,2,2,2,2,Annual Review,2021-08-28
0000003782,003782,4,3,5,5,4,Exit,2024-11-28
0000003783,003783,4,1,3,2,2,Entry,2019-06-14
0000003784,003784,2,5,2,2,2,Exit,2022-04-16
0000003785,003785,2,1,6,5,3,Annual Review,2021-08-22
0000003786,003786,2,3,2,2,2,Exit,2022-02-21
0000003787,003787,4,4,4,2,3,Entry,2022-12-05
0000003788,003788,4,3,6,3,4,Entry,2023-05-06
0000003789,003789,2,5,4,5,4,Exit,2022-08-01
0000003790,003790,6,6,5,7,6,Exit,2024-01-22
0000003791,003791,7,6,6,5,6,Annual Review,2020-12-16
0000003791,003791,7,2,3,4,4,Annual Review,2023-02-05
0000003791,003791,3,7,6,4,5,Entry,2019-07-09
0000003792,003792,5,5,6,6,5,Exit,2023-08-17
0000003793,003793,6,4,1,6,4,Annual Review,2021-02-16
0000003794,003794,6,5,5,7,5,Annual Review,2022-09-12
0000003795,003795,4,7,4,3,4,Exit,2025-02-14
0000003796,003796,7,5,1,5,4,Entry,2021-09-05
0000003797,003797,4,1,4,4,3,Annual Review,2022-11-05
0000003797,003797,5,2,3,2,3,Exit,2021-12-10
0000003798,003798,5,5,6,7,5,Annual Review,2025-03-23
0000003799,003799,6,2,4,5,4,Exit,2021-08-10
0000003799,003799,5,5,2,6,4,Entry,2021-09-12
0000003800,003800,5,2,6,5,4,Entry,2023-04-24
0000003801,003801,2,2,3,3,2,Exit,2020-01-10
0000003802,003802,5,6,1,4,4,Entry,2019-09-16
0000003803,003803,7,6,7,6,6,Exit,2024-01-24
0000003804,003804,7,7,4,3,5,Annual Review,2024-09-30
0000003805,003805,6,7,6,5,6,Annual Review,2021-06-15
0000003806,003806,1,2,1,3,1,Exit,2019-07-29
0000003807,003807,3,3,3,5,3,Exit,2024-12-23
0000003807,003807,2,3,1,6,3,Entry,2025-02-21
0000003808,003808,3,6,1,7,4,Exit,2023-09-02
0000003809,003809,3,2,3,2,2,Annual Review,2021-03-10
0000003810,003810,2,4,3,3,3,Entry,2020-01-27
0000003811,003811,7,3,2,4,4,Annual Review,2025-08-14
0000003811,003811,4,3,6,3,4,Entry,2023-03-12
0000003812,003812,5,5,5,7,5,Exit,2024-10-21
0000003813,003813,2,2,2,5,2,Entry,2021-08-03
0000003814,003814,5,5,2,7,4,Entry,2019-09-20
0000003815,003815,2,3,5,7,4,Exit,2022-05-06
0000003815,003815,2,3,5,6,4,Exit,2020-11-27
0000003815,003815,4,5,3,5,4,Exit,2019-01-31
0000003816,003816,7,5,4,4,5,Exit,2021-06-04
0000003817,003817,2,3,3,2,2,Entry,2020-12-20
0000003818,003818,5,5,4,5,4,Entry,2019-09-16
0000003819,003819,1,4,5,7,4,Exit,2024-02-01
0000003820,003820,6,1,1,3,2,Entry,2023-09-20
0000003820,003820,2,2,3,3,2,Annual Review,2024-08-15
0000003821,003821,1,3,3,2,2,Annual Review,2021-12-30
0000003822,003822,2,4,4,1,2,Annual Review,2024-06-12
0000003823,003823,6,2,5,2,3,Exit,2022-05-31
0000003823,003823,5,1,4,1,2,Exit,2020-09-17
0000003824,003824,6,2,1,2,2,Annual Review,2021-04-22
0000003824,003824,5,4,3,1,3,Annual Review,2023-03-12
0000003825,003825,3,3,3,3,3,Entry,2021-10-17
0000003826,003826,2,5,6,4,4,Annual Review,2021-02-25
0000003826,003826,1,4,2,2,2,Annual Review,2021-02-08
0000003827,003827,5,1,4,3,3,Entry,2022-03-23
0000003828,003828,5,3,2,1,2,Exit,2021-05-04
0000003829,003829,1,5,3,3,3,Annual Review,2023-03-15
0000003830,003830,7,6,4,5,5,Annual Review,2024-01-23
0000003831,003831,6,7,2,7,5,Exit,2025-11-21
0000003831,003831,6,2,6,7,5,Annual Review,2023-01-11
0000003832,003832,5,4,3,1,3,Exit,2023-03-16
0000003833,003833,3,6,5,5,4,Annual Review,2020-01-23
0000003834,003834,3,2,2,2,2,Annual Review,2021-05-12
0000003835,003835,6,3,2,4,3,Annual Review,2022-04-07
0000003835,003835,6,4,3,1,3,Exit,2021-03-02
0000003836,003836,2,5,5,7,4,Annual Review,2021-10-27
0000003836,003836,2,6,4,5,4,Exit,2020-12-23
0000003837,003837,6,7,7,6,6,Annual Review,2022-08-29
0000003837,003837,5,2,3,6,4,Annual Review,2020-12-09
0000003838,003838,7,2,2,6,4,Entry,2021-08-26
0000003838,003838,3,4,3,4,3,Entry,2019-11-23
0000003839,003839,4,5,4,1,3,Entry,2019-01-07
0000003840,003840,4,7,4,3,4,Exit,2021-05-22
0000003840,003840,2,6,5,5,4,Entry,2021-07-31
0000003841,003841,7,5,6,2,5,Annual Review,2023-05-18
0000003841,003841,5,6,6,6,5,Entry,2019-02-23
0000003841,003841,5,6,5,2,4,Exit,2022-05-22
0000003842,003842,5,3,4,4,4,Annual Review,2025-07-10
0000003842,003842,5,5,2,5,4,Annual Review,2023-03-13
0000003842,003842,6,1,5,4,4,Annual Review,2023-03-01
0000003843,003843,6,7,5,6,6,Annual Review,2020-12-07
0000003844,003844,5,5,5,6,5,Annual Review,2020-03-18
0000003845,003845,3,4,3,2,3,Annual Review,2020-10-10
0000003846,003846,2,4,7,4,4,Entry,2021-01-12
0000003847,003847,1,7,5,5,4,Entry,2020-01-17
0000003848,003848,2,7,6,3,4,Entry,2024-04-01
0000003848,003848,3,7,5,2,4,Exit,2024-02-25
0000003849,003849,4,5,3,5,4,Annual Review,2022-01-07
0000003850,003850,3,1,4,3,2,Annual Review,2025-01-18
0000003850,003850,5,5,5,4,4,Exit,2024-03-14
0000003851,003851,7,3,5,7,5,Exit,2021-11-15
0000003852,003852,1,4,5,3,3,Annual Review,2021-01-09
0000003853,003853,2,5,4,3,3,Entry,2021-01-06
0000003854,003854,1,1,2,2,1,Entry,2023-02-25
0000003855,003855,4,3,4,4,3,Entry,2021-05-17
0000003856,003856,3,5,6,4,4,Exit,2024-11-01
0000003856,003856,1,3,4,6,3,Annual Review,2021-09-09
0000003857,003857,1,2,4,3,2,Entry,2022-03-17
0000003858,003858,2,1,1,4,2,Entry,2021-05-28
0000003859,003859,3,7,3,2,3,Entry,2021-07-27
0000003860,003860,4,5,4,3,4,Entry,2024-12-25
0000003861,003861,5,3,7,6,5,Exit,2021-12-24
0000003862,003862,4,4,5,5,4,Exit,2024-08-16
0000003863,003863,5,3,1,2,2,Annual Review,2022-12-31
0000003863,003863,4,6,4,3,4,Annual Review,2022-02-18
0000003864,003864,3,3,4,4,3,Entry,2020-05-15
0000003865,003865,4,5,6,3,4,Annual Review,2022-10-05
0000003865,003865,5,5,5,5,5,Entry,2019-02-16
0000003866,003866,1,1,2,4,2,Exit,2023-09-03
0000003867,003867,2,5,4,1,3,Entry,2021-05-15
0000003868,003868,7,6,3,6,5,Exit,2025-10-26
0000003869,003869,4,5,4,5,4,Exit,2022-10-18
0000003870,003870,4,4,3,5,4,Exit,2025-04-01
0000003870,003870,4,2,5,6,4,Annual Review,2021-07-18
0000003870,003870,7,6,7,7,6,Entry,2020-10-07
0000003871,003871,1,5,5,2,3,Annual Review,2021-03-23
0000003872,003872,5,5,6,4,5,Annual Review,2024-12-11
0000003872,003872,4,2,6,6,4,Annual Review,2020-09-22
0000003873,003873,3,7,3,7,5,Exit,2027-03-15
0000003874,003874,2,4,2,4,3,Exit,2024-02-21
0000003874,003874,3,4,2,3,3,Exit,2023-08-22
0000003875,003875,3,6,1,6,4,Annual Review,2023-11-04
0000003875,003875,4,5,5,5,4,Exit,2027-06-14
0000003876,003876,4,1,4,5,3,Exit,2023-05-23
0000003877,003877,4,4,4,2,3,Entry,2019-10-08
0000003878,003878,5,7,7,5,6,Annual Review,2021-03-01
0000003879,003879,4,6,5,5,5,Exit,2024-07-28
0000003880,003880,4,4,6,5,4,Entry,2022-08-10
0000003880,003880,4,1,3,3,2,Annual Review,2022-04-10
0000003880,003880,5,1,1,3,2,Exit,2022-09-25
0000003881,003881,3,4,3,2,3,Exit,2021-11-12
0000003881,003881,2,1,3,3,2,Exit,2021-07-09
0000003882,003882,6,5,4,5,5,Exit,2021-02-24
0000003883,003883,7,5,4,3,4,Entry,2022-10-30
0000003884,003884,5,4,7,2,4,Annual Review,2023-02-05
0000003884,003884,5,4,6,5,5,Annual Review,2024-09-07
0000003885,003885,5,5,5,4,4,Exit,2022-03-15
0000003886,003886,4,5,4,5,4,Exit,2019-12-05
0000003887,003887,4,5,1,3,3,Entry,2021-08-07
0000003887,003887,5,5,3,1,3,Exit,2021-05-20
0000003887,003887,2,2,2,5,2,Annual Review,2024-08-02
0000003888,003888,5,3,5,5,4,Exit,2023-01-30
0000003889,003889,3,1,3,1,2,Entry,2023-03-04
0000003889,003889,1,2,1,2,1,Entry,2024-09-24
0000003890,003890,3,1,6,5,3,Exit,2021-11-05
0000003890,003890,6,4,6,7,5,Exit,2024-02-03
0000003891,003891,5,6,3,5,4,Exit,2025-03-04
0000003891,003891,6,6,6,3,5,Exit,2023-03-21
0000003892,003892,1,4,1,1,1,Exit,2023-04-10
0000003892,003892,4,4,1,4,3,Entry,2023-06-05
0000003892,003892,5,2,4,4,3,Exit,2025-09-29
0000003893,003893,6,3,7,6,5,Entry,2021-06-05
0000003894,003894,4,2,6,4,4,Entry,2019-08-30
0000003895,003895,3,4,4,5,4,Annual Review,2024-09-12
0000003896,003896,3,2,1,6,3,Entry,2022-03-24
0000003897,003897,1,3,5,2,2,Exit,2024-11-09
0000003897,003897,5,3,4,4,4,Entry,2025-01-14
0000003898,003898,5,2,7,5,4,Annual Review,2020-06-25
0000003899,003899,4,3,2,4,3,Exit,2023-11-19
0000003900,003900,2,5,3,2,3,Annual Review,2024-01-20
0000003901,003901,4,1,4,7,4,Annual Review,2024-10-11
0000003901,003901,3,3,1,2,2,Exit,2025-02-24
0000003901,003901,5,4,4,4,4,Entry,2022-11-05
0000003902,003902,5,3,4,3,3,Annual Review,2021-08-08
0000003902,003902,6,4,5,5,5,Annual Review,2019-12-15
0000003903,003903,5,5,4,5,4,Entry,2020-02-12
0000003904,003904,5,7,6,6,6,Annual Review,2021-03-20
0000003905,003905,4,6,3,4,4,Entry,2022-10-16
0000003906,003906,2,4,2,3,2,Exit,2023-03-29
0000003906,003906,6,3,6,2,4,Annual Review,2024-04-02
0000003907,003907,6,6,5,5,5,Annual Review,2024-08-10
0000003908,003908,5,4,3,2,3,Annual Review,2023-08-25
0000003908,003908,4,1,2,3,2,Annual Review,2022-04-28
0000003909,003909,6,1,3,5,3,Entry,2022-11-16
0000003910,003910,5,5,7,5,5,Annual Review,2023-12-12
0000003910,003910,3,3,4,5,3,Entry,2021-12-09
0000003910,003910,4,3,7,2,4,Entry,2020-07-01
0000003911,003911,2,6,2,4,3,Exit,2022-01-04
0000003912,003912,5,7,6,5,5,Exit,2023-06-19
0000003913,003913,5,5,5,5,5,Entry,2022-04-24
0000003914,003914,3,5,2,1,2,Entry,2021-11-27
0000003914,003914,6,5,5,2,4,Entry,2022-11-13
0000003915,003915,2,4,4,5,3,Entry,2019-06-22
0000003916,003916,3,5,5,5,4,Entry,2021-06-06
0000003917,003917,2,1,4,4,2,Exit,2022-09-07
0000003918,003918,4,6,6,5,5,Annual Review,2022-06-01
0000003919,003919,2,3,3,3,2,Entry,2020-07-24
0000003920,003920,3,2,5,6,4,Exit,2022-07-19
0000003920,003920,7,5,4,5,5,Entry,2021-04-09
0000003921,003921,4,4,3,2,3,Annual Review,2020-02-18
0000003921,003921,2,3,6,4,3,Exit,2021-10-12
0000003922,003922,5,3,3,6,4,Exit,2021-12-31
0000003922,003922,5,3,4,5,4,Annual Review,2023-02-02
0000003922,003922,5,4,6,5,5,Annual Review,2020-04-10
0000003923,003923,1,3,4,2,2,Entry,2026-03-05
0000003924,003924,1,2,1,2,1,Annual Review,2019-08-18
0000003925,003925,7,2,1,6,4,Entry,2023-02-02
0000003926,003926,1,5,1,4,2,Exit,2021-11-26
0000003927,003927,2,2,1,3,2,Exit,2022-06-23
0000003927,003927,5,2,3,2,3,Entry,2021-08-08
0000003928,003928,3,3,4,5,3,Entry,2020-11-22
0000003929,003929,5,3,4,6,4,Exit,2023-12-14
0000003930,003930,5,6,1,2,3,Exit,2022-10-06
0000003930,003930,6,5,4,6,5,Entry,2020-10-23
0000003930,003930,5,3,3,5,4,Annual Review,2024-02-02
0000003931,003931,4,7,3,1,3,Entry,2019-12-17
0000003931,003931,1,6,1,4,3,Entry,2022-05-19
0000003932,003932,1,4,4,5,3,Exit,2021-07-18
0000003933,003933,3,6,7,5,5,Entry,2023-07-05
0000003933,003933,4,5,7,6,5,Entry,2021-03-20
0000003934,003934,6,4,1,2,3,Exit,2024-01-13
0000003934,003934,3,3,2,2,2,Annual Review,2026-04-10
0000003934,003934,2,5,2,2,2,Exit,2024-11-03
0000003935,003935,2,5,7,2,4,Entry,2025-10-27
0000003936,003936,5,6,4,7,5,Entry,2020-06-26
0000003937,003937,3,1,3,1,2,Annual Review,2022-12-01
0000003938,003938,5,3,7,3,4,Exit,2024-12-25
0000003938,003938,3,1,7,2,3,Exit,2023-05-03
0000003939,003939,1,3,4,4,3,Entry,2019-06-16
0000003939,003939,2,2,4,3,2,Entry,2019-04-18
0000003940,003940,1,2,5,4,3,Entry,2020-03-19
0000003941,003941,1,4,3,3,2,Exit,2019-06-24
0000003942,003942,4,5,1,4,3,Entry,2021-01-31
0000003943,003943,6,7,3,3,4,Annual Review,2020-02-25
0000003944,003944,3,5,6,4,4,Exit,2022-08-12
0000003945,003945,5,3,5,2,3,Exit,2022-06-04
0000003946,003946,4,2,5,4,3,Entry,2021-04-18
0000003947,003947,2,4,6,7,4,Entry,2023-01-05
0000003947,003947,6,5,6,2,4,Annual Review,2025-07-26
0000003948,003948,2,5,7,6,5,Annual Review,2026-07-27
0000003949,003949,4,1,2,2,2,Annual Review,2022-12-12
0000003950,003950,6,4,4,7,5,Entry,2020-09-22
0000003951,003951,5,6,5,5,5,Annual Review,2022-03-09
0000003952,003952,4,3,5,5,4,Exit,2022-11-13
0000003953,003953,1,1,1,6,2,Entry,2023-01-17
0000003954,003954,6,5,7,7,6,Exit,2023-03-24
0000003955,003955,3,3,5,3,3,Exit,2022-12-04
0000003956,003956,6,2,2,4,3,Entry,2021-06-08
0000003957,003957,5,1,2,2,2,Exit,2021-09-28
0000003957,003957,4,4,5,4,4,Annual Review,2022-09-16
0000003957,003957,2,2,4,3,2,Annual Review,2023-09-29
0000003958,003958,5,2,4,4,3,Exit,2023-07-03
0000003959,003959,3,2,2,4,2,Annual Review,2020-11-14
0000003960,003960,5,2,3,6,4,Entry,2019-12-25
0000003961,003961,3,4,4,2,3,Exit,2024-09-08
0000003962,003962,6,7,6,7,6,Annual Review,2020-05-20
0000003963,003963,5,1,1,3,2,Entry,2019-11-12
0000003963,003963,3,6,3,4,4,Annual Review,2021-11-19
0000003964,003964,4,1,1,7,3,Entry,2020-08-10
0000003965,003965,6,4,4,7,5,Annual Review,2022-11-09
0000003966,003966,3,3,7,5,4,Annual Review,2022-10-05
0000003966,003966,4,2,6,4,4,Annual Review,2024-08-12
0000003967,003967,5,5,1,3,3,Entry,2022-08-08
0000003967,003967,3,3,4,2,3,Annual Review,2025-01-18
0000003967,003967,3,6,2,2,3,Annual Review,2025-12-18
0000003968,003968,3,5,6,6,5,Annual Review,2023-01-30
0000003969,003969,2,6,3,5,4,Exit,2021-08-05
0000003970,003970,7,2,1,6,4,Exit,2023-07-03
0000003970,003970,4,5,6,5,5,Entry,2019-09-05
0000003971,003971,2,2,2,4,2,Entry,2021-02-23
0000003972,003972,2,4,5,5,4,Entry,2020-08-26
0000003973,003973,1,6,4,2,3,Entry,2021-02-26
0000003974,003974,4,5,2,1,3,Entry,2021-03-02
0000003974,003974,3,3,3,3,3,Annual Review,2024-03-14
0000003974,003974,2,3,1,5,2,Annual Review,2023-04-27
0000003975,003975,5,4,2,6,4,Entry,2020-02-23
0000003976,003976,1,5,5,1,3,Annual Review,2023-01-30
0000003977,003977,6,5,6,6,5,Annual Review,2025-02-01
0000003977,003977,5,3,6,6,5,Annual Review,2023-01-27
0000003978,003978,6,6,7,4,5,Annual Review,2020-06-30
0000003978,003978,2,4,7,5,4,Annual Review,2022-06-12
0000003979,003979,3,3,1,3,2,Annual Review,2021-06-12
0000003980,003980,4,4,3,1,3,Exit,2024-10-20
0000003980,003980,4,2,4,2,3,Annual Review,2021-11-21
0000003981,003981,3,5,4,5,4,Exit,2021-05-30
0000003981,003981,4,2,3,1,2,Exit,2022-02-28
0000003981,003981,4,4,1,5,3,Entry,2022-07-24
0000003982,003982,6,4,5,5,5,Annual Review,2023-03-06
0000003982,003982,5,6,7,6,6,Entry,2020-08-18
0000003983,003983,7,5,5,6,5,Entry,2019-12-21
0000003984,003984,5,6,7,2,5,Annual Review,2024-02-12
0000003984,003984,7,5,2,5,4,Entry,2024-08-22
0000003985,003985,6,2,4,1,3,Entry,2021-09-05
0000003985,003985,2,4,2,2,2,Entry,2021-05-30
0000003986,003986,3,5,1,3,3,Entry,2021-11-08
0000003986,003986,4,7,4,6,5,Exit,2023-04-28
0000003987,003987,3,5,5,2,3,Entry,2020-07-16
0000003988,003988,7,7,6,7,6,Annual Review,2021-02-03
0000003988,003988,4,4,7,6,5,Entry,2019-08-16
0000003989,003989,1,2,4,4,2,Exit,2021-09-17
0000003990,003990,5,3,5,5,4,Entry,2019-11-30
0000003991,003991,2,3,4,4,3,Annual Review,2023-05-31
0000003992,003992,3,1,4,6,3,Annual Review,2024-03-12
0000003993,003993,2,2,3,4,2,Exit,2022-12-08
0000003994,003994,3,2,2,5,3,Annual Review,2023-01-19
0000003994,003994,4,2,1,6,3,Entry,2021-09-06
0000003995,003995,4,5,1,5,3,Exit,2026-05-07
0000003996,003996,3,4,5,2,3,Exit,2025-01-03
0000003996,003996,6,4,4,5,4,Exit,2023-05-20
0000003997,003997,7,6,4,3,5,Annual Review,2021-11-19
0000003998,003998,4,6,7,3,5,Entry,2021-04-28
0000003998,003998,1,5,6,7,4,Entry,2019-04-22
0000003999,003999,6,7,7,3,5,Entry,2021-05-19
0000004000,004000,6,7,4,2,4,Annual Review,2022-07-10
0000004001,004001,3,6,5,6,5,Entry,2022-01-09
0000004001,004001,6,5,5,3,4,Annual Review,2021-04-06
0000004002,004002,2,5,3,2,3,Exit,2020-12-10
0000004003,004003,2,3,3,4,3,Entry,2023-03-02
0000004003,004003,2,6,2,5,3,Annual Review,2023-04-08
0000004004,004004,2,1,1,5,2,Annual Review,2021-12-29
0000004005,004005,5,5,4,6,5,Entry,2025-09-01
0000004005,004005,3,1,6,5,3,Entry,2023-02-05
0000004005,004005,6,5,6,3,5,Entry,2024-02-02
0000004006,004006,1,7,2,3,3,Annual Review,2020-11-07
0000004007,004007,1,4,4,4,3,Entry,2023-02-16
0000004007,004007,1,2,1,2,1,Annual Review,2022-09-21
0000004008,004008,4,2,2,3,2,Annual Review,2024-01-08
0000004008,004008,3,2,2,4,2,Exit,2024-01-26
0000004009,004009,2,5,4,2,3,Entry,2024-12-04
0000004009,004009,1,4,4,5,3,Exit,2023-08-06
0000004010,004010,4,5,7,3,4,Annual Review,2024-03-18
0000004010,004010,7,7,6,7,6,Annual Review,2022-09-01
0000004011,004011,1,1,6,6,3,Exit,2023-06-28
0000004011,004011,1,4,4,3,3,Exit,2022-09-20
0000004012,004012,1,2,6,4,3,Entry,2020-12-29
0000004013,004013,5,5,7,6,5,Entry,2018-07-28
0000004014,004014,7,2,7,5,5,Exit,2021-06-05
0000004015,004015,4,5,6,4,4,Exit,2021-03-27
0000004016,004016,2,1,1,3,1,Exit,2022-03-07
0000004017,004017,6,5,5,7,5,Entry,2021-04-26
0000004017,004017,6,6,6,5,5,Annual Review,2025-06-16
0000004018,004018,5,5,4,2,4,Annual Review,2021-04-06
0000004019,004019,5,6,5,4,5,Entry,2020-10-06
0000004020,004020,5,2,5,6,4,Annual Review,2024-05-27
0000004020,004020,5,4,5,4,4,Annual Review,2025-11-01
0000004021,004021,7,3,5,6,5,Exit,2024-03-06
0000004022,004022,6,4,5,6,5,Entry,2022-05-18
0000004022,004022,5,6,4,5,5,Entry,2025-09-18
0000004023,004023,4,3,6,7,5,Annual Review,2023-04-10
0000004024,004024,2,2,4,7,3,Entry,2022-02-22
0000004025,004025,4,3,4,7,4,Exit,2024-01-02
0000004026,004026,2,3,2,5,3,Annual Review,2022-05-05
0000004027,004027,3,5,4,4,4,Exit,2025-07-06
0000004028,004028,4,4,4,6,4,Entry,2023-01-28
0000004029,004029,5,7,6,6,6,Annual Review,2024-12-03
0000004030,004030,5,4,7,7,5,Entry,2022-12-14
0000004030,004030,6,4,5,6,5,Entry,2020-11-10
0000004030,004030,2,4,1,5,3,Entry,2023-05-31
0000004031,004031,3,6,6,5,5,Annual Review,2024-08-08
0000004031,004031,5,6,2,6,4,Exit,2025-08-01
0000004031,004031,7,4,3,1,3,Exit,2027-04-27
0000004032,004032,5,6,3,4,4,Entry,2021-07-18
0000004033,004033,2,1,3,3,2,Annual Review,2021-07-16
0000004034,004034,2,4,5,7,4,Entry,2021-05-20
0000004035,004035,4,1,4,1,2,Entry,2023-01-24
0000004036,004036,3,2,4,4,3,Exit,2020-11-19
0000004037,004037,4,5,3,6,4,Entry,2022-10-15
0000004037,004037,1,7,4,4,4,Exit,2022-12-01
0000004037,004037,2,2,4,4,3,Entry,2019-08-09
0000004038,004038,2,1,3,2,2,Entry,2019-09-05
0000004039,004039,4,3,2,3,3,Exit,2021-03-08
0000004040,004040,4,3,4,3,3,Entry,2021-05-09
0000004041,004041,1,4,1,2,2,Entry,2022-01-26
0000004042,004042,5,6,3,6,5,Exit,2024-07-31
0000004043,004043,5,4,3,5,4,Exit,2024-09-17
0000004044,004044,3,4,2,5,3,Annual Review,2021-04-28
0000004045,004045,2,2,4,5,3,Annual Review,2022-03-28
0000004045,004045,1,2,3,3,2,Entry,2021-10-04
0000004046,004046,6,2,5,5,4,Exit,2022-09-19
0000004047,004047,6,4,7,6,5,Entry,2021-07-17
0000004048,004048,4,2,2,3,2,Entry,2021-05-04
0000004049,004049,5,5,3,6,4,Annual Review,2024-02-23
0000004049,004049,7,7,5,5,6,Annual Review,2021-12-23
0000004050,004050,5,6,7,7,6,Exit,2024-11-13
0000004051,004051,5,3,3,1,3,Annual Review,2021-03-28
0000004051,004051,1,1,5,2,2,Annual Review,2022-10-27
0000004052,004052,6,3,2,6,4,Exit,2024-09-10
0000004052,004052,5,6,5,6,5,Exit,2022-06-14
0000004053,004053,6,6,5,6,5,Annual Review,2020-12-12
0000004053,004053,7,3,7,5,5,Annual Review,2022-07-22
0000004054,004054,6,6,7,5,6,Entry,2023-06-12
0000004055,004055,2,2,3,1,2,Exit,2020-05-31
0000004056,004056,3,3,3,4,3,Entry,2018-06-14
0000004057,004057,4,5,5,3,4,Exit,2023-04-30
0000004058,004058,6,1,1,4,3,Exit,2019-07-29
0000004059,004059,2,1,3,1,1,Annual Review,2022-10-04
0000004060,004060,4,6,4,5,4,Annual Review,2021-11-17
0000004061,004061,4,7,5,5,5,Exit,2023-11-19
0000004062,004062,4,2,1,5,3,Annual Review,2021-11-26
0000004062,004062,3,5,4,2,3,Exit,2024-08-22
0000004062,004062,4,3,4,7,4,Exit,2025-04-22
0000004063,004063,1,2,7,5,3,Exit,2023-04-01
0000004064,004064,3,6,4,7,5,Annual Review,2021-09-11
0000004065,004065,3,4,6,5,4,Exit,2021-06-22
0000004066,004066,2,2,4,4,3,Entry,2019-09-29
0000004067,004067,7,7,5,3,5,Annual Review,2021-10-03
0000004068,004068,6,6,3,5,5,Exit,2023-04-05
0000004068,004068,4,5,7,6,5,Exit,2025-12-18
0000004068,004068,3,3,3,5,3,Annual Review,2022-08-23
0000004069,004069,2,6,3,4,3,Entry,2020-04-26
0000004069,004069,4,6,5,6,5,Entry,2024-04-12
0000004070,004070,3,4,4,5,4,Exit,2024-12-21
0000004071,004071,5,4,4,2,3,Entry,2021-07-29
0000004072,004072,7,4,5,4,5,Annual Review,2021-05-23
0000004073,004073,4,5,6,7,5,Exit,2022-12-12
0000004074,004074,7,4,6,3,5,Exit,2021-10-04
0000004075,004075,5,4,3,4,4,Annual Review,2021-08-11
0000004075,004075,3,4,3,1,2,Annual Review,2022-03-31
0000004076,004076,2,5,6,1,3,Entry,2021-09-17
0000004077,004077,1,3,1,3,2,Annual Review,2022-08-13
0000004077,004077,1,1,6,7,3,Annual Review,2021-05-11
0000004078,004078,3,1,5,2,2,Exit,2026-02-17
0000004078,004078,3,4,1,5,3,Entry,2022-05-10
0000004078,004078,3,1,1,7,3,Annual Review,2024-12-09
0000004079,004079,6,3,2,3,3,Exit,2019-07-06
0000004080,004080,2,5,1,3,2,Annual Review,2020-06-22
0000004081,004081,4,3,2,2,2,Exit,2023-02-05
0000004082,004082,5,5,3,5,4,Entry,2021-01-17
0000004083,004083,5,3,4,6,4,Exit,2021-12-09
0000004084,004084,5,7,4,7,5,Exit,2023-05-28
0000004084,004084,4,7,6,3,5,Exit,2024-09-27
0000004085,004085,6,4,1,5,4,Annual Review,2023-02-14
0000004086,004086,3,3,2,1,2,Annual Review,2024-09-13
0000004086,004086,3,4,2,4,3,Exit,2022-11-07
0000004086,004086,2,6,3,2,3,Entry,2022-11-22
0000004087,004087,4,5,3,7,4,Entry,2023-01-28
0000004088,004088,5,5,5,1,4,Entry,2022-12-07
0000004088,004088,4,4,5,5,4,Exit,2022-11-02
0000004089,004089,5,6,6,7,6,Annual Review,2023-08-22
0000004089,004089,4,5,6,2,4,Annual Review,2026-09-05
0000004090,004090,5,6,6,7,6,Exit,2021-04-25
0000004091,004091,2,3,5,5,3,Annual Review,2021-01-22
0000004092,004092,1,4,5,4,3,Exit,2027-04-25
0000004092,004092,4,2,4,6,4,Entry,2023-06-07
0000004092,004092,3,5,5,5,4,Exit,2025-11-26
0000004093,004093,3,3,1,4,2,Annual Review,2023-10-22
0000004093,004093,5,4,2,5,4,Annual Review,2025-02-07
0000004094,004094,1,3,4,6,3,Annual Review,2019-04-07
0000004095,004095,6,6,5,5,5,Entry,2019-06-14
0000004096,004096,6,6,6,7,6,Entry,2021-05-20
0000004097,004097,1,3,3,7,3,Annual Review,2025-02-11
0000004098,004098,3,2,6,2,3,Annual Review,2022-05-30
0000004099,004099,3,3,3,3,3,Entry,2022-01-11
0000004100,004100,3,2,3,3,2,Entry,2025-11-14
0000004101,004101,1,2,2,4,2,Annual Review,2024-12-28
0000004102,004102,3,3,2,3,2,Entry,2020-04-23
0000004102,004102,2,6,3,2,3,Entry,2021-08-10
0000004103,004103,7,4,4,1,4,Annual Review,2023-08-01
0000004103,004103,2,5,4,5,4,Annual Review,2021-06-20
0000004104,004104,5,6,7,6,6,Annual Review,2022-04-30
0000004105,004105,5,5,1,6,4,Annual Review,2021-07-08
0000004106,004106,5,1,2,4,3,Entry,2020-09-10
0000004106,004106,5,5,3,3,4,Annual Review,2022-10-03
0000004107,004107,7,5,7,5,6,Entry,2020-04-18
0000004108,004108,5,6,7,5,5,Exit,2023-02-20
0000004109,004109,4,3,7,5,4,Annual Review,2023-07-31
0000004110,004110,5,3,4,7,4,Annual Review,2020-07-19
0000004110,004110,4,5,1,5,3,Exit,2024-07-12
0000004111,004111,3,5,3,4,3,Exit,2021-12-20
0000004112,004112,3,2,4,3,3,Annual Review,2023-11-19
0000004113,004113,5,4,2,5,4,Exit,2026-10-16
0000004114,004114,5,5,2,4,4,Entry,2023-12-27
0000004115,004115,7,3,4,4,4,Exit,2022-12-06
0000004115,004115,4,1,4,2,2,Annual Review,2023-09-26
0000004116,004116,5,2,5,3,3,Exit,2022-01-07
0000004117,004117,6,5,5,4,5,Exit,2023-04-23
0000004118,004118,2,2,3,1,2,Exit,2021-06-28
0000004118,004118,1,3,1,2,1,Exit,2019-09-09
0000004118,004118,3,2,1,2,2,Annual Review,2019-12-19
0000004119,004119,4,3,1,3,2,Annual Review,2023-07-10
0000004120,004120,2,6,5,7,5,Entry,2022-07-05
0000004121,004121,6,4,5,5,5,Annual Review,2022-01-13
0000004121,004121,6,4,3,7,5,Entry,2022-02-04
0000004122,004122,5,3,4,4,4,Entry,2021-08-16
0000004123,004123,5,3,4,2,3,Exit,2021-08-03
0000004124,004124,2,5,1,2,2,Entry,2020-09-30
0000004125,004125,5,3,4,4,4,Annual Review,2024-02-09
0000004126,004126,6,6,6,5,5,Annual Review,2023-01-20
0000004127,004127,5,3,6,6,5,Exit,2023-01-16
0000004127,004127,6,5,3,5,4,Exit,2024-09-02
0000004127,004127,4,4,2,6,4,Annual Review,2025-11-03
0000004128,004128,1,2,2,2,1,Entry,2019-07-19
0000004128,004128,5,1,2,2,2,Annual Review,2020-01-15
0000004129,004129,6,6,7,3,5,Exit,2023-09-03
0000004129,004129,1,5,3,5,3,Entry,2023-12-13
0000004130,004130,1,2,5,2,2,Annual Review,2023-07-31
0000004131,004131,1,5,4,2,3,Exit,2023-10-09
0000004131,004131,5,5,5,3,4,Annual Review,2022-05-22
0000004131,004131,6,2,7,2,4,Exit,2024-10-13
0000004132,004132,3,2,3,5,3,Exit,2023-06-04
0000004132,004132,2,3,3,2,2,Exit,2022-08-22
0000004133,004133,3,5,5,3,4,Entry,2021-04-07
0000004133,004133,5,2,6,1,3,Annual Review,2021-04-01
0000004134,004134,4,2,3,4,3,Annual Review,2019-06-10
0000004134,004134,4,3,3,5,3,Annual Review,2020-05-03
0000004134,004134,1,5,2,5,3,Entry,2020-04-13
0000004135,004135,6,4,3,7,5,Exit,2020-03-05
0000004136,004136,4,4,3,1,3,Annual Review,2022-12-12
0000004137,004137,3,4,6,4,4,Exit,2023-07-06
0000004138,004138,6,2,5,6,4,Exit,2025-10-11
0000004139,004139,6,4,3,5,4,Entry,2022-08-18
0000004139,004139,5,6,4,7,5,Exit,2026-01-21
0000004139,004139,5,7,5,7,6,Entry,2022-07-01
0000004140,004140,3,7,3,7,5,Annual Review,2021-04-20
0000004140,004140,2,4,2,7,3,Annual Review,2022-02-22
0000004140,004140,5,2,2,2,2,Entry,2022-09-04
0000004141,004141,2,6,4,5,4,Annual Review,2022-07-07
0000004141,004141,5,6,2,5,4,Entry,2019-09-10
0000004141,004141,5,7,6,5,5,Entry,2023-06-17
0000004142,004142,1,6,7,3,4,Exit,2021-10-21
0000004143,004143,5,4,3,2,3,Entry,2022-05-28
0000004144,004144,2,4,3,4,3,Exit,2020-06-30
0000004145,004145,2,4,4,3,3,Exit,2022-07-31
0000004146,004146,4,6,3,3,4,Exit,2024-10-13
0000004146,004146,3,3,6,6,4,Annual Review,2025-11-06
0000004146,004146,5,2,4,4,3,Exit,2022-10-24
0000004147,004147,3,1,5,3,3,Exit,2024-05-21
0000004148,004148,2,1,2,1,1,Exit,2023-02-17
0000004149,004149,5,5,4,4,4,Annual Review,2020-11-07
0000004150,004150,2,4,2,5,3,Entry,2022-04-28
0000004151,004151,7,3,5,2,4,Exit,2025-01-09
0000004152,004152,3,3,5,6,4,Entry,2022-10-23
0000004153,004153,2,3,5,5,3,Entry,2021-05-14
0000004153,004153,4,6,5,7,5,Entry,2023-09-07
0000004154,004154,6,4,2,1,3,Exit,2023-04-13
0000004155,004155,5,5,4,3,4,Exit,2023-01-16
0000004156,004156,5,2,5,3,3,Annual Review,2021-09-19
0000004157,004157,2,5,6,5,4,Entry,2021-02-21
0000004158,004158,4,5,1,2,3,Annual Review,2021-08-20
0000004159,004159,2,1,4,5,3,Exit,2021-12-02
0000004160,004160,2,3,4,2,2,Exit,2021-06-29
0000004161,004161,5,6,4,2,4,Exit,2020-01-19
0000004161,004161,3,3,3,4,3,Entry,2020-03-21
0000004162,004162,1,2,7,4,3,Exit,2025-09-08
0000004162,004162,1,2,5,5,3,Entry,2022-05-22
0000004162,004162,4,1,1,1,1,Entry,2023-03-28
0000004163,004163,3,1,5,6,3,Entry,2020-04-20
0000004164,004164,4,4,4,3,3,Entry,2022-01-13
0000004165,004165,5,7,6,5,5,Annual Review,2024-04-30
0000004166,004166,3,3,3,2,2,Entry,2021-07-25
0000004167,004167,5,3,5,5,4,Exit,2023-09-27
0000004168,004168,6,2,4,1,3,Annual Review,2024-05-26
0000004168,004168,7,2,3,3,3,Annual Review,2023-05-17
0000004169,004169,5,2,5,1,3,Exit,2020-09-23
0000004170,004170,4,2,4,3,3,Annual Review,2021-12-25
0000004171,004171,5,5,6,5,5,Entry,2019-04-17
0000004172,004172,5,5,3,1,3,Exit,2022-02-10
0000004173,004173,6,5,4,3,4,Annual Review,2023-06-25
0000004174,004174,5,6,5,1,4,Entry,2021-01-24
0000004175,004175,2,1,2,3,2,Exit,2022-12-14
0000004176,004176,7,5,5,6,5,Annual Review,2021-02-19
0000004177,004177,7,2,3,5,4,Annual Review,2024-07-28
0000004177,004177,3,4,1,4,3,Annual Review,2024-04-28
0000004177,004177,3,2,2,3,2,Exit,2025-12-14
0000004178,004178,4,3,5,2,3,Annual Review,2022-05-27
0000004178,004178,5,4,4,4,4,Entry,2019-03-13
0000004179,004179,3,5,5,3,4,Exit,2022-01-15
0000004180,004180,3,2,1,1,1,Entry,2021-12-24
0000004180,004180,4,3,6,3,4,Annual Review,2023-07-28
0000004181,004181,1,3,4,6,3,Exit,2020-02-17
0000004182,004182,6,3,5,1,3,Annual Review,2023-09-10
0000004182,004182,2,5,5,4,4,Entry,2021-10-21
0000004183,004183,6,3,5,3,4,Exit,2020-03-16
0000004184,004184,4,5,2,2,3,Entry,2023-09-04
0000004184,004184,2,5,5,1,3,Exit,2021-06-07
0000004185,004185,3,5,3,3,3,Exit,2023-04-01
0000004185,004185,4,6,2,2,3,Entry,2023-02-20
0000004186,004186,3,7,5,5,5,Exit,2024-07-27
0000004187,004187,2,2,5,4,3,Annual Review,2020-04-05
0000004187,004187,2,2,3,5,3,Exit,2022-11-07
0000004187,004187,5,5,3,5,4,Entry,2022-12-04
0000004188,004188,4,5,4,2,3,Annual Review,2021-01-30
0000004189,004189,2,3,2,4,2,Entry,2022-06-17
0000004189,004189,3,1,6,4,3,Entry,2021-04-03
0000004189,004189,3,3,2,2,2,Exit,2020-11-29
0000004190,004190,4,2,5,7,4,Entry,2020-05-25
0000004190,004190,4,6,4,5,4,Exit,2023-01-02
0000004191,004191,4,1,6,5,4,Entry,2021-05-27
0000004192,004192,4,3,2,5,3,Exit,2020-12-29
0000004193,004193,7,4,7,4,5,Exit,2023-05-01
0000004194,004194,6,7,5,3,5,Annual Review,2025-11-09
0000004195,004195,1,4,5,4,3,Annual Review,2022-06-24
0000004196,004196,6,5,4,4,4,Annual Review,2021-06-20
0000004196,004196,5,7,3,7,5,Exit,2024-10-23
0000004197,004197,5,3,6,5,4,Exit,2020-10-06
0000004198,004198,3,5,4,5,4,Annual Review,2020-05-27
0000004198,004198,6,4,4,1,3,Entry,2021-12-01
0000004199,004199,1,2,1,5,2,Annual Review,2022-04-18
0000004199,004199,5,1,3,4,3,Exit,2024-08-26
0000004199,004199,2,3,5,6,4,Annual Review,2025-07-30
0000004200,004200,1,2,4,5,3,Exit,2021-08-23
0000004201,004201,5,4,4,6,4,Exit,2024-03-05
0000004201,004201,6,5,6,6,5,Exit,2021-06-04
0000004202,004202,3,3,5,3,3,Entry,2023-05-28
0000004203,004203,3,2,6,7,4,Annual Review,2021-12-15
0000004203,004203,4,3,3,2,3,Exit,2021-10-05
0000004204,004204,3,5,3,2,3,Entry,2025-05-31
0000004205,004205,4,2,5,4,3,Annual Review,2025-09-03
0000004205,004205,6,4,2,6,4,Entry,2023-03-13
0000004206,004206,3,2,4,3,3,Annual Review,2021-04-19
0000004207,004207,3,3,2,4,3,Annual Review,2020-07-23
0000004208,004208,5,1,4,5,3,Exit,2022-07-31
0000004208,004208,3,5,3,3,3,Exit,2020-08-17
0000004209,004209,7,3,7,7,6,Exit,2025-11-04
0000004209,004209,6,7,7,6,6,Entry,2025-12-05
0000004210,004210,5,1,5,7,4,Entry,2022-11-15
0000004211,004211,4,3,5,2,3,Entry,2021-03-07
0000004212,004212,2,5,3,2,3,Entry,2021-08-11
0000004212,004212,1,2,3,4,2,Annual Review,2023-06-20
0000004213,004213,3,5,4,2,3,Annual Review,2024-12-01
0000004213,004213,5,6,2,3,4,Annual Review,2024-02-07
0000004214,004214,6,5,6,6,5,Annual Review,2024-11-23
0000004215,004215,4,5,7,6,5,Annual Review,2025-12-09
0000004215,004215,5,5,3,6,4,Entry,2022-03-07
0000004216,004216,6,5,5,3,4,Annual Review,2023-05-27
0000004216,004216,6,3,5,6,5,Entry,2022-08-01
0000004217,004217,2,6,4,5,4,Entry,2021-02-15
0000004218,004218,1,6,2,2,2,Annual Review,2019-06-20
0000004218,004218,3,3,3,1,2,Exit,2021-08-21
0000004219,004219,4,3,4,2,3,Annual Review,2023-02-14
0000004219,004219,5,2,2,2,2,Entry,2023-11-12
0000004220,004220,5,5,7,6,5,Entry,2024-05-17
0000004221,004221,3,5,5,2,3,Exit,2020-03-25
0000004221,004221,2,5,5,5,4,Entry,2019-08-22
0000004222,004222,2,4,3,5,3,Entry,2019-06-14
0000004223,004223,4,4,4,3,3,Entry,2021-09-29
0000004223,004223,4,5,2,6,4,Annual Review,2023-10-25
0000004224,004224,4,1,1,4,2,Entry,2021-07-31
0000004225,004225,2,5,4,5,4,Annual Review,2021-03-21
0000004226,004226,3,2,4,4,3,Exit,2021-07-31
0000004226,004226,2,5,5,3,3,Annual Review,2019-04-18
0000004227,004227,5,3,6,6,5,Exit,2024-09-30
0000004228,004228,5,5,2,2,3,Annual Review,2024-01-25
0000004229,004229,2,4,3,6,3,Exit,2023-04-04
0000004230,004230,7,6,7,5,6,Annual Review,2019-09-03
0000004231,004231,4,3,3,5,3,Exit,2023-12-24
0000004232,004232,1,3,4,3,2,Annual Review,2022-11-08
0000004233,004233,6,1,2,1,2,Entry,2020-07-11
0000004234,004234,5,5,6,4,5,Entry,2022-03-28
0000004235,004235,4,3,5,6,4,Entry,2022-06-11
0000004236,004236,1,3,4,3,2,Annual Review,2024-03-08
0000004236,004236,5,6,3,5,4,Annual Review,2022-06-27
0000004237,004237,5,1,6,6,4,Exit,2022-11-29
0000004237,004237,6,1,1,2,2,Exit,2024-01-15
0000004238,004238,1,3,1,1,1,Annual Review,2022-03-24
0000004238,004238,3,3,3,6,3,Entry,2020-01-13
0000004238,004238,6,2,4,1,3,Entry,2020-11-17
0000004239,004239,5,2,6,6,4,Entry,2026-02-10
0000004239,004239,7,5,4,5,5,Entry,2023-02-26
0000004239,004239,5,7,1,5,4,Annual Review,2023-11-23
0000004240,004240,7,4,4,5,5,Annual Review,2021-03-07
0000004241,004241,4,5,4,4,4,Annual Review,2023-04-13
0000004241,004241,6,5,5,6,5,Entry,2022-02-28
0000004242,004242,5,6,6,1,4,Exit,2024-05-31
0000004243,004243,1,2,2,6,2,Entry,2019-03-29
0000004244,004244,2,2,2,7,3,Annual Review,2026-01-23
0000004244,004244,4,3,2,4,3,Exit,2023-08-01
0000004245,004245,7,2,2,3,3,Entry,2021-06-17
0000004245,004245,4,5,2,4,3,Entry,2023-01-06
0000004246,004246,5,7,7,5,6,Entry,2022-02-11
0000004246,004246,5,7,6,7,6,Entry,2024-01-21
0000004246,004246,7,3,3,7,5,Entry,2026-01-07
0000004247,004247,4,5,3,5,4,Annual Review,2020-05-12
0000004248,004248,4,4,2,1,2,Entry,2024-04-18
0000004249,004249,3,2,4,6,3,Exit,2024-04-13
0000004250,004250,3,5,4,5,4,Entry,2020-02-06
0000004251,004251,1,5,5,3,3,Entry,2020-08-11
0000004252,004252,2,6,5,5,4,Exit,2023-08-19
0000004253,004253,5,6,2,2,3,Annual Review,2021-09-30
0000004253,004253,2,2,4,4,3,Entry,2021-07-11
0000004254,004254,5,5,3,6,4,Entry,2021-08-07
0000004255,004255,3,4,3,5,3,Annual Review,2021-04-10
0000004256,004256,6,2,4,2,3,Annual Review,2021-12-16
0000004257,004257,4,4,3,3,3,Annual Review,2023-05-04
0000004257,004257,6,2,3,5,4,Exit,2022-08-10
0000004257,004257,7,1,4,4,4,Entry,2023-04-09
0000004258,004258,4,6,6,5,5,Exit,2023-12-30
0000004258,004258,4,5,4,5,4,Entry,2024-02-11
0000004259,004259,4,3,5,4,4,Entry,2019-09-13
0000004259,004259,5,4,6,3,4,Entry,2023-04-06
0000004259,004259,4,1,4,5,3,Entry,2021-06-27
0000004260,004260,6,3,4,3,4,Exit,2022-01-21
0000004260,004260,1,1,3,1,1,Annual Review,2021-08-11
0000004260,004260,2,5,4,3,3,Exit,2020-09-27
0000004261,004261,1,2,1,2,1,Annual Review,2020-10-08
0000004261,004261,3,3,2,7,3,Entry,2021-12-21
0000004262,004262,3,3,3,3,3,Exit,2021-12-19
0000004263,004263,3,3,5,2,3,Annual Review,2022-10-18
0000004263,004263,5,4,3,7,4,Exit,2020-06-16
0000004264,004264,4,7,6,5,5,Exit,2022-08-15
0000004264,004264,5,6,6,3,5,Entry,2021-07-21
0000004264,004264,1,3,3,7,3,Exit,2025-02-03
0000004265,004265,4,4,4,2,3,Annual Review,2024-05-04
0000004266,004266,5,2,4,5,4,Annual Review,2023-01-25
0000004267,004267,3,6,4,5,4,Exit,2021-10-08
0000004268,004268,1,2,3,2,2,Exit,2022-12-13
0000004268,004268,2,5,4,3,3,Annual Review,2024-03-27
0000004268,004268,1,4,6,3,3,Annual Review,2026-06-29
0000004269,004269,5,6,5,6,5,Annual Review,2024-01-06
0000004269,004269,6,5,4,6,5,Entry,2020-05-29
0000004269,004269,5,6,6,5,5,Annual Review,2021-11-28
0000004270,004270,1,3,4,4,3,Entry,2021-04-13
0000004271,004271,2,5,5,3,3,Entry,2021-08-31
0000004271,004271,4,1,4,7,4,Entry,2023-05-12
0000004271,004271,5,4,6,7,5,Entry,2024-09-04
0000004272,004272,4,2,5,1,3,Exit,2021-09-10
0000004273,004273,4,2,3,2,2,Exit,2022-07-30
0000004274,004274,2,5,5,5,4,Exit,2023-08-08
0000004275,004275,3,5,5,7,5,Annual Review,2022-11-14
0000004275,004275,4,2,2,4,3,Exit,2024-10-07
0000004276,004276,5,5,5,3,4,Annual Review,2021-06-20
0000004277,004277,1,5,2,4,3,Annual Review,2026-02-20
0000004278,004278,7,3,7,6,5,Entry,2023-06-19
0000004279,004279,1,6,5,4,4,Exit,2019-01-04
0000004280,004280,7,7,5,6,6,Exit,2021-01-28
0000004281,004281,6,6,6,6,6,Exit,2023-05-07
0000004281,004281,4,3,7,4,4,Annual Review,2024-05-13
0000004282,004282,3,4,6,6,4,Exit,2022-08-03
0000004283,004283,4,7,3,5,4,Annual Review,2022-12-27
0000004284,004284,6,5,1,6,4,Exit,2023-01-09
0000004285,004285,3,3,2,3,2,Entry,2020-07-27
0000004286,004286,2,3,4,3,3,Annual Review,2019-11-13
0000004287,004287,3,3,3,3,3,Annual Review,2023-09-29
0000004287,004287,5,2,5,6,4,Exit,2022-10-16
0000004288,004288,1,6,2,2,2,Exit,2022-05-23
0000004288,004288,3,2,3,3,2,Annual Review,2020-08-10
0000004289,004289,2,4,2,4,3,Annual Review,2020-04-19
0000004290,004290,1,4,4,3,3,Exit,2023-06-28
0000004291,004291,6,3,5,7,5,Entry,2021-09-15
0000004292,004292,5,1,3,6,3,Entry,2020-09-15
0000004293,004293,3,4,5,1,3,Annual Review,2024-01-26
0000004294,004294,5,6,2,7,5,Entry,2021-08-14
0000004295,004295,5,4,3,2,3,Entry,2021-01-11
0000004296,004296,1,1,1,4,1,Entry,2023-04-22
0000004297,004297,2,6,4,4,4,Exit,2021-11-10
0000004298,004298,1,5,1,2,2,Entry,2022-07-20
0000004299,004299,5,6,5,5,5,Entry,2020-06-03
0000004299,004299,6,2,4,7,4,Entry,2022-11-08
0000004299,004299,6,7,7,5,6,Exit,2022-11-23
0000004300,004300,7,1,5,6,4,Annual Review,2021-01-20
0000004301,004301,5,5,7,3,5,Exit,2023-05-24
0000004301,004301,2,4,2,4,3,Annual Review,2021-03-29
0000004302,004302,6,3,5,5,4,Entry,2023-04-24
0000004303,004303,3,5,5,5,4,Exit,2026-04-21
0000004303,004303,5,7,6,6,6,Exit,2025-03-19
0000004304,004304,2,5,5,6,4,Annual Review,2019-05-28
0000004304,004304,3,5,1,7,4,Exit,2023-06-25
0000004305,004305,7,1,7,7,5,Entry,2020-11-07
0000004305,004305,6,4,4,7,5,Annual Review,2021-10-19
0000004306,004306,4,4,6,4,4,Exit,2024-12-26
0000004307,004307,5,5,4,5,4,Entry,2021-08-01
0000004307,004307,5,7,4,6,5,Exit,2023-06-13
0000004308,004308,2,2,4,3,2,Annual Review,2022-09-18
0000004309,004309,4,3,3,3,3,Entry,2023-04-08
0000004309,004309,1,1,2,1,1,Exit,2024-02-25
0000004309,004309,5,1,1,6,3,Annual Review,2025-05-07
0000004310,004310,3,6,6,1,4,Annual Review,2025-06-11
0000004310,004310,2,1,4,5,3,Annual Review,2023-08-15
0000004311,004311,5,7,6,5,5,Annual Review,2022-07-16
0000004311,004311,4,6,5,2,4,Entry,2021-11-10
0000004311,004311,2,5,6,5,4,Annual Review,2022-10-10
0000004312,004312,6,4,5,4,4,Entry,2021-08-06
0000004312,004312,7,5,5,7,6,Exit,2021-05-28
0000004313,004313,2,2,4,5,3,Annual Review,2023-06-26
0000004313,004313,1,5,3,4,3,Annual Review,2025-05-18
0000004314,004314,4,6,4,7,5,Entry,2018-11-28
0000004315,004315,5,1,4,5,3,Exit,2023-05-31
0000004316,004316,5,3,6,5,4,Exit,2023-09-30
0000004316,004316,5,5,5,6,5,Exit,2026-07-07
0000004316,004316,5,3,7,5,5,Annual Review,2024-09-10
0000004317,004317,1,6,3,6,4,Annual Review,2020-04-18
0000004318,004318,2,7,4,6,4,Entry,2022-10-13
0000004318,004318,7,4,4,6,5,Exit,2022-06-29
0000004319,004319,2,1,6,3,3,Exit,2023-12-03
0000004319,004319,2,5,5,3,3,Exit,2025-05-13
0000004320,004320,6,3,1,7,4,Annual Review,2022-05-05
0000004321,004321,1,1,2,1,1,Entry,2020-09-28
0000004322,004322,3,6,5,6,5,Annual Review,2021-03-20
0000004323,004323,5,3,4,4,4,Entry,2021-07-29
0000004324,004324,6,6,7,4,5,Annual Review,2023-05-01
0000004325,004325,2,4,1,1,2,Entry,2022-02-24
0000004325,004325,2,3,5,4,3,Exit,2022-09-01
0000004325,004325,4,1,4,3,3,Exit,2021-11-25
0000004326,004326,1,3,7,1,3,Entry,2019-08-25
0000004326,004326,4,3,4,5,4,Exit,2023-10-09
0000004327,004327,4,4,4,2,3,Annual Review,2023-04-03
0000004328,004328,3,4,3,4,3,Annual Review,2022-02-18
0000004328,004328,4,4,1,3,3,Exit,2022-03-19
0000004329,004329,2,4,5,4,3,Exit,2021-11-12
0000004330,004330,5,6,5,7,5,Exit,2021-09-13
0000004330,004330,2,4,6,6,4,Entry,2020-02-14
0000004331,004331,1,3,4,3,2,Annual Review,2021-09-20
0000004331,004331,2,3,5,5,3,Annual Review,2022-10-07
0000004331,004331,1,1,2,5,2,Entry,2022-12-21
0000004332,004332,1,5,6,1,3,Entry,2019-12-08
0000004333,004333,3,5,4,4,4,Annual Review,2023-04-14
0000004333,004333,2,3,4,2,2,Entry,2022-09-02
0000004333,004333,6,4,4,5,4,Annual Review,2025-04-09
0000004334,004334,1,4,6,3,3,Exit,2022-04-24
0000004334,004334,4,6,2,7,4,Annual Review,2020-11-03
0000004335,004335,4,2,2,1,2,Exit,2023-10-07
0000004336,004336,4,4,4,2,3,Entry,2020-04-15
0000004337,004337,4,4,4,5,4,Annual Review,2024-01-17
0000004338,004338,2,5,3,3,3,Annual Review,2023-12-31
0000004338,004338,4,4,5,2,3,Exit,2022-12-30
0000004338,004338,2,3,2,3,2,Annual Review,2022-12-23
0000004339,004339,3,3,1,2,2,Entry,2022-04-28
0000004340,004340,6,7,1,7,5,Annual Review,2024-02-10
0000004341,004341,4,5,3,4,4,Entry,2021-05-19
0000004342,004342,4,4,5,6,4,Exit,2022-02-24
0000004342,004342,2,3,1,1,1,Annual Review,2021-07-09
0000004343,004343,7,6,5,5,5,Entry,2022-07-17
0000004344,004344,5,1,3,5,3,Annual Review,2021-01-01
0000004345,004345,5,5,3,3,4,Annual Review,2021-09-27
0000004346,004346,5,2,6,7,5,Exit,2022-03-25
0000004347,004347,3,3,2,4,3,Entry,2022-03-26
0000004348,004348,6,7,6,6,6,Entry,2021-12-16
0000004349,004349,6,2,3,4,3,Annual Review,2023-02-12
0000004349,004349,2,5,2,3,3,Exit,2021-11-04
0000004350,004350,4,4,4,5,4,Entry,2022-08-31
0000004350,004350,1,4,4,5,3,Annual Review,2025-01-28
0000004351,004351,7,3,2,4,4,Exit,2022-08-24
0000004352,004352,7,4,6,6,5,Entry,2020-06-13
0000004353,004353,7,6,5,6,6,Entry,2020-11-25
0000004354,004354,1,5,1,3,2,Entry,2020-06-24
0000004355,004355,4,5,3,3,3,Annual Review,2022-10-19
0000004355,004355,3,1,4,6,3,Annual Review,2021-10-20
0000004356,004356,1,5,1,2,2,Entry,2021-04-15
0000004356,004356,2,1,3,6,3,Exit,2023-10-27
0000004356,004356,2,4,1,2,2,Exit,2025-05-02
0000004357,004357,3,6,7,4,5,Exit,2021-09-11
0000004358,004358,5,5,5,6,5,Annual Review,2021-05-11
0000004359,004359,1,6,6,6,4,Annual Review,2022-03-16
0000004360,004360,1,5,1,2,2,Entry,2023-02-14
0000004361,004361,2,1,4,3,2,Entry,2021-10-10
0000004362,004362,2,2,5,1,2,Annual Review,2022-03-13
0000004363,004363,5,6,6,5,5,Annual Review,2023-11-01
0000004364,004364,3,5,4,4,4,Entry,2021-02-09
0000004365,004365,7,2,3,6,4,Exit,2021-09-27
0000004366,004366,3,7,7,7,6,Exit,2022-05-18
0000004367,004367,5,1,4,5,3,Entry,2021-12-22
0000004368,004368,5,2,3,5,3,Entry,2019-01-14
0000004369,004369,6,5,6,5,5,Exit,2022-12-27
0000004370,004370,1,2,2,4,2,Annual Review,2021-08-19
0000004371,004371,7,5,6,5,5,Annual Review,2023-01-03
0000004371,004371,6,3,4,6,4,Exit,2026-10-25
0000004371,004371,5,3,7,6,5,Annual Review,2026-05-29
0000004372,004372,6,5,5,7,5,Annual Review,2023-03-20
0000004372,004372,3,5,3,5,4,Entry,2025-01-23
0000004373,004373,3,5,6,3,4,Annual Review,2020-12-10
0000004374,004374,7,6,5,6,6,Entry,2021-10-24
0000004375,004375,4,7,5,3,4,Annual Review,2020-07-04
0000004376,004376,4,3,5,1,3,Annual Review,2024-06-29
0000004376,004376,2,1,1,2,1,Entry,2022-05-16
0000004377,004377,2,5,7,7,5,Exit,2023-03-12
0000004377,004377,5,2,5,3,3,Exit,2025-09-26
0000004378,004378,1,1,5,2,2,Annual Review,2020-12-11
0000004378,004378,2,4,1,6,3,Entry,2019-07-16
0000004379,004379,5,5,6,6,5,Annual Review,2026-04-26
0000004379,004379,2,6,7,6,5,Entry,2022-08-25
0000004379,004379,6,5,5,6,5,Entry,2021-10-06
0000004380,004380,3,2,2,2,2,Annual Review,2020-06-14
0000004380,004380,1,3,4,1,2,Exit,2020-08-29
0000004381,004381,5,6,4,6,5,Exit,2025-07-03
0000004382,004382,2,3,4,4,3,Entry,2021-05-01
0000004383,004383,5,3,1,2,2,Annual Review,2022-02-26
0000004384,004384,5,4,1,6,4,Annual Review,2024-05-31
0000004385,004385,6,3,3,5,4,Entry,2021-07-18
0000004386,004386,6,2,5,5,4,Entry,2021-06-13
0000004386,004386,3,4,1,1,2,Exit,2026-10-08
0000004387,004387,2,1,1,6,2,Annual Review,2020-10-13
0000004388,004388,4,5,5,3,4,Annual Review,2022-03-27
0000004389,004389,1,6,1,6,3,Entry,2023-01-24
0000004390,004390,5,3,4,1,3,Exit,2023-05-14
0000004391,004391,3,5,4,4,4,Entry,2022-05-17
0000004392,004392,5,5,4,5,4,Entry,2023-12-03
0000004393,004393,2,7,6,3,4,Annual Review,2021-09-07
0000004394,004394,7,6,5,6,6,Exit,2024-07-13
0000004395,004395,6,5,5,6,5,Entry,2019-12-01
0000004395,004395,4,5,6,7,5,Entry,2022-04-01
0000004395,004395,7,7,2,4,5,Exit,2024-12-18
0000004396,004396,1,2,3,1,1,Exit,2023-04-26
0000004396,004396,2,3,5,1,2,Entry,2024-03-15
0000004396,004396,5,5,6,2,4,Exit,2025-02-23
0000004397,004397,2,2,5,4,3,Annual Review,2020-11-24
0000004398,004398,7,4,2,7,5,Annual Review,2024-03-01
0000004399,004399,2,3,4,7,4,Exit,2021-10-02
0000004400,004400,4,1,3,4,3,Annual Review,2019-07-26
0000004401,004401,4,2,4,4,3,Annual Review,2020-07-26
0000004402,004402,2,4,3,3,3,Annual Review,2022-06-06
0000004403,004403,4,4,3,4,3,Exit,2024-09-12
0000004403,004403,5,2,5,4,4,Annual Review,2026-07-21
0000004403,004403,1,7,3,2,3,Entry,2023-04-13
0000004404,004404,2,5,3,3,3,Entry,2021-03-21
0000004404,004404,2,3,1,2,2,Exit,2022-09-25
0000004405,004405,1,1,3,6,2,Exit,2021-04-07
0000004405,004405,4,5,5,5,4,Annual Review,2020-03-29
0000004405,004405,5,5,5,5,5,Annual Review,2022-05-26
0000004406,004406,5,3,1,6,3,Exit,2020-11-14
0000004406,004406,2,7,7,4,5,Exit,2022-02-28
0000004407,004407,4,4,5,2,3,Exit,2023-10-01
0000004408,004408,2,5,4,1,3,Annual Review,2022-05-19
0000004409,004409,1,4,6,3,3,Entry,2021-04-10
0000004409,004409,1,6,5,1,3,Entry,2020-07-15
0000004410,004410,6,5,5,3,4,Entry,2021-03-23
0000004410,004410,4,3,2,4,3,Annual Review,2023-10-22
0000004411,004411,1,5,4,3,3,Entry,2021-11-04
0000004411,004411,5,6,3,2,4,Entry,2020-09-19
0000004412,004412,3,5,5,1,3,Exit,2021-05-26
0000004413,004413,5,5,2,6,4,Annual Review,2023-07-12
0000004414,004414,1,2,2,1,1,Entry,2021-08-09
0000004414,004414,5,1,4,3,3,Entry,2025-01-13
0000004415,004415,3,4,5,1,3,Annual Review,2024-06-02
0000004416,004416,6,1,5,4,4,Entry,2019-02-24
0000004417,004417,4,4,2,4,3,Exit,2021-11-09
0000004418,004418,2,4,5,4,3,Annual Review,2021-03-11
0000004419,004419,5,5,5,6,5,Entry,2020-11-15
0000004420,004420,5,6,7,7,6,Annual Review,2023-12-09
0000004421,004421,2,3,2,3,2,Annual Review,2022-07-08
0000004422,004422,4,7,5,6,5,Exit,2023-11-18
0000004423,004423,3,4,2,5,3,Annual Review,2023-04-16
0000004424,004424,3,3,4,4,3,Entry,2022-03-22
0000004424,004424,3,2,4,2,2,Entry,2021-05-22
0000004424,004424,2,5,4,3,3,Exit,2021-05-30
0000004425,004425,5,5,7,5,5,Annual Review,2024-11-03
0000004425,004425,3,5,5,4,4,Entry,2022-02-11
0000004426,004426,6,5,7,5,5,Exit,2024-05-03
0000004427,004427,6,5,6,3,5,Entry,2022-09-29
0000004427,004427,4,2,5,7,4,Exit,2022-08-29
0000004428,004428,2,5,7,3,4,Annual Review,2020-11-28
0000004429,004429,5,4,5,7,5,Entry,2021-07-16
0000004429,004429,4,3,6,5,4,Exit,2025-02-18
0000004430,004430,3,2,1,1,1,Exit,2023-05-13
0000004431,004431,5,6,6,5,5,Annual Review,2021-05-12
0000004431,004431,7,4,3,5,4,Entry,2021-04-15
0000004432,004432,6,6,3,3,4,Exit,2024-05-07
0000004432,004432,5,3,3,4,3,Annual Review,2025-05-16
0000004433,004433,2,7,6,1,4,Entry,2022-01-18
0000004434,004434,4,1,5,1,2,Annual Review,2026-04-26
0000004435,004435,5,5,5,5,5,Annual Review,2022-07-08
0000004436,004436,3,2,6,2,3,Entry,2019-08-20
0000004437,004437,5,7,5,7,6,Entry,2021-04-29
0000004437,004437,7,6,6,5,6,Annual Review,2023-11-24
0000004438,004438,3,5,4,5,4,Entry,2022-12-20
0000004439,004439,3,1,2,4,2,Exit,2021-10-30
0000004439,004439,2,4,4,4,3,Entry,2022-05-09
0000004440,004440,6,7,5,5,5,Exit,2022-08-20
0000004440,004440,5,5,6,2,4,Entry,2022-08-10
0000004441,004441,5,6,7,4,5,Annual Review,2021-01-24
0000004442,004442,1,5,2,4,3,Annual Review,2024-08-27
0000004442,004442,1,5,3,6,3,Exit,2025-12-23
0000004443,004443,3,5,7,4,4,Annual Review,2022-10-16
0000004444,004444,6,3,5,6,5,Annual Review,2021-08-25
0000004445,004445,4,5,5,3,4,Entry,2021-11-16
0000004446,004446,5,7,6,2,5,Exit,2024-01-09
0000004447,004447,3,5,5,2,3,Entry,2022-06-19
0000004447,004447,4,4,6,4,4,Entry,2020-01-08
0000004447,004447,5,3,1,4,3,Exit,2022-05-27
0000004448,004448,2,4,3,1,2,Entry,2020-06-04
0000004449,004449,2,4,3,3,3,Annual Review,2021-08-22
0000004450,004450,5,5,7,6,5,Entry,2019-08-25
0000004451,004451,4,2,4,5,3,Entry,2021-09-13
0000004452,004452,3,7,5,4,4,Annual Review,2023-08-15
0000004453,004453,5,3,5,6,4,Exit,2022-05-08
0000004454,004454,4,5,7,6,5,Entry,2020-01-06
0000004455,004455,5,6,4,5,5,Exit,2024-05-27
0000004456,004456,6,1,5,6,4,Annual Review,2021-05-30
0000004457,004457,3,3,1,4,2,Entry,2022-04-13
0000004457,004457,3,2,2,4,2,Entry,2020-06-10
0000004458,004458,2,3,1,6,3,Entry,2021-10-07
0000004459,004459,3,3,6,4,4,Entry,2021-09-25
0000004459,004459,3,3,2,7,3,Entry,2021-01-02
0000004460,004460,2,4,5,2,3,Entry,2021-03-17
0000004460,004460,6,5,3,1,3,Entry,2019-09-26
0000004461,004461,1,3,2,7,3,Annual Review,2022-12-01
0000004462,004462,6,4,6,4,5,Exit,2026-12-01
0000004462,004462,1,4,5,5,3,Entry,2023-02-25
0000004462,004462,5,1,3,5,3,Entry,2024-12-11
0000004463,004463,3,6,3,5,4,Annual Review,2021-07-15
0000004464,004464,2,5,6,1,3,Entry,2021-03-02
0000004464,004464,4,5,1,5,3,Exit,2020-01-08
0000004464,004464,4,7,4,3,4,Exit,2021-02-04
0000004465,004465,4,2,2,4,3,Entry,2024-02-06
0000004466,004466,5,3,4,5,4,Exit,2020-07-27
0000004467,004467,1,3,2,2,2,Entry,2022-05-30
0000004468,004468,5,6,5,1,4,Exit,2025-02-20
0000004469,004469,4,4,7,7,5,Exit,2024-06-21
0000004469,004469,4,5,3,6,4,Annual Review,2022-03-25
0000004469,004469,6,4,5,4,4,Annual Review,2023-04-22
0000004470,004470,2,2,4,4,3,Annual Review,2021-06-12
0000004470,004470,3,4,4,4,3,Annual Review,2022-12-20
0000004471,004471,4,2,2,5,3,Entry,2023-02-25
0000004472,004472,2,1,1,1,1,Annual Review,2019-08-31
0000004473,004473,7,7,3,6,5,Exit,2025-02-16
0000004474,004474,5,4,5,6,5,Exit,2022-02-16
0000004475,004475,4,2,5,5,4,Entry,2020-09-08
0000004475,004475,2,3,2,3,2,Entry,2022-09-18
0000004476,004476,7,5,6,7,6,Entry,2021-12-06
0000004476,004476,5,4,3,5,4,Entry,2019-03-01
0000004477,004477,6,7,6,5,6,Annual Review,2024-03-24
0000004477,004477,6,5,6,1,4,Entry,2025-06-01
0000004477,004477,7,5,3,7,5,Entry,2021-08-10
0000004478,004478,5,6,7,5,5,Exit,2021-07-23
0000004479,004479,4,4,4,4,4,Annual Review,2024-06-13
0000004479,004479,3,4,1,2,2,Exit,2023-06-20
0000004480,004480,2,3,2,4,2,Exit,2021-12-03
0000004481,004481,6,3,2,3,3,Annual Review,2023-05-01
0000004482,004482,7,6,4,6,5,Exit,2023-01-02
0000004483,004483,4,4,5,4,4,Exit,2023-04-17
0000004484,004484,1,6,6,5,4,Annual Review,2023-05-11
0000004484,004484,5,6,5,7,5,Entry,2020-10-05
0000004485,004485,6,4,4,6,5,Exit,2023-02-16
0000004485,004485,6,4,1,3,3,Annual Review,2024-02-06
0000004486,004486,4,1,2,1,2,Entry,2022-03-23
0000004487,004487,7,6,7,7,6,Exit,2024-07-18
0000004488,004488,3,5,5,6,4,Entry,2019-07-02
0000004489,004489,5,2,3,5,3,Entry,2019-08-04
0000004490,004490,1,4,1,4,2,Exit,2021-01-11
0000004490,004490,3,1,2,3,2,Entry,2019-07-10
0000004491,004491,2,1,1,3,1,Entry,2022-01-10
0000004491,004491,2,3,1,1,1,Exit,2023-05-28
0000004492,004492,6,7,5,4,5,Entry,2020-01-13
0000004493,004493,4,3,4,4,3,Entry,2021-08-27
0000004493,004493,5,5,5,6,5,Exit,2021-07-15
0000004494,004494,4,5,5,4,4,Annual Review,2021-12-28
0000004495,004495,2,6,1,4,3,Entry,2019-07-10
0000004496,004496,3,6,1,4,3,Entry,2018-11-24
0000004496,004496,1,2,2,2,1,Annual Review,2019-02-25
0000004497,004497,3,1,2,2,2,Exit,2024-11-04
0000004498,004498,4,4,3,2,3,Exit,2021-01-02
0000004499,004499,4,3,5,5,4,Entry,2021-03-24
0000004500,004500,3,6,3,1,3,Entry,2019-10-19
0000004501,004501,3,1,1,4,2,Exit,2022-05-02
0000004502,004502,4,4,5,5,4,Entry,2021-11-29
0000004502,004502,4,7,6,6,5,Annual Review,2020-10-24
0000004503,004503,7,4,5,3,4,Annual Review,2021-06-18
0000004504,004504,2,5,4,6,4,Entry,2024-06-01
0000004504,004504,3,6,5,3,4,Exit,2024-01-01
0000004505,004505,5,4,4,3,4,Annual Review,2020-09-08
0000004505,004505,1,1,4,5,2,Entry,2021-07-20
0000004506,004506,5,6,7,7,6,Exit,2021-07-21
0000004507,004507,3,3,3,5,3,Entry,2022-09-26
0000004507,004507,2,2,3,3,2,Exit,2022-10-07
0000004508,004508,5,6,6,5,5,Entry,2023-02-25
0000004509,004509,5,2,2,3,3,Annual Review,2020-10-09
0000004509,004509,4,6,3,2,3,Annual Review,2021-09-17
0000004510,004510,4,6,2,7,4,Exit,2022-05-14
0000004511,004511,4,5,3,5,4,Exit,2019-10-10
0000004511,004511,6,1,4,5,4,Entry,2019-11-03
0000004512,004512,7,5,5,4,5,Annual Review,2023-11-10
0000004512,004512,7,7,7,4,6,Entry,2024-06-13
0000004513,004513,3,6,2,4,3,Exit,2025-01-23
0000004513,004513,2,2,5,2,2,Exit,2026-07-03
0000004513,004513,4,4,1,5,3,Annual Review,2022-12-05
0000004514,004514,4,7,7,3,5,Annual Review,2021-04-13
0000004514,004514,2,5,4,4,3,Annual Review,2019-11-19
0000004515,004515,1,3,2,3,2,Annual Review,2021-08-13
0000004516,004516,4,6,2,5,4,Exit,2022-12-25
0000004516,004516,3,4,4,4,3,Entry,2023-04-11
0000004517,004517,3,2,1,6,3,Annual Review,2024-11-05
0000004518,004518,1,4,6,4,3,Annual Review,2021-02-02
0000004519,004519,5,7,3,4,4,Entry,2019-03-17
0000004519,004519,5,2,5,2,3,Exit,2024-02-17
0000004519,004519,2,2,4,5,3,Exit,2021-12-06
0000004520,004520,3,5,2,5,3,Entry,2022-12-02
0000004521,004521,5,2,6,3,4,Exit,2024-09-08
0000004521,004521,5,2,3,4,3,Entry,2024-11-07
0000004522,004522,5,7,3,4,4,Annual Review,2022-03-11
0000004523,004523,7,6,6,7,6,Exit,2021-10-21
0000004524,004524,1,3,2,6,3,Entry,2019-09-30
0000004525,004525,5,7,4,6,5,Entry,2021-01-03
0000004526,004526,3,2,3,1,2,Annual Review,2023-08-08
0000004527,004527,7,7,5,6,6,Annual Review,2024-09-22
0000004527,004527,5,3,2,7,4,Annual Review,2022-11-29
0000004528,004528,2,1,6,2,2,Annual Review,2022-10-22
0000004529,004529,4,7,6,3,5,Annual Review,2024-03-01
0000004529,004529,6,7,6,4,5,Entry,2022-07-24
0000004529,004529,5,4,2,5,4,Annual Review,2026-07-26
0000004530,004530,4,3,2,5,3,Annual Review,2022-02-18
0000004531,004531,3,1,4,4,3,Exit,2021-09-03
0000004532,004532,3,7,4,7,5,Entry,2020-07-19
0000004532,004532,7,3,7,6,5,Exit,2023-12-28
0000004533,004533,5,3,6,2,4,Annual Review,2020-11-09
0000004534,004534,4,2,3,7,4,Entry,2024-09-27
0000004534,004534,6,6,5,6,5,Exit,2024-11-08
0000004535,004535,5,7,7,5,6,Entry,2020-04-02
0000004536,004536,3,7,7,5,5,Exit,2022-01-15
0000004536,004536,6,5,7,6,6,Entry,2024-08-31
0000004537,004537,1,3,3,3,2,Annual Review,2021-06-10
0000004538,004538,3,6,7,7,5,Annual Review,2024-04-30
0000004538,004538,4,3,4,7,4,Annual Review,2027-04-14
0000004539,004539,7,5,6,5,5,Exit,2024-01-17
0000004539,004539,6,1,6,5,4,Entry,2022-05-08
0000004539,004539,6,3,4,6,4,Annual Review,2020-06-17
0000004540,004540,4,6,4,6,5,Annual Review,2023-02-24
0000004540,004540,7,7,3,6,5,Entry,2018-08-09
0000004540,004540,3,3,6,3,3,Exit,2022-03-30
0000004541,004541,4,2,6,6,4,Annual Review,2021-04-15
0000004542,004542,5,3,2,1,2,Entry,2021-10-30
0000004542,004542,5,5,4,4,4,Annual Review,2023-06-27
0000004542,004542,5,6,2,1,3,Annual Review,2021-01-23
0000004543,004543,5,5,6,3,4,Entry,2021-04-16
0000004544,004544,3,4,7,2,4,Exit,2022-06-04
0000004544,004544,4,7,3,3,4,Exit,2024-01-22
0000004545,004545,3,1,5,7,4,Entry,2021-01-18
0000004546,004546,1,7,1,3,3,Annual Review,2023-01-02
0000004547,004547,4,7,5,5,5,Annual Review,2024-06-21
0000004547,004547,4,7,4,6,5,Entry,2021-07-16
0000004547,004547,5,6,6,6,5,Exit,2023-06-03
0000004548,004548,4,3,4,4,3,Exit,2023-01-19
0000004548,004548,4,5,5,4,4,Entry,2021-12-12
0000004549,004549,4,5,5,7,5,Annual Review,2021-05-17
0000004549,004549,4,7,6,7,6,Annual Review,2023-03-14
0000004550,004550,1,3,4,4,3,Annual Review,2022-10-03
0000004551,004551,5,6,5,4,5,Exit,2024-04-14
0000004552,004552,1,4,4,5,3,Exit,2023-06-22
0000004552,004552,4,1,1,5,2,Exit,2025-12-09
0000004552,004552,1,5,5,1,3,Annual Review,2024-03-26
0000004553,004553,3,3,2,5,3,Entry,2025-03-14
0000004553,004553,5,3,6,5,4,Annual Review,2023-05-27
0000004553,004553,2,4,3,3,3,Exit,2022-12-10
0000004554,004554,4,6,4,3,4,Exit,2023-10-05
0000004554,004554,3,7,2,3,3,Annual Review,2022-02-10
0000004554,004554,4,4,4,5,4,Annual Review,2025-02-03
0000004555,004555,5,5,5,2,4,Annual Review,2023-08-09
0000004556,004556,6,3,7,7,5,Entry,2021-03-05
0000004557,004557,2,5,5,6,4,Exit,2027-08-12
0000004558,004558,4,5,3,3,3,Annual Review,2023-07-03
0000004558,004558,2,1,3,7,3,Entry,2020-08-02
0000004559,004559,4,7,5,5,5,Entry,2019-09-23
0000004559,004559,3,5,3,6,4,Entry,2022-04-01
0000004560,004560,4,1,1,3,2,Entry,2020-06-04
0000004561,004561,4,6,6,7,5,Entry,2021-04-15
0000004562,004562,4,5,7,6,5,Annual Review,2023-01-04
0000004562,004562,7,4,6,7,6,Entry,2025-06-07
0000004562,004562,5,6,6,5,5,Exit,2025-03-17
0000004563,004563,6,6,6,4,5,Exit,2022-09-30
0000004564,004564,5,5,4,4,4,Annual Review,2025-04-27
0000004564,004564,1,6,6,7,5,Entry,2023-01-13
0000004565,004565,6,3,6,2,4,Entry,2022-05-08
0000004566,004566,3,3,1,1,2,Annual Review,2023-04-26
0000004567,004567,2,3,4,3,3,Exit,2023-07-21
0000004568,004568,2,2,2,4,2,Annual Review,2024-06-07
0000004568,004568,1,4,3,4,3,Entry,2023-05-19
0000004569,004569,5,5,3,4,4,Exit,2023-05-16
0000004569,004569,7,6,4,6,5,Exit,2024-04-26
0000004570,004570,4,4,5,6,4,Exit,2022-11-17
0000004571,004571,4,1,1,6,3,Annual Review,2020-11-21
0000004572,004572,6,2,5,5,4,Exit,2021-02-08
0000004573,004573,6,7,4,4,5,Entry,2018-11-12
0000004574,004574,2,5,4,4,3,Entry,2020-01-30
0000004575,004575,5,3,2,4,3,Annual Review,2023-08-29
0000004575,004575,4,4,4,2,3,Annual Review,2021-07-08
0000004576,004576,5,3,6,5,4,Exit,2026-10-05
0000004577,004577,4,1,2,5,3,Annual Review,2021-02-11
0000004578,004578,3,2,3,5,3,Entry,2021-11-19
0000004579,004579,2,5,1,6,3,Entry,2020-05-24
0000004580,004580,4,4,3,2,3,Exit,2022-11-05
0000004581,004581,5,7,5,4,5,Exit,2022-11-29
0000004581,004581,2,7,7,7,5,Exit,2024-06-20
0000004581,004581,6,3,6,3,4,Annual Review,2025-02-18
0000004582,004582,6,4,7,5,5,Entry,2020-10-17
0000004583,004583,2,3,3,2,2,Entry,2020-04-08
0000004584,004584,6,5,7,6,6,Exit,2021-04-28
0000004585,004585,5,6,7,5,5,Entry,2020-07-27
0000004585,004585,5,3,7,6,5,Exit,2024-12-25
0000004585,004585,5,3,5,6,4,Annual Review,2022-06-24
0000004586,004586,5,5,4,6,5,Annual Review,2025-03-23
0000004587,004587,4,6,4,5,4,Entry,2019-08-02
0000004587,004587,4,5,2,4,3,Entry,2020-12-03
0000004588,004588,6,1,5,3,3,Annual Review,2023-02-10
0000004589,004589,4,3,4,4,3,Exit,2023-06-26
0000004589,004589,6,5,4,5,5,Exit,2025-04-01
0000004590,004590,2,2,3,4,2,Exit,2022-02-23
0000004591,004591,5,5,3,5,4,Entry,2018-12-10
0000004592,004592,7,6,5,5,5,Entry,2021-06-26
0000004592,004592,6,5,7,5,5,Annual Review,2021-12-25
0000004592,004592,6,6,5,7,6,Exit,2025-11-04
0000004593,004593,4,5,3,3,3,Annual Review,2023-04-24
0000004594,004594,4,5,4,3,4,Annual Review,2025-04-21
0000004595,004595,5,5,5,5,5,Entry,2019-04-24
0000004595,004595,7,5,7,7,6,Annual Review,2022-05-26
0000004596,004596,5,4,3,4,4,Entry,2022-09-04
0000004597,004597,6,5,6,4,5,Entry,2022-12-07
0000004597,004597,7,5,7,5,6,Entry,2022-05-01
0000004598,004598,5,1,3,3,3,Exit,2024-05-17
0000004598,004598,5,4,5,4,4,Entry,2021-03-14
0000004599,004599,2,6,1,1,2,Exit,2021-05-29
0000004599,004599,2,5,4,2,3,Entry,2019-06-19
0000004599,004599,5,3,3,4,3,Entry,2021-07-28
0000004600,004600,7,6,6,7,6,Exit,2024-01-04
0000004601,004601,7,7,4,6,6,Annual Review,2026-01-31
0000004602,004602,6,2,1,7,4,Annual Review,2024-01-04
0000004603,004603,5,5,6,6,5,Entry,2022-06-25
0000004604,004604,5,6,4,4,4,Annual Review,2022-01-13
0000004604,004604,6,6,3,4,4,Annual Review,2024-05-26
0000004605,004605,2,1,3,3,2,Annual Review,2021-02-08
0000004605,004605,5,2,3,6,4,Entry,2019-01-10
0000004606,004606,6,1,5,7,4,Exit,2023-05-17
0000004607,004607,6,6,5,5,5,Exit,2022-01-20
0000004608,004608,7,3,7,2,4,Annual Review,2024-05-29
0000004608,004608,3,5,4,5,4,Annual Review,2021-11-15
0000004609,004609,6,5,2,3,4,Exit,2024-07-14
0000004609,004609,3,1,4,3,2,Entry,2024-09-22
0000004610,004610,3,4,2,3,3,Entry,2020-11-06
0000004610,004610,3,5,4,1,3,Exit,2022-04-06
0000004611,004611,6,4,6,7,5,Entry,2022-03-13
0000004612,004612,4,5,5,3,4,Entry,2020-02-15
0000004613,004613,3,2,1,5,2,Annual Review,2024-05-04
0000004613,004613,1,1,2,5,2,Annual Review,2023-06-18
0000004613,004613,2,2,1,6,2,Annual Review,2022-06-22
0000004614,004614,6,5,6,4,5,Entry,2025-04-16
0000004615,004615,6,6,3,6,5,Exit,2022-06-21
0000004616,004616,1,5,2,1,2,Exit,2024-12-08
0000004616,004616,1,3,2,3,2,Entry,2022-12-18
0000004617,004617,5,7,5,4,5,Annual Review,2026-02-01
0000004617,004617,5,6,6,7,6,Annual Review,2023-04-05
0000004618,004618,3,6,4,1,3,Exit,2022-02-18
0000004619,004619,1,1,5,4,2,Exit,2020-08-22
0000004620,004620,2,1,3,1,1,Annual Review,2022-10-20
0000004620,004620,1,5,3,1,2,Exit,2025-10-20
0000004621,004621,6,4,4,4,4,Entry,2024-07-23
0000004621,004621,5,4,2,2,3,Annual Review,2024-05-04
0000004622,004622,5,1,5,3,3,Exit,2021-01-25
0000004623,004623,6,6,5,6,5,Entry,2021-10-01
0000004624,004624,5,4,1,2,3,Exit,2022-05-15
0000004624,004624,7,4,1,3,3,Exit,2023-03-03
0000004625,004625,7,2,3,4,4,Entry,2022-11-24
0000004625,004625,3,4,1,1,2,Exit,2021-03-02
0000004626,004626,3,1,3,5,3,Entry,2019-04-23
0000004627,004627,5,5,3,6,4,Entry,2023-05-26
0000004628,004628,3,7,7,6,5,Entry,2022-05-15
0000004628,004628,3,5,5,4,4,Exit,2024-11-06
0000004629,004629,1,4,2,5,3,Exit,2022-07-31
0000004629,004629,5,4,2,4,3,Exit,2021-04-29
0000004630,004630,4,5,2,5,4,Annual Review,2024-06-22
0000004631,004631,4,4,6,1,3,Entry,2022-01-01
0000004632,004632,5,5,7,7,6,Exit,2021-12-30
0000004633,004633,5,4,5,5,4,Annual Review,2022-02-17
0000004634,004634,6,6,1,2,3,Exit,2022-10-05
0000004635,004635,3,4,4,5,4,Annual Review,2024-05-14
0000004635,004635,6,1,3,4,3,Exit,2021-06-12
0000004636,004636,4,4,1,6,3,Entry,2023-04-29
0000004637,004637,5,3,5,6,4,Exit,2023-03-15
0000004637,004637,3,1,4,5,3,Entry,2020-06-22
0000004638,004638,3,6,6,4,4,Entry,2022-11-13
0000004639,004639,5,5,5,5,5,Exit,2023-04-10
0000004640,004640,6,3,7,4,5,Entry,2023-05-02
0000004641,004641,2,4,2,2,2,Exit,2020-05-02
0000004642,004642,1,7,6,7,5,Entry,2022-07-03
0000004643,004643,3,5,7,5,5,Exit,2022-06-08
0000004644,004644,5,3,1,3,3,Exit,2022-02-20
0000004645,004645,7,5,6,2,5,Annual Review,2024-11-05
0000004645,004645,6,5,4,4,4,Exit,2023-10-28
0000004646,004646,4,6,6,6,5,Entry,2021-11-30
0000004647,004647,4,5,6,7,5,Entry,2023-04-01
0000004648,004648,4,5,5,4,4,Entry,2021-12-27
0000004649,004649,4,5,5,7,5,Exit,2026-03-10
0000004649,004649,7,5,3,4,4,Exit,2025-04-09
0000004650,004650,4,3,2,2,2,Annual Review,2023-03-02
0000004650,004650,2,4,2,3,2,Annual Review,2024-05-24
0000004651,004651,3,4,4,5,4,Exit,2025-12-08
0000004652,004652,5,6,7,3,5,Exit,2022-04-16
0000004653,004653,7,4,2,3,4,Annual Review,2021-04-04
0000004654,004654,4,5,4,3,4,Exit,2022-10-01
0000004655,004655,5,5,4,4,4,Exit,2024-11-20
0000004656,004656,1,3,3,2,2,Exit,2020-06-17
0000004657,004657,4,5,3,5,4,Exit,2024-10-25
0000004657,004657,7,5,5,7,6,Exit,2023-09-10
0000004658,004658,7,3,1,1,3,Exit,2024-06-06
0000004659,004659,5,1,5,2,3,Annual Review,2023-07-25
0000004660,004660,6,5,5,6,5,Entry,2021-04-01
0000004661,004661,3,3,3,5,3,Exit,2024-09-29
0000004661,004661,4,5,2,2,3,Annual Review,2026-01-06
0000004661,004661,5,1,4,3,3,Annual Review,2022-12-09
0000004662,004662,7,3,6,5,5,Entry,2022-09-24
0000004663,004663,6,7,6,3,5,Annual Review,2022-07-06
0000004664,004664,4,3,1,6,3,Entry,2022-12-26
0000004664,004664,2,1,1,4,2,Entry,2020-11-21
0000004664,004664,2,5,4,4,3,Exit,2024-12-21
0000004665,004665,5,6,4,6,5,Exit,2023-12-25
0000004665,004665,5,6,6,5,5,Entry,2024-01-21
0000004666,004666,2,5,4,2,3,Entry,2021-08-19
0000004667,004667,1,3,4,5,3,Annual Review,2025-04-27
0000004667,004667,2,5,4,3,3,Exit,2024-05-12
0000004667,004667,1,2,4,6,3,Exit,2023-06-26
0000004668,004668,4,7,6,7,6,Entry,2023-06-09
0000004669,004669,2,5,6,5,4,Exit,2025-02-18
0000004669,004669,6,6,1,6,4,Exit,2023-10-04
0000004670,004670,5,6,5,4,5,Exit,2021-01-02
0000004671,004671,7,3,4,3,4,Exit,2021-12-25
0000004672,004672,6,6,2,4,4,Exit,2020-11-11
0000004673,004673,3,5,1,4,3,Exit,2021-12-18
0000004674,004674,3,1,3,4,2,Annual Review,2020-11-22
0000004675,004675,6,5,2,3,4,Entry,2022-09-22
0000004676,004676,4,7,6,4,5,Entry,2020-08-22
0000004677,004677,3,7,6,5,5,Exit,2020-10-05
0000004677,004677,5,3,3,7,4,Entry,2021-07-29
0000004677,004677,5,5,5,7,5,Exit,2021-07-06
0000004678,004678,5,2,1,3,2,Entry,2020-10-05
0000004679,004679,2,2,4,1,2,Exit,2021-03-29
0000004680,004680,5,5,3,5,4,Exit,2022-03-02
0000004681,004681,6,3,5,6,5,Annual Review,2023-10-24
0000004681,004681,4,5,1,1,2,Exit,2022-06-16
0000004682,004682,4,4,2,5,3,Annual Review,2021-01-03
0000004683,004683,3,7,6,6,5,Annual Review,2026-09-26
0000004683,004683,3,5,3,7,4,Exit,2025-09-23
0000004684,004684,3,2,6,5,4,Annual Review,2022-02-26
0000004684,004684,3,5,2,5,3,Annual Review,2021-09-08
0000004685,004685,2,7,6,3,4,Entry,2019-06-07
0000004685,004685,6,3,6,5,5,Annual Review,2022-12-17
0000004686,004686,6,6,7,5,6,Entry,2020-02-23
0000004687,004687,4,7,5,5,5,Annual Review,2024-03-12
0000004687,004687,5,3,5,7,5,Annual Review,2025-10-11
0000004688,004688,3,3,1,1,2,Exit,2021-02-21
0000004689,004689,2,3,1,5,2,Exit,2020-02-22
0000004689,004689,3,3,2,2,2,Entry,2020-03-25
0000004690,004690,4,4,5,3,4,Entry,2020-09-10
0000004691,004691,1,5,6,5,4,Exit,2025-02-23
0000004692,004692,5,4,2,4,3,Entry,2024-10-29
0000004692,004692,5,5,6,3,4,Exit,2024-11-27
0000004693,004693,3,3,3,2,2,Exit,2022-11-20
0000004693,004693,4,4,3,4,3,Entry,2020-11-05
0000004693,004693,1,5,3,3,3,Exit,2020-09-17
0000004694,004694,5,4,7,3,4,Exit,2022-03-10
0000004695,004695,5,5,4,4,4,Exit,2022-06-07
0000004696,004696,7,6,7,3,5,Annual Review,2024-09-01
0000004697,004697,3,1,3,3,2,Exit,2020-10-19
0000004698,004698,2,3,2,3,2,Annual Review,2020-07-19
0000004699,004699,2,4,3,6,3,Entry,2019-05-18
0000004699,004699,6,7,4,4,5,Entry,2018-08-17
0000004700,004700,6,2,3,3,3,Annual Review,2024-07-04
0000004700,004700,3,3,3,7,4,Entry,2022-05-13
0000004701,004701,3,3,2,3,2,Entry,2021-02-27
0000004702,004702,3,4,2,4,3,Annual Review,2023-09-23
0000004703,004703,1,4,6,4,3,Annual Review,2021-05-03
0000004704,004704,4,5,4,5,4,Entry,2020-01-15
0000004705,004705,1,4,3,2,2,Annual Review,2021-09-29
0000004706,004706,3,2,5,5,3,Entry,2023-07-29
0000004706,004706,5,2,7,7,5,Exit,2023-07-02
0000004707,004707,2,6,6,4,4,Annual Review,2020-09-09
0000004708,004708,4,1,3,2,2,Annual Review,2021-10-19
0000004708,004708,4,4,2,2,3,Annual Review,2022-09-21
0000004709,004709,2,1,2,4,2,Exit,2021-07-04
0000004710,004710,7,5,4,7,5,Annual Review,2023-05-22
0000004711,004711,2,1,1,1,1,Entry,2023-01-26
0000004712,004712,3,2,3,4,3,Annual Review,2021-03-08
0000004712,004712,3,3,5,4,3,Annual Review,2023-09-22
0000004712,004712,6,3,5,3,4,Annual Review,2021-01-18
0000004713,004713,3,6,4,5,4,Annual Review,2023-08-06
0000004714,004714,2,7,6,3,4,Exit,2021-05-06
0000004714,004714,5,3,1,3,3,Exit,2022-08-07
0000004714,004714,2,2,1,1,1,Annual Review,2023-12-14
0000004715,004715,4,4,5,2,3,Entry,2024-11-17
0000004715,004715,3,5,5,5,4,Entry,2023-05-22
0000004716,004716,2,2,4,3,2,Annual Review,2022-08-05
0000004717,004717,4,1,4,3,3,Exit,2021-12-02
0000004718,004718,2,1,5,3,2,Annual Review,2024-08-18
0000004719,004719,7,6,1,6,5,Exit,2025-11-23
0000004720,004720,4,3,2,6,3,Exit,2023-08-20
0000004721,004721,5,3,4,5,4,Entry,2020-05-20
0000004721,004721,2,6,5,6,4,Annual Review,2021-07-14
0000004721,004721,5,7,7,2,5,Entry,2023-12-29
0000004722,004722,7,2,3,7,4,Entry,2020-01-13
0000004723,004723,3,5,4,6,4,Exit,2026-05-16
0000004723,004723,5,5,7,7,6,Exit,2023-11-17
0000004724,004724,3,3,1,7,3,Exit,2022-10-19
0000004724,004724,5,5,7,4,5,Exit,2025-05-11
0000004725,004725,6,5,5,6,5,Annual Review,2020-05-31
0000004726,004726,3,3,1,6,3,Exit,2021-04-25
0000004727,004727,3,3,1,3,2,Entry,2022-06-13
0000004728,004728,2,3,1,3,2,Entry,2021-06-13
0000004729,004729,3,3,2,4,3,Annual Review,2025-08-08
0000004729,004729,1,2,3,2,2,Entry,2023-04-04
0000004729,004729,2,7,1,2,3,Entry,2023-05-09
0000004730,004730,3,2,3,3,2,Entry,2022-01-19
0000004730,004730,2,7,3,4,4,Entry,2020-09-27
0000004731,004731,7,7,7,7,7,Entry,2022-11-16
0000004732,004732,3,5,1,3,3,Entry,2022-11-27
0000004732,004732,5,5,5,4,4,Annual Review,2021-08-30
0000004733,004733,3,2,3,1,2,Entry,2021-05-10
0000004734,004734,3,7,4,6,5,Entry,2019-09-19
0000004735,004735,7,6,4,6,5,Exit,2025-08-08
0000004735,004735,2,7,5,5,4,Annual Review,2021-10-12
0000004736,004736,3,4,7,6,5,Exit,2025-12-03
0000004737,004737,2,2,4,1,2,Annual Review,2022-08-20
0000004738,004738,2,2,3,6,3,Entry,2021-02-09
0000004739,004739,2,2,1,3,2,Exit,2024-10-21
0000004740,004740,3,4,4,7,4,Entry,2021-02-14
0000004740,004740,5,4,4,5,4,Annual Review,2024-01-15
0000004740,004740,5,5,6,4,5,Entry,2020-12-05
0000004741,004741,5,2,5,5,4,Entry,2021-02-10
0000004742,004742,1,5,3,2,2,Exit,2021-01-23
0000004742,004742,4,2,4,6,4,Exit,2021-04-28
0000004743,004743,4,5,6,6,5,Entry,2021-06-22
0000004744,004744,4,5,5,5,4,Entry,2021-03-09
0000004744,004744,1,5,5,3,3,Annual Review,2024-01-13
0000004745,004745,6,2,6,5,4,Annual Review,2021-07-28
0000004746,004746,4,5,4,5,4,Annual Review,2023-01-17
0000004747,004747,3,2,3,1,2,Exit,2024-03-31
0000004748,004748,4,2,4,1,2,Annual Review,2022-05-07
0000004749,004749,7,3,7,6,5,Entry,2018-10-21
0000004750,004750,2,5,6,5,4,Entry,2020-11-28
0000004751,004751,4,4,5,5,4,Exit,2024-08-02
0000004752,004752,4,7,7,5,5,Annual Review,2025-07-11
0000004752,004752,4,5,4,6,4,Entry,2025-09-17
0000004752,004752,5,5,7,6,5,Entry,2023-04-21
0000004753,004753,4,5,5,6,5,Entry,2022-08-29
0000004753,004753,6,5,5,6,5,Entry,2021-08-22
0000004753,004753,7,7,3,7,6,Annual Review,2025-07-10
0000004754,004754,6,1,6,4,4,Exit,2021-10-05
0000004754,004754,6,1,6,1,3,Exit,2022-11-24
0000004755,004755,6,3,5,3,4,Annual Review,2024-01-09
0000004756,004756,1,2,4,1,2,Exit,2023-02-17
0000004757,004757,6,5,6,7,6,Exit,2024-05-27
0000004757,004757,4,7,7,5,5,Annual Review,2022-09-19
0000004758,004758,2,4,4,7,4,Entry,2020-06-05
0000004758,004758,3,3,3,4,3,Entry,2023-06-15
0000004759,004759,4,5,6,4,4,Exit,2023-07-05
0000004760,004760,3,3,2,5,3,Exit,2022-01-20
0000004761,004761,3,2,2,3,2,Annual Review,2023-08-25
0000004761,004761,5,4,3,4,4,Annual Review,2025-02-27
0000004761,004761,5,3,4,4,4,Annual Review,2022-07-07
0000004762,004762,1,1,4,4,2,Entry,2023-02-08
0000004762,004762,2,2,1,4,2,Entry,2023-04-23
0000004763,004763,2,3,4,5,3,Exit,2024-01-08
0000004763,004763,7,2,4,3,4,Exit,2022-06-16
0000004764,004764,2,3,2,3,2,Annual Review,2021-01-30
0000004764,004764,2,6,4,2,3,Exit,2022-11-13
0000004765,004765,1,5,5,7,4,Annual Review,2025-04-29
0000004765,004765,5,7,6,6,6,Entry,2022-04-15
0000004766,004766,5,6,5,5,5,Entry,2021-08-29
0000004767,004767,5,5,5,6,5,Entry,2019-09-06
0000004767,004767,6,5,5,7,5,Entry,2023-06-24
0000004767,004767,5,5,4,5,4,Entry,2021-12-25
0000004768,004768,1,7,4,6,4,Entry,2021-07-02
0000004769,004769,4,4,4,1,3,Entry,2024-03-07
0000004770,004770,2,6,6,3,4,Annual Review,2021-08-10
0000004771,004771,4,1,5,3,3,Annual Review,2019-09-18
0000004771,004771,5,3,1,4,3,Annual Review,2021-03-27
0000004771,004771,5,5,1,3,3,Entry,2021-10-12
0000004772,004772,4,6,5,4,4,Exit,2024-12-04
0000004773,004773,5,2,4,3,3,Entry,2020-03-22
0000004773,004773,5,2,4,4,3,Entry,2021-06-23
0000004773,004773,5,5,4,6,5,Entry,2022-07-28
0000004774,004774,7,4,5,2,4,Exit,2023-10-29
0000004775,004775,4,3,5,4,4,Entry,2020-12-14
0000004776,004776,5,5,6,7,5,Entry,2024-08-27
0000004776,004776,6,6,7,5,6,Entry,2022-07-11
0000004777,004777,5,7,7,4,5,Exit,2022-10-16
0000004778,004778,3,4,2,4,3,Exit,2022-11-04
0000004779,004779,5,5,3,4,4,Annual Review,2022-03-08
0000004780,004780,3,7,2,5,4,Entry,2022-02-02
0000004781,004781,5,7,1,6,4,Annual Review,2020-03-09
0000004781,004781,4,7,6,7,6,Annual Review,2022-12-28
0000004782,004782,3,2,3,4,3,Exit,2023-08-30
0000004782,004782,4,5,5,5,4,Entry,2019-12-14
0000004783,004783,2,2,2,7,3,Annual Review,2023-10-25
0000004784,004784,3,4,4,5,4,Annual Review,2023-07-23
0000004785,004785,6,6,4,4,5,Annual Review,2019-12-28
0000004785,004785,2,6,5,7,5,Annual Review,2022-06-11
0000004786,004786,5,5,6,4,5,Entry,2019-10-10
0000004787,004787,2,1,6,5,3,Entry,2018-09-14
0000004788,004788,6,5,6,3,5,Annual Review,2023-08-03
0000004788,004788,7,4,4,4,4,Entry,2025-06-12
0000004789,004789,2,2,2,5,2,Annual Review,2023-01-15
0000004790,004790,3,2,1,6,3,Exit,2023-05-12
0000004790,004790,4,2,4,2,3,Exit,2024-04-19
0000004791,004791,2,4,4,4,3,Entry,2019-08-26
0000004791,004791,4,4,1,3,3,Annual Review,2022-06-05
0000004792,004792,6,6,5,5,5,Entry,2019-04-28
0000004793,004793,5,5,6,7,5,Exit,2024-03-25
0000004793,004793,6,5,5,7,5,Exit,2026-02-11
0000004794,004794,3,5,1,4,3,Entry,2022-01-19
0000004795,004795,5,5,6,7,5,Entry,2020-06-02
0000004796,004796,3,5,2,6,4,Exit,2023-01-27
0000004797,004797,6,5,1,3,3,Annual Review,2022-09-19
0000004798,004798,1,1,1,2,1,Entry,2022-10-27
0000004799,004799,5,3,3,7,4,Entry,2022-11-02
0000004799,004799,6,5,7,6,6,Exit,2027-05-31
0000004800,004800,4,2,3,3,3,Exit,2021-05-24
0000004801,004801,1,4,2,4,2,Exit,2021-03-02
0000004801,004801,5,1,3,3,3,Exit,2019-11-07
0000004801,004801,1,1,2,1,1,Entry,2019-12-12
0000004802,004802,7,7,1,2,4,Annual Review,2023-08-30
0000004802,004802,1,5,4,6,4,Annual Review,2022-04-27
0000004803,004803,2,4,2,2,2,Annual Review,2019-09-19
0000004803,004803,3,4,1,3,2,Exit,2022-02-05
0000004804,004804,5,2,2,5,3,Entry,2024-04-14
0000004805,004805,4,1,2,1,2,Exit,2023-03-28
0000004806,004806,5,4,4,4,4,Annual Review,2022-01-19
0000004806,004806,1,5,3,6,3,Annual Review,2020-03-23
0000004806,004806,2,5,1,5,3,Exit,2023-06-13
0000004807,004807,5,6,5,4,5,Entry,2020-11-04
0000004807,004807,4,3,4,4,3,Annual Review,2023-05-03
0000004807,004807,6,4,1,4,3,Annual Review,2025-04-27
0000004808,004808,7,5,7,6,6,Exit,2023-12-16
0000004808,004808,7,1,1,7,4,Entry,2020-10-31
0000004808,004808,6,5,3,5,4,Annual Review,2025-01-07
0000004809,004809,6,7,7,4,6,Exit,2025-01-08
0000004810,004810,2,2,2,4,2,Exit,2024-06-18
0000004810,004810,6,3,2,1,3,Entry,2022-12-24
0000004811,004811,5,2,2,3,3,Entry,2019-03-12
0000004812,004812,3,6,4,5,4,Exit,2024-03-13
0000004813,004813,4,3,4,6,4,Entry,2023-03-12
0000004814,004814,2,6,5,6,4,Annual Review,2024-03-21
0000004815,004815,4,5,3,3,3,Annual Review,2022-05-10
0000004815,004815,2,3,3,1,2,Entry,2022-07-02
0000004816,004816,6,6,4,2,4,Annual Review,2021-10-15
0000004816,004816,3,1,2,4,2,Entry,2021-11-13
0000004817,004817,6,6,4,5,5,Entry,2023-04-24
0000004817,004817,6,5,6,5,5,Exit,2023-04-22
0000004818,004818,4,5,5,6,5,Annual Review,2024-06-06
0000004819,004819,3,4,3,4,3,Exit,2022-04-13
0000004819,004819,4,5,5,4,4,Exit,2020-10-05
0000004820,004820,3,6,5,4,4,Annual Review,2022-08-26
0000004821,004821,3,6,5,5,4,Annual Review,2022-11-04
0000004822,004822,5,5,3,4,4,Entry,2022-07-06
0000004823,004823,4,1,3,6,3,Annual Review,2023-07-17
0000004823,004823,4,2,1,5,3,Exit,2022-07-23
0000004824,004824,7,5,7,4,5,Annual Review,2024-04-05
0000004825,004825,5,5,6,7,5,Annual Review,2021-04-26
0000004826,004826,7,7,6,6,6,Entry,2021-07-30
0000004827,004827,2,2,5,6,3,Entry,2022-01-18
0000004828,004828,4,1,5,4,3,Annual Review,2023-02-22
0000004828,004828,1,5,1,6,3,Exit,2022-04-26
0000004828,004828,2,1,1,1,1,Exit,2023-04-10
0000004829,004829,1,3,4,7,3,Entry,2022-08-15
0000004830,004830,4,1,3,1,2,Exit,2019-09-11
0000004831,004831,5,6,6,3,5,Exit,2023-07-26
0000004832,004832,5,6,6,4,5,Exit,2024-01-21
0000004833,004833,1,1,4,3,2,Annual Review,2022-06-12
0000004833,004833,7,2,3,4,4,Exit,2023-07-15
0000004834,004834,6,3,1,2,3,Annual Review,2023-03-11
0000004834,004834,6,1,6,4,4,Annual Review,2022-12-08
0000004835,004835,3,3,6,6,4,Entry,2024-08-27
0000004836,004836,5,4,4,6,4,Annual Review,2023-07-25
0000004837,004837,2,3,5,3,3,Annual Review,2021-04-07
0000004838,004838,2,4,3,4,3,Entry,2019-06-04
0000004839,004839,1,3,3,6,3,Exit,2021-08-10
0000004840,004840,2,3,4,4,3,Annual Review,2021-12-21
0000004841,004841,1,5,5,5,4,Entry,2022-02-15
0000004841,004841,5,4,5,4,4,Exit,2021-12-02
0000004842,004842,3,1,3,4,2,Exit,2022-01-02
0000004843,004843,4,4,1,4,3,Exit,2019-12-22
0000004844,004844,2,5,4,4,3,Annual Review,2019-06-23
0000004845,004845,2,5,5,5,4,Annual Review,2022-04-21
0000004846,004846,3,5,1,7,4,Exit,2020-06-29
0000004847,004847,4,5,3,3,3,Annual Review,2025-10-24
0000004847,004847,5,7,4,1,4,Annual Review,2022-08-07
0000004848,004848,7,1,1,4,3,Annual Review,2023-10-27
0000004848,004848,5,3,4,5,4,Annual Review,2022-10-20
0000004849,004849,4,5,6,5,5,Annual Review,2025-08-24
0000004849,004849,6,1,6,5,4,Annual Review,2023-03-19
0000004850,004850,6,6,7,7,6,Exit,2025-04-29
0000004850,004850,7,3,6,5,5,Annual Review,2022-09-02
0000004851,004851,5,7,7,7,6,Exit,2022-08-04
0000004852,004852,3,1,4,3,2,Entry,2020-09-27
0000004852,004852,2,4,4,7,4,Entry,2021-04-19
0000004853,004853,5,4,6,4,4,Annual Review,2022-06-27
0000004853,004853,7,5,3,3,4,Annual Review,2022-05-21
0000004854,004854,7,5,5,7,6,Exit,2026-06-11
0000004855,004855,2,7,6,5,5,Entry,2019-09-28
0000004855,004855,4,6,2,6,4,Annual Review,2022-11-15
0000004856,004856,1,2,3,3,2,Annual Review,2021-12-10
0000004857,004857,3,5,5,7,5,Entry,2020-06-04
0000004857,004857,5,3,5,6,4,Entry,2022-09-25
0000004858,004858,4,4,4,1,3,Annual Review,2020-10-22
0000004859,004859,3,3,5,3,3,Entry,2020-04-15
0000004860,004860,6,5,2,5,4,Annual Review,2020-02-20
0000004861,004861,4,7,6,7,6,Exit,2026-09-15
0000004862,004862,4,3,6,3,4,Exit,2022-01-11
0000004863,004863,6,5,5,6,5,Entry,2023-12-22
0000004863,004863,5,6,6,5,5,Entry,2021-03-01
0000004863,004863,6,7,2,6,5,Annual Review,2021-08-06
0000004864,004864,5,5,5,5,5,Exit,2020-12-12
0000004865,004865,4,1,5,3,3,Exit,2026-07-04
0000004866,004866,3,2,1,6,3,Exit,2023-09-03
0000004867,004867,6,2,5,3,4,Entry,2021-07-11
0000004868,004868,3,7,5,6,5,Annual Review,2021-07-06
0000004869,004869,2,6,4,1,3,Entry,2021-05-30
0000004870,004870,2,3,4,1,2,Exit,2022-05-28
0000004870,004870,7,7,3,1,4,Entry,2022-06-06
0000004871,004871,5,1,1,5,3,Exit,2025-04-08
0000004871,004871,1,5,3,6,3,Entry,2021-11-25
0000004871,004871,5,5,5,3,4,Exit,2023-08-04
0000004872,004872,5,1,3,6,3,Exit,2022-11-21
0000004872,004872,1,5,1,1,2,Exit,2023-08-29
0000004873,004873,6,6,6,6,6,Entry,2022-08-28
0000004874,004874,3,1,7,3,3,Exit,2023-11-10
0000004875,004875,2,7,4,6,4,Exit,2025-04-23
0000004875,004875,5,6,3,4,4,Exit,2023-06-30
0000004876,004876,1,4,2,4,2,Annual Review,2025-10-26
0000004876,004876,1,1,2,3,1,Annual Review,2023-03-15
0000004876,004876,3,4,2,5,3,Annual Review,2024-09-01
0000004877,004877,5,5,4,4,4,Annual Review,2021-10-26
0000004878,004878,5,7,4,3,4,Exit,2023-11-02
0000004879,004879,2,6,5,7,5,Annual Review,2024-02-25
0000004880,004880,6,6,3,6,5,Entry,2021-04-16
0000004881,004881,3,3,2,2,2,Entry,2020-04-10
0000004882,004882,5,5,3,1,3,Exit,2025-03-29
0000004883,004883,4,2,5,4,3,Annual Review,2024-08-23
0000004884,004884,3,5,5,4,4,Annual Review,2022-02-06
0000004885,004885,7,3,5,5,5,Annual Review,2023-11-09
0000004886,004886,1,7,1,1,2,Exit,2022-06-21
0000004886,004886,3,2,2,2,2,Exit,2021-08-24
0000004887,004887,6,7,2,3,4,Entry,2019-03-27
0000004887,004887,5,4,3,4,4,Entry,2019-05-13
0000004888,004888,4,5,1,3,3,Annual Review,2021-06-05
0000004889,004889,3,4,3,4,3,Annual Review,2021-01-25
0000004890,004890,1,1,3,4,2,Exit,2023-08-30
0000004891,004891,2,3,1,4,2,Entry,2022-01-16
0000004892,004892,4,1,3,5,3,Entry,2022-07-25
0000004893,004893,3,3,5,1,3,Annual Review,2022-06-04
0000004893,004893,2,4,2,2,2,Entry,2020-09-09
0000004894,004894,2,1,5,6,3,Entry,2022-04-14
0000004895,004895,4,6,4,5,4,Exit,2023-07-10
0000004896,004896,4,3,1,1,2,Entry,2019-11-21
0000004897,004897,6,7,5,7,6,Exit,2024-06-07
0000004898,004898,6,5,5,5,5,Exit,2026-05-13
0000004898,004898,6,3,4,6,4,Exit,2024-06-29
0000004898,004898,5,7,3,4,4,Entry,2024-01-25
0000004899,004899,2,3,3,3,2,Entry,2023-04-05
0000004900,004900,7,7,1,5,5,Annual Review,2022-10-10
0000004901,004901,4,6,2,4,4,Exit,2022-09-11
0000004901,004901,5,3,1,5,3,Entry,2022-10-10
0000004902,004902,7,5,5,6,5,Annual Review,2024-10-30
0000004902,004902,6,2,5,6,4,Exit,2023-09-25
0000004903,004903,3,5,5,5,4,Annual Review,2026-01-26
0000004903,004903,5,3,6,7,5,Annual Review,2024-04-20
0000004904,004904,2,3,3,2,2,Entry,2021-03-04
0000004905,004905,1,6,5,5,4,Entry,2020-11-07
0000004905,004905,6,6,6,6,6,Entry,2019-06-02
0000004906,004906,2,1,3,5,2,Exit,2023-05-28
0000004907,004907,6,3,2,4,3,Entry,2020-10-15
0000004908,004908,5,7,4,4,5,Entry,2021-10-01
0000004908,004908,4,5,6,6,5,Annual Review,2025-05-06
0000004909,004909,2,3,4,4,3,Entry,2019-07-17
0000004909,004909,1,3,3,4,2,Annual Review,2019-08-14
0000004910,004910,2,1,2,2,1,Annual Review,2020-06-09
0000004911,004911,4,4,1,2,2,Exit,2022-07-04
0000004912,004912,4,2,5,6,4,Annual Review,2024-09-29
0000004913,004913,1,1,4,6,3,Annual Review,2023-06-29
0000004914,004914,6,7,5,7,6,Exit,2022-06-02
0000004915,004915,5,5,4,5,4,Entry,2023-08-10
0000004915,004915,5,7,3,4,4,Exit,2021-11-17
0000004916,004916,6,4,1,6,4,Exit,2020-11-09
0000004917,004917,2,3,5,1,2,Annual Review,2025-12-26
0000004917,004917,3,3,4,6,4,Annual Review,2022-07-20
0000004917,004917,4,4,4,4,4,Entry,2023-08-17
0000004918,004918,5,2,5,2,3,Exit,2020-09-06
0000004919,004919,1,5,5,4,3,Exit,2021-09-22
0000004920,004920,4,2,2,5,3,Exit,2021-03-03
0000004920,004920,6,5,3,3,4,Exit,2020-10-02
0000004921,004921,1,5,1,6,3,Entry,2019-11-15
0000004922,004922,2,5,3,2,3,Entry,2021-08-28
0000004923,004923,6,3,2,4,3,Entry,2023-09-02
0000004924,004924,1,3,5,1,2,Annual Review,2021-09-25
0000004924,004924,3,1,1,3,2,Exit,2020-11-21
0000004925,004925,6,4,5,6,5,Exit,2024-06-11
0000004926,004926,3,1,3,2,2,Annual Review,2021-05-08
0000004927,004927,1,4,5,6,4,Exit,2024-07-05
0000004927,004927,3,4,4,5,4,Entry,2020-12-28
0000004928,004928,4,4,3,5,4,Annual Review,2024-08-13
0000004928,004928,3,5,2,6,4,Entry,2021-12-06
0000004929,004929,4,5,5,6,5,Annual Review,2019-03-04
0000004930,004930,4,5,6,5,5,Exit,2024-10-21
0000004931,004931,1,1,4,4,2,Annual Review,2021-04-01
0000004931,004931,1,3,2,4,2,Annual Review,2022-03-22
0000004932,004932,6,6,5,5,5,Exit,2022-05-10
0000004933,004933,4,7,2,2,3,Entry,2022-07-10
0000004934,004934,5,5,7,4,5,Annual Review,2022-07-19
0000004935,004935,1,5,5,5,4,Annual Review,2025-08-05
0000004936,004936,3,6,4,7,5,Entry,2022-08-25
0000004937,004937,6,6,6,6,6,Exit,2023-05-12
0000004937,004937,4,5,6,5,5,Entry,2020-09-02
0000004938,004938,5,7,7,7,6,Annual Review,2023-06-29
0000004938,004938,1,7,6,5,4,Entry,2019-09-03
0000004939,004939,6,4,3,4,4,Exit,2023-01-18
0000004940,004940,4,4,3,3,3,Exit,2024-03-02
0000004941,004941,5,7,4,4,5,Entry,2019-03-07
0000004942,004942,2,2,2,2,2,Annual Review,2024-11-01
0000004942,004942,4,1,2,5,3,Annual Review,2023-05-06
0000004943,004943,1,4,2,2,2,Annual Review,2023-04-18
0000004944,004944,6,3,4,3,4,Exit,2025-12-30
0000004945,004945,6,6,5,7,6,Entry,2022-02-06
0000004945,004945,7,3,6,5,5,Annual Review,2022-02-08
0000004946,004946,4,5,4,5,4,Entry,2022-04-30
0000004947,004947,3,4,2,3,3,Exit,2019-09-23
0000004948,004948,2,7,2,4,3,Exit,2022-03-02
0000004949,004949,4,1,4,1,2,Exit,2022-05-08
0000004949,004949,5,2,5,4,4,Entry,2020-06-21
0000004950,004950,5,2,5,4,4,Entry,2021-01-30
0000004951,004951,1,5,5,2,3,Exit,2021-03-30
0000004952,004952,4,4,3,7,4,Exit,2022-06-28
0000004953,004953,7,7,6,7,6,Exit,2023-06-23
0000004954,004954,3,7,5,3,4,Annual Review,2020-08-28
0000004955,004955,4,7,7,5,5,Annual Review,2021-01-31
0000004956,004956,4,2,4,6,4,Entry,2020-05-10
0000004957,004957,6,3,5,1,3,Annual Review,2021-03-17
0000004958,004958,1,7,7,7,5,Exit,2024-10-26
0000004959,004959,7,1,4,4,4,Annual Review,2023-08-11
0000004959,004959,3,7,1,2,3,Exit,2021-03-12
0000004960,004960,1,2,7,2,3,Annual Review,2026-02-03
0000004960,004960,1,2,2,4,2,Exit,2024-08-11
0000004961,004961,2,4,4,4,3,Exit,2021-11-14
0000004962,004962,5,2,5,5,4,Annual Review,2022-04-02
0000004963,004963,4,5,3,5,4,Annual Review,2022-05-21
0000004964,004964,6,2,6,5,4,Exit,2021-08-21
0000004965,004965,4,5,5,1,3,Exit,2024-11-09
0000004966,004966,3,1,3,6,3,Exit,2023-01-15
0000004966,004966,4,2,3,4,3,Exit,2021-05-14
0000004967,004967,1,4,2,1,2,Entry,2022-08-21
0000004967,004967,7,3,5,4,4,Entry,2021-03-04
0000004968,004968,3,3,3,3,3,Entry,2020-12-10
0000004969,004969,4,4,6,2,4,Entry,2022-08-31
0000004970,004970,3,7,1,5,4,Annual Review,2021-08-02
0000004970,004970,4,5,4,5,4,Exit,2023-08-08
0000004970,004970,5,6,5,4,5,Annual Review,2024-10-12
0000004971,004971,5,6,6,3,5,Annual Review,2021-05-24
0000004971,004971,6,7,4,2,4,Entry,2022-10-16
0000004971,004971,4,7,7,7,6,Annual Review,2021-04-14
0000004972,004972,4,6,6,7,5,Entry,2022-11-26
0000004972,004972,4,4,5,5,4,Entry,2022-11-11
0000004972,004972,3,5,7,5,5,Exit,2027-04-09
0000004973,004973,1,4,4,5,3,Annual Review,2027-06-15
0000004974,004974,3,3,2,4,3,Exit,2021-04-24
0000004975,004975,2,5,5,5,4,Annual Review,2022-07-23
0000004975,004975,4,1,6,3,3,Annual Review,2022-07-30
0000004975,004975,5,6,1,3,3,Entry,2023-10-02
0000004976,004976,3,5,7,6,5,Entry,2019-09-04
0000004977,004977,2,2,2,2,2,Annual Review,2021-06-28
0000004977,004977,1,2,2,3,2,Entry,2021-08-23
0000004978,004978,5,1,7,6,4,Entry,2020-06-13
0000004979,004979,4,4,5,4,4,Entry,2020-12-31
0000004980,004980,6,3,2,4,3,Exit,2024-10-05
0000004980,004980,4,3,4,2,3,Annual Review,2022-10-29
0000004980,004980,4,4,1,7,4,Entry,2020-08-30
0000004981,004981,3,5,1,2,2,Annual Review,2022-02-08
0000004982,004982,6,6,5,6,5,Annual Review,2023-04-10
0000004983,004983,5,6,5,1,4,Entry,2023-02-03
0000004984,004984,7,5,5,4,5,Annual Review,2023-09-07
0000004985,004985,6,5,5,5,5,Exit,2021-11-28
0000004986,004986,5,5,6,4,5,Annual Review,2025-12-01
0000004986,004986,6,5,5,5,5,Exit,2024-12-10
0000004987,004987,5,3,4,6,4,Annual Review,2023-12-24
0000004987,004987,5,6,3,7,5,Exit,2022-11-18
0000004988,004988,4,6,4,1,3,Entry,2018-10-22
0000004989,004989,1,1,4,3,2,Annual Review,2023-03-26
0000004990,004990,4,5,2,6,4,Annual Review,2026-02-18
0000004990,004990,4,7,6,7,6,Annual Review,2023-05-17
0000004991,004991,7,6,6,5,6,Exit,2024-03-17
0000004992,004992,6,4,6,6,5,Entry,2019-04-16
0000004993,004993,2,3,3,4,3,Exit,2026-03-06
0000004994,004994,6,6,1,6,4,Exit,2020-07-19
0000004995,004995,4,4,5,4,4,Annual Review,2023-11-12
0000004996,004996,3,6,7,6,5,Annual Review,2021-09-22
0000004996,004996,6,7,7,4,6,Annual Review,2021-02-21
0000004996,004996,6,6,4,7,5,Entry,2020-03-09
0000004997,004997,5,5,7,4,5,Annual Review,2022-06-30
0000004998,004998,5,3,5,6,4,Entry,2020-06-26
0000004998,004998,4,7,5,3,4,Exit,2025-02-02
0000004998,004998,6,5,6,5,5,Annual Review,2021-07-18
0000004999,004999,5,2,5,4,4,Annual Review,2021-04-02
0000004999,004999,3,4,7,6,5,Exit,2022-09-08
0000005000,005000,1,3,5,5,3,Exit,2024-06-23
