Child DCN,Child MOSIS ID,RefVisitingType.Description,VisitDate
0000000001,000001,Family Support Visit,2021-08-04
0000000001,000001,Developmental Check,2020-07-17
0000000002,000002,Developmental Check,2023-08-30
0000000002,000002,Home Visit,2020-09-05
0000000003,000003,Family Support Visit,2022-06-22
0000000004,000004,Case Management,2023-11-03
0000000004,000004,Family Support Visit,2023-06-17
0000000004,000004,Case Management,2023-03-09
0000000005,000005,Home Visit,2020-03-06
0000000005,000005,Family Support Visit,2020-02-22
0000000005,000005,Developmental Check,2019-08-19
0000000006,000006,Family Support Visit,2024-11-25
0000000006,000006,Home Visit,2025-05-07
0000000007,000007,Family Support Visit,2024-12-14
0000000007,000007,Family Support Visit,2023-03-01
0000000008,000008,Developmental Check,2023-12-03
0000000008,000008,Family Support Visit,2024-02-03
0000000009,000009,Home Visit,2020-11-12
0000000009,000009,Case Management,2019-12-06
0000000009,000009,Case Management,2020-11-17
0000000009,000009,Home Visit,2020-10-03
0000000009,000009,Family Support Visit,2020-09-09
0000000010,000010,Developmental Check,2022-08-08
0000000010,000010,Developmental Check,2021-02-09
0000000013,000013,Developmental Check,2022-06-06
0000000013,000013,Family Support Visit,2021-11-01
0000000013,000013,Case Management,2023-02-14
0000000014,000014,Family Support Visit,2024-01-12
0000000014,000014,Home Visit,2025-11-23
0000000014,000014,Case Management,2025-02-22
0000000014,000014,Case Management,2025-05-08
0000000015,000015,Developmental Check,2019-11-02
0000000016,000016,Family Support Visit,2021-07-10
0000000016,000016,Case Management,2021-06-13
0000000016,000016,Home Visit,2021-09-03
0000000017,000017,Family Support Visit,2022-12-26
0000000017,000017,Home Visit,2022-09-29
0000000017,000017,Home Visit,2023-01-25
0000000018,000018,Developmental Check,2020-09-22
0000000019,000019,Home Visit,2022-10-10
0000000019,000019,Family Support Visit,2022-08-23
0000000019,000019,Case Management,2022-11-01
0000000019,000019,Developmental Check,2022-10-14
0000000020,000020,Family Support Visit,2023-03-10
0000000020,000020,Family Support Visit,2023-06-16
0000000021,000021,Home Visit,2023-09-29
0000000021,000021,Case Management,2023-11-28
0000000022,000022,Family Support Visit,2019-12-09
0000000022,000022,Case Management,2021-05-21
0000000022,000022,Developmental Check,2020-02-20
0000000022,000022,Case Management,2021-05-16
0000000023,000023,Developmental Check,2018-12-30
0000000023,000023,Developmental Check,2019-02-04
0000000023,000023,Case Management,2020-09-12
0000000023,000023,Home Visit,2020-07-16
0000000023,000023,Case Management,2020-05-24
0000000023,000023,Developmental Check,2020-03-15
0000000024,000024,Family Support Visit,2023-04-27
0000000024,000024,Case Management,2024-04-21
0000000024,000024,Home Visit,2024-02-02
0000000024,000024,Case Management,2023-03-23
0000000025,000025,Developmental Check,2022-09-01
0000000025,000025,Home Visit,2022-05-13
0000000025,000025,Developmental Check,2023-01-19
0000000025,000025,Developmental Check,2023-02-06
0000000026,000026,Home Visit,2020-12-04
0000000027,000027,Family Support Visit,2020-08-30
0000000027,000027,Developmental Check,2021-06-01
0000000028,000028,Family Support Visit,2023-09-01
0000000028,000028,Developmental Check,2023-05-28
0000000029,000029,Developmental Check,2021-03-05
0000000030,000030,Family Support Visit,2021-01-20
0000000030,000030,Case Management,2020-05-20
0000000030,000030,Family Support Visit,2023-06-03
0000000030,000030,Case Management,2022-05-07
0000000031,000031,Developmental Check,2021-01-10
0000000031,000031,Case Management,2021-04-23
0000000031,000031,Family Support Visit,2020-11-27
0000000032,000032,Case Management,2021-01-31
0000000032,000032,Developmental Check,2022-04-04
0000000032,000032,Home Visit,2021-05-28
0000000033,000033,Case Management,2022-09-27
0000000033,000033,Home Visit,2022-06-09
0000000033,000033,Case Management,2022-06-29
0000000033,000033,Case Management,2023-04-08
0000000033,000033,Home Visit,2023-05-01
0000000034,000034,Family Support Visit,2020-07-06
0000000034,000034,Home Visit,2020-11-27
0000000035,000035,Developmental Check,2022-11-26
0000000035,000035,Family Support Visit,2022-04-12
0000000035,000035,Family Support Visit,2022-08-30
0000000036,000036,Home Visit,2022-09-27
0000000036,000036,Home Visit,2021-04-30
0000000038,000038,Case Management,2021-04-04
0000000038,000038,Case Management,2021-04-13
0000000039,000039,Home Visit,2020-11-27
0000000039,000039,Developmental Check,2020-09-09
0000000041,000041,Home Visit,2021-08-13
0000000041,000041,Family Support Visit,2022-11-07
0000000042,000042,Family Support Visit,2020-10-01
0000000042,000042,Developmental Check,2020-09-19
0000000042,000042,Case Management,2021-02-09
0000000043,000043,Developmental Check,2020-05-18
0000000044,000044,Developmental Check,2023-03-18
0000000044,000044,Case Management,2023-07-20
0000000045,000045,Family Support Visit,2021-02-15
0000000045,000045,Family Support Visit,2022-02-22
0000000045,000045,Family Support Visit,2021-03-18
0000000045,000045,Home Visit,2021-04-23
0000000046,000046,Case Management,2021-08-05
0000000046,000046,Developmental Check,2021-12-08
0000000046,000046,Family Support Visit,2021-08-30
0000000047,000047,Family Support Visit,2026-12-25
0000000047,000047,Case Management,2026-09-22
0000000048,000048,Home Visit,2022-06-26
0000000048,000048,Developmental Check,2025-03-16
0000000048,000048,Home Visit,2023-07-20
0000000049,000049,Developmental Check,2026-09-17
0000000050,000050,Family Support Visit,2024-06-24
0000000050,000050,Home Visit,2024-10-11
0000000050,000050,Home Visit,2025-01-02
0000000051,000051,Family Support Visit,2019-04-29
0000000051,000051,Family Support Visit,2018-11-03
0000000051,000051,Developmental Check,2019-05-10
0000000051,000051,Case Management,2019-10-07
0000000052,000052,Family Support Visit,2021-12-15
0000000053,000053,Developmental Check,2023-11-10
0000000054,000054,Developmental Check,2025-02-23
0000000054,000054,Developmental Check,2024-04-15
0000000054,000054,Family Support Visit,2023-08-31
0000000054,000054,Case Management,2022-10-23
0000000055,000055,Developmental Check,2024-02-27
0000000055,000055,Home Visit,2025-05-23
0000000057,000057,Family Support Visit,2021-03-25
0000000057,000057,Developmental Check,2022-01-18
0000000058,000058,Developmental Check,2022-09-12
0000000058,000058,Developmental Check,2021-11-05
0000000058,000058,Family Support Visit,2022-08-13
0000000059,000059,Case Management,2021-06-25
0000000059,000059,Family Support Visit,2022-04-29
0000000060,000060,Developmental Check,2020-12-05
0000000060,000060,Developmental Check,2020-08-25
0000000061,000061,Home Visit,2019-08-31
0000000061,000061,Home Visit,2020-06-15
0000000061,000061,Family Support Visit,2019-08-18
0000000061,000061,Family Support Visit,2019-07-11
0000000062,000062,Developmental Check,2020-07-05
0000000062,000062,Family Support Visit,2020-08-06
0000000062,000062,Family Support Visit,2021-02-08
0000000062,000062,Home Visit,2020-10-01
0000000062,000062,Case Management,2020-11-26
0000000063,000063,Home Visit,2020-07-02
0000000063,000063,Case Management,2023-02-14
0000000064,000064,Home Visit,2021-02-15
0000000064,000064,Developmental Check,2022-11-26
0000000064,000064,Developmental Check,2022-01-22
0000000065,000065,Family Support Visit,2021-11-10
0000000066,000066,Developmental Check,2023-05-10
0000000066,000066,Family Support Visit,2023-06-12
0000000067,000067,Developmental Check,2024-03-25
0000000068,000068,Home Visit,2023-05-03
0000000069,000069,Home Visit,2023-02-16
0000000070,000070,Case Management,2021-10-23
0000000070,000070,Developmental Check,2022-11-02
0000000072,000072,Home Visit,2023-06-30
0000000072,000072,Developmental Check,2022-09-12
0000000073,000073,Case Management,2022-10-30
0000000073,000073,Developmental Check,2023-02-11
0000000073,000073,Developmental Check,2023-03-18
0000000073,000073,Family Support Visit,2021-09-21
0000000074,000074,Home Visit,2021-08-14
0000000074,000074,Family Support Visit,2022-08-21
0000000074,000074,Home Visit,2021-02-05
0000000074,000074,Developmental Check,2022-11-26
0000000075,000075,Home Visit,2023-12-26
0000000076,000076,Case Management,2023-06-08
0000000076,000076,Developmental Check,2023-08-19
0000000077,000077,Developmental Check,2022-03-16
0000000077,000077,Developmental Check,2021-12-22
0000000077,000077,Developmental Check,2022-05-11
0000000077,000077,Case Management,2021-07-21
0000000077,000077,Home Visit,2022-07-10
0000000077,000077,Home Visit,2022-07-23
0000000078,000078,Case Management,2022-06-17
0000000078,000078,Case Management,2022-10-27
0000000078,000078,Case Management,2021-11-24
0000000078,000078,Family Support Visit,2021-12-14
0000000079,000079,Home Visit,2025-02-16
0000000079,000079,Home Visit,2024-05-20
0000000079,000079,Family Support Visit,2023-01-04
0000000079,000079,Home Visit,2024-07-03
0000000080,000080,Developmental Check,2023-10-30
0000000080,000080,Home Visit,2023-05-03
0000000081,000081,Family Support Visit,2021-09-04
0000000081,000081,Developmental Check,2019-12-09
0000000081,000081,Home Visit,2022-12-15
0000000081,000081,Home Visit,2024-01-24
0000000082,000082,Developmental Check,2023-03-12
0000000083,000083,Home Visit,2020-05-19
0000000083,000083,Case Management,2020-02-08
0000000083,000083,Family Support Visit,2020-01-16
0000000083,000083,Case Management,2019-11-03
0000000083,000083,Family Support Visit,2019-12-23
0000000084,000084,Home Visit,2021-04-16
0000000084,000084,Home Visit,2022-12-09
0000000084,000084,Family Support Visit,2021-04-18
0000000085,000085,Case Management,2021-02-28
0000000086,000086,Case Management,2019-11-16
0000000086,000086,Case Management,2020-02-28
0000000086,000086,Case Management,2019-11-24
0000000086,000086,Home Visit,2019-08-19
0000000089,000089,Family Support Visit,2024-10-29
0000000091,000091,Home Visit,2024-01-16
0000000092,000092,Family Support Visit,2020-12-25
0000000092,000092,Developmental Check,2021-10-22
0000000092,000092,Case Management,2022-10-19
0000000092,000092,Developmental Check,2021-09-27
0000000092,000092,Developmental Check,2021-03-01
0000000092,000092,Developmental Check,2022-08-15
0000000093,000093,Family Support Visit,2023-08-12
0000000094,000094,Developmental Check,2019-08-23
0000000096,000096,Case Management,2022-01-17
0000000096,000096,Developmental Check,2022-06-03
0000000097,000097,Case Management,2023-07-02
0000000097,000097,Case Management,2023-09-20
0000000098,000098,Family Support Visit,2022-08-22
0000000099,000099,Family Support Visit,2022-12-30
0000000099,000099,Developmental Check,2022-12-29
0000000099,000099,Case Management,2022-04-25
0000000100,000100,Developmental Check,2021-10-17
0000000100,000100,Developmental Check,2023-10-21
0000000101,000101,Family Support Visit,2022-01-11
0000000101,000101,Developmental Check,2021-09-10
0000000102,000102,Developmental Check,2021-06-16
0000000102,000102,Family Support Visit,2021-08-05
0000000103,000103,Family Support Visit,2023-11-05
0000000103,000103,Home Visit,2022-08-18
0000000103,000103,Family Support Visit,2023-01-26
0000000103,000103,Home Visit,2023-04-13
0000000103,000103,Family Support Visit,2024-05-30
0000000104,000104,Home Visit,2021-10-06
0000000105,000105,Family Support Visit,2018-11-16
0000000105,000105,Family Support Visit,2018-11-01
0000000105,000105,Family Support Visit,2019-07-16
0000000105,000105,Family Support Visit,2019-04-11
0000000105,000105,Family Support Visit,2019-10-06
0000000105,000105,Case Management,2019-07-19
0000000106,000106,Developmental Check,2027-04-01
0000000107,000107,Home Visit,2021-03-15
0000000107,000107,Home Visit,2021-06-28
0000000107,000107,Home Visit,2021-03-16
0000000107,000107,Family Support Visit,2020-10-18
0000000108,000108,Developmental Check,2021-02-09
0000000109,000109,Developmental Check,2021-01-17
0000000109,000109,Developmental Check,2020-07-09
0000000110,000110,Home Visit,2023-11-21
0000000110,000110,Case Management,2022-08-22
0000000110,000110,Developmental Check,2022-10-03
0000000110,000110,Developmental Check,2022-09-20
0000000110,000110,Developmental Check,2023-02-04
0000000111,000111,Case Management,2020-11-08
0000000111,000111,Case Management,2020-06-03
0000000111,000111,Case Management,2019-08-14
0000000111,000111,Developmental Check,2020-05-11
0000000113,000113,Developmental Check,2020-03-30
0000000113,000113,Case Management,2020-02-23
0000000113,000113,Developmental Check,2019-08-11
0000000113,000113,Developmental Check,2019-07-28
0000000114,000114,Developmental Check,2021-06-11
0000000114,000114,Case Management,2020-05-07
0000000115,000115,Home Visit,2023-03-27
0000000116,000116,Family Support Visit,2023-01-25
0000000117,000117,Home Visit,2021-03-30
0000000119,000119,Developmental Check,2022-03-10
0000000119,000119,Case Management,2021-10-19
0000000119,000119,Case Management,2021-12-17
0000000119,000119,Family Support Visit,2022-10-09
0000000119,000119,Home Visit,2022-04-10
0000000119,000119,Developmental Check,2022-09-13
0000000120,000120,Developmental Check,2024-01-23
0000000120,000120,Home Visit,2022-08-17
0000000120,000120,Developmental Check,2022-05-09
0000000121,000121,Home Visit,2022-03-12
0000000122,000122,Family Support Visit,2022-05-26
0000000122,000122,Family Support Visit,2022-07-12
0000000123,000123,Home Visit,2022-10-11
0000000123,000123,Family Support Visit,2023-02-01
0000000124,000124,Home Visit,2022-04-17
0000000126,000126,Family Support Visit,2023-01-10
0000000126,000126,Home Visit,2020-05-20
0000000126,000126,Home Visit,2022-05-18
0000000126,000126,Developmental Check,2021-04-17
0000000127,000127,Case Management,2021-05-25
0000000128,000128,Developmental Check,2024-04-11
0000000128,000128,Home Visit,2022-03-17
0000000129,000129,Case Management,2020-12-27
0000000129,000129,Family Support Visit,2021-02-19
0000000129,000129,Developmental Check,2020-08-14
0000000129,000129,Case Management,2021-01-01
0000000129,000129,Developmental Check,2020-10-26
0000000129,000129,Home Visit,2020-10-02
0000000130,000130,Developmental Check,2024-04-05
0000000131,000131,Home Visit,2022-06-05
0000000131,000131,Developmental Check,2023-07-09
0000000132,000132,Home Visit,2023-10-23
0000000132,000132,Developmental Check,2024-04-28
0000000133,000133,Developmental Check,2024-01-21
0000000133,000133,Family Support Visit,2023-09-20
0000000133,000133,Family Support Visit,2023-04-17
0000000133,000133,Home Visit,2023-10-12
0000000133,000133,Home Visit,2023-08-01
0000000133,000133,Case Management,2023-09-02
0000000134,000134,Case Management,2021-12-24
0000000134,000134,Case Management,2021-12-27
0000000135,000135,Developmental Check,2023-08-08
0000000136,000136,Family Support Visit,2021-01-11
0000000136,000136,Developmental Check,2020-12-17
0000000137,000137,Case Management,2021-11-09
0000000137,000137,Developmental Check,2020-01-28
0000000138,000138,Case Management,2025-03-07
0000000139,000139,Home Visit,2021-05-14
0000000139,000139,Developmental Check,2020-03-15
0000000139,000139,Home Visit,2020-10-09
0000000139,000139,Family Support Visit,2020-08-22
0000000140,000140,Family Support Visit,2021-02-23
0000000140,000140,Home Visit,2021-04-14
0000000140,000140,Family Support Visit,2021-03-02
0000000140,000140,Family Support Visit,2021-05-28
0000000141,000141,Developmental Check,2019-01-16
0000000141,000141,Case Management,2019-08-20
0000000141,000141,Case Management,2019-05-09
0000000141,000141,Case Management,2019-05-06
0000000142,000142,Case Management,2024-07-04
0000000144,000144,Developmental Check,2019-02-17
0000000144,000144,Case Management,2019-10-24
0000000144,000144,Case Management,2019-01-05
0000000144,000144,Developmental Check,2018-12-04
0000000144,000144,Case Management,2019-08-28
0000000144,000144,Home Visit,2018-11-21
0000000145,000145,Developmental Check,2022-11-12
0000000146,000146,Home Visit,2020-09-20
0000000146,000146,Family Support Visit,2019-03-14
0000000146,000146,Case Management,2019-09-20
0000000147,000147,Developmental Check,2019-06-13
0000000147,000147,Home Visit,2020-06-20
0000000148,000148,Developmental Check,2023-06-02
0000000148,000148,Home Visit,2023-06-25
0000000148,000148,Home Visit,2023-06-09
0000000148,000148,Home Visit,2023-01-01
0000000148,000148,Developmental Check,2023-08-24
0000000148,000148,Case Management,2023-09-08
0000000149,000149,Case Management,2022-03-21
0000000150,000150,Developmental Check,2022-06-03
0000000150,000150,Developmental Check,2022-02-07
0000000151,000151,Developmental Check,2021-10-24
0000000151,000151,Home Visit,2021-12-19
0000000152,000152,Developmental Check,2020-09-08
0000000152,000152,Developmental Check,2020-08-10
0000000152,000152,Developmental Check,2021-09-28
0000000154,000154,Home Visit,2019-02-08
0000000156,000156,Family Support Visit,2020-06-19
0000000156,000156,Family Support Visit,2021-06-24
0000000156,000156,Developmental Check,2021-02-06
0000000157,000157,Developmental Check,2021-10-30
0000000158,000158,Developmental Check,2024-05-24
0000000158,000158,Case Management,2024-02-24
0000000159,000159,Developmental Check,2024-05-04
0000000159,000159,Family Support Visit,2023-12-23
0000000159,000159,Family Support Visit,2023-01-03
0000000160,000160,Developmental Check,2021-11-19
0000000160,000160,Case Management,2021-03-05
0000000160,000160,Case Management,2022-02-06
0000000160,000160,Case Management,2022-01-08
0000000160,000160,Case Management,2021-09-30
0000000162,000162,Case Management,2020-10-27
0000000162,000162,Home Visit,2019-12-29
0000000162,000162,Family Support Visit,2020-02-23
0000000163,000163,Case Management,2022-10-29
0000000163,000163,Family Support Visit,2023-01-06
0000000164,000164,Developmental Check,2024-10-03
0000000167,000167,Home Visit,2024-01-03
0000000167,000167,Family Support Visit,2023-06-08
0000000167,000167,Home Visit,2023-04-07
0000000168,000168,Home Visit,2022-05-01
0000000168,000168,Developmental Check,2021-03-26
0000000168,000168,Developmental Check,2022-12-06
0000000168,000168,Home Visit,2021-09-29
0000000171,000171,Case Management,2019-06-11
0000000171,000171,Family Support Visit,2019-06-17
0000000171,000171,Developmental Check,2019-04-17
0000000171,000171,Developmental Check,2019-04-27
0000000172,000172,Developmental Check,2023-05-08
0000000172,000172,Family Support Visit,2023-10-27
0000000172,000172,Case Management,2023-04-23
0000000172,000172,Case Management,2023-09-22
0000000173,000173,Family Support Visit,2023-01-12
0000000173,000173,Family Support Visit,2023-03-06
0000000173,000173,Home Visit,2022-12-01
0000000174,000174,Home Visit,2024-01-26
0000000174,000174,Home Visit,2023-03-10
0000000174,000174,Family Support Visit,2024-07-29
0000000175,000175,Family Support Visit,2023-05-28
0000000175,000175,Home Visit,2023-05-31
0000000175,000175,Home Visit,2022-07-04
0000000176,000176,Home Visit,2025-09-27
0000000177,000177,Family Support Visit,2021-02-05
0000000177,000177,Family Support Visit,2021-02-26
0000000177,000177,Home Visit,2019-08-12
0000000178,000178,Home Visit,2018-06-05
0000000178,000178,Case Management,2019-10-08
0000000178,000178,Case Management,2020-05-24
0000000178,000178,Home Visit,2019-11-18
0000000179,000179,Family Support Visit,2020-11-21
0000000180,000180,Developmental Check,2021-03-27
0000000180,000180,Developmental Check,2023-08-21
0000000181,000181,Family Support Visit,2021-08-02
0000000181,000181,Developmental Check,2020-09-10
0000000181,000181,Case Management,2020-09-06
0000000181,000181,Case Management,2021-10-24
0000000181,000181,Home Visit,2021-04-17
0000000182,000182,Case Management,2021-11-23
0000000182,000182,Home Visit,2021-11-01
0000000182,000182,Developmental Check,2021-12-02
0000000182,000182,Case Management,2021-03-20
0000000184,000184,Family Support Visit,2026-01-18
0000000185,000185,Case Management,2022-09-05
0000000185,000185,Home Visit,2026-01-19
0000000185,000185,Developmental Check,2021-11-18
0000000186,000186,Developmental Check,2024-07-17
0000000186,000186,Home Visit,2023-09-28
0000000187,000187,Home Visit,2020-08-05
0000000187,000187,Developmental Check,2020-03-19
0000000187,000187,Home Visit,2019-10-02
0000000187,000187,Developmental Check,2020-04-03
0000000187,000187,Family Support Visit,2020-01-12
0000000187,000187,Family Support Visit,2020-03-15
0000000188,000188,Developmental Check,2020-11-04
0000000188,000188,Family Support Visit,2020-08-03
0000000189,000189,Developmental Check,2022-07-11
0000000189,000189,Developmental Check,2022-05-01
0000000190,000190,Developmental Check,2021-09-19
0000000190,000190,Family Support Visit,2021-12-15
0000000190,000190,Case Management,2021-09-15
0000000191,000191,Developmental Check,2019-02-02
0000000191,000191,Family Support Visit,2018-12-11
0000000191,000191,Family Support Visit,2019-06-13
0000000191,000191,Home Visit,2018-09-01
0000000191,000191,Home Visit,2019-06-29
0000000192,000192,Case Management,2022-05-28
0000000192,000192,Home Visit,2022-09-28
0000000192,000192,Case Management,2022-08-27
0000000192,000192,Family Support Visit,2022-06-30
0000000193,000193,Family Support Visit,2022-08-01
0000000193,000193,Developmental Check,2022-01-30
0000000193,000193,Family Support Visit,2021-06-21
0000000193,000193,Developmental Check,2021-09-13
0000000194,000194,Case Management,2022-04-17
0000000195,000195,Family Support Visit,2023-01-01
0000000195,000195,Home Visit,2023-12-06
0000000195,000195,Family Support Visit,2023-04-26
0000000196,000196,Home Visit,2020-07-14
0000000196,000196,Developmental Check,2020-10-28
0000000196,000196,Developmental Check,2020-05-05
0000000196,000196,Home Visit,2020-11-06
0000000196,000196,Case Management,2020-10-16
0000000196,000196,Case Management,2020-09-30
0000000197,000197,Home Visit,2022-12-04
0000000198,000198,Home Visit,2020-11-16
0000000198,000198,Developmental Check,2021-03-16
0000000198,000198,Case Management,2020-11-18
0000000198,000198,Developmental Check,2020-10-25
0000000199,000199,Developmental Check,2020-02-07
0000000200,000200,Family Support Visit,2022-11-14
0000000202,000202,Developmental Check,2023-03-04
0000000202,000202,Case Management,2021-08-13
0000000202,000202,Developmental Check,2022-09-23
0000000202,000202,Family Support Visit,2023-03-23
0000000203,000203,Case Management,2019-09-26
0000000203,000203,Case Management,2019-12-11
0000000203,000203,Home Visit,2019-12-14
0000000204,000204,Home Visit,2024-12-01
0000000205,000205,Family Support Visit,2021-12-26
0000000205,000205,Developmental Check,2021-06-07
0000000205,000205,Developmental Check,2022-02-07
0000000206,000206,Home Visit,2020-01-12
0000000206,000206,Family Support Visit,2023-10-21
0000000209,000209,Case Management,2023-01-18
0000000209,000209,Case Management,2026-12-18
0000000210,000210,Developmental Check,2021-02-02
0000000210,000210,Home Visit,2022-07-14
0000000211,000211,Case Management,2022-09-26
0000000211,000211,Developmental Check,2023-02-14
0000000211,000211,Family Support Visit,2023-02-07
0000000212,000212,Home Visit,2020-08-21
0000000212,000212,Home Visit,2020-12-31
0000000212,000212,Case Management,2020-10-04
0000000212,000212,Developmental Check,2020-08-19
0000000212,000212,Developmental Check,2020-07-10
0000000212,000212,Developmental Check,2020-08-22
0000000213,000213,Developmental Check,2022-08-14
0000000213,000213,Developmental Check,2022-08-17
0000000214,000214,Case Management,2023-01-23
0000000214,000214,Case Management,2023-08-09
0000000216,000216,Home Visit,2022-04-04
0000000216,000216,Developmental Check,2023-01-31
0000000216,000216,Home Visit,2023-09-19
0000000217,000217,Home Visit,2022-07-02
0000000217,000217,Family Support Visit,2022-01-26
0000000218,000218,Family Support Visit,2020-08-23
0000000220,000220,Home Visit,2022-08-21
0000000221,000221,Home Visit,2021-02-15
0000000224,000224,Developmental Check,2021-06-13
0000000226,000226,Home Visit,2020-02-23
0000000228,000228,Developmental Check,2021-05-29
0000000228,000228,Case Management,2021-10-30
0000000228,000228,Home Visit,2020-07-22
0000000229,000229,Case Management,2020-09-12
0000000229,000229,Developmental Check,2020-10-18
0000000229,000229,Case Management,2020-05-09
0000000229,000229,Family Support Visit,2020-10-21
0000000230,000230,Developmental Check,2019-07-09
0000000230,000230,Home Visit,2019-05-25
0000000230,000230,Family Support Visit,2019-04-24
0000000230,000230,Home Visit,2019-08-21
0000000231,000231,Home Visit,2020-08-14
0000000232,000232,Case Management,2021-10-19
0000000232,000232,Home Visit,2023-05-13
0000000232,000232,Home Visit,2023-06-05
0000000233,000233,Home Visit,2023-08-03
0000000233,000233,Family Support Visit,2025-07-19
0000000233,000233,Developmental Check,2022-11-20
0000000234,000234,Home Visit,2019-11-03
0000000234,000234,Developmental Check,2020-07-09
0000000234,000234,Family Support Visit,2020-01-29
0000000235,000235,Home Visit,2021-11-15
0000000235,000235,Developmental Check,2022-08-06
0000000236,000236,Developmental Check,2020-10-02
0000000236,000236,Family Support Visit,2019-09-09
0000000237,000237,Case Management,2026-10-08
0000000238,000238,Family Support Visit,2024-03-09
0000000239,000239,Developmental Check,2021-12-27
0000000239,000239,Developmental Check,2021-09-15
0000000239,000239,Family Support Visit,2021-11-05
0000000239,000239,Developmental Check,2020-07-12
0000000240,000240,Home Visit,2023-08-16
0000000240,000240,Home Visit,2023-10-19
0000000240,000240,Case Management,2022-08-24
0000000240,000240,Family Support Visit,2023-05-20
0000000241,000241,Family Support Visit,2024-10-18
0000000241,000241,Case Management,2023-06-19
0000000243,000243,Family Support Visit,2022-11-01
0000000243,000243,Family Support Visit,2022-06-17
0000000243,000243,Family Support Visit,2023-01-15
0000000243,000243,Family Support Visit,2022-09-01
0000000244,000244,Home Visit,2020-07-28
0000000244,000244,Developmental Check,2022-02-14
0000000244,000244,Developmental Check,2020-04-16
0000000244,000244,Family Support Visit,2019-03-11
0000000245,000245,Case Management,2020-10-08
0000000245,000245,Home Visit,2020-09-02
0000000246,000246,Home Visit,2021-05-17
0000000246,000246,Home Visit,2025-05-08
0000000247,000247,Home Visit,2021-04-12
0000000247,000247,Home Visit,2020-02-16
0000000247,000247,Family Support Visit,2020-07-26
0000000248,000248,Developmental Check,2023-12-26
0000000248,000248,Case Management,2025-11-20
0000000249,000249,Home Visit,2023-10-23
0000000249,000249,Developmental Check,2024-04-27
0000000249,000249,Developmental Check,2023-08-28
0000000249,000249,Case Management,2024-05-22
0000000250,000250,Family Support Visit,2025-05-29
0000000251,000251,Case Management,2024-05-14
0000000251,000251,Case Management,2022-12-07
0000000252,000252,Case Management,2020-03-12
0000000252,000252,Developmental Check,2019-08-16
0000000252,000252,Family Support Visit,2019-08-18
0000000252,000252,Home Visit,2019-11-26
0000000254,000254,Case Management,2024-06-30
0000000254,000254,Family Support Visit,2023-11-01
0000000256,000256,Home Visit,2023-08-20
0000000256,000256,Case Management,2023-05-13
0000000256,000256,Family Support Visit,2023-01-27
0000000256,000256,Family Support Visit,2023-08-30
0000000256,000256,Home Visit,2023-03-13
0000000256,000256,Case Management,2023-08-10
0000000258,000258,Family Support Visit,2024-08-15
0000000259,000259,Case Management,2022-07-03
0000000259,000259,Developmental Check,2022-09-08
0000000259,000259,Home Visit,2023-01-17
0000000259,000259,Home Visit,2022-09-25
0000000259,000259,Case Management,2023-02-05
0000000260,000260,Developmental Check,2021-09-11
0000000260,000260,Case Management,2020-06-14
0000000261,000261,Case Management,2020-06-13
0000000261,000261,Home Visit,2021-01-13
0000000261,000261,Family Support Visit,2020-10-03
0000000261,000261,Developmental Check,2021-04-03
0000000263,000263,Case Management,2019-06-10
0000000263,000263,Developmental Check,2019-08-16
0000000263,000263,Home Visit,2019-03-09
0000000264,000264,Home Visit,2026-06-22
0000000264,000264,Developmental Check,2024-04-21
0000000265,000265,Home Visit,2022-08-18
0000000266,000266,Developmental Check,2022-06-26
0000000266,000266,Home Visit,2021-09-29
0000000267,000267,Case Management,2022-04-14
0000000267,000267,Family Support Visit,2023-08-11
0000000269,000269,Family Support Visit,2023-07-14
0000000269,000269,Home Visit,2021-10-28
0000000270,000270,Home Visit,2019-07-04
0000000271,000271,Developmental Check,2023-06-05
0000000271,000271,Family Support Visit,2020-04-28
0000000272,000272,Case Management,2024-11-13
0000000272,000272,Case Management,2026-07-02
0000000272,000272,Case Management,2025-10-11
0000000272,000272,Home Visit,2025-01-06
0000000273,000273,Developmental Check,2021-11-24
0000000274,000274,Case Management,2024-07-20
0000000275,000275,Family Support Visit,2022-12-12
0000000275,000275,Case Management,2023-05-14
0000000276,000276,Developmental Check,2023-09-02
0000000276,000276,Family Support Visit,2023-07-29
0000000277,000277,Developmental Check,2022-03-03
0000000277,000277,Case Management,2021-11-28
0000000277,000277,Developmental Check,2021-11-26
0000000278,000278,Home Visit,2021-10-23
0000000278,000278,Family Support Visit,2021-08-29
0000000278,000278,Family Support Visit,2021-09-01
0000000278,000278,Developmental Check,2021-08-29
0000000278,000278,Case Management,2020-12-25
0000000278,000278,Family Support Visit,2021-09-16
0000000279,000279,Case Management,2021-12-13
0000000279,000279,Family Support Visit,2021-12-18
0000000279,000279,Home Visit,2022-03-08
0000000279,000279,Family Support Visit,2023-02-18
0000000279,000279,Home Visit,2022-02-10
0000000279,000279,Home Visit,2022-03-25
0000000280,000280,Home Visit,2023-07-04
0000000281,000281,Developmental Check,2020-03-05
0000000281,000281,Family Support Visit,2020-12-13
0000000281,000281,Developmental Check,2019-09-14
0000000281,000281,Developmental Check,2020-10-14
0000000281,000281,Developmental Check,2020-07-19
0000000281,000281,Developmental Check,2020-01-14
0000000282,000282,Case Management,2022-08-24
0000000283,000283,Family Support Visit,2023-05-23
0000000284,000284,Family Support Visit,2022-01-28
0000000285,000285,Family Support Visit,2023-12-08
0000000285,000285,Developmental Check,2022-08-29
0000000285,000285,Case Management,2021-12-12
0000000285,000285,Family Support Visit,2021-04-04
0000000286,000286,Home Visit,2023-05-06
0000000286,000286,Case Management,2022-06-02
0000000287,000287,Case Management,2022-02-28
0000000287,000287,Case Management,2022-04-14
0000000288,000288,Case Management,2023-06-14
0000000288,000288,Developmental Check,2023-08-07
0000000289,000289,Case Management,2021-02-20
0000000289,000289,Family Support Visit,2020-08-16
0000000289,000289,Developmental Check,2020-11-21
0000000290,000290,Family Support Visit,2022-05-13
0000000290,000290,Case Management,2022-08-27
0000000290,000290,Case Management,2022-03-10
0000000291,000291,Developmental Check,2023-09-10
0000000291,000291,Case Management,2023-06-25
0000000291,000291,Case Management,2023-03-31
0000000291,000291,Case Management,2023-02-01
0000000292,000292,Case Management,2021-05-04
0000000292,000292,Home Visit,2021-09-13
0000000293,000293,Developmental Check,2025-11-09
0000000293,000293,Family Support Visit,2025-03-06
0000000294,000294,Family Support Visit,2022-05-06
0000000294,000294,Home Visit,2020-01-06
0000000294,000294,Case Management,2019-12-04
0000000294,000294,Case Management,2020-06-21
0000000295,000295,Family Support Visit,2018-09-13
0000000295,000295,Developmental Check,2018-05-02
0000000295,000295,Family Support Visit,2018-10-14
0000000295,000295,Case Management,2018-09-15
0000000296,000296,Case Management,2021-03-02
0000000296,000296,Case Management,2020-02-05
0000000296,000296,Family Support Visit,2020-11-28
0000000297,000297,Case Management,2022-06-14
0000000297,000297,Home Visit,2022-07-12
0000000298,000298,Developmental Check,2022-10-13
0000000301,000301,Case Management,2022-07-02
0000000302,000302,Developmental Check,2019-11-27
0000000302,000302,Home Visit,2019-06-29
0000000302,000302,Home Visit,2019-08-28
0000000302,000302,Family Support Visit,2020-04-03
0000000302,000302,Home Visit,2019-07-11
0000000304,000304,Developmental Check,2023-02-12
0000000304,000304,Case Management,2023-06-26
0000000304,000304,Developmental Check,2022-05-28
0000000304,000304,Developmental Check,2023-07-07
0000000306,000306,Developmental Check,2021-01-02
0000000306,000306,Home Visit,2021-04-25
0000000306,000306,Developmental Check,2020-12-18
0000000306,000306,Developmental Check,2020-11-28
0000000306,000306,Case Management,2021-05-27
0000000307,000307,Home Visit,2020-11-19
0000000308,000308,Home Visit,2023-04-18
0000000308,000308,Family Support Visit,2023-03-20
0000000308,000308,Case Management,2023-09-11
0000000309,000309,Developmental Check,2024-10-25
0000000309,000309,Home Visit,2023-08-06
0000000309,000309,Developmental Check,2024-09-27
0000000309,000309,Family Support Visit,2024-07-24
0000000309,000309,Case Management,2024-09-24
0000000309,000309,Case Management,2023-08-10
0000000310,000310,Family Support Visit,2020-07-19
0000000311,000311,Case Management,2020-11-12
0000000311,000311,Home Visit,2020-04-03
0000000312,000312,Case Management,2022-02-13
0000000312,000312,Home Visit,2023-03-16
0000000314,000314,Developmental Check,2023-09-25
0000000314,000314,Case Management,2024-10-23
0000000314,000314,Family Support Visit,2026-01-04
0000000315,000315,Developmental Check,2020-02-09
0000000315,000315,Home Visit,2020-10-07
0000000315,000315,Case Management,2020-03-27
0000000320,000320,Case Management,2023-06-13
0000000320,000320,Case Management,2019-12-20
0000000320,000320,Developmental Check,2021-12-27
0000000320,000320,Developmental Check,2023-01-30
0000000320,000320,Family Support Visit,2022-06-20
0000000321,000321,Case Management,2022-11-18
0000000321,000321,Case Management,2024-08-31
0000000321,000321,Family Support Visit,2022-04-03
0000000321,000321,Family Support Visit,2021-10-06
0000000322,000322,Family Support Visit,2020-11-01
0000000322,000322,Developmental Check,2023-02-23
0000000322,000322,Case Management,2021-10-10
0000000323,000323,Case Management,2022-12-06
0000000323,000323,Home Visit,2021-12-17
0000000324,000324,Home Visit,2022-12-08
0000000324,000324,Family Support Visit,2023-04-11
0000000324,000324,Home Visit,2023-02-21
0000000324,000324,Home Visit,2023-11-30
0000000327,000327,Home Visit,2022-05-08
0000000327,000327,Developmental Check,2022-09-17
0000000327,000327,Developmental Check,2022-01-06
0000000327,000327,Developmental Check,2021-08-21
0000000327,000327,Developmental Check,2021-10-26
0000000328,000328,Developmental Check,2020-01-25
0000000329,000329,Developmental Check,2020-10-26
0000000329,000329,Home Visit,2020-12-08
0000000329,000329,Case Management,2020-07-15
0000000329,000329,Case Management,2020-07-06
0000000329,000329,Family Support Visit,2020-06-27
0000000329,000329,Case Management,2021-01-08
0000000330,000330,Developmental Check,2024-05-28
0000000330,000330,Home Visit,2022-05-09
0000000331,000331,Case Management,2023-11-09
0000000331,000331,Case Management,2022-06-05
0000000331,000331,Family Support Visit,2023-04-18
0000000331,000331,Developmental Check,2021-11-28
0000000333,000333,Family Support Visit,2025-10-04
0000000333,000333,Family Support Visit,2023-09-24
0000000334,000334,Family Support Visit,2023-07-08
0000000334,000334,Family Support Visit,2023-08-27
0000000336,000336,Developmental Check,2022-04-25
0000000336,000336,Home Visit,2023-10-30
0000000337,000337,Case Management,2024-07-20
0000000337,000337,Case Management,2023-09-20
0000000337,000337,Case Management,2023-11-12
0000000337,000337,Developmental Check,2025-01-20
0000000338,000338,Developmental Check,2023-11-06
0000000338,000338,Developmental Check,2022-06-29
0000000339,000339,Home Visit,2024-05-29
0000000340,000340,Home Visit,2022-03-14
0000000341,000341,Home Visit,2021-08-10
0000000341,000341,Family Support Visit,2020-09-30
0000000341,000341,Home Visit,2021-06-23
0000000341,000341,Developmental Check,2021-06-06
0000000342,000342,Family Support Visit,2019-07-11
0000000342,000342,Home Visit,2020-09-28
0000000342,000342,Home Visit,2020-06-27
0000000342,000342,Case Management,2019-06-26
0000000343,000343,Case Management,2022-12-22
0000000343,000343,Home Visit,2023-02-17
0000000344,000344,Developmental Check,2025-04-27
0000000344,000344,Family Support Visit,2024-12-01
0000000344,000344,Developmental Check,2023-09-29
0000000345,000345,Home Visit,2022-12-22
0000000345,000345,Developmental Check,2023-10-02
0000000345,000345,Developmental Check,2023-07-16
0000000346,000346,Home Visit,2020-09-05
0000000346,000346,Case Management,2021-07-15
0000000346,000346,Developmental Check,2021-06-13
0000000347,000347,Home Visit,2020-08-25
0000000347,000347,Developmental Check,2022-10-20
0000000347,000347,Case Management,2022-11-15
0000000347,000347,Home Visit,2021-02-11
0000000347,000347,Home Visit,2022-09-24
0000000349,000349,Case Management,2020-10-01
0000000350,000350,Home Visit,2022-07-29
0000000351,000351,Developmental Check,2023-03-31
0000000351,000351,Case Management,2023-01-10
0000000351,000351,Home Visit,2022-11-28
0000000351,000351,Developmental Check,2023-10-22
0000000351,000351,Family Support Visit,2023-01-29
0000000351,000351,Home Visit,2023-06-04
0000000352,000352,Case Management,2023-05-02
0000000352,000352,Developmental Check,2024-08-30
0000000352,000352,Home Visit,2025-02-06
0000000352,000352,Family Support Visit,2023-04-19
0000000353,000353,Family Support Visit,2025-03-12
0000000353,000353,Family Support Visit,2023-11-17
0000000354,000354,Developmental Check,2020-12-03
0000000354,000354,Home Visit,2020-12-20
0000000354,000354,Home Visit,2021-07-24
0000000355,000355,Developmental Check,2018-08-23
0000000355,000355,Developmental Check,2018-07-11
0000000355,000355,Family Support Visit,2018-07-24
0000000355,000355,Case Management,2018-10-16
0000000355,000355,Developmental Check,2018-12-15
0000000355,000355,Family Support Visit,2018-07-31
0000000356,000356,Case Management,2024-11-20
0000000356,000356,Family Support Visit,2022-09-27
0000000356,000356,Developmental Check,2024-09-21
0000000356,000356,Developmental Check,2023-02-22
0000000356,000356,Home Visit,2023-06-27
0000000356,000356,Family Support Visit,2025-01-10
0000000359,000359,Family Support Visit,2022-09-28
0000000359,000359,Home Visit,2024-05-17
0000000359,000359,Developmental Check,2025-05-26
0000000360,000360,Case Management,2021-05-17
0000000360,000360,Home Visit,2020-09-18
0000000361,000361,Case Management,2024-11-04
0000000361,000361,Case Management,2024-10-24
0000000362,000362,Home Visit,2024-10-04
0000000362,000362,Home Visit,2023-02-26
0000000362,000362,Developmental Check,2022-07-03
0000000363,000363,Family Support Visit,2021-09-05
0000000363,000363,Family Support Visit,2021-06-05
0000000364,000364,Home Visit,2022-05-31
0000000364,000364,Developmental Check,2023-01-18
0000000364,000364,Case Management,2023-01-11
0000000364,000364,Home Visit,2021-06-20
0000000364,000364,Family Support Visit,2022-12-20
0000000364,000364,Case Management,2022-03-31
0000000365,000365,Developmental Check,2023-06-05
0000000365,000365,Family Support Visit,2024-07-27
0000000367,000367,Developmental Check,2022-05-05
0000000367,000367,Case Management,2022-02-25
0000000367,000367,Home Visit,2022-06-17
0000000367,000367,Developmental Check,2021-09-02
0000000368,000368,Developmental Check,2019-02-13
0000000369,000369,Case Management,2023-04-23
0000000369,000369,Case Management,2022-04-08
0000000370,000370,Family Support Visit,2023-08-26
0000000370,000370,Family Support Visit,2022-03-05
0000000370,000370,Family Support Visit,2023-09-01
0000000371,000371,Case Management,2023-08-02
0000000371,000371,Case Management,2023-09-08
0000000371,000371,Family Support Visit,2023-08-03
0000000371,000371,Family Support Visit,2022-10-01
0000000371,000371,Case Management,2023-09-19
0000000371,000371,Home Visit,2023-08-23
0000000372,000372,Home Visit,2022-03-29
0000000372,000372,Case Management,2024-05-08
0000000372,000372,Case Management,2022-12-28
0000000372,000372,Developmental Check,2025-11-07
0000000373,000373,Developmental Check,2023-11-20
0000000373,000373,Developmental Check,2023-04-05
0000000374,000374,Family Support Visit,2019-12-15
0000000374,000374,Family Support Visit,2020-04-27
0000000374,000374,Developmental Check,2020-03-04
0000000375,000375,Developmental Check,2021-09-10
0000000375,000375,Family Support Visit,2021-03-25
0000000375,000375,Case Management,2020-12-13
0000000376,000376,Case Management,2022-05-21
0000000376,000376,Developmental Check,2021-11-27
0000000376,000376,Family Support Visit,2022-09-28
0000000376,000376,Home Visit,2024-01-18
0000000377,000377,Home Visit,2022-12-14
0000000377,000377,Developmental Check,2023-03-07
0000000377,000377,Developmental Check,2022-12-01
0000000378,000378,Home Visit,2025-02-21
0000000378,000378,Developmental Check,2022-02-12
0000000378,000378,Family Support Visit,2023-03-08
0000000379,000379,Case Management,2022-11-02
0000000379,000379,Family Support Visit,2024-10-20
0000000379,000379,Case Management,2024-03-10
0000000379,000379,Family Support Visit,2022-11-28
0000000380,000380,Case Management,2019-07-08
0000000380,000380,Family Support Visit,2020-01-11
0000000380,000380,Home Visit,2021-04-26
0000000380,000380,Case Management,2021-04-17
0000000381,000381,Home Visit,2019-07-01
0000000381,000381,Home Visit,2018-12-31
0000000381,000381,Case Management,2018-12-31
0000000381,000381,Case Management,2019-04-23
0000000382,000382,Family Support Visit,2020-07-21
0000000382,000382,Developmental Check,2019-08-20
0000000382,000382,Case Management,2020-04-16
0000000382,000382,Family Support Visit,2019-04-09
0000000384,000384,Home Visit,2021-11-29
0000000384,000384,Case Management,2021-08-16
0000000384,000384,Developmental Check,2021-09-20
0000000384,000384,Case Management,2022-01-06
0000000385,000385,Developmental Check,2021-12-12
0000000386,000386,Case Management,2020-08-24
0000000389,000389,Family Support Visit,2021-11-12
0000000389,000389,Case Management,2021-09-13
0000000389,000389,Developmental Check,2021-02-27
0000000389,000389,Developmental Check,2021-11-29
0000000391,000391,Developmental Check,2023-01-29
0000000391,000391,Case Management,2023-01-13
0000000391,000391,Developmental Check,2021-11-05
0000000392,000392,Family Support Visit,2020-12-22
0000000392,000392,Family Support Visit,2020-09-08
0000000392,000392,Home Visit,2020-11-06
0000000393,000393,Home Visit,2022-05-15
0000000393,000393,Developmental Check,2022-05-06
0000000393,000393,Case Management,2022-05-30
0000000393,000393,Home Visit,2023-02-20
0000000393,000393,Family Support Visit,2023-09-25
0000000394,000394,Case Management,2021-12-06
0000000394,000394,Developmental Check,2022-09-27
0000000394,000394,Case Management,2021-12-08
0000000395,000395,Home Visit,2023-01-24
0000000395,000395,Developmental Check,2024-01-31
0000000395,000395,Case Management,2023-11-26
0000000396,000396,Case Management,2023-10-29
0000000396,000396,Family Support Visit,2023-03-05
0000000396,000396,Family Support Visit,2023-10-01
0000000396,000396,Developmental Check,2023-08-21
0000000397,000397,Developmental Check,2021-03-06
0000000397,000397,Home Visit,2022-06-25
0000000397,000397,Case Management,2023-01-15
0000000397,000397,Developmental Check,2025-04-06
0000000398,000398,Case Management,2024-09-02
0000000399,000399,Home Visit,2021-09-08
0000000399,000399,Home Visit,2021-08-01
0000000400,000400,Developmental Check,2019-10-03
0000000400,000400,Case Management,2019-11-24
0000000400,000400,Developmental Check,2021-02-16
0000000400,000400,Home Visit,2020-11-27
0000000400,000400,Developmental Check,2021-05-02
0000000400,000400,Family Support Visit,2020-05-09
0000000401,000401,Family Support Visit,2022-05-29
0000000401,000401,Case Management,2021-06-26
0000000402,000402,Home Visit,2021-12-07
0000000402,000402,Case Management,2020-07-19
0000000402,000402,Case Management,2021-09-09
0000000403,000403,Home Visit,2024-05-10
0000000403,000403,Developmental Check,2024-02-11
0000000403,000403,Case Management,2023-08-09
0000000403,000403,Home Visit,2023-10-14
0000000405,000405,Developmental Check,2021-10-31
0000000405,000405,Home Visit,2022-05-17
0000000405,000405,Family Support Visit,2022-06-11
0000000405,000405,Developmental Check,2022-06-19
0000000406,000406,Case Management,2020-11-26
0000000406,000406,Home Visit,2021-01-14
0000000406,000406,Developmental Check,2020-11-22
0000000406,000406,Case Management,2020-10-25
0000000406,000406,Home Visit,2020-09-20
0000000406,000406,Home Visit,2020-12-09
0000000407,000407,Case Management,2023-11-11
0000000407,000407,Case Management,2023-07-05
0000000408,000408,Case Management,2023-01-05
0000000410,000410,Home Visit,2021-04-09
0000000410,000410,Family Support Visit,2021-07-06
0000000410,000410,Home Visit,2021-06-07
0000000411,000411,Family Support Visit,2022-12-01
0000000411,000411,Case Management,2021-06-08
0000000412,000412,Case Management,2021-04-02
0000000412,000412,Family Support Visit,2021-04-10
0000000412,000412,Family Support Visit,2020-11-02
0000000412,000412,Case Management,2021-03-25
0000000413,000413,Family Support Visit,2021-12-04
0000000413,000413,Home Visit,2022-06-07
0000000414,000414,Developmental Check,2023-09-25
0000000415,000415,Developmental Check,2023-11-08
0000000415,000415,Case Management,2024-02-10
0000000415,000415,Family Support Visit,2023-10-10
0000000415,000415,Developmental Check,2024-01-08
0000000415,000415,Developmental Check,2023-09-24
0000000416,000416,Home Visit,2025-12-20
0000000416,000416,Home Visit,2022-02-17
0000000418,000418,Developmental Check,2019-07-03
0000000418,000418,Home Visit,2018-10-29
0000000418,000418,Developmental Check,2018-10-25
0000000418,000418,Family Support Visit,2019-08-28
0000000419,000419,Home Visit,2022-10-06
0000000420,000420,Family Support Visit,2019-12-10
0000000420,000420,Case Management,2020-10-30
0000000421,000421,Developmental Check,2024-09-14
0000000421,000421,Family Support Visit,2024-01-22
0000000421,000421,Developmental Check,2024-02-14
0000000421,000421,Developmental Check,2024-05-27
0000000421,000421,Developmental Check,2024-09-09
0000000422,000422,Developmental Check,2021-11-25
0000000423,000423,Family Support Visit,2021-12-14
0000000423,000423,Developmental Check,2021-12-24
0000000424,000424,Family Support Visit,2024-10-09
0000000424,000424,Case Management,2022-09-30
0000000424,000424,Developmental Check,2024-04-20
0000000424,000424,Home Visit,2023-03-25
0000000426,000426,Family Support Visit,2022-11-27
0000000427,000427,Developmental Check,2019-12-22
0000000427,000427,Family Support Visit,2019-10-26
0000000427,000427,Case Management,2019-09-16
0000000427,000427,Case Management,2019-09-06
0000000427,000427,Home Visit,2019-05-25
0000000430,000430,Case Management,2021-07-17
0000000431,000431,Developmental Check,2023-01-14
0000000431,000431,Case Management,2022-06-28
0000000431,000431,Home Visit,2021-05-18
0000000432,000432,Case Management,2021-06-24
0000000432,000432,Developmental Check,2021-04-19
0000000433,000433,Case Management,2020-07-26
0000000433,000433,Home Visit,2020-06-14
0000000433,000433,Family Support Visit,2020-06-19
0000000433,000433,Case Management,2020-08-07
0000000433,000433,Case Management,2020-03-23
0000000434,000434,Family Support Visit,2020-06-24
0000000434,000434,Home Visit,2019-10-23
0000000435,000435,Developmental Check,2020-06-20
0000000435,000435,Home Visit,2020-06-11
0000000435,000435,Home Visit,2020-05-07
0000000435,000435,Developmental Check,2020-06-20
0000000435,000435,Family Support Visit,2020-04-07
0000000438,000438,Case Management,2021-11-04
0000000438,000438,Case Management,2022-10-07
0000000438,000438,Developmental Check,2022-08-24
0000000438,000438,Developmental Check,2024-06-19
0000000439,000439,Developmental Check,2020-12-09
0000000439,000439,Family Support Visit,2020-07-15
0000000439,000439,Home Visit,2020-08-13
0000000440,000440,Home Visit,2021-11-14
0000000440,000440,Home Visit,2021-11-15
0000000440,000440,Developmental Check,2022-04-11
0000000440,000440,Family Support Visit,2021-09-16
0000000440,000440,Home Visit,2021-08-23
0000000440,000440,Developmental Check,2021-04-16
0000000441,000441,Home Visit,2022-09-01
0000000443,000443,Developmental Check,2022-03-16
0000000443,000443,Developmental Check,2021-09-11
0000000443,000443,Home Visit,2021-11-19
0000000443,000443,Family Support Visit,2022-08-15
0000000443,000443,Family Support Visit,2021-11-24
0000000444,000444,Case Management,2020-02-22
0000000444,000444,Family Support Visit,2019-12-15
0000000444,000444,Case Management,2020-05-31
0000000444,000444,Developmental Check,2020-03-28
0000000444,000444,Family Support Visit,2020-05-05
0000000445,000445,Developmental Check,2024-08-24
0000000446,000446,Case Management,2023-08-13
0000000446,000446,Case Management,2021-01-18
0000000449,000449,Home Visit,2020-04-21
0000000449,000449,Developmental Check,2020-06-28
0000000449,000449,Developmental Check,2020-02-24
0000000450,000450,Family Support Visit,2024-02-24
0000000450,000450,Case Management,2022-12-10
0000000451,000451,Home Visit,2023-06-22
0000000451,000451,Case Management,2022-07-05
0000000453,000453,Home Visit,2020-05-23
0000000453,000453,Home Visit,2020-06-25
0000000453,000453,Developmental Check,2020-07-06
0000000453,000453,Home Visit,2020-07-03
0000000454,000454,Home Visit,2023-07-14
0000000454,000454,Case Management,2025-04-15
0000000455,000455,Developmental Check,2022-07-05
0000000455,000455,Case Management,2020-10-16
0000000455,000455,Family Support Visit,2020-12-06
0000000455,000455,Home Visit,2020-07-13
0000000456,000456,Developmental Check,2022-09-02
0000000456,000456,Home Visit,2023-10-21
0000000457,000457,Case Management,2023-05-01
0000000457,000457,Case Management,2023-04-27
0000000457,000457,Case Management,2022-05-05
0000000457,000457,Home Visit,2022-02-08
0000000459,000459,Developmental Check,2021-03-04
0000000460,000460,Family Support Visit,2024-09-03
0000000461,000461,Family Support Visit,2022-01-22
0000000461,000461,Developmental Check,2023-08-17
0000000461,000461,Family Support Visit,2023-09-09
0000000461,000461,Developmental Check,2022-07-30
0000000461,000461,Developmental Check,2022-10-25
0000000462,000462,Case Management,2024-05-10
0000000462,000462,Family Support Visit,2024-03-12
0000000462,000462,Case Management,2024-01-28
0000000462,000462,Developmental Check,2024-02-11
0000000462,000462,Developmental Check,2022-08-13
0000000462,000462,Family Support Visit,2024-02-29
0000000463,000463,Developmental Check,2021-06-30
0000000464,000464,Home Visit,2021-01-20
0000000465,000465,Case Management,2020-10-24
0000000466,000466,Family Support Visit,2020-10-13
0000000466,000466,Case Management,2021-03-14
0000000467,000467,Family Support Visit,2019-03-20
0000000469,000469,Home Visit,2021-02-26
0000000469,000469,Case Management,2020-05-20
0000000469,000469,Developmental Check,2020-05-01
0000000469,000469,Case Management,2021-04-02
0000000469,000469,Family Support Visit,2020-05-19
0000000470,000470,Developmental Check,2021-12-10
0000000471,000471,Case Management,2024-08-23
0000000472,000472,Case Management,2022-09-21
0000000472,000472,Family Support Visit,2022-02-20
0000000472,000472,Home Visit,2022-05-14
0000000472,000472,Case Management,2022-02-22
0000000472,000472,Case Management,2022-02-28
0000000473,000473,Developmental Check,2020-07-29
0000000473,000473,Case Management,2020-04-17
0000000473,000473,Home Visit,2020-05-20
0000000474,000474,Home Visit,2021-09-21
0000000474,000474,Developmental Check,2022-08-15
0000000476,000476,Home Visit,2023-10-08
0000000477,000477,Case Management,2022-12-27
0000000477,000477,Family Support Visit,2022-11-10
0000000478,000478,Home Visit,2024-01-02
0000000478,000478,Developmental Check,2024-04-22
0000000478,000478,Home Visit,2022-12-31
0000000478,000478,Case Management,2024-10-08
0000000478,000478,Case Management,2023-03-26
0000000478,000478,Case Management,2023-10-27
0000000480,000480,Developmental Check,2021-02-13
0000000481,000481,Home Visit,2022-08-31
0000000481,000481,Developmental Check,2022-07-24
0000000482,000482,Developmental Check,2021-06-17
0000000482,000482,Developmental Check,2021-08-18
0000000482,000482,Family Support Visit,2020-11-17
0000000482,000482,Home Visit,2021-08-06
0000000483,000483,Case Management,2023-12-13
0000000484,000484,Case Management,2020-11-15
0000000484,000484,Family Support Visit,2021-02-11
0000000485,000485,Family Support Visit,2021-05-30
0000000485,000485,Developmental Check,2021-09-16
0000000486,000486,Family Support Visit,2023-04-27
0000000486,000486,Family Support Visit,2021-11-27
0000000486,000486,Family Support Visit,2023-01-19
0000000486,000486,Developmental Check,2022-03-04
0000000486,000486,Developmental Check,2021-03-21
0000000487,000487,Case Management,2021-07-16
0000000487,000487,Developmental Check,2020-06-14
0000000488,000488,Case Management,2023-07-29
0000000488,000488,Home Visit,2024-05-21
0000000488,000488,Developmental Check,2024-07-18
0000000488,000488,Developmental Check,2023-09-09
0000000488,000488,Developmental Check,2024-02-09
0000000489,000489,Home Visit,2023-01-14
0000000490,000490,Case Management,2022-03-15
0000000490,000490,Developmental Check,2021-03-07
0000000490,000490,Developmental Check,2021-02-12
0000000490,000490,Developmental Check,2022-03-21
0000000491,000491,Developmental Check,2019-11-18
0000000491,000491,Case Management,2019-07-12
0000000491,000491,Developmental Check,2019-06-06
0000000491,000491,Family Support Visit,2019-10-10
0000000492,000492,Developmental Check,2021-02-21
0000000492,000492,Home Visit,2020-06-19
0000000492,000492,Developmental Check,2020-12-11
0000000493,000493,Home Visit,2021-05-12
0000000493,000493,Case Management,2022-03-10
0000000494,000494,Family Support Visit,2020-12-21
0000000494,000494,Case Management,2021-03-28
0000000495,000495,Developmental Check,2021-03-03
0000000495,000495,Home Visit,2021-11-25
0000000496,000496,Developmental Check,2021-08-15
0000000496,000496,Family Support Visit,2021-10-20
0000000497,000497,Home Visit,2024-11-21
0000000498,000498,Developmental Check,2022-07-14
0000000499,000499,Case Management,2021-01-31
0000000500,000500,Family Support Visit,2022-09-20
0000000501,000501,Developmental Check,2021-10-13
0000000501,000501,Family Support Visit,2021-12-09
0000000501,000501,Home Visit,2022-03-02
0000000501,000501,Case Management,2021-11-09
0000000502,000502,Case Management,2021-10-19
0000000502,000502,Case Management,2022-01-17
0000000502,000502,Case Management,2020-11-04
0000000503,000503,Developmental Check,2022-09-24
0000000503,000503,Family Support Visit,2023-06-04
0000000504,000504,Case Management,2022-06-18
0000000505,000505,Home Visit,2021-01-29
0000000505,000505,Home Visit,2021-07-13
0000000505,000505,Case Management,2021-08-12
0000000505,000505,Family Support Visit,2020-12-21
0000000505,000505,Developmental Check,2021-03-11
0000000506,000506,Family Support Visit,2019-12-29
0000000506,000506,Family Support Visit,2020-03-05
0000000506,000506,Family Support Visit,2019-12-01
0000000506,000506,Home Visit,2020-04-24
0000000506,000506,Family Support Visit,2020-04-14
0000000507,000507,Case Management,2022-06-14
0000000507,000507,Family Support Visit,2021-11-23
0000000507,000507,Developmental Check,2022-08-31
0000000507,000507,Home Visit,2022-01-19
0000000507,000507,Home Visit,2021-09-12
0000000508,000508,Home Visit,2024-01-08
0000000510,000510,Family Support Visit,2023-08-12
0000000510,000510,Developmental Check,2023-05-28
0000000510,000510,Case Management,2022-10-22
0000000511,000511,Case Management,2019-10-14
0000000511,000511,Developmental Check,2019-09-20
0000000511,000511,Family Support Visit,2019-03-27
0000000511,000511,Developmental Check,2020-01-03
0000000512,000512,Home Visit,2022-04-02
0000000513,000513,Home Visit,2024-11-08
0000000513,000513,Home Visit,2025-08-06
0000000513,000513,Family Support Visit,2025-04-05
0000000513,000513,Home Visit,2024-11-20
0000000513,000513,Developmental Check,2023-02-18
0000000513,000513,Home Visit,2023-10-31
0000000514,000514,Family Support Visit,2024-11-09
0000000516,000516,Developmental Check,2025-11-07
0000000517,000517,Home Visit,2020-05-03
0000000517,000517,Home Visit,2022-06-03
0000000517,000517,Home Visit,2019-11-08
0000000517,000517,Home Visit,2020-05-13
0000000518,000518,Home Visit,2022-06-18
0000000518,000518,Case Management,2021-05-10
0000000520,000520,Case Management,2019-08-25
0000000521,000521,Home Visit,2022-04-19
0000000521,000521,Developmental Check,2020-08-27
0000000521,000521,Developmental Check,2021-08-06
0000000521,000521,Case Management,2020-06-23
0000000522,000522,Case Management,2024-02-10
0000000522,000522,Case Management,2023-11-30
0000000522,000522,Developmental Check,2025-06-23
0000000522,000522,Case Management,2024-05-22
0000000523,000523,Developmental Check,2023-08-12
0000000524,000524,Case Management,2020-10-11
0000000524,000524,Developmental Check,2024-05-02
0000000524,000524,Family Support Visit,2023-01-17
0000000525,000525,Family Support Visit,2020-11-20
0000000525,000525,Home Visit,2019-11-19
0000000525,000525,Developmental Check,2022-01-02
0000000526,000526,Developmental Check,2020-12-19
0000000526,000526,Family Support Visit,2020-11-13
0000000527,000527,Case Management,2021-05-13
0000000527,000527,Case Management,2022-06-23
0000000527,000527,Home Visit,2022-02-08
0000000527,000527,Home Visit,2021-08-29
0000000528,000528,Family Support Visit,2023-02-04
0000000528,000528,Home Visit,2023-04-06
0000000529,000529,Developmental Check,2024-08-24
0000000531,000531,Home Visit,2021-10-11
0000000531,000531,Case Management,2020-01-23
0000000532,000532,Home Visit,2023-06-12
0000000532,000532,Family Support Visit,2023-01-27
0000000532,000532,Home Visit,2022-08-29
0000000532,000532,Home Visit,2023-06-21
0000000533,000533,Family Support Visit,2023-09-01
0000000533,000533,Family Support Visit,2024-03-19
0000000533,000533,Family Support Visit,2024-08-08
0000000534,000534,Family Support Visit,2021-02-05
0000000534,000534,Case Management,2021-07-20
0000000534,000534,Developmental Check,2021-05-19
0000000534,000534,Developmental Check,2021-07-16
0000000535,000535,Developmental Check,2021-10-18
0000000535,000535,Case Management,2023-12-12
0000000535,000535,Developmental Check,2021-10-08
0000000536,000536,Family Support Visit,2025-09-19
0000000536,000536,Family Support Visit,2025-10-04
0000000537,000537,Case Management,2023-01-12
0000000537,000537,Case Management,2023-08-12
0000000537,000537,Home Visit,2026-04-02
0000000537,000537,Developmental Check,2022-07-24
0000000538,000538,Developmental Check,2020-03-19
0000000538,000538,Developmental Check,2020-01-28
0000000538,000538,Family Support Visit,2021-07-07
0000000538,000538,Developmental Check,2022-05-03
0000000540,000540,Case Management,2023-05-02
0000000540,000540,Family Support Visit,2022-02-17
0000000540,000540,Home Visit,2022-02-02
0000000540,000540,Family Support Visit,2023-03-09
0000000540,000540,Family Support Visit,2023-05-31
0000000541,000541,Developmental Check,2021-01-24
0000000542,000542,Home Visit,2021-11-10
0000000542,000542,Developmental Check,2021-12-06
0000000542,000542,Developmental Check,2022-02-18
0000000542,000542,Family Support Visit,2021-12-21
0000000542,000542,Home Visit,2023-02-24
0000000543,000543,Developmental Check,2021-11-09
0000000543,000543,Home Visit,2022-01-09
0000000543,000543,Family Support Visit,2021-12-11
0000000544,000544,Family Support Visit,2020-10-14
0000000544,000544,Developmental Check,2021-07-06
0000000544,000544,Case Management,2021-03-16
0000000545,000545,Home Visit,2022-12-16
0000000545,000545,Case Management,2022-06-25
0000000545,000545,Developmental Check,2022-12-26
0000000546,000546,Home Visit,2020-09-18
0000000547,000547,Family Support Visit,2021-04-21
0000000547,000547,Home Visit,2021-04-26
0000000548,000548,Family Support Visit,2022-07-01
0000000549,000549,Home Visit,2020-10-05
0000000549,000549,Family Support Visit,2021-09-19
0000000550,000550,Developmental Check,2023-07-22
0000000550,000550,Case Management,2023-11-22
0000000550,000550,Case Management,2024-05-15
0000000551,000551,Home Visit,2019-10-21
0000000551,000551,Case Management,2021-09-02
0000000551,000551,Developmental Check,2019-12-21
0000000551,000551,Family Support Visit,2020-05-15
0000000552,000552,Family Support Visit,2023-09-01
0000000553,000553,Home Visit,2020-07-20
0000000554,000554,Home Visit,2020-11-25
0000000555,000555,Home Visit,2023-06-09
0000000555,000555,Home Visit,2024-11-01
0000000555,000555,Developmental Check,2023-05-15
0000000555,000555,Family Support Visit,2023-11-17
0000000555,000555,Home Visit,2023-11-22
0000000555,000555,Family Support Visit,2023-10-28
0000000556,000556,Case Management,2024-04-22
0000000556,000556,Case Management,2023-12-04
0000000556,000556,Developmental Check,2022-02-13
0000000557,000557,Developmental Check,2021-03-05
0000000557,000557,Family Support Visit,2022-08-25
0000000557,000557,Home Visit,2021-12-09
0000000558,000558,Family Support Visit,2019-07-22
0000000558,000558,Case Management,2022-05-12
0000000559,000559,Family Support Visit,2020-09-16
0000000559,000559,Developmental Check,2021-10-29
0000000559,000559,Home Visit,2020-05-14
0000000561,000561,Home Visit,2024-06-14
0000000562,000562,Case Management,2024-05-08
0000000562,000562,Home Visit,2023-01-23
0000000562,000562,Developmental Check,2023-09-04
0000000563,000563,Home Visit,2023-01-11
0000000563,000563,Home Visit,2022-03-26
0000000563,000563,Home Visit,2021-04-10
0000000563,000563,Family Support Visit,2022-11-18
0000000563,000563,Home Visit,2021-08-23
0000000566,000566,Case Management,2022-04-30
0000000566,000566,Home Visit,2018-10-21
0000000567,000567,Developmental Check,2019-05-20
0000000567,000567,Developmental Check,2018-11-08
0000000568,000568,Developmental Check,2022-11-27
0000000568,000568,Home Visit,2025-07-03
0000000568,000568,Family Support Visit,2022-12-18
0000000569,000569,Developmental Check,2021-07-03
0000000569,000569,Home Visit,2020-08-12
0000000569,000569,Family Support Visit,2021-10-02
0000000569,000569,Case Management,2021-05-26
0000000570,000570,Family Support Visit,2021-02-19
0000000570,000570,Developmental Check,2020-07-21
0000000571,000571,Family Support Visit,2023-04-09
0000000572,000572,Developmental Check,2019-06-26
0000000572,000572,Case Management,2020-12-12
0000000573,000573,Developmental Check,2024-01-29
0000000573,000573,Home Visit,2024-02-16
0000000573,000573,Developmental Check,2024-04-27
0000000574,000574,Home Visit,2020-04-18
0000000574,000574,Case Management,2020-08-26
0000000575,000575,Family Support Visit,2023-02-22
0000000575,000575,Developmental Check,2023-09-05
0000000575,000575,Case Management,2020-11-28
0000000577,000577,Developmental Check,2020-07-27
0000000577,000577,Home Visit,2020-03-09
0000000577,000577,Developmental Check,2020-07-12
0000000577,000577,Developmental Check,2021-01-08
0000000578,000578,Case Management,2021-03-13
0000000578,000578,Developmental Check,2020-07-26
0000000578,000578,Home Visit,2020-06-15
0000000579,000579,Case Management,2019-09-17
0000000579,000579,Family Support Visit,2021-12-22
0000000580,000580,Family Support Visit,2024-04-27
0000000580,000580,Family Support Visit,2023-03-28
0000000580,000580,Home Visit,2025-04-06
0000000580,000580,Case Management,2024-07-25
0000000581,000581,Case Management,2021-01-08
0000000581,000581,Family Support Visit,2018-09-04
0000000581,000581,Family Support Visit,2019-03-01
0000000581,000581,Family Support Visit,2019-12-22
0000000582,000582,Family Support Visit,2021-04-03
0000000582,000582,Case Management,2022-04-21
0000000582,000582,Case Management,2022-06-26
0000000582,000582,Developmental Check,2021-03-21
0000000583,000583,Home Visit,2024-10-30
0000000584,000584,Family Support Visit,2021-07-01
0000000584,000584,Case Management,2020-09-10
0000000585,000585,Case Management,2021-08-30
0000000585,000585,Developmental Check,2021-08-22
0000000585,000585,Developmental Check,2021-09-11
0000000585,000585,Home Visit,2020-10-17
0000000586,000586,Family Support Visit,2022-05-26
0000000587,000587,Home Visit,2020-12-12
0000000587,000587,Case Management,2020-09-22
0000000587,000587,Case Management,2020-12-17
0000000588,000588,Home Visit,2021-02-09
0000000588,000588,Case Management,2021-12-26
0000000588,000588,Family Support Visit,2021-05-01
0000000589,000589,Developmental Check,2022-10-04
0000000590,000590,Home Visit,2022-12-11
0000000590,000590,Case Management,2023-08-03
0000000590,000590,Case Management,2022-10-30
0000000590,000590,Home Visit,2022-11-29
0000000590,000590,Home Visit,2023-04-29
0000000591,000591,Family Support Visit,2022-01-20
0000000591,000591,Family Support Visit,2019-05-31
0000000591,000591,Home Visit,2019-12-01
0000000592,000592,Family Support Visit,2021-12-15
0000000592,000592,Developmental Check,2019-10-31
0000000593,000593,Home Visit,2022-10-26
0000000593,000593,Home Visit,2022-08-19
0000000593,000593,Developmental Check,2021-09-08
0000000593,000593,Case Management,2022-07-20
0000000593,000593,Family Support Visit,2021-08-31
0000000593,000593,Family Support Visit,2022-09-03
0000000594,000594,Case Management,2024-02-23
0000000594,000594,Developmental Check,2023-11-09
0000000594,000594,Developmental Check,2024-05-13
0000000594,000594,Case Management,2023-08-20
0000000596,000596,Family Support Visit,2025-02-24
0000000596,000596,Home Visit,2026-09-30
0000000597,000597,Home Visit,2021-03-26
0000000597,000597,Family Support Visit,2022-11-20
0000000597,000597,Family Support Visit,2022-06-17
0000000597,000597,Case Management,2022-03-12
0000000597,000597,Case Management,2022-09-28
0000000598,000598,Developmental Check,2020-05-27
0000000599,000599,Developmental Check,2023-08-23
0000000599,000599,Case Management,2025-09-17
0000000600,000600,Home Visit,2021-04-08
0000000600,000600,Case Management,2020-12-20
0000000600,000600,Developmental Check,2021-01-09
0000000600,000600,Developmental Check,2021-04-24
0000000600,000600,Case Management,2021-06-20
0000000600,000600,Family Support Visit,2020-08-28
0000000601,000601,Family Support Visit,2023-12-11
0000000601,000601,Family Support Visit,2022-12-30
0000000601,000601,Case Management,2022-01-08
0000000601,000601,Case Management,2023-10-19
0000000602,000602,Home Visit,2023-08-01
0000000603,000603,Family Support Visit,2023-07-27
0000000603,000603,Family Support Visit,2021-11-04
0000000603,000603,Case Management,2022-01-18
0000000603,000603,Case Management,2021-11-02
0000000604,000604,Family Support Visit,2021-08-27
0000000604,000604,Home Visit,2022-08-27
0000000605,000605,Home Visit,2025-02-06
0000000606,000606,Family Support Visit,2023-04-14
0000000607,000607,Family Support Visit,2023-05-07
0000000607,000607,Developmental Check,2024-03-23
0000000607,000607,Home Visit,2022-02-18
0000000607,000607,Home Visit,2023-07-19
0000000608,000608,Case Management,2023-02-15
0000000609,000609,Home Visit,2019-12-23
0000000609,000609,Case Management,2020-03-22
0000000609,000609,Developmental Check,2020-02-12
0000000609,000609,Developmental Check,2020-01-28
0000000609,000609,Home Visit,2019-12-20
0000000609,000609,Developmental Check,2020-02-22
0000000610,000610,Case Management,2019-09-25
0000000610,000610,Developmental Check,2021-01-16
0000000611,000611,Family Support Visit,2022-08-07
0000000612,000612,Home Visit,2024-06-18
0000000612,000612,Case Management,2024-11-06
0000000612,000612,Case Management,2023-12-04
0000000612,000612,Developmental Check,2022-12-31
0000000613,000613,Home Visit,2024-08-24
0000000613,000613,Case Management,2022-03-02
0000000613,000613,Family Support Visit,2022-04-07
0000000613,000613,Developmental Check,2026-01-29
0000000614,000614,Case Management,2021-05-08
0000000614,000614,Developmental Check,2021-01-16
0000000614,000614,Family Support Visit,2021-09-04
0000000615,000615,Case Management,2023-12-10
0000000616,000616,Developmental Check,2023-03-24
0000000616,000616,Home Visit,2025-11-30
0000000617,000617,Case Management,2023-12-12
0000000618,000618,Home Visit,2022-04-06
0000000618,000618,Developmental Check,2023-05-15
0000000618,000618,Home Visit,2024-03-10
0000000619,000619,Family Support Visit,2022-12-09
0000000620,000620,Case Management,2022-01-11
0000000620,000620,Home Visit,2024-01-15
0000000620,000620,Developmental Check,2023-02-27
0000000620,000620,Developmental Check,2022-03-01
0000000621,000621,Home Visit,2019-01-03
0000000621,000621,Family Support Visit,2019-09-29
0000000622,000622,Developmental Check,2022-03-13
0000000623,000623,Home Visit,2019-09-26
0000000623,000623,Developmental Check,2021-04-08
0000000623,000623,Family Support Visit,2021-02-22
0000000623,000623,Case Management,2021-03-30
0000000623,000623,Developmental Check,2020-02-20
0000000624,000624,Developmental Check,2026-11-14
0000000624,000624,Home Visit,2023-01-10
0000000625,000625,Family Support Visit,2020-11-06
0000000625,000625,Home Visit,2020-10-04
0000000625,000625,Case Management,2020-12-08
0000000626,000626,Family Support Visit,2023-10-31
0000000626,000626,Family Support Visit,2023-05-26
0000000626,000626,Case Management,2022-12-30
0000000626,000626,Developmental Check,2023-08-05
0000000626,000626,Developmental Check,2023-03-01
0000000626,000626,Family Support Visit,2023-09-11
0000000628,000628,Family Support Visit,2021-05-12
0000000628,000628,Family Support Visit,2020-06-28
0000000628,000628,Family Support Visit,2020-08-23
0000000628,000628,Case Management,2020-08-08
0000000629,000629,Developmental Check,2022-04-22
0000000629,000629,Developmental Check,2022-05-24
0000000630,000630,Case Management,2021-11-08
0000000630,000630,Developmental Check,2022-08-26
0000000630,000630,Case Management,2021-10-29
0000000631,000631,Developmental Check,2023-12-03
0000000631,000631,Case Management,2023-10-09
0000000632,000632,Family Support Visit,2026-11-07
0000000634,000634,Home Visit,2022-09-30
0000000634,000634,Family Support Visit,2024-09-13
0000000635,000635,Case Management,2021-01-28
0000000635,000635,Home Visit,2022-05-01
0000000636,000636,Case Management,2023-09-19
0000000636,000636,Family Support Visit,2021-09-28
0000000636,000636,Developmental Check,2023-08-10
0000000636,000636,Home Visit,2023-08-04
0000000637,000637,Family Support Visit,2021-05-22
0000000637,000637,Developmental Check,2021-06-11
0000000638,000638,Family Support Visit,2022-04-01
0000000638,000638,Family Support Visit,2022-03-21
0000000638,000638,Home Visit,2022-02-08
0000000638,000638,Case Management,2022-02-10
0000000638,000638,Home Visit,2022-01-27
0000000639,000639,Case Management,2023-04-07
0000000639,000639,Developmental Check,2023-12-02
0000000639,000639,Case Management,2022-10-06
0000000639,000639,Family Support Visit,2023-04-05
0000000639,000639,Case Management,2022-06-12
0000000639,000639,Developmental Check,2022-07-03
0000000641,000641,Case Management,2022-06-24
0000000641,000641,Family Support Visit,2022-08-05
0000000641,000641,Case Management,2022-10-23
0000000641,000641,Developmental Check,2022-05-05
0000000642,000642,Family Support Visit,2022-09-17
0000000642,000642,Family Support Visit,2022-10-02
0000000643,000643,Case Management,2021-01-20
0000000644,000644,Case Management,2021-12-20
0000000644,000644,Home Visit,2022-06-18
0000000644,000644,Developmental Check,2022-04-17
0000000644,000644,Family Support Visit,2022-06-09
0000000644,000644,Family Support Visit,2021-08-10
0000000647,000647,Case Management,2021-07-24
0000000647,000647,Case Management,2021-05-01
0000000647,000647,Family Support Visit,2022-03-15
0000000648,000648,Home Visit,2023-04-21
0000000648,000648,Home Visit,2022-09-04
0000000648,000648,Developmental Check,2024-02-20
0000000648,000648,Case Management,2020-09-26
0000000650,000650,Developmental Check,2023-12-04
0000000651,000651,Developmental Check,2019-02-13
0000000651,000651,Family Support Visit,2020-01-04
0000000651,000651,Developmental Check,2019-11-08
0000000651,000651,Family Support Visit,2020-08-16
0000000651,000651,Family Support Visit,2020-06-06
0000000651,000651,Home Visit,2019-10-26
0000000652,000652,Family Support Visit,2019-05-09
0000000652,000652,Developmental Check,2019-03-30
0000000652,000652,Case Management,2019-07-24
0000000653,000653,Developmental Check,2021-04-16
0000000655,000655,Case Management,2022-08-09
0000000656,000656,Developmental Check,2021-07-20
0000000656,000656,Home Visit,2021-03-01
0000000658,000658,Family Support Visit,2023-04-26
0000000658,000658,Family Support Visit,2021-07-30
0000000658,000658,Case Management,2022-02-07
0000000658,000658,Family Support Visit,2022-01-20
0000000659,000659,Case Management,2022-02-12
0000000659,000659,Case Management,2021-01-16
0000000659,000659,Case Management,2021-11-05
0000000659,000659,Home Visit,2020-12-09
0000000659,000659,Family Support Visit,2021-06-20
0000000660,000660,Home Visit,2019-03-31
0000000660,000660,Home Visit,2019-10-19
0000000660,000660,Case Management,2022-10-31
0000000660,000660,Home Visit,2019-11-06
0000000661,000661,Case Management,2022-06-22
0000000661,000661,Case Management,2021-07-04
0000000661,000661,Case Management,2022-07-06
0000000664,000664,Case Management,2022-01-02
0000000664,000664,Family Support Visit,2021-02-17
0000000664,000664,Home Visit,2022-08-03
0000000664,000664,Case Management,2022-07-22
0000000665,000665,Developmental Check,2024-01-07
0000000665,000665,Home Visit,2024-06-28
0000000666,000666,Developmental Check,2024-02-15
0000000667,000667,Family Support Visit,2022-06-02
0000000668,000668,Family Support Visit,2019-09-29
0000000668,000668,Home Visit,2018-12-09
0000000669,000669,Family Support Visit,2020-02-28
0000000669,000669,Case Management,2020-05-28
0000000669,000669,Home Visit,2020-04-24
0000000669,000669,Case Management,2020-02-18
0000000671,000671,Developmental Check,2022-09-24
0000000671,000671,Family Support Visit,2022-11-19
0000000671,000671,Home Visit,2023-06-06
0000000671,000671,Family Support Visit,2022-12-09
0000000672,000672,Case Management,2022-04-28
0000000672,000672,Developmental Check,2023-04-24
0000000672,000672,Family Support Visit,2020-04-30
0000000674,000674,Home Visit,2023-06-09
0000000674,000674,Home Visit,2021-04-21
0000000674,000674,Developmental Check,2022-11-29
0000000675,000675,Developmental Check,2021-05-24
0000000675,000675,Developmental Check,2021-03-05
0000000675,000675,Case Management,2020-10-08
0000000676,000676,Home Visit,2023-09-19
0000000676,000676,Family Support Visit,2023-02-20
0000000676,000676,Case Management,2023-05-22
0000000676,000676,Family Support Visit,2023-01-09
0000000679,000679,Home Visit,2019-11-22
0000000679,000679,Home Visit,2020-04-04
0000000679,000679,Home Visit,2019-11-08
0000000679,000679,Family Support Visit,2019-09-27
0000000679,000679,Family Support Visit,2019-09-08
0000000680,000680,Case Management,2021-10-11
0000000680,000680,Developmental Check,2022-01-07
0000000681,000681,Home Visit,2020-08-02
0000000682,000682,Family Support Visit,2026-01-20
0000000682,000682,Home Visit,2025-07-09
0000000682,000682,Home Visit,2024-03-13
0000000682,000682,Home Visit,2024-03-25
0000000683,000683,Case Management,2020-03-14
0000000683,000683,Case Management,2019-10-08
0000000683,000683,Home Visit,2019-10-08
0000000684,000684,Home Visit,2024-02-03
0000000684,000684,Family Support Visit,2026-07-25
0000000684,000684,Developmental Check,2026-03-17
0000000685,000685,Developmental Check,2023-07-05
0000000685,000685,Family Support Visit,2023-10-17
0000000685,000685,Case Management,2023-05-17
0000000685,000685,Case Management,2023-08-21
0000000686,000686,Home Visit,2020-08-08
0000000687,000687,Home Visit,2021-09-23
0000000687,000687,Developmental Check,2021-05-23
0000000687,000687,Case Management,2022-09-03
0000000687,000687,Case Management,2023-01-26
0000000688,000688,Case Management,2020-02-23
0000000688,000688,Case Management,2019-06-04
0000000688,000688,Developmental Check,2019-06-03
0000000688,000688,Developmental Check,2020-05-10
0000000688,000688,Case Management,2019-05-21
0000000688,000688,Developmental Check,2018-10-15
0000000689,000689,Developmental Check,2022-04-29
0000000690,000690,Case Management,2022-08-11
0000000691,000691,Family Support Visit,2019-06-07
0000000691,000691,Developmental Check,2020-02-26
0000000691,000691,Home Visit,2020-01-07
0000000691,000691,Case Management,2019-03-07
0000000691,000691,Home Visit,2019-06-13
0000000692,000692,Developmental Check,2024-02-03
0000000692,000692,Case Management,2022-09-10
0000000693,000693,Family Support Visit,2024-12-19
0000000694,000694,Family Support Visit,2022-05-24
0000000694,000694,Home Visit,2022-04-01
0000000695,000695,Home Visit,2020-02-11
0000000695,000695,Home Visit,2020-05-25
0000000696,000696,Case Management,2023-03-27
0000000696,000696,Case Management,2024-02-11
0000000696,000696,Family Support Visit,2023-09-01
0000000696,000696,Home Visit,2023-07-17
0000000697,000697,Developmental Check,2022-08-10
0000000698,000698,Developmental Check,2021-10-01
0000000698,000698,Developmental Check,2020-06-18
0000000698,000698,Developmental Check,2021-07-27
0000000698,000698,Family Support Visit,2019-02-18
0000000698,000698,Developmental Check,2020-01-12
0000000699,000699,Case Management,2019-11-29
0000000699,000699,Developmental Check,2019-01-19
0000000699,000699,Family Support Visit,2020-02-10
0000000699,000699,Case Management,2019-10-25
0000000700,000700,Family Support Visit,2020-12-18
0000000700,000700,Family Support Visit,2020-10-16
0000000700,000700,Family Support Visit,2022-01-01
0000000700,000700,Developmental Check,2021-06-17
0000000701,000701,Family Support Visit,2021-11-24
0000000701,000701,Developmental Check,2021-08-27
0000000702,000702,Family Support Visit,2021-09-24
0000000702,000702,Case Management,2022-05-26
0000000702,000702,Case Management,2022-07-25
0000000702,000702,Family Support Visit,2021-08-13
0000000703,000703,Case Management,2022-08-28
0000000703,000703,Developmental Check,2022-01-31
0000000703,000703,Developmental Check,2021-03-24
0000000703,000703,Developmental Check,2022-06-03
0000000703,000703,Developmental Check,2020-10-22
0000000704,000704,Developmental Check,2024-05-15
0000000704,000704,Case Management,2024-08-26
0000000707,000707,Family Support Visit,2022-02-05
0000000708,000708,Case Management,2021-08-27
0000000708,000708,Developmental Check,2022-01-29
0000000708,000708,Developmental Check,2022-09-07
0000000708,000708,Developmental Check,2021-08-10
0000000710,000710,Case Management,2023-12-29
0000000710,000710,Home Visit,2022-08-06
0000000710,000710,Family Support Visit,2024-07-02
0000000712,000712,Family Support Visit,2022-08-09
0000000712,000712,Home Visit,2023-12-21
0000000713,000713,Family Support Visit,2020-11-14
0000000713,000713,Family Support Visit,2025-04-17
0000000715,000715,Home Visit,2020-12-18
0000000715,000715,Developmental Check,2021-06-22
0000000716,000716,Home Visit,2023-10-28
0000000716,000716,Family Support Visit,2025-05-22
0000000716,000716,Family Support Visit,2023-04-30
0000000717,000717,Developmental Check,2023-01-27
0000000718,000718,Developmental Check,2020-04-11
0000000719,000719,Developmental Check,2023-08-15
0000000719,000719,Home Visit,2024-05-21
0000000719,000719,Family Support Visit,2023-06-21
0000000720,000720,Home Visit,2020-06-10
0000000720,000720,Developmental Check,2019-10-22
0000000720,000720,Family Support Visit,2020-02-28
0000000721,000721,Home Visit,2018-10-28
0000000722,000722,Case Management,2021-12-19
0000000722,000722,Case Management,2020-04-20
0000000723,000723,Home Visit,2023-06-22
0000000723,000723,Family Support Visit,2021-08-25
0000000724,000724,Developmental Check,2025-03-19
0000000724,000724,Case Management,2023-12-23
0000000725,000725,Developmental Check,2019-12-31
0000000725,000725,Case Management,2018-07-01
0000000726,000726,Developmental Check,2025-10-04
0000000726,000726,Case Management,2022-07-06
0000000727,000727,Home Visit,2025-12-08
0000000727,000727,Developmental Check,2026-10-17
0000000727,000727,Case Management,2024-10-19
0000000727,000727,Family Support Visit,2025-04-27
0000000728,000728,Developmental Check,2023-07-02
0000000728,000728,Developmental Check,2022-10-29
0000000730,000730,Developmental Check,2022-11-11
0000000730,000730,Family Support Visit,2022-10-14
0000000730,000730,Home Visit,2023-06-08
0000000730,000730,Home Visit,2022-12-03
0000000730,000730,Case Management,2022-12-31
0000000730,000730,Family Support Visit,2023-04-07
0000000731,000731,Developmental Check,2020-07-06
0000000731,000731,Family Support Visit,2020-08-16
0000000731,000731,Home Visit,2020-11-23
0000000731,000731,Family Support Visit,2020-06-30
0000000731,000731,Family Support Visit,2020-06-21
0000000731,000731,Family Support Visit,2020-10-17
0000000732,000732,Family Support Visit,2026-05-16
0000000732,000732,Case Management,2025-06-07
0000000733,000733,Home Visit,2020-02-06
0000000733,000733,Developmental Check,2020-02-27
0000000733,000733,Home Visit,2020-01-25
0000000733,000733,Family Support Visit,2020-03-21
0000000733,000733,Home Visit,2020-04-14
0000000734,000734,Family Support Visit,2022-02-06
0000000735,000735,Home Visit,2023-08-03
0000000735,000735,Developmental Check,2025-09-10
0000000736,000736,Case Management,2019-03-02
0000000736,000736,Home Visit,2019-02-14
0000000736,000736,Case Management,2019-01-21
0000000736,000736,Family Support Visit,2019-03-31
0000000737,000737,Family Support Visit,2021-05-05
0000000737,000737,Case Management,2021-05-05
0000000738,000738,Home Visit,2024-05-03
0000000738,000738,Family Support Visit,2025-09-07
0000000738,000738,Developmental Check,2024-12-07
0000000739,000739,Case Management,2023-02-11
0000000739,000739,Home Visit,2022-12-22
0000000739,000739,Developmental Check,2023-10-07
0000000740,000740,Developmental Check,2024-02-20
0000000740,000740,Home Visit,2024-06-30
0000000741,000741,Developmental Check,2022-05-28
0000000742,000742,Family Support Visit,2023-07-23
0000000742,000742,Family Support Visit,2020-05-27
0000000743,000743,Family Support Visit,2020-01-29
0000000743,000743,Developmental Check,2019-11-10
0000000743,000743,Developmental Check,2020-06-29
0000000745,000745,Case Management,2023-01-16
0000000745,000745,Home Visit,2023-01-08
0000000747,000747,Developmental Check,2020-11-28
0000000749,000749,Case Management,2020-10-24
0000000749,000749,Developmental Check,2024-02-19
0000000749,000749,Home Visit,2024-03-29
0000000749,000749,Home Visit,2024-09-02
0000000750,000750,Case Management,2023-03-22
0000000750,000750,Case Management,2023-07-28
0000000750,000750,Case Management,2023-11-19
0000000750,000750,Home Visit,2023-06-25
0000000750,000750,Family Support Visit,2023-01-15
0000000751,000751,Home Visit,2019-02-03
0000000751,000751,Case Management,2019-02-12
0000000751,000751,Developmental Check,2018-09-01
0000000751,000751,Family Support Visit,2019-07-09
0000000751,000751,Developmental Check,2018-08-27
0000000751,000751,Home Visit,2019-10-25
0000000752,000752,Family Support Visit,2024-02-12
0000000753,000753,Home Visit,2024-05-18
0000000753,000753,Family Support Visit,2024-10-20
0000000754,000754,Developmental Check,2019-11-06
0000000754,000754,Family Support Visit,2020-08-26
0000000754,000754,Home Visit,2020-03-23
0000000754,000754,Developmental Check,2020-01-29
0000000755,000755,Case Management,2021-02-02
0000000756,000756,Home Visit,2021-10-17
0000000758,000758,Home Visit,2023-06-20
0000000759,000759,Family Support Visit,2023-06-15
0000000760,000760,Family Support Visit,2021-04-20
0000000760,000760,Case Management,2021-06-24
0000000760,000760,Case Management,2021-05-25
0000000760,000760,Home Visit,2021-04-18
0000000761,000761,Developmental Check,2019-08-13
0000000761,000761,Developmental Check,2020-03-21
0000000761,000761,Family Support Visit,2019-11-01
0000000761,000761,Case Management,2019-11-01
0000000762,000762,Developmental Check,2021-07-12
0000000762,000762,Family Support Visit,2023-07-29
0000000762,000762,Family Support Visit,2022-09-22
0000000762,000762,Developmental Check,2022-01-09
0000000763,000763,Home Visit,2020-01-29
0000000763,000763,Developmental Check,2020-03-07
0000000763,000763,Case Management,2019-09-29
0000000763,000763,Home Visit,2019-08-25
0000000763,000763,Family Support Visit,2019-12-18
0000000765,000765,Home Visit,2022-11-17
0000000765,000765,Family Support Visit,2024-03-21
0000000766,000766,Case Management,2023-02-05
0000000766,000766,Developmental Check,2021-12-10
0000000767,000767,Case Management,2020-02-16
0000000767,000767,Family Support Visit,2019-07-06
0000000767,000767,Case Management,2020-07-16
0000000767,000767,Developmental Check,2020-09-18
0000000768,000768,Family Support Visit,2019-08-07
0000000768,000768,Home Visit,2020-01-01
0000000769,000769,Developmental Check,2022-03-23
0000000769,000769,Case Management,2020-12-31
0000000770,000770,Family Support Visit,2023-03-31
0000000770,000770,Family Support Visit,2022-10-13
0000000771,000771,Developmental Check,2023-07-07
0000000771,000771,Case Management,2023-06-17
0000000772,000772,Case Management,2025-05-18
0000000772,000772,Home Visit,2026-02-15
0000000772,000772,Developmental Check,2024-10-31
0000000772,000772,Developmental Check,2024-07-18
0000000774,000774,Case Management,2022-02-27
0000000774,000774,Family Support Visit,2021-02-12
0000000775,000775,Family Support Visit,2019-11-25
0000000775,000775,Developmental Check,2021-12-17
0000000775,000775,Home Visit,2022-04-16
0000000776,000776,Family Support Visit,2021-08-31
0000000776,000776,Developmental Check,2022-01-25
0000000776,000776,Family Support Visit,2021-07-30
0000000776,000776,Case Management,2022-01-28
0000000776,000776,Family Support Visit,2021-10-25
0000000778,000778,Case Management,2020-11-26
0000000778,000778,Family Support Visit,2020-10-28
0000000778,000778,Case Management,2020-11-25
0000000778,000778,Family Support Visit,2020-10-31
0000000779,000779,Case Management,2021-01-14
0000000779,000779,Case Management,2020-01-25
0000000780,000780,Case Management,2019-09-06
0000000780,000780,Case Management,2019-06-28
0000000780,000780,Home Visit,2019-12-20
0000000781,000781,Family Support Visit,2023-01-06
0000000781,000781,Case Management,2023-06-06
0000000782,000782,Developmental Check,2022-08-26
0000000782,000782,Family Support Visit,2023-01-24
0000000783,000783,Case Management,2022-07-19
0000000783,000783,Developmental Check,2022-06-19
0000000783,000783,Developmental Check,2022-04-29
0000000783,000783,Family Support Visit,2022-10-19
0000000783,000783,Developmental Check,2022-05-09
0000000784,000784,Home Visit,2023-01-29
0000000784,000784,Developmental Check,2023-05-22
0000000784,000784,Family Support Visit,2022-04-02
0000000785,000785,Developmental Check,2025-09-11
0000000786,000786,Developmental Check,2022-09-27
0000000788,000788,Case Management,2019-10-27
0000000788,000788,Developmental Check,2019-06-29
0000000788,000788,Developmental Check,2020-02-11
0000000788,000788,Home Visit,2020-08-22
0000000789,000789,Family Support Visit,2024-05-16
0000000789,000789,Family Support Visit,2024-07-13
0000000789,000789,Developmental Check,2024-01-13
0000000790,000790,Case Management,2022-04-16
0000000791,000791,Case Management,2025-03-08
0000000792,000792,Home Visit,2020-11-18
0000000792,000792,Developmental Check,2020-01-15
0000000792,000792,Family Support Visit,2020-10-04
0000000792,000792,Family Support Visit,2020-01-07
0000000793,000793,Developmental Check,2023-10-15
0000000793,000793,Home Visit,2024-02-21
0000000793,000793,Case Management,2023-11-27
0000000793,000793,Family Support Visit,2024-01-12
0000000793,000793,Case Management,2024-02-19
0000000793,000793,Home Visit,2023-12-03
0000000794,000794,Home Visit,2022-08-16
0000000795,000795,Family Support Visit,2026-11-13
0000000795,000795,Family Support Visit,2026-10-20
0000000795,000795,Home Visit,2026-09-19
0000000795,000795,Home Visit,2026-02-02
0000000796,000796,Developmental Check,2023-05-03
0000000796,000796,Developmental Check,2023-01-08
0000000797,000797,Developmental Check,2019-10-17
0000000798,000798,Family Support Visit,2023-06-26
0000000798,000798,Home Visit,2023-12-03
0000000798,000798,Developmental Check,2024-11-21
0000000798,000798,Developmental Check,2024-04-06
0000000799,000799,Home Visit,2022-04-11
0000000800,000800,Family Support Visit,2020-06-14
0000000800,000800,Developmental Check,2023-01-13
0000000801,000801,Family Support Visit,2021-11-18
0000000801,000801,Family Support Visit,2022-11-19
0000000802,000802,Family Support Visit,2022-12-19
0000000803,000803,Case Management,2023-09-09
0000000803,000803,Family Support Visit,2019-08-01
0000000805,000805,Home Visit,2022-12-10
0000000805,000805,Family Support Visit,2022-09-21
0000000805,000805,Home Visit,2021-10-10
0000000806,000806,Family Support Visit,2022-11-14
0000000806,000806,Case Management,2022-07-11
0000000807,000807,Home Visit,2021-07-09
0000000807,000807,Family Support Visit,2020-06-05
0000000808,000808,Family Support Visit,2019-09-05
0000000808,000808,Case Management,2019-09-15
0000000808,000808,Case Management,2019-12-19
0000000808,000808,Case Management,2019-10-08
0000000809,000809,Developmental Check,2024-07-01
0000000809,000809,Case Management,2025-05-24
0000000810,000810,Developmental Check,2020-11-18
0000000810,000810,Developmental Check,2023-02-15
0000000810,000810,Family Support Visit,2021-11-20
0000000810,000810,Developmental Check,2020-09-14
0000000811,000811,Case Management,2022-01-30
0000000812,000812,Home Visit,2022-02-20
0000000812,000812,Developmental Check,2022-05-31
0000000812,000812,Case Management,2022-05-20
0000000812,000812,Family Support Visit,2022-01-27
0000000813,000813,Home Visit,2021-09-15
0000000813,000813,Developmental Check,2021-01-10
0000000813,000813,Home Visit,2021-08-13
0000000813,000813,Developmental Check,2021-05-06
0000000813,000813,Developmental Check,2021-07-07
0000000814,000814,Home Visit,2023-10-06
0000000815,000815,Developmental Check,2022-03-22
0000000815,000815,Developmental Check,2022-07-13
0000000815,000815,Home Visit,2023-04-06
0000000815,000815,Family Support Visit,2023-01-10
0000000816,000816,Case Management,2023-02-05
0000000816,000816,Home Visit,2023-07-12
0000000816,000816,Developmental Check,2021-09-03
0000000816,000816,Home Visit,2022-09-25
0000000817,000817,Developmental Check,2023-08-31
0000000817,000817,Case Management,2021-08-05
0000000819,000819,Family Support Visit,2023-01-07
0000000820,000820,Family Support Visit,2024-10-29
0000000820,000820,Developmental Check,2023-06-10
0000000821,000821,Family Support Visit,2022-08-13
0000000821,000821,Developmental Check,2022-02-12
0000000822,000822,Family Support Visit,2020-10-01
0000000822,000822,Case Management,2021-04-03
0000000822,000822,Case Management,2021-07-07
0000000822,000822,Family Support Visit,2021-12-21
0000000823,000823,Case Management,2021-06-26
0000000823,000823,Developmental Check,2021-07-20
0000000824,000824,Home Visit,2019-07-30
0000000824,000824,Case Management,2020-01-01
0000000825,000825,Family Support Visit,2024-08-22
0000000825,000825,Home Visit,2023-04-08
0000000825,000825,Family Support Visit,2024-10-15
0000000825,000825,Family Support Visit,2024-08-10
0000000825,000825,Family Support Visit,2023-07-22
0000000825,000825,Home Visit,2023-07-11
0000000827,000827,Developmental Check,2021-11-22
0000000827,000827,Family Support Visit,2020-06-21
0000000827,000827,Family Support Visit,2020-12-14
0000000827,000827,Developmental Check,2022-07-01
0000000828,000828,Home Visit,2020-12-26
0000000828,000828,Family Support Visit,2022-06-12
0000000830,000830,Case Management,2026-04-16
0000000830,000830,Home Visit,2026-04-09
0000000830,000830,Home Visit,2025-06-27
0000000830,000830,Home Visit,2025-10-01
0000000830,000830,Case Management,2025-10-07
0000000830,000830,Family Support Visit,2023-04-13
0000000831,000831,Home Visit,2025-05-08
0000000831,000831,Case Management,2025-06-23
0000000831,000831,Home Visit,2024-09-27
0000000832,000832,Home Visit,2020-08-29
0000000832,000832,Case Management,2021-03-25
0000000833,000833,Case Management,2022-06-08
0000000833,000833,Family Support Visit,2018-12-17
0000000834,000834,Case Management,2023-08-31
0000000834,000834,Home Visit,2024-10-18
0000000834,000834,Case Management,2025-11-12
0000000834,000834,Case Management,2025-10-05
0000000835,000835,Home Visit,2020-02-26
0000000835,000835,Home Visit,2020-04-14
0000000835,000835,Family Support Visit,2020-02-03
0000000836,000836,Case Management,2027-04-30
0000000836,000836,Case Management,2023-11-27
0000000838,000838,Developmental Check,2020-09-16
0000000838,000838,Developmental Check,2020-03-02
0000000838,000838,Developmental Check,2020-06-03
0000000838,000838,Developmental Check,2020-02-16
0000000838,000838,Home Visit,2020-07-24
0000000839,000839,Family Support Visit,2020-03-28
0000000840,000840,Family Support Visit,2020-03-18
0000000840,000840,Developmental Check,2020-02-21
0000000840,000840,Case Management,2020-10-24
0000000840,000840,Home Visit,2020-11-07
0000000840,000840,Family Support Visit,2020-10-09
0000000841,000841,Case Management,2019-06-14
0000000841,000841,Home Visit,2019-10-25
0000000842,000842,Case Management,2019-12-15
0000000842,000842,Case Management,2019-12-31
0000000842,000842,Developmental Check,2019-12-27
0000000843,000843,Family Support Visit,2022-07-16
0000000843,000843,Developmental Check,2021-06-24
0000000843,000843,Case Management,2022-01-09
0000000844,000844,Case Management,2019-09-16
0000000844,000844,Family Support Visit,2021-06-11
0000000844,000844,Case Management,2020-06-13
0000000845,000845,Case Management,2022-02-05
0000000846,000846,Developmental Check,2023-08-03
0000000846,000846,Family Support Visit,2020-12-13
0000000847,000847,Family Support Visit,2020-10-08
0000000847,000847,Home Visit,2021-03-15
0000000847,000847,Case Management,2021-03-29
0000000847,000847,Case Management,2020-08-31
0000000847,000847,Developmental Check,2020-09-11
0000000847,000847,Family Support Visit,2021-01-23
0000000849,000849,Home Visit,2024-05-12
0000000849,000849,Case Management,2024-03-26
0000000849,000849,Family Support Visit,2023-11-21
0000000849,000849,Developmental Check,2023-10-23
0000000849,000849,Family Support Visit,2024-01-16
0000000852,000852,Developmental Check,2025-05-23
0000000852,000852,Developmental Check,2024-10-05
0000000853,000853,Home Visit,2022-02-06
0000000853,000853,Home Visit,2019-06-23
0000000854,000854,Developmental Check,2020-06-11
0000000854,000854,Home Visit,2023-09-22
0000000854,000854,Home Visit,2020-07-04
0000000855,000855,Developmental Check,2020-05-07
0000000855,000855,Family Support Visit,2022-04-07
0000000855,000855,Family Support Visit,2021-12-08
0000000855,000855,Home Visit,2021-01-07
0000000857,000857,Case Management,2019-05-24
0000000858,000858,Case Management,2019-04-24
0000000858,000858,Developmental Check,2019-11-26
0000000859,000859,Home Visit,2020-09-09
0000000859,000859,Case Management,2019-07-08
0000000860,000860,Developmental Check,2022-12-21
0000000861,000861,Family Support Visit,2024-01-21
0000000862,000862,Family Support Visit,2025-08-14
0000000862,000862,Developmental Check,2026-06-02
0000000862,000862,Developmental Check,2026-10-06
0000000862,000862,Case Management,2026-04-01
0000000862,000862,Family Support Visit,2024-06-11
0000000864,000864,Developmental Check,2021-12-28
0000000864,000864,Family Support Visit,2020-09-28
0000000864,000864,Developmental Check,2021-01-08
0000000865,000865,Family Support Visit,2022-03-02
0000000865,000865,Home Visit,2022-03-25
0000000865,000865,Developmental Check,2022-07-08
0000000866,000866,Developmental Check,2023-09-14
0000000867,000867,Developmental Check,2024-07-05
0000000867,000867,Case Management,2024-06-12
0000000868,000868,Developmental Check,2020-03-14
0000000868,000868,Home Visit,2020-12-31
0000000868,000868,Family Support Visit,2020-12-13
0000000868,000868,Case Management,2020-10-01
0000000868,000868,Family Support Visit,2020-07-19
0000000868,000868,Family Support Visit,2019-08-03
0000000869,000869,Home Visit,2019-09-22
0000000869,000869,Developmental Check,2023-04-24
0000000871,000871,Home Visit,2019-09-13
0000000871,000871,Case Management,2020-03-17
0000000871,000871,Case Management,2019-10-10
0000000871,000871,Home Visit,2020-02-08
0000000871,000871,Developmental Check,2020-05-09
0000000872,000872,Family Support Visit,2022-02-25
0000000872,000872,Developmental Check,2023-03-09
0000000873,000873,Developmental Check,2023-01-05
0000000873,000873,Family Support Visit,2022-08-03
0000000873,000873,Family Support Visit,2022-12-15
0000000874,000874,Home Visit,2022-09-23
0000000874,000874,Family Support Visit,2020-11-25
0000000875,000875,Home Visit,2025-12-05
0000000875,000875,Developmental Check,2025-11-18
0000000876,000876,Family Support Visit,2022-10-24
0000000876,000876,Home Visit,2022-06-24
0000000876,000876,Home Visit,2022-04-19
0000000876,000876,Case Management,2023-03-22
0000000877,000877,Family Support Visit,2022-01-17
0000000878,000878,Developmental Check,2021-07-14
0000000879,000879,Case Management,2020-11-13
0000000880,000880,Case Management,2022-01-18
0000000880,000880,Family Support Visit,2021-11-30
0000000880,000880,Case Management,2021-10-30
0000000880,000880,Family Support Visit,2021-12-11
0000000880,000880,Case Management,2021-04-01
0000000881,000881,Developmental Check,2023-07-15
0000000881,000881,Home Visit,2022-12-16
0000000881,000881,Family Support Visit,2023-03-09
0000000881,000881,Developmental Check,2022-11-23
0000000882,000882,Case Management,2025-08-27
0000000883,000883,Family Support Visit,2021-05-27
0000000883,000883,Developmental Check,2019-11-11
0000000883,000883,Case Management,2021-06-07
0000000884,000884,Case Management,2025-07-04
0000000884,000884,Family Support Visit,2022-07-16
0000000885,000885,Developmental Check,2019-05-15
0000000886,000886,Home Visit,2020-08-02
0000000886,000886,Home Visit,2020-01-10
0000000887,000887,Family Support Visit,2023-06-18
0000000887,000887,Case Management,2023-01-07
0000000887,000887,Case Management,2023-06-21
0000000888,000888,Developmental Check,2023-06-05
0000000888,000888,Family Support Visit,2023-01-10
0000000888,000888,Family Support Visit,2023-04-16
0000000888,000888,Home Visit,2022-11-16
0000000889,000889,Family Support Visit,2024-10-12
0000000889,000889,Case Management,2024-05-04
0000000890,000890,Case Management,2022-02-28
0000000890,000890,Case Management,2020-10-14
0000000890,000890,Case Management,2019-06-28
0000000892,000892,Home Visit,2021-03-27
0000000893,000893,Case Management,2020-11-11
0000000893,000893,Home Visit,2022-05-18
0000000893,000893,Family Support Visit,2019-12-18
0000000893,000893,Developmental Check,2022-01-24
0000000894,000894,Developmental Check,2020-11-24
0000000894,000894,Home Visit,2023-03-15
0000000894,000894,Family Support Visit,2021-10-19
0000000894,000894,Family Support Visit,2021-12-02
0000000894,000894,Developmental Check,2020-12-20
0000000897,000897,Family Support Visit,2023-06-13
0000000897,000897,Developmental Check,2022-05-23
0000000901,000901,Developmental Check,2021-05-18
0000000901,000901,Family Support Visit,2021-05-17
0000000901,000901,Home Visit,2021-03-29
0000000901,000901,Case Management,2022-02-18
0000000901,000901,Developmental Check,2022-01-10
0000000902,000902,Family Support Visit,2021-12-31
0000000903,000903,Home Visit,2021-09-20
0000000904,000904,Developmental Check,2018-09-07
0000000904,000904,Home Visit,2019-08-21
0000000904,000904,Developmental Check,2018-04-13
0000000904,000904,Case Management,2019-11-30
0000000906,000906,Case Management,2019-01-19
0000000907,000907,Case Management,2019-07-25
0000000907,000907,Family Support Visit,2019-06-20
0000000907,000907,Home Visit,2020-01-04
0000000907,000907,Developmental Check,2019-01-28
0000000908,000908,Family Support Visit,2023-02-17
0000000908,000908,Home Visit,2023-08-13
0000000909,000909,Case Management,2024-11-14
0000000909,000909,Family Support Visit,2025-02-16
0000000911,000911,Family Support Visit,2020-09-14
0000000912,000912,Home Visit,2020-08-05
0000000913,000913,Developmental Check,2020-06-17
0000000913,000913,Family Support Visit,2021-01-28
0000000913,000913,Case Management,2020-08-20
0000000913,000913,Family Support Visit,2020-07-13
0000000914,000914,Family Support Visit,2020-12-03
0000000915,000915,Home Visit,2022-02-08
0000000915,000915,Family Support Visit,2021-11-06
0000000916,000916,Case Management,2024-04-30
0000000917,000917,Developmental Check,2023-05-27
0000000918,000918,Family Support Visit,2024-09-06
0000000918,000918,Developmental Check,2021-10-03
0000000920,000920,Developmental Check,2020-03-28
0000000920,000920,Home Visit,2020-05-12
0000000920,000920,Developmental Check,2022-01-08
0000000921,000921,Family Support Visit,2022-05-24
0000000922,000922,Case Management,2019-06-04
0000000922,000922,Case Management,2021-02-28
0000000924,000924,Family Support Visit,2024-03-30
0000000925,000925,Case Management,2023-02-06
0000000927,000927,Family Support Visit,2021-03-10
0000000927,000927,Family Support Visit,2021-01-17
0000000928,000928,Developmental Check,2020-11-02
0000000928,000928,Developmental Check,2020-11-21
0000000928,000928,Family Support Visit,2020-11-03
0000000928,000928,Family Support Visit,2021-01-11
0000000929,000929,Developmental Check,2022-02-15
0000000930,000930,Home Visit,2019-10-19
0000000930,000930,Home Visit,2020-01-23
0000000931,000931,Developmental Check,2022-02-20
0000000931,000931,Developmental Check,2022-01-13
0000000931,000931,Home Visit,2021-01-14
0000000931,000931,Case Management,2022-04-13
0000000931,000931,Case Management,2022-04-20
0000000931,000931,Developmental Check,2020-12-12
0000000932,000932,Developmental Check,2022-09-11
0000000932,000932,Developmental Check,2021-08-17
0000000932,000932,Family Support Visit,2021-02-14
0000000932,000932,Family Support Visit,2021-03-27
0000000933,000933,Family Support Visit,2021-09-25
0000000934,000934,Case Management,2020-10-21
0000000935,000935,Home Visit,2020-09-17
0000000935,000935,Family Support Visit,2019-11-06
0000000935,000935,Case Management,2020-11-12
0000000935,000935,Home Visit,2020-09-24
0000000935,000935,Developmental Check,2020-05-30
0000000935,000935,Home Visit,2020-11-07
0000000936,000936,Case Management,2022-07-17
0000000936,000936,Developmental Check,2021-08-09
0000000936,000936,Developmental Check,2022-11-20
0000000936,000936,Case Management,2022-08-30
0000000938,000938,Home Visit,2022-04-13
0000000939,000939,Family Support Visit,2018-09-28
0000000939,000939,Case Management,2018-11-24
0000000940,000940,Developmental Check,2023-10-10
0000000940,000940,Case Management,2022-02-10
0000000941,000941,Case Management,2020-08-28
0000000942,000942,Family Support Visit,2021-10-16
0000000943,000943,Family Support Visit,2023-11-24
0000000944,000944,Case Management,2020-09-09
0000000944,000944,Home Visit,2020-12-08
0000000946,000946,Case Management,2020-08-23
0000000950,000950,Home Visit,2021-12-10
0000000951,000951,Family Support Visit,2021-11-28
0000000951,000951,Case Management,2022-05-19
0000000951,000951,Case Management,2022-02-10
0000000951,000951,Family Support Visit,2022-06-16
0000000951,000951,Home Visit,2022-09-13
0000000951,000951,Home Visit,2022-06-10
0000000952,000952,Family Support Visit,2022-05-26
0000000952,000952,Family Support Visit,2022-05-21
0000000952,000952,Family Support Visit,2022-06-24
0000000953,000953,Family Support Visit,2021-03-24
0000000953,000953,Home Visit,2020-05-08
0000000953,000953,Case Management,2020-07-23
0000000954,000954,Developmental Check,2023-01-26
0000000954,000954,Family Support Visit,2022-07-30
0000000954,000954,Case Management,2023-01-17
0000000954,000954,Family Support Visit,2022-05-13
0000000954,000954,Family Support Visit,2022-12-14
0000000955,000955,Family Support Visit,2026-02-18
0000000955,000955,Family Support Visit,2026-03-25
0000000956,000956,Case Management,2025-04-19
0000000956,000956,Home Visit,2024-10-11
0000000958,000958,Family Support Visit,2022-11-06
0000000958,000958,Developmental Check,2023-09-17
0000000958,000958,Case Management,2022-07-06
0000000958,000958,Family Support Visit,2022-10-20
0000000959,000959,Home Visit,2023-05-14
0000000960,000960,Family Support Visit,2019-12-26
0000000960,000960,Developmental Check,2021-06-05
0000000960,000960,Case Management,2021-02-11
0000000960,000960,Developmental Check,2019-11-10
0000000960,000960,Case Management,2020-04-22
0000000962,000962,Home Visit,2022-05-03
0000000962,000962,Case Management,2021-11-05
0000000962,000962,Case Management,2021-09-23
0000000962,000962,Home Visit,2023-01-16
0000000963,000963,Family Support Visit,2020-10-26
0000000963,000963,Developmental Check,2023-07-14
0000000963,000963,Family Support Visit,2021-12-18
0000000964,000964,Family Support Visit,2022-12-20
0000000965,000965,Case Management,2019-08-07
0000000966,000966,Family Support Visit,2019-08-07
0000000966,000966,Family Support Visit,2022-05-16
0000000966,000966,Case Management,2019-06-14
0000000966,000966,Developmental Check,2020-07-17
0000000967,000967,Case Management,2021-03-27
0000000967,000967,Home Visit,2021-12-28
0000000967,000967,Home Visit,2023-11-29
0000000968,000968,Home Visit,2019-06-04
0000000968,000968,Case Management,2020-09-28
0000000970,000970,Case Management,2021-07-11
0000000970,000970,Family Support Visit,2021-08-06
0000000970,000970,Home Visit,2021-09-08
0000000970,000970,Home Visit,2022-09-28
0000000971,000971,Home Visit,2021-06-02
0000000971,000971,Case Management,2020-02-07
0000000972,000972,Home Visit,2024-04-29
0000000972,000972,Developmental Check,2024-12-05
0000000973,000973,Developmental Check,2025-08-17
0000000974,000974,Case Management,2018-09-16
0000000974,000974,Family Support Visit,2019-01-24
0000000974,000974,Developmental Check,2020-01-26
0000000975,000975,Developmental Check,2024-06-21
0000000976,000976,Developmental Check,2024-01-31
0000000976,000976,Developmental Check,2022-12-01
0000000976,000976,Home Visit,2021-02-02
0000000976,000976,Case Management,2022-01-07
0000000977,000977,Home Visit,2020-05-08
0000000978,000978,Family Support Visit,2023-09-04
0000000978,000978,Case Management,2019-11-29
0000000979,000979,Family Support Visit,2019-09-25
0000000979,000979,Home Visit,2019-03-24
0000000980,000980,Home Visit,2021-09-07
0000000981,000981,Family Support Visit,2020-08-09
0000000981,000981,Case Management,2021-09-04
0000000981,000981,Developmental Check,2021-10-18
0000000981,000981,Case Management,2022-01-05
0000000981,000981,Home Visit,2020-12-04
0000000981,000981,Home Visit,2020-12-26
0000000982,000982,Family Support Visit,2022-10-17
0000000982,000982,Developmental Check,2025-04-07
0000000982,000982,Case Management,2021-03-05
0000000983,000983,Family Support Visit,2021-05-24
0000000985,000985,Family Support Visit,2018-09-12
0000000986,000986,Family Support Visit,2022-09-27
0000000986,000986,Developmental Check,2019-02-27
0000000986,000986,Developmental Check,2022-04-18
0000000986,000986,Developmental Check,2020-01-03
0000000987,000987,Family Support Visit,2024-06-04
0000000988,000988,Developmental Check,2021-03-16
0000000988,000988,Developmental Check,2022-04-30
0000000988,000988,Home Visit,2020-11-17
0000000989,000989,Developmental Check,2023-05-10
0000000990,000990,Family Support Visit,2024-11-08
0000000991,000991,Family Support Visit,2022-07-28
0000000991,000991,Family Support Visit,2022-07-12
0000000991,000991,Home Visit,2024-05-20
0000000992,000992,Developmental Check,2024-11-10
0000000993,000993,Home Visit,2023-05-30
0000000994,000994,Developmental Check,2021-05-16
0000000994,000994,Case Management,2021-02-28
0000000994,000994,Family Support Visit,2021-05-02
0000000994,000994,Developmental Check,2021-04-26
0000000994,000994,Developmental Check,2021-05-14
0000000995,000995,Case Management,2021-04-08
0000000995,000995,Family Support Visit,2021-07-02
0000000995,000995,Family Support Visit,2021-11-01
0000000995,000995,Home Visit,2023-08-14
0000000996,000996,Developmental Check,2023-07-22
0000000997,000997,Family Support Visit,2023-01-06
0000000997,000997,Case Management,2023-06-07
0000000997,000997,Developmental Check,2023-11-06
0000000998,000998,Home Visit,2022-07-10
0000000998,000998,Developmental Check,2024-06-11
0000000999,000999,Case Management,2022-02-20
0000000999,000999,Family Support Visit,2023-03-13
0000001001,001001,Developmental Check,2021-11-08
0000001001,001001,Home Visit,2020-12-07
0000001001,001001,Case Management,2022-10-12
0000001001,001001,Case Management,2021-03-09
0000001002,001002,Family Support Visit,2020-03-03
0000001002,001002,Family Support Visit,2020-04-04
0000001002,001002,Case Management,2020-10-08
0000001003,001003,Case Management,2021-12-31
0000001003,001003,Developmental Check,2021-10-01
0000001004,001004,Developmental Check,2022-08-23
0000001004,001004,Home Visit,2022-01-28
0000001005,001005,Case Management,2024-02-21
0000001005,001005,Family Support Visit,2022-01-27
0000001005,001005,Case Management,2021-11-05
0000001006,001006,Home Visit,2019-04-04
0000001006,001006,Family Support Visit,2019-10-06
0000001006,001006,Home Visit,2019-08-24
0000001007,001007,Family Support Visit,2022-03-18
0000001007,001007,Family Support Visit,2021-09-16
0000001008,001008,Developmental Check,2024-03-17
0000001008,001008,Case Management,2022-07-22
0000001011,001011,Developmental Check,2021-03-01
0000001011,001011,Home Visit,2020-10-28
0000001012,001012,Family Support Visit,2023-11-06
0000001012,001012,Case Management,2023-02-25
0000001015,001015,Developmental Check,2022-01-08
0000001016,001016,Home Visit,2023-02-01
0000001016,001016,Home Visit,2022-12-11
0000001016,001016,Case Management,2022-11-09
0000001016,001016,Developmental Check,2023-05-25
0000001017,001017,Home Visit,2020-10-17
0000001017,001017,Home Visit,2021-05-13
0000001017,001017,Family Support Visit,2021-01-12
0000001017,001017,Family Support Visit,2021-06-12
0000001018,001018,Case Management,2025-11-08
0000001018,001018,Developmental Check,2025-12-25
0000001019,001019,Case Management,2024-03-26
0000001019,001019,Family Support Visit,2023-12-27
0000001019,001019,Case Management,2024-06-14
0000001019,001019,Family Support Visit,2024-11-25
0000001019,001019,Case Management,2024-02-19
0000001020,001020,Family Support Visit,2021-08-09
0000001021,001021,Home Visit,2023-07-23
0000001021,001021,Family Support Visit,2024-05-02
0000001022,001022,Case Management,2020-07-14
0000001023,001023,Case Management,2022-06-05
0000001024,001024,Family Support Visit,2023-07-16
0000001024,001024,Family Support Visit,2022-09-02
0000001025,001025,Developmental Check,2023-05-15
0000001025,001025,Developmental Check,2022-04-02
0000001026,001026,Home Visit,2021-08-11
0000001026,001026,Case Management,2022-01-27
0000001026,001026,Developmental Check,2022-01-11
0000001026,001026,Developmental Check,2022-10-24
0000001027,001027,Home Visit,2021-04-23
0000001028,001028,Case Management,2022-05-05
0000001029,001029,Developmental Check,2022-11-11
0000001029,001029,Family Support Visit,2024-02-27
0000001030,001030,Case Management,2023-04-10
0000001030,001030,Case Management,2023-02-27
0000001031,001031,Family Support Visit,2022-09-20
0000001031,001031,Home Visit,2024-05-31
0000001031,001031,Developmental Check,2024-01-01
0000001031,001031,Case Management,2022-06-22
0000001032,001032,Home Visit,2021-08-22
0000001032,001032,Developmental Check,2021-03-23
0000001032,001032,Developmental Check,2024-09-02
0000001033,001033,Family Support Visit,2020-01-30
0000001034,001034,Developmental Check,2024-02-24
0000001034,001034,Developmental Check,2025-09-30
0000001035,001035,Case Management,2022-06-11
0000001035,001035,Developmental Check,2022-08-29
0000001035,001035,Home Visit,2024-05-08
0000001035,001035,Case Management,2024-03-29
0000001036,001036,Home Visit,2024-03-21
0000001036,001036,Home Visit,2021-05-26
0000001037,001037,Family Support Visit,2019-01-24
0000001037,001037,Case Management,2019-06-20
0000001037,001037,Home Visit,2019-03-12
0000001037,001037,Family Support Visit,2019-03-07
0000001037,001037,Developmental Check,2019-05-01
0000001037,001037,Case Management,2018-12-15
0000001038,001038,Family Support Visit,2024-02-24
0000001038,001038,Family Support Visit,2025-11-14
0000001038,001038,Family Support Visit,2025-12-18
0000001038,001038,Case Management,2024-07-04
0000001038,001038,Developmental Check,2022-09-16
0000001039,001039,Case Management,2025-04-05
0000001039,001039,Case Management,2021-09-26
0000001039,001039,Case Management,2024-06-29
0000001040,001040,Home Visit,2021-04-18
0000001040,001040,Case Management,2022-08-26
0000001040,001040,Family Support Visit,2021-10-17
0000001041,001041,Developmental Check,2022-05-24
0000001041,001041,Developmental Check,2022-05-17
0000001042,001042,Family Support Visit,2022-06-20
0000001042,001042,Home Visit,2022-12-22
0000001044,001044,Developmental Check,2022-04-28
0000001044,001044,Case Management,2020-01-26
0000001044,001044,Developmental Check,2022-04-02
0000001044,001044,Case Management,2022-02-28
0000001045,001045,Home Visit,2024-09-06
0000001045,001045,Home Visit,2024-05-14
0000001045,001045,Home Visit,2023-11-28
0000001046,001046,Home Visit,2024-03-10
0000001047,001047,Home Visit,2020-11-24
0000001048,001048,Home Visit,2019-10-19
0000001049,001049,Case Management,2023-06-14
0000001049,001049,Developmental Check,2022-06-30
0000001050,001050,Home Visit,2022-09-17
0000001050,001050,Developmental Check,2022-09-11
0000001050,001050,Case Management,2023-05-13
0000001050,001050,Case Management,2022-07-07
0000001050,001050,Home Visit,2022-08-25
0000001050,001050,Family Support Visit,2023-02-20
0000001051,001051,Home Visit,2025-03-01
0000001051,001051,Developmental Check,2024-05-11
0000001051,001051,Developmental Check,2026-01-27
0000001051,001051,Family Support Visit,2024-04-03
0000001052,001052,Home Visit,2019-06-11
0000001052,001052,Case Management,2018-09-18
0000001052,001052,Family Support Visit,2019-02-06
0000001054,001054,Home Visit,2023-04-17
0000001055,001055,Family Support Visit,2021-06-19
0000001055,001055,Developmental Check,2021-04-09
0000001055,001055,Case Management,2021-08-01
0000001055,001055,Developmental Check,2021-08-06
0000001055,001055,Developmental Check,2021-04-26
0000001055,001055,Family Support Visit,2021-07-21
0000001056,001056,Home Visit,2022-01-20
0000001057,001057,Developmental Check,2022-04-26
0000001057,001057,Home Visit,2022-12-13
0000001057,001057,Case Management,2022-05-18
0000001057,001057,Developmental Check,2022-11-19
0000001057,001057,Developmental Check,2022-03-10
0000001058,001058,Developmental Check,2023-01-16
0000001059,001059,Home Visit,2019-03-16
0000001060,001060,Developmental Check,2021-01-02
0000001060,001060,Family Support Visit,2021-08-03
0000001062,001062,Case Management,2024-01-24
0000001062,001062,Developmental Check,2023-08-07
0000001062,001062,Developmental Check,2023-06-24
0000001063,001063,Family Support Visit,2023-08-08
0000001064,001064,Family Support Visit,2020-07-26
0000001064,001064,Developmental Check,2021-01-31
0000001064,001064,Family Support Visit,2021-02-28
0000001064,001064,Case Management,2021-04-09
0000001065,001065,Case Management,2019-04-04
0000001065,001065,Family Support Visit,2019-10-15
0000001065,001065,Home Visit,2022-01-07
0000001067,001067,Home Visit,2023-02-17
0000001067,001067,Family Support Visit,2023-04-04
0000001067,001067,Home Visit,2022-08-05
0000001069,001069,Case Management,2022-04-12
0000001069,001069,Family Support Visit,2022-02-27
0000001069,001069,Home Visit,2022-02-22
0000001071,001071,Case Management,2024-03-22
0000001071,001071,Home Visit,2024-07-20
0000001072,001072,Home Visit,2021-05-07
0000001072,001072,Case Management,2023-02-27
0000001072,001072,Case Management,2021-10-26
0000001072,001072,Case Management,2020-12-15
0000001073,001073,Family Support Visit,2023-03-03
0000001074,001074,Case Management,2021-07-19
0000001074,001074,Family Support Visit,2023-02-27
0000001074,001074,Case Management,2022-02-04
0000001074,001074,Home Visit,2022-01-30
0000001075,001075,Family Support Visit,2022-01-23
0000001075,001075,Case Management,2022-06-01
0000001075,001075,Home Visit,2022-03-26
0000001075,001075,Case Management,2022-01-23
0000001076,001076,Family Support Visit,2023-03-23
0000001076,001076,Home Visit,2022-11-25
0000001076,001076,Developmental Check,2023-03-22
0000001076,001076,Case Management,2022-09-15
0000001076,001076,Case Management,2023-02-23
0000001076,001076,Developmental Check,2022-11-01
0000001077,001077,Home Visit,2021-01-11
0000001077,001077,Developmental Check,2019-03-12
0000001077,001077,Home Visit,2020-08-12
0000001077,001077,Family Support Visit,2020-05-27
0000001078,001078,Case Management,2022-11-25
0000001078,001078,Family Support Visit,2022-05-14
0000001078,001078,Developmental Check,2022-12-15
0000001078,001078,Family Support Visit,2022-09-24
0000001079,001079,Case Management,2023-08-12
0000001079,001079,Developmental Check,2023-03-19
0000001080,001080,Home Visit,2021-07-18
0000001080,001080,Case Management,2021-08-29
0000001080,001080,Case Management,2021-03-04
0000001081,001081,Developmental Check,2024-09-07
0000001082,001082,Home Visit,2021-07-26
0000001082,001082,Home Visit,2024-01-01
0000001082,001082,Home Visit,2021-07-04
0000001082,001082,Developmental Check,2020-02-12
0000001083,001083,Home Visit,2019-12-30
0000001083,001083,Developmental Check,2019-05-16
0000001083,001083,Case Management,2020-08-28
0000001084,001084,Home Visit,2023-09-11
0000001084,001084,Developmental Check,2025-10-11
0000001085,001085,Home Visit,2022-01-07
0000001085,001085,Family Support Visit,2022-01-01
0000001085,001085,Family Support Visit,2022-02-13
0000001086,001086,Case Management,2022-03-02
0000001086,001086,Home Visit,2020-08-11
0000001086,001086,Developmental Check,2021-09-25
0000001086,001086,Home Visit,2020-10-03
0000001087,001087,Family Support Visit,2020-01-16
0000001087,001087,Home Visit,2020-02-26
0000001087,001087,Developmental Check,2020-03-04
0000001087,001087,Developmental Check,2020-05-26
0000001087,001087,Case Management,2020-01-17
0000001087,001087,Home Visit,2020-05-10
0000001089,001089,Developmental Check,2019-12-21
0000001089,001089,Case Management,2019-09-29
0000001089,001089,Developmental Check,2019-10-27
0000001091,001091,Developmental Check,2023-01-20
0000001091,001091,Home Visit,2023-08-04
0000001091,001091,Case Management,2022-12-25
0000001092,001092,Developmental Check,2023-07-03
0000001092,001092,Home Visit,2023-05-13
0000001092,001092,Case Management,2023-08-01
0000001092,001092,Developmental Check,2023-01-03
0000001094,001094,Case Management,2019-07-21
0000001095,001095,Case Management,2023-02-23
0000001095,001095,Home Visit,2022-04-09
0000001096,001096,Developmental Check,2021-12-13
0000001096,001096,Home Visit,2021-11-05
0000001097,001097,Home Visit,2023-08-03
0000001097,001097,Case Management,2023-10-17
0000001097,001097,Developmental Check,2024-01-21
0000001097,001097,Case Management,2023-06-16
0000001097,001097,Home Visit,2023-06-11
0000001097,001097,Developmental Check,2023-06-05
0000001098,001098,Developmental Check,2019-11-27
0000001098,001098,Developmental Check,2019-12-01
0000001098,001098,Home Visit,2020-05-10
0000001098,001098,Developmental Check,2019-11-15
0000001099,001099,Home Visit,2021-12-07
0000001100,001100,Home Visit,2020-12-29
0000001100,001100,Home Visit,2020-03-24
0000001100,001100,Family Support Visit,2020-02-09
0000001100,001100,Developmental Check,2023-07-31
0000001101,001101,Family Support Visit,2021-04-13
0000001101,001101,Home Visit,2023-05-09
0000001101,001101,Family Support Visit,2019-11-04
0000001101,001101,Family Support Visit,2020-03-06
0000001102,001102,Family Support Visit,2022-05-29
0000001103,001103,Family Support Visit,2025-06-25
0000001104,001104,Case Management,2021-09-11
0000001104,001104,Family Support Visit,2020-12-30
0000001105,001105,Family Support Visit,2022-10-02
0000001106,001106,Family Support Visit,2022-12-19
0000001107,001107,Home Visit,2022-01-08
0000001107,001107,Case Management,2020-06-03
0000001107,001107,Home Visit,2020-04-27
0000001108,001108,Family Support Visit,2020-12-28
0000001108,001108,Case Management,2023-07-11
0000001108,001108,Case Management,2021-10-27
0000001110,001110,Home Visit,2023-06-20
0000001110,001110,Home Visit,2024-02-21
0000001110,001110,Family Support Visit,2023-08-14
0000001110,001110,Case Management,2023-10-08
0000001111,001111,Home Visit,2022-08-13
0000001111,001111,Developmental Check,2023-11-22
0000001113,001113,Developmental Check,2019-03-16
0000001113,001113,Developmental Check,2021-11-09
0000001113,001113,Family Support Visit,2021-11-14
0000001114,001114,Home Visit,2023-08-16
0000001114,001114,Family Support Visit,2024-02-13
0000001114,001114,Developmental Check,2024-02-07
0000001115,001115,Case Management,2020-10-16
0000001115,001115,Family Support Visit,2021-07-08
0000001116,001116,Home Visit,2020-08-06
0000001116,001116,Home Visit,2019-09-15
0000001116,001116,Home Visit,2019-06-18
0000001116,001116,Home Visit,2020-05-31
0000001118,001118,Home Visit,2020-11-07
0000001121,001121,Developmental Check,2020-06-28
0000001121,001121,Case Management,2024-04-09
0000001122,001122,Home Visit,2021-12-21
0000001122,001122,Developmental Check,2021-08-31
0000001122,001122,Home Visit,2021-09-04
0000001122,001122,Developmental Check,2021-09-12
0000001123,001123,Home Visit,2023-03-12
0000001123,001123,Family Support Visit,2023-12-25
0000001124,001124,Home Visit,2020-12-07
0000001124,001124,Family Support Visit,2020-09-14
0000001124,001124,Home Visit,2021-07-30
0000001125,001125,Developmental Check,2021-01-29
0000001125,001125,Family Support Visit,2020-06-24
0000001127,001127,Family Support Visit,2022-04-18
0000001127,001127,Home Visit,2022-04-12
0000001127,001127,Developmental Check,2022-01-08
0000001127,001127,Developmental Check,2022-07-22
0000001129,001129,Family Support Visit,2023-10-18
0000001130,001130,Family Support Visit,2020-01-03
0000001130,001130,Home Visit,2020-11-22
0000001131,001131,Case Management,2021-05-13
0000001131,001131,Home Visit,2021-11-23
0000001131,001131,Case Management,2021-12-19
0000001132,001132,Case Management,2021-08-24
0000001132,001132,Developmental Check,2022-03-14
0000001132,001132,Developmental Check,2022-03-15
0000001133,001133,Case Management,2021-11-28
0000001133,001133,Home Visit,2021-02-19
0000001133,001133,Developmental Check,2021-07-07
0000001133,001133,Home Visit,2021-07-29
0000001134,001134,Case Management,2022-04-22
0000001134,001134,Home Visit,2021-12-24
0000001134,001134,Home Visit,2021-10-24
0000001135,001135,Family Support Visit,2021-09-07
0000001135,001135,Home Visit,2021-06-26
0000001135,001135,Family Support Visit,2021-11-19
0000001135,001135,Family Support Visit,2021-06-27
0000001135,001135,Developmental Check,2021-08-25
0000001136,001136,Case Management,2023-09-04
0000001136,001136,Home Visit,2024-01-08
0000001136,001136,Case Management,2023-05-08
0000001137,001137,Family Support Visit,2021-10-16
0000001138,001138,Home Visit,2024-01-01
0000001138,001138,Family Support Visit,2021-03-12
0000001139,001139,Case Management,2022-05-03
0000001139,001139,Developmental Check,2022-05-15
0000001139,001139,Family Support Visit,2021-12-13
0000001139,001139,Family Support Visit,2022-03-31
0000001139,001139,Case Management,2022-08-06
0000001140,001140,Case Management,2020-11-05
0000001140,001140,Home Visit,2020-06-29
0000001141,001141,Case Management,2020-07-27
0000001141,001141,Developmental Check,2020-04-15
0000001142,001142,Family Support Visit,2023-03-22
0000001142,001142,Home Visit,2023-08-20
0000001142,001142,Developmental Check,2024-03-17
0000001142,001142,Case Management,2023-05-15
0000001142,001142,Family Support Visit,2022-09-17
0000001142,001142,Home Visit,2022-09-23
0000001143,001143,Developmental Check,2022-10-15
0000001143,001143,Home Visit,2022-03-21
0000001143,001143,Case Management,2023-07-14
0000001144,001144,Family Support Visit,2022-06-29
0000001144,001144,Case Management,2023-01-14
0000001145,001145,Developmental Check,2019-12-28
0000001147,001147,Home Visit,2020-03-19
0000001147,001147,Home Visit,2020-10-06
0000001147,001147,Family Support Visit,2020-07-31
0000001148,001148,Developmental Check,2024-02-02
0000001148,001148,Family Support Visit,2022-12-17
0000001149,001149,Case Management,2021-04-25
0000001150,001150,Home Visit,2022-06-23
0000001152,001152,Family Support Visit,2020-11-28
0000001152,001152,Home Visit,2021-04-07
0000001152,001152,Family Support Visit,2021-03-15
0000001153,001153,Home Visit,2019-09-12
0000001153,001153,Case Management,2019-07-11
0000001153,001153,Case Management,2019-06-07
0000001153,001153,Developmental Check,2019-07-13
0000001154,001154,Home Visit,2023-10-30
0000001155,001155,Case Management,2023-12-19
0000001155,001155,Family Support Visit,2024-09-12
0000001155,001155,Developmental Check,2022-08-20
0000001156,001156,Developmental Check,2020-05-23
0000001156,001156,Home Visit,2020-04-21
0000001157,001157,Developmental Check,2022-07-19
0000001157,001157,Developmental Check,2022-10-29
0000001157,001157,Developmental Check,2023-02-05
0000001158,001158,Home Visit,2021-12-24
0000001158,001158,Home Visit,2020-06-06
0000001158,001158,Family Support Visit,2019-09-21
0000001158,001158,Family Support Visit,2020-09-13
0000001161,001161,Family Support Visit,2023-12-20
0000001161,001161,Family Support Visit,2026-03-31
0000001163,001163,Family Support Visit,2022-05-27
0000001163,001163,Home Visit,2022-07-29
0000001163,001163,Family Support Visit,2022-10-02
0000001163,001163,Developmental Check,2022-01-22
0000001163,001163,Case Management,2021-05-19
0000001164,001164,Case Management,2024-03-04
0000001164,001164,Family Support Visit,2023-10-27
0000001164,001164,Family Support Visit,2024-04-07
0000001164,001164,Family Support Visit,2024-07-27
0000001164,001164,Family Support Visit,2023-12-18
0000001167,001167,Home Visit,2021-05-16
0000001167,001167,Home Visit,2021-06-12
0000001167,001167,Case Management,2020-08-06
0000001167,001167,Family Support Visit,2020-06-07
0000001167,001167,Developmental Check,2020-04-09
0000001167,001167,Home Visit,2022-04-04
0000001168,001168,Case Management,2019-08-04
0000001168,001168,Family Support Visit,2019-02-22
0000001168,001168,Home Visit,2018-12-21
0000001169,001169,Family Support Visit,2023-04-04
0000001170,001170,Case Management,2024-01-09
0000001172,001172,Home Visit,2024-02-12
0000001173,001173,Case Management,2024-08-04
0000001173,001173,Developmental Check,2021-12-30
0000001174,001174,Home Visit,2022-06-14
0000001174,001174,Family Support Visit,2022-03-12
0000001175,001175,Case Management,2021-02-23
0000001175,001175,Family Support Visit,2021-04-03
0000001175,001175,Family Support Visit,2021-06-02
0000001175,001175,Case Management,2021-01-29
0000001175,001175,Home Visit,2021-07-07
0000001175,001175,Home Visit,2021-08-21
0000001176,001176,Family Support Visit,2021-05-11
0000001177,001177,Case Management,2020-07-06
0000001178,001178,Developmental Check,2022-12-09
0000001178,001178,Case Management,2022-07-01
0000001178,001178,Family Support Visit,2022-11-01
0000001179,001179,Family Support Visit,2022-07-10
0000001179,001179,Home Visit,2022-09-23
0000001179,001179,Home Visit,2022-04-16
0000001179,001179,Case Management,2022-03-16
0000001180,001180,Case Management,2024-04-03
0000001180,001180,Developmental Check,2023-11-27
0000001181,001181,Family Support Visit,2021-01-19
0000001181,001181,Family Support Visit,2022-04-07
0000001182,001182,Home Visit,2024-11-15
0000001182,001182,Developmental Check,2024-03-28
0000001183,001183,Case Management,2023-05-04
0000001184,001184,Home Visit,2023-02-07
0000001185,001185,Developmental Check,2022-06-21
0000001185,001185,Family Support Visit,2022-05-14
0000001185,001185,Developmental Check,2020-07-28
0000001185,001185,Home Visit,2021-05-05
0000001186,001186,Family Support Visit,2020-10-11
0000001186,001186,Family Support Visit,2021-08-23
0000001187,001187,Home Visit,2024-09-21
0000001188,001188,Home Visit,2025-06-20
0000001188,001188,Family Support Visit,2025-05-01
0000001189,001189,Family Support Visit,2023-02-01
0000001189,001189,Home Visit,2024-01-07
0000001190,001190,Case Management,2021-08-17
0000001190,001190,Developmental Check,2021-01-05
0000001191,001191,Developmental Check,2021-07-19
0000001191,001191,Case Management,2023-06-01
0000001192,001192,Home Visit,2024-07-01
0000001192,001192,Developmental Check,2024-07-12
0000001193,001193,Home Visit,2020-11-15
0000001194,001194,Case Management,2024-08-17
0000001195,001195,Developmental Check,2019-03-29
0000001195,001195,Developmental Check,2019-08-04
0000001195,001195,Family Support Visit,2019-07-02
0000001195,001195,Home Visit,2019-08-02
0000001195,001195,Family Support Visit,2019-01-22
0000001195,001195,Home Visit,2019-01-15
0000001196,001196,Developmental Check,2022-01-06
0000001196,001196,Family Support Visit,2022-12-23
0000001196,001196,Home Visit,2023-06-22
0000001196,001196,Home Visit,2023-08-02
0000001197,001197,Family Support Visit,2024-07-17
0000001197,001197,Developmental Check,2024-05-18
0000001198,001198,Family Support Visit,2020-01-11
0000001198,001198,Home Visit,2020-03-28
0000001198,001198,Developmental Check,2020-01-22
0000001199,001199,Developmental Check,2022-01-23
0000001201,001201,Developmental Check,2022-08-06
0000001201,001201,Developmental Check,2021-12-23
0000001201,001201,Case Management,2022-03-11
0000001201,001201,Developmental Check,2022-07-30
0000001201,001201,Case Management,2021-02-08
0000001202,001202,Family Support Visit,2021-11-29
0000001202,001202,Family Support Visit,2021-01-25
0000001202,001202,Home Visit,2023-07-16
0000001202,001202,Family Support Visit,2021-08-18
0000001203,001203,Home Visit,2026-03-12
0000001203,001203,Case Management,2026-06-28
0000001203,001203,Case Management,2026-03-31
0000001204,001204,Family Support Visit,2021-04-02
0000001204,001204,Home Visit,2023-06-04
0000001205,001205,Home Visit,2025-03-15
0000001205,001205,Home Visit,2023-11-20
0000001206,001206,Home Visit,2023-01-12
0000001206,001206,Case Management,2023-03-28
0000001206,001206,Developmental Check,2023-07-14
0000001207,001207,Developmental Check,2022-12-06
0000001207,001207,Home Visit,2021-12-30
0000001207,001207,Developmental Check,2022-10-03
0000001207,001207,Case Management,2022-04-12
0000001208,001208,Case Management,2021-10-22
0000001208,001208,Family Support Visit,2023-05-20
0000001208,001208,Home Visit,2022-05-30
0000001209,001209,Home Visit,2024-08-02
0000001209,001209,Case Management,2024-12-01
0000001210,001210,Home Visit,2023-04-16
0000001210,001210,Developmental Check,2024-02-04
0000001210,001210,Home Visit,2024-04-11
0000001210,001210,Developmental Check,2023-09-26
0000001210,001210,Family Support Visit,2023-10-12
0000001210,001210,Case Management,2023-04-26
0000001211,001211,Home Visit,2023-03-08
0000001211,001211,Developmental Check,2022-10-09
0000001212,001212,Home Visit,2021-05-14
0000001212,001212,Home Visit,2021-10-09
0000001212,001212,Developmental Check,2023-09-08
0000001212,001212,Developmental Check,2021-05-14
0000001213,001213,Home Visit,2022-11-26
0000001214,001214,Family Support Visit,2020-03-27
0000001214,001214,Developmental Check,2021-05-23
0000001214,001214,Home Visit,2020-10-11
0000001216,001216,Developmental Check,2026-05-28
0000001216,001216,Case Management,2024-05-23
0000001217,001217,Developmental Check,2024-08-13
0000001217,001217,Family Support Visit,2022-08-22
0000001218,001218,Home Visit,2026-09-07
0000001219,001219,Case Management,2022-03-15
0000001219,001219,Case Management,2022-07-26
0000001219,001219,Home Visit,2022-08-29
0000001219,001219,Developmental Check,2023-06-26
0000001219,001219,Family Support Visit,2022-12-18
0000001220,001220,Family Support Visit,2023-10-23
0000001221,001221,Developmental Check,2019-05-05
0000001221,001221,Developmental Check,2019-08-06
0000001221,001221,Developmental Check,2018-12-03
0000001221,001221,Case Management,2019-11-20
0000001222,001222,Home Visit,2024-01-28
0000001222,001222,Case Management,2023-08-20
0000001222,001222,Developmental Check,2024-12-27
0000001222,001222,Developmental Check,2024-11-17
0000001222,001222,Developmental Check,2025-07-16
0000001222,001222,Home Visit,2023-09-11
0000001223,001223,Case Management,2022-05-25
0000001224,001224,Developmental Check,2023-05-23
0000001224,001224,Family Support Visit,2021-02-11
0000001224,001224,Developmental Check,2023-03-22
0000001224,001224,Developmental Check,2021-07-07
0000001225,001225,Family Support Visit,2019-11-24
0000001225,001225,Developmental Check,2018-10-07
0000001225,001225,Family Support Visit,2020-04-09
0000001225,001225,Family Support Visit,2020-01-29
0000001226,001226,Home Visit,2024-05-31
0000001226,001226,Case Management,2022-11-17
0000001226,001226,Developmental Check,2024-10-03
0000001226,001226,Family Support Visit,2023-03-30
0000001227,001227,Family Support Visit,2023-01-09
0000001227,001227,Case Management,2022-12-15
0000001227,001227,Case Management,2023-06-29
0000001227,001227,Case Management,2023-02-19
0000001228,001228,Home Visit,2021-11-06
0000001229,001229,Family Support Visit,2020-08-02
0000001230,001230,Family Support Visit,2023-03-23
0000001230,001230,Family Support Visit,2020-10-25
0000001231,001231,Case Management,2020-09-25
0000001231,001231,Developmental Check,2020-12-22
0000001231,001231,Case Management,2020-09-03
0000001231,001231,Home Visit,2020-08-31
0000001231,001231,Family Support Visit,2020-10-13
0000001231,001231,Developmental Check,2020-11-17
0000001232,001232,Case Management,2020-03-09
0000001232,001232,Home Visit,2019-09-21
0000001232,001232,Developmental Check,2019-09-10
0000001233,001233,Case Management,2023-06-10
0000001233,001233,Home Visit,2021-10-13
0000001233,001233,Developmental Check,2021-11-30
0000001234,001234,Home Visit,2025-08-25
0000001234,001234,Developmental Check,2025-05-13
0000001234,001234,Developmental Check,2024-07-31
0000001235,001235,Home Visit,2021-10-13
0000001235,001235,Developmental Check,2023-01-06
0000001235,001235,Family Support Visit,2022-09-13
0000001235,001235,Family Support Visit,2022-03-02
0000001236,001236,Developmental Check,2020-06-09
0000001236,001236,Home Visit,2020-01-22
0000001236,001236,Developmental Check,2020-04-28
0000001236,001236,Case Management,2020-06-19
0000001236,001236,Developmental Check,2020-04-07
0000001237,001237,Developmental Check,2020-02-03
0000001237,001237,Home Visit,2019-01-01
0000001237,001237,Home Visit,2019-11-20
0000001237,001237,Case Management,2018-10-20
0000001237,001237,Home Visit,2018-12-14
0000001238,001238,Case Management,2021-02-25
0000001238,001238,Case Management,2021-07-08
0000001238,001238,Case Management,2021-07-29
0000001239,001239,Developmental Check,2023-01-29
0000001240,001240,Developmental Check,2020-05-11
0000001240,001240,Case Management,2020-03-25
0000001240,001240,Developmental Check,2020-05-06
0000001240,001240,Home Visit,2020-06-30
0000001240,001240,Case Management,2020-07-13
0000001241,001241,Family Support Visit,2024-03-16
0000001241,001241,Case Management,2023-12-02
0000001242,001242,Developmental Check,2025-12-19
0000001242,001242,Developmental Check,2022-06-27
0000001243,001243,Developmental Check,2019-09-23
0000001243,001243,Family Support Visit,2019-10-19
0000001244,001244,Developmental Check,2023-08-22
0000001245,001245,Developmental Check,2021-10-07
0000001245,001245,Home Visit,2020-10-31
0000001245,001245,Home Visit,2020-06-08
0000001245,001245,Home Visit,2020-12-03
0000001245,001245,Developmental Check,2021-03-06
0000001245,001245,Family Support Visit,2021-09-09
0000001246,001246,Developmental Check,2023-07-03
0000001246,001246,Family Support Visit,2024-02-17
0000001246,001246,Developmental Check,2024-10-23
0000001247,001247,Home Visit,2023-04-18
0000001247,001247,Home Visit,2024-01-11
0000001247,001247,Family Support Visit,2024-08-17
0000001247,001247,Case Management,2023-06-27
0000001247,001247,Home Visit,2024-02-26
0000001248,001248,Home Visit,2022-10-16
0000001248,001248,Family Support Visit,2022-06-07
0000001249,001249,Home Visit,2020-02-17
0000001249,001249,Family Support Visit,2021-01-15
0000001250,001250,Home Visit,2021-11-18
0000001250,001250,Developmental Check,2023-07-12
0000001250,001250,Case Management,2020-04-26
0000001250,001250,Developmental Check,2020-07-09
0000001251,001251,Developmental Check,2024-09-06
0000001251,001251,Developmental Check,2023-05-06
0000001251,001251,Case Management,2023-10-18
0000001251,001251,Family Support Visit,2024-03-21
0000001252,001252,Case Management,2021-11-20
0000001254,001254,Family Support Visit,2021-07-24
0000001254,001254,Case Management,2020-10-24
0000001254,001254,Home Visit,2021-01-10
0000001254,001254,Home Visit,2021-02-17
0000001254,001254,Home Visit,2021-10-03
0000001255,001255,Case Management,2022-08-25
0000001255,001255,Family Support Visit,2021-10-26
0000001255,001255,Developmental Check,2022-06-29
0000001256,001256,Family Support Visit,2020-09-30
0000001256,001256,Home Visit,2020-09-07
0000001258,001258,Family Support Visit,2021-11-03
0000001259,001259,Home Visit,2022-11-29
0000001259,001259,Family Support Visit,2023-02-26
0000001259,001259,Family Support Visit,2022-06-03
0000001259,001259,Developmental Check,2021-12-18
0000001260,001260,Family Support Visit,2022-03-16
0000001260,001260,Home Visit,2021-05-07
0000001260,001260,Developmental Check,2021-12-11
0000001260,001260,Case Management,2021-11-11
0000001261,001261,Home Visit,2021-06-16
0000001261,001261,Developmental Check,2021-08-03
0000001261,001261,Case Management,2021-07-12
0000001262,001262,Family Support Visit,2020-04-11
0000001262,001262,Developmental Check,2022-03-23
0000001263,001263,Home Visit,2022-01-16
0000001263,001263,Family Support Visit,2022-01-05
0000001263,001263,Home Visit,2023-11-09
0000001263,001263,Home Visit,2021-06-10
0000001263,001263,Developmental Check,2023-07-02
0000001263,001263,Family Support Visit,2022-03-24
0000001264,001264,Home Visit,2018-11-14
0000001264,001264,Developmental Check,2019-07-20
0000001264,001264,Developmental Check,2019-09-04
0000001264,001264,Home Visit,2019-06-03
0000001264,001264,Home Visit,2019-04-16
0000001265,001265,Developmental Check,2019-10-03
0000001265,001265,Case Management,2021-06-04
0000001265,001265,Case Management,2020-03-24
0000001265,001265,Case Management,2020-02-09
0000001266,001266,Developmental Check,2021-07-05
0000001266,001266,Case Management,2020-10-18
0000001266,001266,Family Support Visit,2021-05-28
0000001266,001266,Case Management,2021-06-30
0000001266,001266,Case Management,2021-07-03
0000001267,001267,Developmental Check,2020-01-04
0000001267,001267,Developmental Check,2019-12-07
0000001267,001267,Home Visit,2019-11-27
0000001267,001267,Family Support Visit,2020-04-09
0000001268,001268,Case Management,2022-07-22
0000001268,001268,Case Management,2021-06-05
0000001268,001268,Case Management,2023-01-23
0000001268,001268,Family Support Visit,2021-03-24
0000001268,001268,Case Management,2022-06-20
0000001268,001268,Family Support Visit,2023-05-18
0000001269,001269,Home Visit,2020-08-21
0000001269,001269,Family Support Visit,2020-10-17
0000001269,001269,Case Management,2020-07-16
0000001270,001270,Developmental Check,2019-10-02
0000001271,001271,Developmental Check,2020-11-29
0000001271,001271,Home Visit,2021-10-02
0000001272,001272,Home Visit,2023-08-20
0000001273,001273,Home Visit,2023-11-17
0000001274,001274,Developmental Check,2022-09-19
0000001275,001275,Home Visit,2023-01-07
0000001275,001275,Home Visit,2022-05-24
0000001276,001276,Developmental Check,2023-11-30
0000001276,001276,Home Visit,2023-02-20
0000001276,001276,Home Visit,2022-11-29
0000001277,001277,Home Visit,2020-03-08
0000001278,001278,Case Management,2021-09-15
0000001278,001278,Case Management,2021-07-21
0000001278,001278,Case Management,2021-11-10
0000001278,001278,Home Visit,2021-07-11
0000001278,001278,Case Management,2021-07-24
0000001278,001278,Family Support Visit,2021-11-20
0000001280,001280,Case Management,2021-12-12
0000001280,001280,Family Support Visit,2022-05-20
0000001280,001280,Home Visit,2022-04-12
0000001280,001280,Developmental Check,2022-07-06
0000001280,001280,Case Management,2022-05-26
0000001280,001280,Developmental Check,2022-01-16
0000001282,001282,Home Visit,2020-11-30
0000001282,001282,Family Support Visit,2021-03-14
0000001282,001282,Developmental Check,2020-06-08
0000001283,001283,Developmental Check,2023-04-25
0000001285,001285,Developmental Check,2020-11-21
0000001287,001287,Developmental Check,2024-03-12
0000001287,001287,Developmental Check,2024-01-29
0000001287,001287,Family Support Visit,2025-03-29
0000001288,001288,Home Visit,2024-01-03
0000001289,001289,Case Management,2020-09-25
0000001289,001289,Case Management,2020-09-16
0000001290,001290,Family Support Visit,2021-04-10
0000001290,001290,Home Visit,2021-10-14
0000001290,001290,Home Visit,2022-11-17
0000001290,001290,Family Support Visit,2021-05-23
0000001290,001290,Developmental Check,2022-01-15
0000001291,001291,Case Management,2025-10-29
0000001292,001292,Family Support Visit,2022-07-30
0000001292,001292,Family Support Visit,2021-04-07
0000001292,001292,Case Management,2021-11-12
0000001293,001293,Developmental Check,2020-04-11
0000001293,001293,Family Support Visit,2020-10-14
0000001294,001294,Case Management,2025-08-12
0000001294,001294,Home Visit,2025-03-20
0000001295,001295,Developmental Check,2022-06-03
0000001295,001295,Family Support Visit,2023-04-03
0000001295,001295,Case Management,2022-06-16
0000001295,001295,Home Visit,2022-06-30
0000001295,001295,Family Support Visit,2023-01-22
0000001296,001296,Developmental Check,2019-04-18
0000001296,001296,Case Management,2019-08-13
0000001297,001297,Case Management,2019-08-07
0000001297,001297,Developmental Check,2020-07-07
0000001297,001297,Case Management,2020-05-07
0000001297,001297,Family Support Visit,2019-06-15
0000001300,001300,Case Management,2020-08-25
0000001300,001300,Home Visit,2022-08-23
0000001301,001301,Home Visit,2019-11-28
0000001303,001303,Home Visit,2023-09-08
0000001303,001303,Home Visit,2023-08-25
0000001305,001305,Family Support Visit,2023-03-13
0000001305,001305,Family Support Visit,2023-03-19
0000001306,001306,Family Support Visit,2020-11-01
0000001306,001306,Developmental Check,2020-11-27
0000001306,001306,Family Support Visit,2020-09-01
0000001306,001306,Home Visit,2020-10-03
0000001306,001306,Developmental Check,2021-01-02
0000001306,001306,Family Support Visit,2020-12-25
0000001307,001307,Case Management,2021-10-14
0000001307,001307,Home Visit,2022-08-23
0000001307,001307,Case Management,2020-12-20
0000001307,001307,Home Visit,2021-07-22
0000001307,001307,Family Support Visit,2021-07-08
0000001308,001308,Developmental Check,2021-04-25
0000001308,001308,Case Management,2021-01-01
0000001309,001309,Developmental Check,2019-08-25
0000001309,001309,Developmental Check,2019-06-20
0000001309,001309,Developmental Check,2019-08-29
0000001310,001310,Case Management,2019-05-25
0000001310,001310,Home Visit,2019-09-15
0000001311,001311,Developmental Check,2022-07-02
0000001311,001311,Home Visit,2022-03-19
0000001311,001311,Home Visit,2021-04-21
0000001312,001312,Family Support Visit,2022-10-13
0000001312,001312,Family Support Visit,2025-03-01
0000001312,001312,Case Management,2025-06-25
0000001314,001314,Family Support Visit,2022-03-14
0000001314,001314,Family Support Visit,2021-08-10
0000001314,001314,Case Management,2024-01-20
0000001314,001314,Case Management,2024-09-05
0000001315,001315,Home Visit,2022-05-08
0000001316,001316,Case Management,2021-05-28
0000001316,001316,Case Management,2021-02-01
0000001316,001316,Home Visit,2021-05-28
0000001317,001317,Family Support Visit,2023-10-14
0000001317,001317,Family Support Visit,2024-11-26
0000001317,001317,Case Management,2023-03-30
0000001318,001318,Developmental Check,2022-09-01
0000001318,001318,Developmental Check,2021-01-12
0000001319,001319,Family Support Visit,2020-03-03
0000001319,001319,Case Management,2020-09-08
0000001319,001319,Family Support Visit,2020-04-01
0000001319,001319,Home Visit,2020-08-02
0000001320,001320,Developmental Check,2022-07-03
0000001320,001320,Family Support Visit,2022-06-19
0000001320,001320,Case Management,2021-12-30
0000001320,001320,Developmental Check,2022-02-28
0000001321,001321,Home Visit,2023-11-11
0000001321,001321,Developmental Check,2023-05-13
0000001321,001321,Family Support Visit,2024-02-11
0000001321,001321,Case Management,2024-09-17
0000001321,001321,Family Support Visit,2023-05-16
0000001321,001321,Case Management,2023-07-15
0000001322,001322,Case Management,2021-06-10
0000001322,001322,Developmental Check,2022-10-31
0000001323,001323,Case Management,2023-01-16
0000001325,001325,Home Visit,2023-05-06
0000001325,001325,Home Visit,2022-10-20
0000001326,001326,Case Management,2023-05-21
0000001326,001326,Case Management,2023-03-25
0000001326,001326,Developmental Check,2022-04-29
0000001326,001326,Home Visit,2023-01-14
0000001326,001326,Developmental Check,2021-12-03
0000001327,001327,Case Management,2021-06-22
0000001327,001327,Developmental Check,2021-09-29
0000001327,001327,Family Support Visit,2021-11-02
0000001328,001328,Developmental Check,2021-11-24
0000001328,001328,Home Visit,2025-06-27
0000001330,001330,Developmental Check,2021-12-21
0000001330,001330,Home Visit,2021-10-15
0000001331,001331,Case Management,2021-04-11
0000001332,001332,Case Management,2021-08-04
0000001333,001333,Developmental Check,2024-10-01
0000001333,001333,Developmental Check,2025-12-26
0000001334,001334,Developmental Check,2023-10-27
0000001335,001335,Case Management,2024-06-25
0000001336,001336,Case Management,2021-11-16
0000001336,001336,Family Support Visit,2021-02-17
0000001336,001336,Home Visit,2021-04-10
0000001337,001337,Family Support Visit,2022-02-02
0000001337,001337,Developmental Check,2020-12-26
0000001337,001337,Family Support Visit,2023-01-11
0000001337,001337,Family Support Visit,2022-10-09
0000001338,001338,Case Management,2023-08-11
0000001338,001338,Developmental Check,2025-06-10
0000001339,001339,Developmental Check,2025-03-17
0000001339,001339,Developmental Check,2025-02-20
0000001339,001339,Case Management,2024-09-25
0000001340,001340,Developmental Check,2024-09-05
0000001340,001340,Developmental Check,2024-09-16
0000001340,001340,Case Management,2023-08-14
0000001341,001341,Case Management,2021-02-19
0000001341,001341,Case Management,2020-10-09
0000001342,001342,Family Support Visit,2020-06-15
0000001342,001342,Developmental Check,2021-06-16
0000001343,001343,Case Management,2023-10-07
0000001343,001343,Home Visit,2021-10-03
0000001344,001344,Case Management,2023-11-04
0000001344,001344,Family Support Visit,2027-05-08
0000001345,001345,Developmental Check,2023-12-22
0000001345,001345,Case Management,2020-02-14
0000001346,001346,Home Visit,2019-12-10
0000001346,001346,Developmental Check,2019-02-24
0000001347,001347,Home Visit,2020-07-22
0000001348,001348,Home Visit,2019-11-19
0000001349,001349,Case Management,2018-07-03
0000001349,001349,Case Management,2019-05-25
0000001349,001349,Developmental Check,2018-07-14
0000001350,001350,Case Management,2019-06-15
0000001351,001351,Case Management,2023-03-22
0000001352,001352,Developmental Check,2020-07-13
0000001352,001352,Family Support Visit,2022-09-28
0000001352,001352,Family Support Visit,2020-09-09
0000001352,001352,Case Management,2020-12-04
0000001353,001353,Case Management,2020-01-20
0000001354,001354,Developmental Check,2019-05-16
0000001356,001356,Home Visit,2022-08-24
0000001357,001357,Case Management,2022-07-15
0000001357,001357,Developmental Check,2022-01-17
0000001358,001358,Home Visit,2021-02-18
0000001358,001358,Developmental Check,2022-11-08
0000001359,001359,Home Visit,2023-06-04
0000001359,001359,Family Support Visit,2024-03-17
0000001360,001360,Developmental Check,2024-04-02
0000001360,001360,Case Management,2023-09-14
0000001361,001361,Family Support Visit,2019-05-02
0000001362,001362,Developmental Check,2021-06-20
0000001362,001362,Case Management,2022-05-10
0000001362,001362,Developmental Check,2022-09-05
0000001363,001363,Family Support Visit,2021-07-24
0000001363,001363,Home Visit,2021-01-17
0000001363,001363,Home Visit,2021-06-23
0000001363,001363,Home Visit,2022-08-27
0000001364,001364,Home Visit,2021-10-12
0000001364,001364,Home Visit,2022-06-03
0000001364,001364,Developmental Check,2021-12-24
0000001365,001365,Case Management,2024-12-17
0000001365,001365,Home Visit,2022-12-25
0000001366,001366,Family Support Visit,2020-02-02
0000001366,001366,Home Visit,2021-01-28
0000001366,001366,Developmental Check,2020-09-29
0000001367,001367,Case Management,2022-06-03
0000001367,001367,Family Support Visit,2022-07-23
0000001367,001367,Case Management,2022-12-05
0000001368,001368,Developmental Check,2022-07-19
0000001369,001369,Case Management,2023-03-26
0000001369,001369,Home Visit,2024-07-21
0000001369,001369,Case Management,2023-06-17
0000001371,001371,Case Management,2024-11-26
0000001371,001371,Family Support Visit,2024-06-23
0000001374,001374,Case Management,2026-05-31
0000001374,001374,Case Management,2026-08-04
0000001374,001374,Case Management,2025-03-05
0000001375,001375,Family Support Visit,2023-08-28
0000001375,001375,Developmental Check,2022-04-03
0000001376,001376,Family Support Visit,2019-10-18
0000001376,001376,Case Management,2021-02-08
0000001377,001377,Home Visit,2022-06-30
0000001378,001378,Family Support Visit,2023-06-15
0000001378,001378,Family Support Visit,2025-08-09
0000001379,001379,Case Management,2024-04-18
0000001380,001380,Home Visit,2020-01-06
0000001381,001381,Home Visit,2020-04-03
0000001381,001381,Family Support Visit,2024-04-10
0000001381,001381,Home Visit,2024-04-25
0000001382,001382,Home Visit,2021-04-08
0000001382,001382,Family Support Visit,2021-05-04
0000001382,001382,Family Support Visit,2021-01-25
0000001383,001383,Case Management,2024-03-14
0000001383,001383,Family Support Visit,2024-10-24
0000001383,001383,Case Management,2025-12-22
0000001383,001383,Family Support Visit,2024-02-20
0000001384,001384,Family Support Visit,2024-04-29
0000001385,001385,Case Management,2019-05-09
0000001385,001385,Family Support Visit,2019-10-12
0000001385,001385,Home Visit,2020-02-25
0000001386,001386,Home Visit,2021-05-20
0000001386,001386,Case Management,2022-10-17
0000001386,001386,Home Visit,2021-08-17
0000001387,001387,Home Visit,2019-08-11
0000001387,001387,Developmental Check,2019-09-15
0000001387,001387,Home Visit,2019-09-15
0000001387,001387,Developmental Check,2019-06-28
0000001387,001387,Case Management,2019-10-22
0000001388,001388,Developmental Check,2022-09-30
0000001388,001388,Family Support Visit,2023-09-14
0000001388,001388,Case Management,2024-06-04
0000001389,001389,Case Management,2022-11-09
0000001390,001390,Developmental Check,2022-04-01
0000001390,001390,Family Support Visit,2022-05-03
0000001390,001390,Case Management,2023-03-23
0000001390,001390,Developmental Check,2020-12-25
0000001391,001391,Case Management,2022-12-11
0000001391,001391,Home Visit,2024-05-16
0000001393,001393,Developmental Check,2025-12-26
0000001393,001393,Home Visit,2025-07-21
0000001394,001394,Home Visit,2023-12-22
0000001395,001395,Family Support Visit,2021-05-14
0000001396,001396,Case Management,2023-05-27
0000001396,001396,Home Visit,2023-01-12
0000001397,001397,Case Management,2020-09-03
0000001397,001397,Family Support Visit,2021-02-27
0000001397,001397,Case Management,2021-07-24
0000001398,001398,Family Support Visit,2020-08-13
0000001398,001398,Family Support Visit,2020-09-24
0000001398,001398,Developmental Check,2020-05-12
0000001398,001398,Family Support Visit,2019-12-25
0000001399,001399,Developmental Check,2024-05-26
0000001399,001399,Home Visit,2025-04-02
0000001400,001400,Developmental Check,2022-02-03
0000001400,001400,Case Management,2021-05-26
0000001401,001401,Family Support Visit,2024-03-05
0000001401,001401,Developmental Check,2021-02-12
0000001402,001402,Family Support Visit,2022-02-12
0000001402,001402,Case Management,2021-02-05
0000001402,001402,Home Visit,2021-10-02
0000001402,001402,Case Management,2021-04-05
0000001403,001403,Home Visit,2023-01-18
0000001403,001403,Developmental Check,2023-02-23
0000001403,001403,Developmental Check,2022-01-13
0000001404,001404,Home Visit,2023-02-07
0000001404,001404,Case Management,2023-11-17
0000001406,001406,Case Management,2023-08-04
0000001406,001406,Developmental Check,2023-11-19
0000001406,001406,Family Support Visit,2024-06-13
0000001407,001407,Developmental Check,2024-03-08
0000001407,001407,Developmental Check,2024-01-24
0000001408,001408,Home Visit,2022-08-07
0000001409,001409,Case Management,2023-05-24
0000001409,001409,Developmental Check,2023-05-22
0000001409,001409,Family Support Visit,2023-02-19
0000001409,001409,Developmental Check,2024-05-10
0000001409,001409,Family Support Visit,2024-05-13
0000001409,001409,Case Management,2024-04-03
0000001410,001410,Developmental Check,2022-04-01
0000001411,001411,Home Visit,2019-09-07
0000001411,001411,Home Visit,2019-10-18
0000001411,001411,Family Support Visit,2020-01-20
0000001412,001412,Home Visit,2025-10-27
0000001414,001414,Home Visit,2019-01-26
0000001414,001414,Home Visit,2022-05-02
0000001415,001415,Family Support Visit,2022-11-03
0000001416,001416,Developmental Check,2019-11-06
0000001416,001416,Family Support Visit,2019-03-24
0000001416,001416,Home Visit,2020-11-03
0000001416,001416,Family Support Visit,2018-10-23
0000001416,001416,Case Management,2019-01-31
0000001416,001416,Case Management,2020-12-30
0000001417,001417,Family Support Visit,2023-01-07
0000001418,001418,Developmental Check,2020-11-28
0000001419,001419,Developmental Check,2022-04-10
0000001420,001420,Developmental Check,2020-01-19
0000001420,001420,Family Support Visit,2019-10-26
0000001421,001421,Family Support Visit,2022-09-01
0000001421,001421,Developmental Check,2022-09-22
0000001421,001421,Family Support Visit,2021-10-11
0000001422,001422,Developmental Check,2022-03-20
0000001422,001422,Home Visit,2023-08-31
0000001423,001423,Family Support Visit,2023-01-22
0000001423,001423,Case Management,2022-12-24
0000001424,001424,Home Visit,2024-07-02
0000001424,001424,Home Visit,2023-10-16
0000001424,001424,Developmental Check,2023-06-01
0000001424,001424,Developmental Check,2024-06-08
0000001424,001424,Developmental Check,2023-03-23
0000001425,001425,Case Management,2023-06-02
0000001426,001426,Family Support Visit,2023-06-16
0000001426,001426,Case Management,2026-07-28
0000001428,001428,Developmental Check,2021-09-20
0000001429,001429,Developmental Check,2022-10-21
0000001429,001429,Home Visit,2022-10-01
0000001429,001429,Home Visit,2022-10-13
0000001429,001429,Home Visit,2022-09-25
0000001430,001430,Developmental Check,2025-11-19
0000001431,001431,Case Management,2021-02-04
0000001431,001431,Developmental Check,2021-01-11
0000001435,001435,Case Management,2022-05-20
0000001435,001435,Developmental Check,2022-11-06
0000001436,001436,Case Management,2019-09-09
0000001436,001436,Developmental Check,2019-08-12
0000001437,001437,Home Visit,2021-08-01
0000001438,001438,Home Visit,2021-07-02
0000001438,001438,Home Visit,2021-08-19
0000001439,001439,Developmental Check,2023-10-15
0000001439,001439,Developmental Check,2022-06-05
0000001440,001440,Developmental Check,2022-06-12
0000001441,001441,Developmental Check,2022-01-19
0000001441,001441,Family Support Visit,2022-08-14
0000001442,001442,Family Support Visit,2021-03-15
0000001442,001442,Home Visit,2020-01-22
0000001442,001442,Case Management,2021-04-22
0000001443,001443,Home Visit,2022-03-14
0000001443,001443,Case Management,2023-10-19
0000001443,001443,Home Visit,2023-06-11
0000001443,001443,Family Support Visit,2022-04-04
0000001444,001444,Developmental Check,2022-12-09
0000001444,001444,Home Visit,2022-02-18
0000001444,001444,Home Visit,2023-04-01
0000001445,001445,Developmental Check,2022-02-13
0000001446,001446,Developmental Check,2024-07-19
0000001446,001446,Developmental Check,2022-08-26
0000001446,001446,Family Support Visit,2022-04-17
0000001447,001447,Family Support Visit,2022-02-16
0000001448,001448,Family Support Visit,2020-09-08
0000001448,001448,Case Management,2021-08-01
0000001450,001450,Family Support Visit,2023-01-26
0000001450,001450,Home Visit,2025-02-28
0000001450,001450,Family Support Visit,2024-01-06
0000001451,001451,Developmental Check,2020-10-12
0000001452,001452,Developmental Check,2021-08-18
0000001452,001452,Family Support Visit,2021-02-10
0000001452,001452,Family Support Visit,2021-08-22
0000001453,001453,Home Visit,2021-12-01
0000001453,001453,Home Visit,2021-03-20
0000001453,001453,Home Visit,2021-03-21
0000001453,001453,Home Visit,2021-07-10
0000001454,001454,Case Management,2019-06-06
0000001454,001454,Home Visit,2019-09-06
0000001454,001454,Family Support Visit,2023-04-29
0000001454,001454,Family Support Visit,2023-04-05
0000001457,001457,Case Management,2023-03-12
0000001457,001457,Home Visit,2023-09-17
0000001457,001457,Case Management,2023-08-02
0000001457,001457,Developmental Check,2022-06-28
0000001458,001458,Case Management,2024-03-13
0000001458,001458,Home Visit,2022-08-24
0000001458,001458,Family Support Visit,2023-10-19
0000001459,001459,Home Visit,2021-07-27
0000001459,001459,Home Visit,2023-05-09
0000001460,001460,Home Visit,2019-09-18
0000001460,001460,Case Management,2019-04-20
0000001460,001460,Home Visit,2020-07-10
0000001460,001460,Case Management,2019-01-22
0000001461,001461,Developmental Check,2024-02-26
0000001461,001461,Case Management,2024-03-09
0000001461,001461,Family Support Visit,2024-03-31
0000001461,001461,Family Support Visit,2023-12-17
0000001461,001461,Home Visit,2024-04-19
0000001462,001462,Home Visit,2020-08-21
0000001464,001464,Home Visit,2021-05-08
0000001464,001464,Family Support Visit,2023-06-01
0000001465,001465,Developmental Check,2022-10-06
0000001465,001465,Case Management,2021-08-26
0000001465,001465,Family Support Visit,2022-04-30
0000001465,001465,Developmental Check,2022-02-15
0000001466,001466,Case Management,2020-08-02
0000001466,001466,Home Visit,2020-09-25
0000001466,001466,Family Support Visit,2020-12-02
0000001466,001466,Family Support Visit,2020-08-03
0000001466,001466,Home Visit,2020-12-08
0000001466,001466,Case Management,2020-08-20
0000001467,001467,Case Management,2024-03-11
0000001468,001468,Home Visit,2021-10-21
0000001468,001468,Case Management,2021-01-28
0000001469,001469,Home Visit,2021-06-30
0000001469,001469,Developmental Check,2021-04-29
0000001470,001470,Developmental Check,2023-11-04
0000001470,001470,Developmental Check,2023-04-05
0000001470,001470,Case Management,2023-10-30
0000001470,001470,Family Support Visit,2024-02-07
0000001471,001471,Developmental Check,2022-06-29
0000001471,001471,Home Visit,2022-02-14
0000001471,001471,Developmental Check,2022-04-13
0000001471,001471,Developmental Check,2022-05-29
0000001472,001472,Developmental Check,2020-03-05
0000001472,001472,Case Management,2020-03-14
0000001472,001472,Case Management,2021-03-26
0000001472,001472,Developmental Check,2020-05-18
0000001473,001473,Case Management,2024-08-05
0000001473,001473,Home Visit,2022-02-17
0000001473,001473,Home Visit,2025-09-11
0000001474,001474,Developmental Check,2021-10-06
0000001475,001475,Family Support Visit,2021-04-30
0000001475,001475,Family Support Visit,2021-04-16
0000001475,001475,Family Support Visit,2020-12-31
0000001475,001475,Case Management,2020-06-25
0000001477,001477,Home Visit,2020-06-17
0000001477,001477,Family Support Visit,2020-10-27
0000001477,001477,Family Support Visit,2020-10-14
0000001477,001477,Family Support Visit,2020-10-16
0000001477,001477,Case Management,2021-05-30
0000001478,001478,Developmental Check,2020-04-18
0000001479,001479,Case Management,2023-01-22
0000001479,001479,Home Visit,2024-12-09
0000001482,001482,Family Support Visit,2022-05-17
0000001483,001483,Developmental Check,2021-09-12
0000001483,001483,Family Support Visit,2021-05-24
0000001484,001484,Case Management,2022-04-13
0000001484,001484,Case Management,2020-11-23
0000001484,001484,Developmental Check,2021-01-18
0000001484,001484,Family Support Visit,2021-07-08
0000001486,001486,Developmental Check,2024-12-22
0000001486,001486,Family Support Visit,2023-11-14
0000001486,001486,Developmental Check,2022-10-24
0000001487,001487,Home Visit,2021-08-08
0000001487,001487,Case Management,2021-08-25
0000001487,001487,Home Visit,2021-07-15
0000001488,001488,Developmental Check,2025-01-01
0000001488,001488,Family Support Visit,2024-08-21
0000001489,001489,Home Visit,2020-04-09
0000001489,001489,Family Support Visit,2018-05-23
0000001490,001490,Family Support Visit,2020-07-26
0000001491,001491,Case Management,2022-04-18
0000001491,001491,Home Visit,2022-03-20
0000001491,001491,Developmental Check,2023-08-22
0000001491,001491,Case Management,2022-06-10
0000001492,001492,Home Visit,2022-12-27
0000001492,001492,Family Support Visit,2020-08-26
0000001494,001494,Case Management,2018-11-17
0000001494,001494,Home Visit,2018-07-08
0000001494,001494,Developmental Check,2018-06-19
0000001494,001494,Family Support Visit,2019-02-23
0000001494,001494,Developmental Check,2018-11-14
0000001495,001495,Home Visit,2021-08-26
0000001495,001495,Case Management,2021-04-06
0000001495,001495,Family Support Visit,2021-01-04
0000001496,001496,Case Management,2019-04-22
0000001496,001496,Developmental Check,2019-06-29
0000001496,001496,Home Visit,2019-01-21
0000001497,001497,Home Visit,2023-05-26
0000001497,001497,Developmental Check,2023-03-11
0000001497,001497,Case Management,2023-04-17
0000001497,001497,Home Visit,2023-04-20
0000001497,001497,Family Support Visit,2023-04-13
0000001497,001497,Home Visit,2023-05-29
0000001498,001498,Case Management,2020-03-27
0000001498,001498,Developmental Check,2020-05-24
0000001498,001498,Home Visit,2019-09-02
0000001499,001499,Family Support Visit,2023-06-28
0000001499,001499,Family Support Visit,2025-03-16
0000001500,001500,Family Support Visit,2024-10-03
0000001500,001500,Developmental Check,2023-02-19
0000001501,001501,Family Support Visit,2020-12-18
0000001501,001501,Case Management,2020-09-17
0000001502,001502,Family Support Visit,2021-07-01
0000001502,001502,Family Support Visit,2021-07-12
0000001503,001503,Family Support Visit,2023-04-20
0000001503,001503,Family Support Visit,2026-03-27
0000001503,001503,Home Visit,2023-11-09
0000001503,001503,Family Support Visit,2022-09-26
0000001503,001503,Case Management,2025-06-15
0000001504,001504,Case Management,2022-11-06
0000001505,001505,Case Management,2022-05-27
0000001506,001506,Family Support Visit,2023-02-05
0000001506,001506,Family Support Visit,2023-02-20
0000001506,001506,Home Visit,2022-12-25
0000001506,001506,Family Support Visit,2022-12-15
0000001506,001506,Case Management,2023-06-15
0000001506,001506,Home Visit,2023-03-14
0000001507,001507,Case Management,2023-05-15
0000001507,001507,Home Visit,2023-11-25
0000001507,001507,Case Management,2021-11-02
0000001508,001508,Case Management,2020-01-01
0000001508,001508,Case Management,2021-11-24
0000001511,001511,Case Management,2022-04-30
0000001511,001511,Case Management,2025-04-25
0000001511,001511,Developmental Check,2022-03-27
0000001512,001512,Developmental Check,2019-10-10
0000001512,001512,Family Support Visit,2020-03-26
0000001512,001512,Case Management,2020-02-04
0000001512,001512,Developmental Check,2019-06-23
0000001513,001513,Developmental Check,2021-11-29
0000001513,001513,Developmental Check,2024-01-23
0000001514,001514,Developmental Check,2019-12-20
0000001515,001515,Home Visit,2022-09-02
0000001515,001515,Family Support Visit,2022-07-29
0000001515,001515,Developmental Check,2023-05-22
0000001515,001515,Case Management,2021-11-12
0000001516,001516,Home Visit,2020-03-05
0000001516,001516,Case Management,2022-01-20
0000001516,001516,Case Management,2021-12-19
0000001516,001516,Case Management,2021-12-15
0000001517,001517,Developmental Check,2023-10-12
0000001517,001517,Developmental Check,2023-02-21
0000001517,001517,Family Support Visit,2023-01-14
0000001518,001518,Case Management,2023-10-14
0000001518,001518,Case Management,2025-04-29
0000001518,001518,Home Visit,2023-03-30
0000001520,001520,Developmental Check,2020-11-03
0000001520,001520,Case Management,2020-12-22
0000001520,001520,Family Support Visit,2020-07-21
0000001520,001520,Case Management,2020-12-25
0000001521,001521,Developmental Check,2022-08-30
0000001521,001521,Case Management,2023-01-17
0000001521,001521,Family Support Visit,2022-11-19
0000001521,001521,Case Management,2023-04-22
0000001521,001521,Case Management,2022-10-11
0000001521,001521,Family Support Visit,2023-02-22
0000001522,001522,Home Visit,2021-02-14
0000001523,001523,Case Management,2022-10-03
0000001523,001523,Home Visit,2022-09-16
0000001523,001523,Family Support Visit,2022-08-17
0000001524,001524,Home Visit,2021-05-06
0000001524,001524,Family Support Visit,2020-04-03
0000001526,001526,Case Management,2024-09-09
0000001527,001527,Developmental Check,2024-01-12
0000001527,001527,Case Management,2023-06-13
0000001528,001528,Home Visit,2021-01-10
0000001528,001528,Developmental Check,2020-06-28
0000001528,001528,Home Visit,2020-12-31
0000001528,001528,Developmental Check,2019-11-22
0000001529,001529,Developmental Check,2021-06-05
0000001529,001529,Case Management,2019-11-19
0000001530,001530,Home Visit,2024-11-30
0000001530,001530,Developmental Check,2025-12-11
0000001531,001531,Case Management,2022-05-22
0000001531,001531,Case Management,2024-12-22
0000001532,001532,Family Support Visit,2020-11-21
0000001532,001532,Case Management,2021-04-23
0000001532,001532,Home Visit,2020-12-07
0000001532,001532,Developmental Check,2022-05-21
0000001533,001533,Case Management,2024-07-30
0000001533,001533,Case Management,2025-07-12
0000001534,001534,Case Management,2022-12-26
0000001535,001535,Developmental Check,2019-02-13
0000001535,001535,Home Visit,2021-07-12
0000001536,001536,Developmental Check,2021-01-29
0000001536,001536,Family Support Visit,2021-01-12
0000001536,001536,Case Management,2020-10-06
0000001536,001536,Developmental Check,2020-08-18
0000001536,001536,Case Management,2020-09-27
0000001536,001536,Family Support Visit,2020-12-24
0000001537,001537,Developmental Check,2024-12-21
0000001538,001538,Family Support Visit,2022-05-30
0000001538,001538,Family Support Visit,2022-04-05
0000001538,001538,Developmental Check,2021-07-16
0000001538,001538,Family Support Visit,2021-10-25
0000001539,001539,Case Management,2021-07-24
0000001539,001539,Developmental Check,2022-06-08
0000001540,001540,Home Visit,2027-01-14
0000001540,001540,Family Support Visit,2025-01-16
0000001542,001542,Home Visit,2020-04-24
0000001542,001542,Developmental Check,2022-08-19
0000001543,001543,Family Support Visit,2022-07-11
0000001543,001543,Case Management,2021-12-24
0000001544,001544,Developmental Check,2021-03-13
0000001544,001544,Developmental Check,2021-02-17
0000001544,001544,Home Visit,2021-02-26
0000001545,001545,Home Visit,2023-06-09
0000001546,001546,Case Management,2020-05-26
0000001546,001546,Family Support Visit,2020-04-01
0000001547,001547,Case Management,2022-11-07
0000001547,001547,Home Visit,2022-08-03
0000001547,001547,Developmental Check,2022-07-06
0000001547,001547,Family Support Visit,2022-07-12
0000001547,001547,Family Support Visit,2022-06-10
0000001547,001547,Case Management,2022-01-08
0000001548,001548,Case Management,2023-01-27
0000001548,001548,Developmental Check,2023-02-24
0000001550,001550,Case Management,2021-10-02
0000001550,001550,Developmental Check,2021-08-13
0000001550,001550,Home Visit,2020-01-23
0000001550,001550,Family Support Visit,2021-05-03
0000001550,001550,Developmental Check,2021-06-05
0000001550,001550,Case Management,2020-01-29
0000001551,001551,Home Visit,2022-10-30
0000001551,001551,Case Management,2021-12-30
0000001551,001551,Case Management,2020-05-21
0000001552,001552,Developmental Check,2019-05-13
0000001552,001552,Developmental Check,2019-10-02
0000001552,001552,Family Support Visit,2019-04-09
0000001553,001553,Family Support Visit,2019-09-28
0000001553,001553,Developmental Check,2019-01-09
0000001553,001553,Home Visit,2019-09-19
0000001553,001553,Home Visit,2019-04-25
0000001554,001554,Case Management,2022-01-09
0000001554,001554,Family Support Visit,2022-05-24
0000001556,001556,Family Support Visit,2020-04-25
0000001557,001557,Family Support Visit,2021-04-14
0000001557,001557,Developmental Check,2021-10-05
0000001557,001557,Developmental Check,2021-10-09
0000001558,001558,Family Support Visit,2020-11-24
0000001558,001558,Family Support Visit,2020-07-27
0000001558,001558,Family Support Visit,2020-10-31
0000001558,001558,Family Support Visit,2020-07-09
0000001558,001558,Family Support Visit,2020-08-02
0000001559,001559,Home Visit,2021-08-16
0000001559,001559,Developmental Check,2022-08-31
0000001559,001559,Home Visit,2020-11-24
0000001560,001560,Case Management,2021-09-25
0000001560,001560,Developmental Check,2021-08-24
0000001560,001560,Family Support Visit,2021-11-22
0000001560,001560,Family Support Visit,2022-01-30
0000001561,001561,Family Support Visit,2022-06-25
0000001561,001561,Developmental Check,2022-04-28
0000001562,001562,Case Management,2021-12-21
0000001565,001565,Family Support Visit,2020-12-07
0000001565,001565,Home Visit,2022-01-12
0000001566,001566,Developmental Check,2021-02-28
0000001566,001566,Developmental Check,2021-03-03
0000001567,001567,Developmental Check,2021-08-12
0000001567,001567,Home Visit,2021-02-19
0000001568,001568,Home Visit,2022-05-21
0000001568,001568,Home Visit,2022-06-14
0000001569,001569,Family Support Visit,2022-05-12
0000001569,001569,Case Management,2022-01-11
0000001569,001569,Developmental Check,2021-02-22
0000001569,001569,Developmental Check,2021-08-28
0000001569,001569,Developmental Check,2022-02-07
0000001569,001569,Developmental Check,2022-10-15
0000001570,001570,Home Visit,2021-11-12
0000001570,001570,Family Support Visit,2020-06-23
0000001572,001572,Family Support Visit,2022-09-24
0000001573,001573,Family Support Visit,2021-01-08
0000001573,001573,Case Management,2020-09-14
0000001573,001573,Developmental Check,2020-09-30
0000001573,001573,Developmental Check,2021-01-18
0000001575,001575,Family Support Visit,2022-09-18
0000001575,001575,Developmental Check,2023-12-21
0000001576,001576,Family Support Visit,2021-01-10
0000001576,001576,Home Visit,2020-10-10
0000001576,001576,Developmental Check,2020-11-16
0000001576,001576,Developmental Check,2020-11-03
0000001577,001577,Case Management,2021-07-30
0000001578,001578,Home Visit,2022-08-28
0000001578,001578,Developmental Check,2022-08-02
0000001579,001579,Home Visit,2020-08-02
0000001579,001579,Developmental Check,2022-03-02
0000001579,001579,Home Visit,2021-08-13
0000001581,001581,Home Visit,2024-03-02
0000001582,001582,Home Visit,2022-09-09
0000001582,001582,Home Visit,2022-07-05
0000001582,001582,Developmental Check,2022-08-23
0000001582,001582,Family Support Visit,2021-12-04
0000001583,001583,Family Support Visit,2021-08-20
0000001583,001583,Case Management,2022-12-30
0000001583,001583,Case Management,2021-11-20
0000001583,001583,Home Visit,2022-10-19
0000001584,001584,Home Visit,2023-02-24
0000001584,001584,Case Management,2024-10-12
0000001587,001587,Family Support Visit,2023-04-17
0000001588,001588,Case Management,2021-11-10
0000001589,001589,Home Visit,2023-08-01
0000001589,001589,Case Management,2023-11-01
0000001590,001590,Home Visit,2022-01-23
0000001590,001590,Case Management,2025-03-29
0000001592,001592,Developmental Check,2024-05-10
0000001593,001593,Developmental Check,2023-05-23
0000001594,001594,Case Management,2022-12-27
0000001594,001594,Home Visit,2023-09-21
0000001595,001595,Family Support Visit,2022-07-04
0000001596,001596,Home Visit,2019-11-28
0000001596,001596,Home Visit,2020-07-20
0000001596,001596,Family Support Visit,2020-02-03
0000001597,001597,Home Visit,2019-08-20
0000001598,001598,Family Support Visit,2022-02-24
0000001599,001599,Family Support Visit,2022-11-02
0000001599,001599,Family Support Visit,2023-04-21
0000001599,001599,Case Management,2025-06-29
0000001599,001599,Home Visit,2022-12-24
0000001600,001600,Developmental Check,2020-05-02
0000001600,001600,Home Visit,2022-09-09
0000001600,001600,Case Management,2021-12-09
0000001600,001600,Developmental Check,2022-05-10
0000001602,001602,Case Management,2021-07-15
0000001602,001602,Developmental Check,2021-03-30
0000001603,001603,Developmental Check,2024-05-07
0000001603,001603,Developmental Check,2022-05-17
0000001604,001604,Developmental Check,2023-08-06
0000001604,001604,Family Support Visit,2025-01-04
0000001604,001604,Developmental Check,2023-11-13
0000001604,001604,Developmental Check,2024-06-03
0000001604,001604,Case Management,2023-07-07
0000001605,001605,Family Support Visit,2021-04-15
0000001605,001605,Family Support Visit,2022-02-03
0000001605,001605,Home Visit,2022-06-09
0000001606,001606,Case Management,2023-12-11
0000001606,001606,Developmental Check,2023-12-16
0000001606,001606,Family Support Visit,2023-03-28
0000001607,001607,Case Management,2024-08-07
0000001608,001608,Case Management,2021-12-02
0000001609,001609,Developmental Check,2026-01-02
0000001610,001610,Case Management,2022-02-16
0000001610,001610,Home Visit,2021-12-16
0000001610,001610,Family Support Visit,2022-05-24
0000001610,001610,Developmental Check,2021-08-26
0000001611,001611,Family Support Visit,2020-02-20
0000001611,001611,Case Management,2018-11-29
0000001611,001611,Developmental Check,2019-08-23
0000001611,001611,Family Support Visit,2020-08-21
0000001612,001612,Case Management,2022-08-20
0000001612,001612,Developmental Check,2020-02-13
0000001612,001612,Developmental Check,2021-07-31
0000001613,001613,Home Visit,2025-08-02
0000001613,001613,Family Support Visit,2025-10-08
0000001614,001614,Family Support Visit,2022-10-05
0000001615,001615,Case Management,2022-08-29
0000001615,001615,Home Visit,2023-09-26
0000001616,001616,Developmental Check,2019-09-15
0000001616,001616,Family Support Visit,2020-06-11
0000001617,001617,Family Support Visit,2023-01-19
0000001617,001617,Developmental Check,2022-04-05
0000001619,001619,Case Management,2022-01-21
0000001619,001619,Developmental Check,2021-07-08
0000001619,001619,Home Visit,2021-08-03
0000001619,001619,Family Support Visit,2022-06-12
0000001620,001620,Family Support Visit,2022-02-16
0000001620,001620,Family Support Visit,2021-06-10
0000001620,001620,Home Visit,2020-10-18
0000001620,001620,Developmental Check,2021-04-10
0000001620,001620,Family Support Visit,2021-12-08
0000001620,001620,Home Visit,2020-09-14
0000001621,001621,Developmental Check,2021-08-29
0000001621,001621,Developmental Check,2022-12-17
0000001623,001623,Home Visit,2020-11-28
0000001623,001623,Case Management,2021-03-30
0000001624,001624,Developmental Check,2020-07-10
0000001624,001624,Family Support Visit,2020-06-22
0000001625,001625,Case Management,2021-11-09
0000001625,001625,Developmental Check,2021-06-18
0000001625,001625,Home Visit,2021-05-11
0000001626,001626,Home Visit,2023-03-23
0000001627,001627,Case Management,2021-11-18
0000001627,001627,Home Visit,2022-12-12
0000001631,001631,Family Support Visit,2022-03-11
0000001631,001631,Home Visit,2021-08-04
0000001631,001631,Developmental Check,2023-07-10
0000001631,001631,Home Visit,2022-03-19
0000001632,001632,Family Support Visit,2021-05-08
0000001632,001632,Home Visit,2021-01-19
0000001632,001632,Developmental Check,2020-04-29
0000001632,001632,Developmental Check,2021-07-22
0000001633,001633,Home Visit,2021-07-18
0000001633,001633,Family Support Visit,2020-11-24
0000001633,001633,Family Support Visit,2020-12-10
0000001633,001633,Developmental Check,2020-09-05
0000001634,001634,Family Support Visit,2021-12-14
0000001634,001634,Family Support Visit,2022-02-27
0000001634,001634,Case Management,2021-11-11
0000001634,001634,Family Support Visit,2022-03-20
0000001634,001634,Home Visit,2022-05-16
0000001635,001635,Developmental Check,2023-05-10
0000001636,001636,Home Visit,2021-11-21
0000001636,001636,Developmental Check,2024-02-13
0000001636,001636,Home Visit,2022-11-16
0000001636,001636,Family Support Visit,2022-01-19
0000001636,001636,Case Management,2024-08-09
0000001637,001637,Home Visit,2022-02-13
0000001639,001639,Developmental Check,2022-05-09
0000001639,001639,Developmental Check,2020-11-14
0000001640,001640,Home Visit,2024-09-08
0000001641,001641,Case Management,2020-04-25
0000001642,001642,Developmental Check,2019-08-16
0000001642,001642,Family Support Visit,2019-12-22
0000001642,001642,Developmental Check,2020-03-15
0000001642,001642,Case Management,2019-05-07
0000001643,001643,Case Management,2022-03-24
0000001644,001644,Case Management,2021-09-27
0000001644,001644,Home Visit,2020-09-07
0000001644,001644,Case Management,2023-03-09
0000001645,001645,Family Support Visit,2019-09-07
0000001646,001646,Case Management,2022-12-30
0000001646,001646,Family Support Visit,2020-10-31
0000001646,001646,Family Support Visit,2022-06-07
0000001646,001646,Case Management,2020-12-28
0000001647,001647,Family Support Visit,2021-06-12
0000001648,001648,Developmental Check,2021-10-11
0000001648,001648,Home Visit,2020-11-15
0000001649,001649,Home Visit,2022-02-04
0000001650,001650,Family Support Visit,2022-03-01
0000001650,001650,Developmental Check,2021-12-11
0000001650,001650,Case Management,2022-02-01
0000001650,001650,Home Visit,2022-03-01
0000001650,001650,Home Visit,2022-05-22
0000001650,001650,Developmental Check,2021-09-02
0000001651,001651,Home Visit,2019-06-14
0000001651,001651,Family Support Visit,2019-08-28
0000001651,001651,Home Visit,2019-07-14
0000001652,001652,Case Management,2022-03-27
0000001652,001652,Developmental Check,2021-09-17
0000001652,001652,Home Visit,2020-04-15
0000001652,001652,Developmental Check,2020-01-18
0000001653,001653,Case Management,2020-11-19
0000001655,001655,Family Support Visit,2024-12-16
0000001656,001656,Family Support Visit,2023-12-17
0000001656,001656,Developmental Check,2021-08-28
0000001656,001656,Case Management,2022-11-24
0000001657,001657,Developmental Check,2024-09-02
0000001657,001657,Family Support Visit,2025-09-09
0000001657,001657,Developmental Check,2024-09-05
0000001658,001658,Family Support Visit,2020-12-07
0000001658,001658,Family Support Visit,2021-01-09
0000001658,001658,Developmental Check,2021-06-10
0000001658,001658,Developmental Check,2021-01-04
0000001659,001659,Home Visit,2023-04-03
0000001660,001660,Developmental Check,2021-05-17
0000001660,001660,Home Visit,2022-01-26
0000001660,001660,Home Visit,2022-05-31
0000001661,001661,Home Visit,2021-08-18
0000001661,001661,Home Visit,2021-11-29
0000001661,001661,Family Support Visit,2022-11-05
0000001661,001661,Developmental Check,2023-05-13
0000001662,001662,Family Support Visit,2021-12-05
0000001662,001662,Family Support Visit,2021-11-17
0000001663,001663,Family Support Visit,2024-11-12
0000001664,001664,Home Visit,2022-04-03
0000001664,001664,Family Support Visit,2022-02-19
0000001664,001664,Developmental Check,2021-01-14
0000001664,001664,Family Support Visit,2022-06-05
0000001665,001665,Home Visit,2021-04-16
0000001665,001665,Developmental Check,2019-11-22
0000001666,001666,Family Support Visit,2023-10-14
0000001666,001666,Home Visit,2024-02-08
0000001666,001666,Home Visit,2024-03-04
0000001666,001666,Case Management,2023-09-01
0000001666,001666,Home Visit,2024-03-03
0000001667,001667,Home Visit,2023-05-15
0000001667,001667,Developmental Check,2024-12-06
0000001667,001667,Family Support Visit,2023-12-16
0000001668,001668,Home Visit,2021-08-27
0000001668,001668,Developmental Check,2021-08-05
0000001669,001669,Case Management,2021-09-17
0000001669,001669,Home Visit,2022-03-25
0000001670,001670,Developmental Check,2023-03-19
0000001671,001671,Case Management,2022-08-02
0000001671,001671,Home Visit,2022-11-17
0000001671,001671,Developmental Check,2022-06-01
0000001671,001671,Home Visit,2022-01-28
0000001672,001672,Home Visit,2021-08-24
0000001672,001672,Developmental Check,2020-06-28
0000001672,001672,Case Management,2020-09-10
0000001673,001673,Developmental Check,2019-09-18
0000001673,001673,Home Visit,2020-07-13
0000001673,001673,Home Visit,2019-02-07
0000001673,001673,Home Visit,2019-12-11
0000001673,001673,Case Management,2020-10-07
0000001673,001673,Developmental Check,2020-06-13
0000001674,001674,Family Support Visit,2018-10-19
0000001674,001674,Developmental Check,2019-10-21
0000001674,001674,Family Support Visit,2019-11-16
0000001674,001674,Developmental Check,2019-09-02
0000001676,001676,Developmental Check,2022-01-26
0000001676,001676,Home Visit,2022-10-16
0000001676,001676,Home Visit,2022-08-05
0000001676,001676,Family Support Visit,2022-06-17
0000001676,001676,Home Visit,2022-02-19
0000001676,001676,Developmental Check,2022-01-04
0000001677,001677,Family Support Visit,2023-01-23
0000001677,001677,Family Support Visit,2023-12-30
0000001678,001678,Family Support Visit,2023-07-01
0000001678,001678,Family Support Visit,2022-10-29
0000001678,001678,Case Management,2022-12-14
0000001679,001679,Developmental Check,2022-11-18
0000001679,001679,Developmental Check,2023-09-01
0000001679,001679,Family Support Visit,2023-09-23
0000001680,001680,Developmental Check,2023-04-16
0000001681,001681,Developmental Check,2018-12-12
0000001681,001681,Developmental Check,2019-04-04
0000001681,001681,Case Management,2019-05-20
0000001681,001681,Case Management,2019-02-12
0000001681,001681,Home Visit,2019-05-30
0000001682,001682,Home Visit,2023-08-24
0000001682,001682,Home Visit,2023-07-02
0000001682,001682,Developmental Check,2024-05-29
0000001682,001682,Family Support Visit,2024-09-04
0000001683,001683,Home Visit,2022-11-05
0000001683,001683,Family Support Visit,2022-05-21
0000001684,001684,Developmental Check,2022-09-04
0000001685,001685,Home Visit,2023-08-13
0000001686,001686,Home Visit,2019-10-09
0000001687,001687,Family Support Visit,2020-08-29
0000001688,001688,Developmental Check,2021-01-01
0000001689,001689,Family Support Visit,2022-11-04
0000001689,001689,Developmental Check,2023-07-26
0000001690,001690,Case Management,2024-06-24
0000001690,001690,Developmental Check,2021-09-12
0000001691,001691,Case Management,2024-03-17
0000001692,001692,Developmental Check,2020-01-28
0000001692,001692,Case Management,2019-12-08
0000001692,001692,Family Support Visit,2020-11-10
0000001692,001692,Family Support Visit,2020-09-18
0000001693,001693,Family Support Visit,2021-01-21
0000001693,001693,Case Management,2020-12-16
0000001693,001693,Family Support Visit,2020-07-02
0000001693,001693,Developmental Check,2020-05-27
0000001693,001693,Home Visit,2020-11-20
0000001694,001694,Case Management,2025-08-17
0000001694,001694,Case Management,2025-04-28
0000001694,001694,Case Management,2023-12-26
0000001694,001694,Case Management,2023-12-26
0000001695,001695,Case Management,2021-01-26
0000001695,001695,Family Support Visit,2021-07-20
0000001695,001695,Case Management,2021-06-13
0000001695,001695,Case Management,2021-01-27
0000001696,001696,Developmental Check,2021-12-24
0000001696,001696,Family Support Visit,2021-04-07
0000001696,001696,Family Support Visit,2021-05-25
0000001697,001697,Case Management,2020-01-20
0000001697,001697,Case Management,2021-09-23
0000001697,001697,Home Visit,2021-02-26
0000001697,001697,Home Visit,2019-09-12
0000001698,001698,Developmental Check,2023-04-02
0000001698,001698,Developmental Check,2021-04-02
0000001698,001698,Home Visit,2023-04-19
0000001699,001699,Developmental Check,2020-09-27
0000001699,001699,Case Management,2019-11-30
0000001699,001699,Home Visit,2020-02-15
0000001699,001699,Family Support Visit,2020-07-10
0000001699,001699,Family Support Visit,2020-01-22
0000001700,001700,Family Support Visit,2021-01-11
0000001700,001700,Developmental Check,2021-05-17
0000001700,001700,Developmental Check,2021-01-10
0000001700,001700,Developmental Check,2020-09-13
0000001700,001700,Case Management,2020-03-25
0000001701,001701,Case Management,2021-02-23
0000001701,001701,Case Management,2021-08-15
0000001702,001702,Developmental Check,2020-11-28
0000001702,001702,Case Management,2021-06-20
0000001702,001702,Family Support Visit,2022-02-17
0000001702,001702,Case Management,2022-04-27
0000001703,001703,Developmental Check,2023-09-14
0000001703,001703,Developmental Check,2025-11-02
0000001705,001705,Family Support Visit,2023-09-20
0000001706,001706,Case Management,2023-03-18
0000001706,001706,Family Support Visit,2022-12-16
0000001709,001709,Case Management,2019-07-11
0000001709,001709,Developmental Check,2019-08-29
0000001709,001709,Home Visit,2020-06-20
0000001709,001709,Home Visit,2019-05-18
0000001709,001709,Developmental Check,2020-01-23
0000001710,001710,Developmental Check,2020-09-29
0000001710,001710,Home Visit,2020-05-28
0000001710,001710,Case Management,2020-05-07
0000001710,001710,Family Support Visit,2020-10-28
0000001710,001710,Family Support Visit,2020-09-07
0000001711,001711,Family Support Visit,2021-01-08
0000001711,001711,Developmental Check,2021-01-11
0000001712,001712,Home Visit,2019-06-13
0000001712,001712,Developmental Check,2019-05-14
0000001713,001713,Family Support Visit,2023-07-05
0000001713,001713,Case Management,2022-12-26
0000001713,001713,Developmental Check,2024-05-07
0000001713,001713,Case Management,2023-05-04
0000001714,001714,Case Management,2020-06-05
0000001714,001714,Home Visit,2020-02-20
0000001714,001714,Home Visit,2019-12-15
0000001714,001714,Home Visit,2019-12-09
0000001714,001714,Case Management,2020-12-14
0000001714,001714,Home Visit,2020-11-27
0000001715,001715,Family Support Visit,2020-05-22
0000001715,001715,Case Management,2021-06-22
0000001716,001716,Home Visit,2023-03-05
0000001717,001717,Case Management,2023-09-24
0000001717,001717,Case Management,2023-09-06
0000001719,001719,Case Management,2022-05-23
0000001719,001719,Home Visit,2022-04-02
0000001719,001719,Case Management,2022-10-12
0000001719,001719,Developmental Check,2022-08-25
0000001719,001719,Home Visit,2021-10-31
0000001719,001719,Family Support Visit,2022-05-19
0000001720,001720,Case Management,2021-10-18
0000001720,001720,Case Management,2021-04-29
0000001720,001720,Home Visit,2022-01-08
0000001720,001720,Family Support Visit,2022-03-08
0000001721,001721,Family Support Visit,2021-02-16
0000001722,001722,Case Management,2020-10-08
0000001722,001722,Developmental Check,2021-01-28
0000001722,001722,Case Management,2020-09-16
0000001723,001723,Developmental Check,2022-05-21
0000001723,001723,Case Management,2021-05-11
0000001723,001723,Developmental Check,2022-01-14
0000001724,001724,Home Visit,2020-09-05
0000001724,001724,Home Visit,2021-03-12
0000001724,001724,Case Management,2020-04-30
0000001724,001724,Family Support Visit,2020-05-30
0000001724,001724,Case Management,2020-07-17
0000001724,001724,Home Visit,2022-09-27
0000001725,001725,Family Support Visit,2019-06-03
0000001725,001725,Home Visit,2020-06-07
0000001726,001726,Home Visit,2024-03-05
0000001726,001726,Developmental Check,2024-07-21
0000001726,001726,Home Visit,2024-01-10
0000001726,001726,Case Management,2024-09-01
0000001727,001727,Family Support Visit,2021-07-29
0000001728,001728,Home Visit,2020-11-19
0000001728,001728,Home Visit,2020-08-28
0000001728,001728,Case Management,2020-11-20
0000001728,001728,Home Visit,2020-11-28
0000001729,001729,Family Support Visit,2020-12-11
0000001729,001729,Family Support Visit,2020-11-20
0000001729,001729,Developmental Check,2021-05-27
0000001731,001731,Home Visit,2025-04-15
0000001732,001732,Family Support Visit,2022-07-21
0000001733,001733,Developmental Check,2022-11-16
0000001733,001733,Home Visit,2022-12-24
0000001734,001734,Home Visit,2020-08-08
0000001734,001734,Home Visit,2021-11-23
0000001734,001734,Family Support Visit,2020-09-13
0000001735,001735,Home Visit,2019-10-06
0000001737,001737,Family Support Visit,2022-02-25
0000001737,001737,Developmental Check,2023-10-02
0000001738,001738,Developmental Check,2024-12-29
0000001738,001738,Family Support Visit,2024-01-14
0000001739,001739,Family Support Visit,2022-04-22
0000001739,001739,Developmental Check,2022-02-25
0000001739,001739,Case Management,2021-06-28
0000001739,001739,Home Visit,2023-06-11
0000001740,001740,Family Support Visit,2021-01-28
0000001740,001740,Family Support Visit,2020-08-16
0000001740,001740,Case Management,2020-04-29
0000001740,001740,Developmental Check,2021-02-13
0000001741,001741,Case Management,2023-11-28
0000001741,001741,Developmental Check,2021-04-03
0000001742,001742,Developmental Check,2022-01-16
0000001742,001742,Case Management,2022-09-01
0000001742,001742,Family Support Visit,2020-12-07
0000001742,001742,Family Support Visit,2020-05-10
0000001743,001743,Home Visit,2020-05-12
0000001743,001743,Family Support Visit,2020-10-12
0000001743,001743,Case Management,2020-03-08
0000001744,001744,Case Management,2021-01-08
0000001744,001744,Case Management,2021-10-12
0000001745,001745,Family Support Visit,2023-01-29
0000001745,001745,Developmental Check,2023-02-24
0000001746,001746,Family Support Visit,2022-09-09
0000001746,001746,Developmental Check,2021-04-21
0000001747,001747,Developmental Check,2022-06-05
0000001747,001747,Developmental Check,2022-06-29
0000001749,001749,Family Support Visit,2022-05-09
0000001749,001749,Developmental Check,2023-05-15
0000001749,001749,Developmental Check,2023-04-29
0000001749,001749,Home Visit,2022-01-05
0000001752,001752,Home Visit,2023-05-16
0000001754,001754,Home Visit,2023-10-29
0000001755,001755,Home Visit,2024-10-24
0000001755,001755,Case Management,2023-02-27
0000001755,001755,Family Support Visit,2023-01-25
0000001755,001755,Family Support Visit,2024-09-10
0000001756,001756,Developmental Check,2023-02-13
0000001756,001756,Developmental Check,2026-01-20
0000001756,001756,Case Management,2026-04-25
0000001757,001757,Family Support Visit,2022-03-22
0000001758,001758,Home Visit,2019-05-31
0000001758,001758,Home Visit,2019-11-30
0000001758,001758,Family Support Visit,2020-04-11
0000001758,001758,Case Management,2019-08-02
0000001759,001759,Case Management,2023-10-03
0000001759,001759,Case Management,2023-09-01
0000001759,001759,Case Management,2023-09-14
0000001759,001759,Family Support Visit,2023-09-17
0000001760,001760,Developmental Check,2023-01-21
0000001760,001760,Family Support Visit,2022-11-10
0000001760,001760,Case Management,2022-07-14
0000001761,001761,Case Management,2019-11-16
0000001761,001761,Case Management,2019-11-11
0000001762,001762,Case Management,2021-05-22
0000001762,001762,Developmental Check,2021-12-01
0000001762,001762,Developmental Check,2021-02-15
0000001762,001762,Case Management,2021-03-04
0000001762,001762,Case Management,2021-10-20
0000001763,001763,Case Management,2020-02-20
0000001764,001764,Home Visit,2021-11-11
0000001764,001764,Home Visit,2022-01-01
0000001764,001764,Case Management,2021-01-31
0000001765,001765,Developmental Check,2023-03-29
0000001765,001765,Case Management,2023-08-12
0000001765,001765,Developmental Check,2023-09-30
0000001766,001766,Home Visit,2020-12-07
0000001766,001766,Case Management,2021-11-14
0000001766,001766,Developmental Check,2021-05-15
0000001766,001766,Case Management,2022-01-06
0000001766,001766,Case Management,2022-01-29
0000001766,001766,Home Visit,2021-05-26
0000001767,001767,Family Support Visit,2020-07-21
0000001767,001767,Family Support Visit,2020-10-22
0000001768,001768,Home Visit,2022-01-19
0000001769,001769,Developmental Check,2024-01-25
0000001769,001769,Developmental Check,2023-11-18
0000001769,001769,Home Visit,2021-03-11
0000001769,001769,Home Visit,2022-06-09
0000001770,001770,Developmental Check,2022-01-10
0000001771,001771,Home Visit,2023-08-15
0000001771,001771,Case Management,2023-09-02
0000001771,001771,Case Management,2023-02-03
0000001771,001771,Family Support Visit,2023-08-24
0000001772,001772,Case Management,2020-12-15
0000001774,001774,Case Management,2020-10-19
0000001774,001774,Family Support Visit,2020-09-29
0000001775,001775,Family Support Visit,2023-03-15
0000001775,001775,Developmental Check,2023-04-27
0000001775,001775,Case Management,2023-01-30
0000001775,001775,Family Support Visit,2022-12-12
0000001775,001775,Case Management,2023-04-12
0000001776,001776,Family Support Visit,2021-10-08
0000001776,001776,Developmental Check,2021-11-26
0000001778,001778,Family Support Visit,2020-07-04
0000001778,001778,Family Support Visit,2020-07-05
0000001779,001779,Family Support Visit,2021-04-26
0000001779,001779,Home Visit,2020-05-18
0000001780,001780,Home Visit,2020-07-13
0000001780,001780,Family Support Visit,2020-10-10
0000001781,001781,Developmental Check,2020-12-06
0000001783,001783,Case Management,2019-04-27
0000001783,001783,Developmental Check,2019-06-06
0000001783,001783,Case Management,2019-04-18
0000001783,001783,Case Management,2019-06-06
0000001783,001783,Home Visit,2019-08-05
0000001784,001784,Home Visit,2024-07-30
0000001784,001784,Developmental Check,2024-12-28
0000001785,001785,Home Visit,2024-08-08
0000001786,001786,Case Management,2020-10-30
0000001786,001786,Developmental Check,2021-02-01
0000001786,001786,Case Management,2020-11-18
0000001787,001787,Home Visit,2024-11-12
0000001787,001787,Case Management,2023-09-05
0000001787,001787,Home Visit,2025-07-26
0000001787,001787,Home Visit,2024-09-30
0000001788,001788,Case Management,2022-02-17
0000001788,001788,Developmental Check,2021-04-06
0000001788,001788,Developmental Check,2020-09-26
0000001788,001788,Developmental Check,2021-05-25
0000001789,001789,Case Management,2022-06-12
0000001790,001790,Case Management,2021-03-08
0000001791,001791,Case Management,2022-09-08
0000001792,001792,Case Management,2021-08-20
0000001794,001794,Family Support Visit,2023-05-31
0000001794,001794,Case Management,2022-04-24
0000001795,001795,Developmental Check,2025-03-21
0000001796,001796,Case Management,2021-03-02
0000001796,001796,Developmental Check,2021-07-18
0000001796,001796,Developmental Check,2021-05-09
0000001797,001797,Family Support Visit,2021-12-16
0000001797,001797,Family Support Visit,2022-10-26
0000001797,001797,Developmental Check,2022-04-14
0000001797,001797,Family Support Visit,2021-10-09
0000001797,001797,Case Management,2022-04-26
0000001798,001798,Developmental Check,2021-09-26
0000001798,001798,Home Visit,2021-05-15
0000001798,001798,Family Support Visit,2020-12-06
0000001798,001798,Case Management,2020-11-25
0000001800,001800,Case Management,2022-11-16
0000001800,001800,Home Visit,2023-10-13
0000001801,001801,Home Visit,2019-12-05
0000001801,001801,Case Management,2019-11-04
0000001801,001801,Developmental Check,2019-12-13
0000001801,001801,Case Management,2019-10-15
0000001801,001801,Developmental Check,2019-12-25
0000001802,001802,Home Visit,2023-03-16
0000001802,001802,Family Support Visit,2022-05-27
0000001802,001802,Developmental Check,2022-01-12
0000001803,001803,Developmental Check,2021-09-14
0000001804,001804,Developmental Check,2022-08-07
0000001805,001805,Developmental Check,2023-12-20
0000001805,001805,Family Support Visit,2023-02-22
0000001805,001805,Family Support Visit,2024-06-19
0000001805,001805,Home Visit,2023-10-14
0000001806,001806,Family Support Visit,2023-04-18
0000001806,001806,Home Visit,2022-05-21
0000001807,001807,Case Management,2020-02-13
0000001808,001808,Developmental Check,2022-01-06
0000001809,001809,Family Support Visit,2020-06-07
0000001810,001810,Family Support Visit,2023-02-26
0000001811,001811,Home Visit,2023-12-31
0000001811,001811,Developmental Check,2021-10-14
0000001811,001811,Developmental Check,2024-01-28
0000001811,001811,Home Visit,2021-08-27
0000001812,001812,Developmental Check,2020-08-31
0000001812,001812,Home Visit,2022-09-28
0000001812,001812,Developmental Check,2021-11-26
0000001814,001814,Home Visit,2020-11-27
0000001814,001814,Family Support Visit,2020-11-16
0000001814,001814,Developmental Check,2020-11-26
0000001814,001814,Developmental Check,2020-12-18
0000001815,001815,Developmental Check,2020-10-03
0000001815,001815,Case Management,2020-06-26
0000001815,001815,Family Support Visit,2020-08-13
0000001815,001815,Family Support Visit,2022-06-12
0000001815,001815,Developmental Check,2021-08-14
0000001816,001816,Case Management,2022-06-24
0000001816,001816,Developmental Check,2022-01-07
0000001816,001816,Developmental Check,2021-09-14
0000001816,001816,Developmental Check,2021-06-06
0000001817,001817,Family Support Visit,2022-04-20
0000001817,001817,Family Support Visit,2022-08-19
0000001819,001819,Home Visit,2021-05-10
0000001819,001819,Family Support Visit,2021-09-27
0000001819,001819,Family Support Visit,2021-07-25
0000001821,001821,Case Management,2021-12-06
0000001821,001821,Case Management,2021-07-20
0000001822,001822,Case Management,2023-09-21
0000001823,001823,Home Visit,2021-08-03
0000001823,001823,Developmental Check,2022-03-11
0000001823,001823,Family Support Visit,2022-05-27
0000001824,001824,Case Management,2023-04-10
0000001824,001824,Family Support Visit,2022-11-05
0000001824,001824,Home Visit,2023-01-23
0000001824,001824,Home Visit,2023-03-21
0000001824,001824,Developmental Check,2022-11-27
0000001825,001825,Home Visit,2020-08-19
0000001825,001825,Family Support Visit,2019-10-23
0000001826,001826,Case Management,2023-06-05
0000001826,001826,Developmental Check,2021-10-28
0000001826,001826,Family Support Visit,2021-08-04
0000001826,001826,Developmental Check,2023-04-24
0000001827,001827,Case Management,2020-01-09
0000001827,001827,Developmental Check,2019-11-08
0000001827,001827,Case Management,2020-10-15
0000001827,001827,Home Visit,2019-07-15
0000001828,001828,Case Management,2019-01-23
0000001828,001828,Case Management,2019-02-02
0000001828,001828,Home Visit,2020-08-10
0000001829,001829,Family Support Visit,2019-05-13
0000001829,001829,Developmental Check,2020-11-18
0000001829,001829,Developmental Check,2021-02-10
0000001831,001831,Family Support Visit,2022-12-11
0000001831,001831,Home Visit,2020-04-11
0000001832,001832,Developmental Check,2021-08-26
0000001832,001832,Case Management,2020-08-15
0000001832,001832,Case Management,2021-04-04
0000001832,001832,Home Visit,2021-09-08
0000001833,001833,Case Management,2022-05-06
0000001835,001835,Home Visit,2024-06-21
0000001835,001835,Case Management,2025-06-12
0000001836,001836,Home Visit,2022-02-15
0000001836,001836,Family Support Visit,2021-12-09
0000001836,001836,Case Management,2022-01-26
0000001836,001836,Family Support Visit,2021-07-19
0000001837,001837,Case Management,2022-06-25
0000001837,001837,Developmental Check,2022-06-06
0000001837,001837,Family Support Visit,2022-02-19
0000001837,001837,Case Management,2021-04-23
0000001838,001838,Family Support Visit,2020-01-07
0000001838,001838,Family Support Visit,2020-01-09
0000001838,001838,Case Management,2019-10-27
0000001838,001838,Home Visit,2019-11-24
0000001838,001838,Case Management,2019-05-06
0000001839,001839,Family Support Visit,2020-12-06
0000001839,001839,Home Visit,2021-03-18
0000001839,001839,Developmental Check,2020-10-10
0000001840,001840,Case Management,2023-08-26
0000001840,001840,Case Management,2024-02-04
0000001840,001840,Case Management,2023-12-22
0000001840,001840,Family Support Visit,2025-09-30
0000001840,001840,Case Management,2024-09-16
0000001840,001840,Home Visit,2023-05-05
0000001841,001841,Developmental Check,2021-12-24
0000001843,001843,Home Visit,2022-07-24
0000001843,001843,Developmental Check,2022-04-03
0000001843,001843,Developmental Check,2022-03-25
0000001844,001844,Family Support Visit,2024-04-22
0000001845,001845,Case Management,2024-01-22
0000001846,001846,Home Visit,2021-11-16
0000001846,001846,Case Management,2023-05-29
0000001847,001847,Developmental Check,2024-08-20
0000001847,001847,Home Visit,2023-05-29
0000001848,001848,Developmental Check,2020-10-04
0000001849,001849,Home Visit,2023-12-21
0000001849,001849,Home Visit,2023-01-20
0000001850,001850,Developmental Check,2021-08-13
0000001850,001850,Home Visit,2021-08-31
0000001850,001850,Home Visit,2021-06-06
0000001850,001850,Developmental Check,2021-06-02
0000001850,001850,Case Management,2021-07-23
0000001851,001851,Developmental Check,2020-01-13
0000001851,001851,Family Support Visit,2019-03-31
0000001851,001851,Case Management,2019-11-14
0000001852,001852,Home Visit,2023-11-12
0000001852,001852,Home Visit,2022-01-04
0000001852,001852,Family Support Visit,2021-06-30
0000001852,001852,Family Support Visit,2021-08-03
0000001853,001853,Family Support Visit,2024-04-24
0000001853,001853,Case Management,2024-03-24
0000001853,001853,Family Support Visit,2023-08-19
0000001853,001853,Developmental Check,2024-01-22
0000001854,001854,Case Management,2020-04-01
0000001854,001854,Family Support Visit,2021-07-08
0000001854,001854,Developmental Check,2020-05-11
0000001854,001854,Family Support Visit,2021-08-02
0000001854,001854,Family Support Visit,2021-02-15
0000001854,001854,Case Management,2020-12-20
0000001855,001855,Family Support Visit,2024-08-06
0000001856,001856,Developmental Check,2020-04-19
0000001856,001856,Case Management,2019-03-03
0000001856,001856,Family Support Visit,2019-11-30
0000001856,001856,Case Management,2020-05-06
0000001857,001857,Developmental Check,2019-05-27
0000001857,001857,Case Management,2019-05-11
0000001858,001858,Developmental Check,2022-03-08
0000001858,001858,Case Management,2021-11-23
0000001859,001859,Case Management,2019-08-31
0000001860,001860,Family Support Visit,2024-05-26
0000001860,001860,Family Support Visit,2024-02-14
0000001860,001860,Family Support Visit,2023-09-01
0000001861,001861,Developmental Check,2023-07-06
0000001861,001861,Family Support Visit,2021-06-14
0000001861,001861,Home Visit,2022-05-26
0000001863,001863,Family Support Visit,2018-09-19
0000001863,001863,Case Management,2018-09-20
0000001863,001863,Family Support Visit,2018-07-30
0000001863,001863,Home Visit,2018-10-09
0000001864,001864,Home Visit,2023-03-31
0000001864,001864,Case Management,2023-07-19
0000001864,001864,Developmental Check,2022-10-14
0000001865,001865,Case Management,2020-10-26
0000001865,001865,Case Management,2021-02-10
0000001865,001865,Family Support Visit,2019-11-15
0000001866,001866,Family Support Visit,2021-08-17
0000001866,001866,Case Management,2022-05-12
0000001866,001866,Family Support Visit,2022-04-14
0000001867,001867,Case Management,2022-04-01
0000001867,001867,Family Support Visit,2020-12-04
0000001868,001868,Family Support Visit,2023-05-18
0000001869,001869,Home Visit,2022-02-18
0000001869,001869,Developmental Check,2022-01-05
0000001870,001870,Developmental Check,2021-10-18
0000001871,001871,Family Support Visit,2023-08-16
0000001871,001871,Developmental Check,2022-10-28
0000001871,001871,Developmental Check,2021-09-27
0000001872,001872,Case Management,2023-09-28
0000001872,001872,Home Visit,2023-06-23
0000001873,001873,Family Support Visit,2019-10-22
0000001873,001873,Family Support Visit,2020-03-13
0000001873,001873,Developmental Check,2019-11-27
0000001873,001873,Developmental Check,2019-01-14
0000001875,001875,Family Support Visit,2021-05-21
0000001875,001875,Family Support Visit,2019-11-20
0000001875,001875,Home Visit,2020-01-26
0000001875,001875,Home Visit,2021-04-26
0000001875,001875,Developmental Check,2021-03-09
0000001876,001876,Home Visit,2021-06-07
0000001876,001876,Developmental Check,2021-01-27
0000001876,001876,Home Visit,2021-02-27
0000001876,001876,Case Management,2021-03-11
0000001876,001876,Developmental Check,2021-05-01
0000001877,001877,Family Support Visit,2024-02-17
0000001877,001877,Case Management,2024-08-18
0000001877,001877,Home Visit,2022-12-27
0000001878,001878,Case Management,2021-07-08
0000001878,001878,Family Support Visit,2021-09-25
0000001878,001878,Family Support Visit,2021-11-16
0000001879,001879,Home Visit,2023-04-21
0000001880,001880,Family Support Visit,2023-11-11
0000001880,001880,Case Management,2021-11-13
0000001880,001880,Developmental Check,2021-11-19
0000001880,001880,Developmental Check,2020-09-12
0000001881,001881,Case Management,2022-10-31
0000001881,001881,Home Visit,2022-07-11
0000001881,001881,Family Support Visit,2022-11-12
0000001881,001881,Developmental Check,2022-09-21
0000001881,001881,Developmental Check,2022-12-23
0000001881,001881,Developmental Check,2022-07-20
0000001882,001882,Family Support Visit,2023-03-12
0000001882,001882,Developmental Check,2023-04-18
0000001883,001883,Case Management,2023-05-07
0000001883,001883,Home Visit,2023-06-25
0000001884,001884,Home Visit,2023-05-12
0000001884,001884,Case Management,2026-04-02
0000001885,001885,Case Management,2022-09-09
0000001885,001885,Family Support Visit,2023-02-08
0000001886,001886,Family Support Visit,2022-06-05
0000001886,001886,Developmental Check,2024-07-30
0000001887,001887,Case Management,2021-05-17
0000001887,001887,Case Management,2022-02-09
0000001887,001887,Case Management,2020-12-15
0000001889,001889,Case Management,2021-04-15
0000001889,001889,Family Support Visit,2021-11-17
0000001889,001889,Family Support Visit,2022-04-01
0000001889,001889,Developmental Check,2022-06-13
0000001889,001889,Case Management,2022-06-29
0000001890,001890,Case Management,2022-05-14
0000001890,001890,Home Visit,2023-03-25
0000001890,001890,Family Support Visit,2022-07-15
0000001890,001890,Case Management,2022-09-20
0000001891,001891,Case Management,2022-01-02
0000001891,001891,Case Management,2020-12-25
0000001891,001891,Family Support Visit,2020-12-27
0000001892,001892,Developmental Check,2019-12-30
0000001892,001892,Family Support Visit,2020-08-24
0000001892,001892,Developmental Check,2020-09-09
0000001893,001893,Developmental Check,2022-01-23
0000001894,001894,Developmental Check,2023-05-25
0000001895,001895,Developmental Check,2021-05-24
0000001895,001895,Family Support Visit,2022-02-01
0000001895,001895,Home Visit,2021-12-17
0000001895,001895,Developmental Check,2021-09-21
0000001895,001895,Family Support Visit,2021-02-15
0000001895,001895,Family Support Visit,2022-03-08
0000001896,001896,Developmental Check,2024-04-25
0000001896,001896,Case Management,2023-12-21
0000001897,001897,Home Visit,2023-04-23
0000001897,001897,Case Management,2022-09-25
0000001897,001897,Developmental Check,2023-07-14
0000001897,001897,Family Support Visit,2023-02-17
0000001897,001897,Family Support Visit,2022-12-14
0000001898,001898,Case Management,2023-07-12
0000001898,001898,Home Visit,2023-05-27
0000001898,001898,Home Visit,2023-07-30
0000001899,001899,Family Support Visit,2021-04-13
0000001899,001899,Developmental Check,2021-10-14
0000001899,001899,Case Management,2021-09-29
0000001899,001899,Family Support Visit,2021-03-03
0000001899,001899,Family Support Visit,2021-05-25
0000001900,001900,Family Support Visit,2023-08-09
0000001901,001901,Home Visit,2021-04-03
0000001901,001901,Family Support Visit,2021-05-12
0000001901,001901,Family Support Visit,2021-09-22
0000001901,001901,Family Support Visit,2021-05-05
0000001901,001901,Family Support Visit,2021-08-01
0000001902,001902,Family Support Visit,2021-12-14
0000001902,001902,Case Management,2021-07-13
0000001902,001902,Case Management,2021-08-09
0000001903,001903,Home Visit,2021-07-31
0000001903,001903,Case Management,2020-03-24
0000001903,001903,Home Visit,2021-01-26
0000001903,001903,Case Management,2021-06-18
0000001903,001903,Home Visit,2020-09-01
0000001903,001903,Home Visit,2020-03-21
0000001904,001904,Family Support Visit,2020-10-10
0000001904,001904,Home Visit,2020-08-28
0000001904,001904,Home Visit,2020-01-19
0000001904,001904,Case Management,2019-09-20
0000001904,001904,Case Management,2019-12-02
0000001904,001904,Case Management,2019-09-19
0000001905,001905,Case Management,2024-10-06
0000001905,001905,Family Support Visit,2023-04-12
0000001906,001906,Case Management,2026-10-08
0000001906,001906,Family Support Visit,2026-12-06
0000001906,001906,Developmental Check,2023-12-06
0000001906,001906,Home Visit,2026-10-27
0000001907,001907,Home Visit,2021-11-17
0000001907,001907,Case Management,2021-08-26
0000001907,001907,Family Support Visit,2021-03-31
0000001907,001907,Home Visit,2021-11-04
0000001907,001907,Developmental Check,2021-12-06
0000001909,001909,Home Visit,2022-02-12
0000001909,001909,Case Management,2022-11-19
0000001910,001910,Family Support Visit,2024-01-22
0000001910,001910,Family Support Visit,2023-03-05
0000001910,001910,Case Management,2023-08-10
0000001910,001910,Family Support Visit,2023-05-28
0000001910,001910,Case Management,2023-11-22
0000001910,001910,Home Visit,2023-02-06
0000001911,001911,Family Support Visit,2023-04-05
0000001912,001912,Developmental Check,2020-08-12
0000001912,001912,Home Visit,2020-01-23
0000001912,001912,Case Management,2020-06-16
0000001912,001912,Case Management,2022-10-28
0000001912,001912,Home Visit,2021-01-09
0000001913,001913,Family Support Visit,2025-11-22
0000001914,001914,Case Management,2023-12-03
0000001914,001914,Family Support Visit,2024-04-14
0000001914,001914,Family Support Visit,2024-03-03
0000001914,001914,Case Management,2022-11-21
0000001914,001914,Family Support Visit,2021-12-06
0000001915,001915,Developmental Check,2023-11-22
0000001915,001915,Family Support Visit,2024-02-16
0000001915,001915,Family Support Visit,2023-05-09
0000001915,001915,Family Support Visit,2024-06-17
0000001916,001916,Family Support Visit,2025-06-10
0000001917,001917,Developmental Check,2023-02-05
0000001917,001917,Developmental Check,2023-05-22
0000001918,001918,Family Support Visit,2021-11-25
0000001918,001918,Case Management,2021-03-13
0000001918,001918,Case Management,2022-03-21
0000001918,001918,Case Management,2021-02-26
0000001918,001918,Family Support Visit,2020-10-19
0000001919,001919,Developmental Check,2023-04-16
0000001919,001919,Case Management,2023-08-29
0000001921,001921,Case Management,2023-11-08
0000001921,001921,Developmental Check,2023-11-23
0000001921,001921,Case Management,2025-01-20
0000001921,001921,Family Support Visit,2024-08-28
0000001922,001922,Family Support Visit,2020-11-29
0000001922,001922,Developmental Check,2023-01-08
0000001923,001923,Developmental Check,2024-10-05
0000001924,001924,Family Support Visit,2026-05-01
0000001925,001925,Home Visit,2019-10-27
0000001925,001925,Case Management,2019-11-12
0000001925,001925,Case Management,2020-01-04
0000001925,001925,Family Support Visit,2020-01-22
0000001926,001926,Home Visit,2020-03-19
0000001926,001926,Home Visit,2020-09-30
0000001926,001926,Case Management,2020-03-16
0000001926,001926,Case Management,2020-08-14
0000001926,001926,Case Management,2020-04-25
0000001926,001926,Case Management,2020-04-24
0000001927,001927,Family Support Visit,2021-07-13
0000001927,001927,Family Support Visit,2021-01-25
0000001927,001927,Case Management,2021-09-22
0000001928,001928,Home Visit,2022-05-03
0000001928,001928,Case Management,2024-03-15
0000001928,001928,Family Support Visit,2024-01-18
0000001928,001928,Family Support Visit,2023-07-30
0000001930,001930,Developmental Check,2024-12-08
0000001932,001932,Family Support Visit,2025-02-03
0000001932,001932,Developmental Check,2025-01-24
0000001933,001933,Family Support Visit,2021-08-31
0000001933,001933,Home Visit,2021-07-24
0000001936,001936,Home Visit,2020-03-30
0000001936,001936,Family Support Visit,2020-06-25
0000001936,001936,Developmental Check,2020-07-12
0000001936,001936,Developmental Check,2020-05-01
0000001936,001936,Case Management,2020-02-29
0000001936,001936,Developmental Check,2020-10-20
0000001937,001937,Developmental Check,2023-06-24
0000001937,001937,Case Management,2024-02-23
0000001937,001937,Case Management,2025-05-04
0000001937,001937,Developmental Check,2025-08-15
0000001938,001938,Case Management,2022-06-16
0000001938,001938,Home Visit,2021-10-20
0000001939,001939,Family Support Visit,2020-12-19
0000001939,001939,Case Management,2020-05-04
0000001940,001940,Developmental Check,2020-02-12
0000001940,001940,Family Support Visit,2021-08-11
0000001941,001941,Home Visit,2022-06-28
0000001941,001941,Home Visit,2021-07-08
0000001942,001942,Case Management,2019-11-02
0000001943,001943,Case Management,2022-01-16
0000001943,001943,Home Visit,2024-03-16
0000001944,001944,Case Management,2019-12-15
0000001945,001945,Family Support Visit,2020-04-14
0000001945,001945,Case Management,2020-03-25
0000001947,001947,Family Support Visit,2020-01-27
0000001947,001947,Developmental Check,2020-02-28
0000001948,001948,Family Support Visit,2025-03-27
0000001949,001949,Developmental Check,2022-12-09
0000001949,001949,Family Support Visit,2023-02-11
0000001950,001950,Family Support Visit,2022-08-18
0000001950,001950,Case Management,2022-02-20
0000001951,001951,Home Visit,2025-01-22
0000001951,001951,Case Management,2022-03-24
0000001951,001951,Case Management,2025-05-20
0000001952,001952,Home Visit,2022-08-04
0000001952,001952,Family Support Visit,2022-04-06
0000001954,001954,Case Management,2021-03-07
0000001954,001954,Family Support Visit,2021-05-23
0000001955,001955,Family Support Visit,2022-11-11
0000001955,001955,Family Support Visit,2020-11-26
0000001955,001955,Home Visit,2022-04-06
0000001955,001955,Family Support Visit,2022-03-20
0000001956,001956,Home Visit,2021-08-18
0000001956,001956,Family Support Visit,2021-03-12
0000001956,001956,Family Support Visit,2020-12-31
0000001956,001956,Family Support Visit,2021-03-23
0000001956,001956,Developmental Check,2021-05-09
0000001957,001957,Family Support Visit,2023-02-24
0000001957,001957,Family Support Visit,2023-12-27
0000001958,001958,Home Visit,2021-02-23
0000001958,001958,Family Support Visit,2021-04-27
0000001958,001958,Case Management,2020-12-14
0000001959,001959,Case Management,2023-02-13
0000001959,001959,Family Support Visit,2025-10-12
0000001960,001960,Family Support Visit,2023-10-21
0000001960,001960,Case Management,2021-02-04
0000001960,001960,Home Visit,2023-02-27
0000001961,001961,Developmental Check,2022-07-26
0000001961,001961,Family Support Visit,2023-01-25
0000001961,001961,Developmental Check,2022-03-10
0000001962,001962,Home Visit,2023-04-10
0000001962,001962,Family Support Visit,2020-10-15
0000001962,001962,Case Management,2021-01-12
0000001963,001963,Family Support Visit,2022-05-31
0000001963,001963,Developmental Check,2022-06-04
0000001963,001963,Family Support Visit,2022-06-23
0000001963,001963,Family Support Visit,2021-09-15
0000001964,001964,Case Management,2019-11-03
0000001964,001964,Family Support Visit,2019-10-10
0000001964,001964,Developmental Check,2020-03-17
0000001964,001964,Family Support Visit,2019-12-23
0000001965,001965,Developmental Check,2023-03-26
0000001965,001965,Developmental Check,2022-10-06
0000001966,001966,Family Support Visit,2021-09-06
0000001966,001966,Home Visit,2021-02-19
0000001967,001967,Case Management,2021-08-26
0000001967,001967,Family Support Visit,2021-04-24
0000001967,001967,Family Support Visit,2021-09-27
0000001967,001967,Home Visit,2021-02-19
0000001969,001969,Case Management,2023-08-13
0000001969,001969,Family Support Visit,2024-05-05
0000001970,001970,Family Support Visit,2023-05-12
0000001970,001970,Developmental Check,2023-04-04
0000001970,001970,Home Visit,2023-05-24
0000001971,001971,Home Visit,2020-04-25
0000001971,001971,Developmental Check,2020-01-22
0000001971,001971,Home Visit,2020-03-02
0000001972,001972,Family Support Visit,2021-08-11
0000001973,001973,Family Support Visit,2023-07-07
0000001973,001973,Case Management,2023-09-29
0000001973,001973,Family Support Visit,2024-08-08
0000001974,001974,Developmental Check,2024-01-20
0000001974,001974,Case Management,2025-04-29
0000001974,001974,Case Management,2024-06-24
0000001974,001974,Home Visit,2024-10-13
0000001975,001975,Developmental Check,2024-10-14
0000001976,001976,Developmental Check,2021-09-16
0000001976,001976,Home Visit,2021-11-03
0000001976,001976,Developmental Check,2020-04-09
0000001976,001976,Case Management,2020-08-23
0000001978,001978,Case Management,2022-07-19
0000001978,001978,Case Management,2021-11-02
0000001978,001978,Family Support Visit,2021-12-01
0000001979,001979,Family Support Visit,2020-11-07
0000001979,001979,Case Management,2020-03-08
0000001980,001980,Home Visit,2020-08-26
0000001981,001981,Case Management,2020-11-02
0000001981,001981,Developmental Check,2020-08-28
0000001981,001981,Home Visit,2020-09-08
0000001981,001981,Home Visit,2020-11-02
0000001982,001982,Home Visit,2021-11-29
0000001982,001982,Developmental Check,2021-05-01
0000001982,001982,Case Management,2021-09-25
0000001982,001982,Home Visit,2021-09-28
0000001982,001982,Family Support Visit,2021-07-02
0000001983,001983,Family Support Visit,2023-11-08
0000001983,001983,Case Management,2024-08-20
0000001984,001984,Developmental Check,2024-01-05
0000001985,001985,Home Visit,2019-12-23
0000001985,001985,Developmental Check,2020-01-23
0000001985,001985,Family Support Visit,2019-11-16
0000001986,001986,Home Visit,2020-07-03
0000001987,001987,Home Visit,2020-10-10
0000001987,001987,Family Support Visit,2019-09-18
0000001987,001987,Developmental Check,2019-08-07
0000001988,001988,Family Support Visit,2020-02-16
0000001988,001988,Developmental Check,2020-07-03
0000001990,001990,Family Support Visit,2023-12-23
0000001991,001991,Home Visit,2022-09-21
0000001993,001993,Developmental Check,2019-05-31
0000001993,001993,Home Visit,2019-02-05
0000001993,001993,Family Support Visit,2019-02-01
0000001993,001993,Home Visit,2019-06-22
0000001994,001994,Home Visit,2022-03-08
0000001994,001994,Family Support Visit,2022-07-07
0000001994,001994,Home Visit,2020-12-02
0000001994,001994,Family Support Visit,2022-06-08
0000001995,001995,Developmental Check,2023-05-31
0000001998,001998,Home Visit,2022-07-17
0000001998,001998,Case Management,2023-03-15
0000001998,001998,Case Management,2022-09-09
0000001999,001999,Case Management,2021-02-19
0000001999,001999,Family Support Visit,2022-03-13
0000002000,002000,Home Visit,2024-06-12
0000002000,002000,Home Visit,2024-03-02
0000002001,002001,Family Support Visit,2023-10-09
0000002001,002001,Case Management,2021-11-21
0000002001,002001,Developmental Check,2025-06-26
0000002002,002002,Family Support Visit,2021-07-25
0000002002,002002,Family Support Visit,2022-11-29
0000002002,002002,Developmental Check,2020-11-14
0000002003,002003,Developmental Check,2020-10-20
0000002003,002003,Case Management,2021-08-11
0000002003,002003,Family Support Visit,2021-07-23
0000002004,002004,Developmental Check,2022-12-19
0000002004,002004,Home Visit,2023-12-18
0000002004,002004,Family Support Visit,2023-05-29
0000002006,002006,Family Support Visit,2020-11-30
0000002007,002007,Case Management,2020-02-11
0000002007,002007,Home Visit,2020-02-23
0000002007,002007,Home Visit,2020-08-17
0000002007,002007,Family Support Visit,2020-03-26
0000002007,002007,Developmental Check,2020-04-13
0000002008,002008,Home Visit,2022-09-14
0000002008,002008,Home Visit,2022-12-18
0000002008,002008,Family Support Visit,2022-10-14
0000002008,002008,Developmental Check,2021-12-15
0000002009,002009,Home Visit,2020-08-13
0000002010,002010,Home Visit,2021-11-14
0000002010,002010,Developmental Check,2023-07-01
0000002011,002011,Case Management,2022-10-29
0000002012,002012,Family Support Visit,2019-11-02
0000002013,002013,Developmental Check,2023-06-27
0000002013,002013,Case Management,2023-06-10
0000002013,002013,Case Management,2023-11-21
0000002013,002013,Home Visit,2023-08-20
0000002014,002014,Home Visit,2022-02-25
0000002015,002015,Home Visit,2022-11-25
0000002015,002015,Case Management,2022-11-02
0000002015,002015,Case Management,2023-02-02
0000002016,002016,Developmental Check,2022-07-11
0000002016,002016,Developmental Check,2021-06-21
0000002016,002016,Family Support Visit,2022-08-07
0000002016,002016,Developmental Check,2020-11-13
0000002017,002017,Home Visit,2023-04-12
0000002017,002017,Family Support Visit,2025-03-16
0000002018,002018,Developmental Check,2024-02-28
0000002018,002018,Home Visit,2022-02-19
0000002019,002019,Family Support Visit,2021-07-06
0000002019,002019,Developmental Check,2022-05-28
0000002019,002019,Family Support Visit,2021-06-17
0000002020,002020,Developmental Check,2021-01-11
0000002020,002020,Family Support Visit,2021-04-09
0000002020,002020,Case Management,2021-03-06
0000002020,002020,Home Visit,2020-12-23
0000002021,002021,Family Support Visit,2022-12-08
0000002021,002021,Home Visit,2023-05-29
0000002022,002022,Developmental Check,2020-08-06
0000002022,002022,Developmental Check,2020-05-22
0000002023,002023,Developmental Check,2020-07-04
0000002024,002024,Home Visit,2023-07-24
0000002024,002024,Developmental Check,2023-04-29
0000002025,002025,Developmental Check,2020-11-16
0000002025,002025,Developmental Check,2021-02-16
0000002025,002025,Developmental Check,2021-06-03
0000002027,002027,Home Visit,2023-11-06
0000002027,002027,Family Support Visit,2023-02-02
0000002028,002028,Family Support Visit,2019-10-12
0000002028,002028,Developmental Check,2019-10-09
0000002028,002028,Developmental Check,2020-06-21
0000002028,002028,Family Support Visit,2020-03-19
0000002029,002029,Home Visit,2019-04-14
0000002030,002030,Home Visit,2024-11-09
0000002030,002030,Family Support Visit,2024-07-18
0000002030,002030,Family Support Visit,2021-02-16
0000002030,002030,Home Visit,2021-12-05
0000002031,002031,Developmental Check,2020-06-15
0000002031,002031,Developmental Check,2021-06-20
0000002031,002031,Case Management,2020-05-12
0000002032,002032,Family Support Visit,2021-07-27
0000002032,002032,Family Support Visit,2020-07-09
0000002032,002032,Family Support Visit,2020-07-15
0000002032,002032,Home Visit,2020-04-06
0000002033,002033,Family Support Visit,2022-08-19
0000002033,002033,Case Management,2023-10-09
0000002033,002033,Developmental Check,2022-07-11
0000002034,002034,Home Visit,2021-07-08
0000002034,002034,Family Support Visit,2021-12-12
0000002034,002034,Developmental Check,2021-09-01
0000002035,002035,Home Visit,2022-05-18
0000002035,002035,Home Visit,2022-06-28
0000002035,002035,Developmental Check,2022-06-11
0000002035,002035,Home Visit,2022-04-15
0000002036,002036,Home Visit,2023-12-24
0000002036,002036,Developmental Check,2023-07-10
0000002036,002036,Case Management,2022-11-07
0000002036,002036,Case Management,2023-12-09
0000002037,002037,Case Management,2022-03-28
0000002037,002037,Case Management,2022-06-24
0000002037,002037,Home Visit,2022-12-15
0000002037,002037,Family Support Visit,2020-08-18
0000002038,002038,Case Management,2021-07-06
0000002038,002038,Family Support Visit,2021-05-07
0000002039,002039,Family Support Visit,2021-06-22
0000002040,002040,Case Management,2021-12-22
0000002042,002042,Developmental Check,2023-04-06
0000002043,002043,Developmental Check,2021-02-16
0000002043,002043,Family Support Visit,2022-10-24
0000002043,002043,Developmental Check,2020-11-15
0000002044,002044,Case Management,2022-04-28
0000002044,002044,Home Visit,2022-07-25
0000002045,002045,Developmental Check,2025-06-02
0000002046,002046,Family Support Visit,2020-10-20
0000002046,002046,Developmental Check,2020-11-18
0000002046,002046,Developmental Check,2020-11-04
0000002046,002046,Home Visit,2020-10-14
0000002046,002046,Case Management,2021-02-15
0000002046,002046,Developmental Check,2020-05-13
0000002047,002047,Family Support Visit,2019-09-11
0000002047,002047,Family Support Visit,2021-10-07
0000002048,002048,Developmental Check,2020-10-01
0000002049,002049,Home Visit,2023-07-06
0000002049,002049,Case Management,2024-05-14
0000002049,002049,Case Management,2024-06-19
0000002049,002049,Developmental Check,2024-07-20
0000002050,002050,Case Management,2021-04-12
0000002052,002052,Developmental Check,2020-05-11
0000002054,002054,Home Visit,2020-11-30
0000002054,002054,Home Visit,2021-11-21
0000002055,002055,Developmental Check,2021-12-10
0000002055,002055,Developmental Check,2021-05-04
0000002055,002055,Developmental Check,2021-09-29
0000002055,002055,Developmental Check,2021-08-29
0000002055,002055,Case Management,2021-08-17
0000002056,002056,Family Support Visit,2023-09-02
0000002057,002057,Developmental Check,2019-08-17
0000002057,002057,Case Management,2020-09-14
0000002057,002057,Home Visit,2022-02-13
0000002058,002058,Case Management,2021-02-26
0000002059,002059,Case Management,2020-01-08
0000002059,002059,Developmental Check,2021-03-14
0000002059,002059,Home Visit,2020-01-28
0000002059,002059,Home Visit,2020-07-21
0000002059,002059,Case Management,2019-11-30
0000002060,002060,Family Support Visit,2020-05-13
0000002060,002060,Family Support Visit,2021-03-10
0000002060,002060,Case Management,2020-04-09
0000002060,002060,Developmental Check,2020-12-06
0000002061,002061,Family Support Visit,2021-04-21
0000002062,002062,Developmental Check,2019-12-26
0000002062,002062,Family Support Visit,2022-09-15
0000002063,002063,Family Support Visit,2018-11-28
0000002064,002064,Home Visit,2020-08-15
0000002064,002064,Family Support Visit,2020-11-04
0000002065,002065,Home Visit,2022-07-09
0000002065,002065,Home Visit,2022-01-17
0000002066,002066,Developmental Check,2023-08-07
0000002066,002066,Developmental Check,2023-08-03
0000002067,002067,Case Management,2021-05-17
0000002067,002067,Home Visit,2021-08-13
0000002068,002068,Family Support Visit,2021-01-11
0000002068,002068,Home Visit,2018-09-18
0000002068,002068,Developmental Check,2020-08-31
0000002068,002068,Home Visit,2019-01-17
0000002069,002069,Developmental Check,2022-04-22
0000002070,002070,Family Support Visit,2019-08-08
0000002070,002070,Case Management,2019-11-24
0000002070,002070,Case Management,2019-07-07
0000002070,002070,Developmental Check,2020-08-16
0000002071,002071,Home Visit,2025-05-28
0000002072,002072,Developmental Check,2021-04-16
0000002072,002072,Family Support Visit,2021-08-10
0000002072,002072,Case Management,2021-04-19
0000002072,002072,Case Management,2021-07-23
0000002073,002073,Developmental Check,2020-04-09
0000002073,002073,Family Support Visit,2020-02-19
0000002073,002073,Family Support Visit,2020-05-16
0000002073,002073,Case Management,2020-06-21
0000002073,002073,Family Support Visit,2020-04-01
0000002073,002073,Family Support Visit,2020-01-12
0000002074,002074,Developmental Check,2021-12-11
0000002074,002074,Family Support Visit,2021-08-28
0000002074,002074,Family Support Visit,2021-09-05
0000002075,002075,Family Support Visit,2022-06-03
0000002076,002076,Case Management,2019-08-04
0000002076,002076,Case Management,2020-02-05
0000002076,002076,Developmental Check,2019-04-22
0000002076,002076,Case Management,2019-03-13
0000002077,002077,Home Visit,2024-03-28
0000002077,002077,Case Management,2020-08-15
0000002078,002078,Developmental Check,2023-06-29
0000002078,002078,Developmental Check,2023-11-22
0000002079,002079,Developmental Check,2020-02-02
0000002079,002079,Home Visit,2024-03-30
0000002080,002080,Case Management,2023-06-14
0000002080,002080,Home Visit,2024-08-14
0000002081,002081,Family Support Visit,2022-09-27
0000002082,002082,Case Management,2022-04-23
0000002082,002082,Developmental Check,2021-10-24
0000002084,002084,Family Support Visit,2023-10-24
0000002084,002084,Family Support Visit,2021-08-25
0000002085,002085,Family Support Visit,2019-10-27
0000002086,002086,Developmental Check,2022-06-02
0000002086,002086,Home Visit,2021-11-09
0000002086,002086,Home Visit,2020-11-10
0000002087,002087,Home Visit,2021-09-22
0000002087,002087,Developmental Check,2021-09-19
0000002087,002087,Family Support Visit,2022-08-07
0000002088,002088,Home Visit,2022-04-24
0000002088,002088,Developmental Check,2022-07-09
0000002089,002089,Family Support Visit,2019-09-25
0000002089,002089,Case Management,2019-09-29
0000002089,002089,Family Support Visit,2019-12-05
0000002089,002089,Home Visit,2019-10-18
0000002090,002090,Home Visit,2021-09-24
0000002091,002091,Family Support Visit,2020-11-06
0000002092,002092,Home Visit,2022-07-23
0000002092,002092,Home Visit,2022-11-15
0000002092,002092,Case Management,2022-05-15
0000002093,002093,Family Support Visit,2024-12-07
0000002094,002094,Case Management,2021-02-21
0000002094,002094,Home Visit,2020-09-18
0000002095,002095,Developmental Check,2021-12-19
0000002095,002095,Case Management,2021-08-20
0000002095,002095,Family Support Visit,2021-12-09
0000002095,002095,Family Support Visit,2020-12-12
0000002095,002095,Developmental Check,2021-06-20
0000002095,002095,Home Visit,2020-12-27
0000002096,002096,Home Visit,2021-02-15
0000002096,002096,Developmental Check,2020-09-11
0000002098,002098,Family Support Visit,2021-01-12
0000002098,002098,Home Visit,2021-03-16
0000002098,002098,Case Management,2021-06-27
0000002098,002098,Case Management,2021-10-13
0000002098,002098,Family Support Visit,2021-07-11
0000002099,002099,Case Management,2024-01-20
0000002099,002099,Case Management,2023-10-07
0000002100,002100,Family Support Visit,2023-09-06
0000002101,002101,Home Visit,2025-01-28
0000002101,002101,Case Management,2024-09-04
0000002102,002102,Home Visit,2021-10-04
0000002103,002103,Developmental Check,2021-01-14
0000002103,002103,Developmental Check,2021-07-21
0000002103,002103,Home Visit,2021-04-05
0000002103,002103,Case Management,2021-03-15
0000002103,002103,Case Management,2022-02-23
0000002104,002104,Case Management,2024-04-03
0000002104,002104,Developmental Check,2023-10-17
0000002104,002104,Developmental Check,2024-06-12
0000002105,002105,Case Management,2021-06-12
0000002105,002105,Developmental Check,2022-03-25
0000002105,002105,Case Management,2020-04-20
0000002105,002105,Case Management,2021-05-20
0000002106,002106,Case Management,2024-11-30
0000002106,002106,Developmental Check,2023-08-15
0000002106,002106,Case Management,2022-08-15
0000002107,002107,Family Support Visit,2020-02-03
0000002107,002107,Developmental Check,2019-11-23
0000002107,002107,Developmental Check,2020-04-11
0000002107,002107,Home Visit,2020-04-20
0000002108,002108,Family Support Visit,2021-03-15
0000002108,002108,Case Management,2021-05-21
0000002108,002108,Home Visit,2021-02-18
0000002109,002109,Case Management,2025-07-30
0000002109,002109,Home Visit,2026-02-02
0000002110,002110,Family Support Visit,2020-01-04
0000002110,002110,Case Management,2019-12-13
0000002110,002110,Home Visit,2019-11-22
0000002111,002111,Family Support Visit,2025-10-17
0000002111,002111,Family Support Visit,2026-10-14
0000002112,002112,Developmental Check,2023-06-05
0000002112,002112,Developmental Check,2022-03-27
0000002112,002112,Developmental Check,2023-08-11
0000002112,002112,Developmental Check,2022-05-04
0000002113,002113,Home Visit,2020-09-02
0000002113,002113,Case Management,2020-06-09
0000002113,002113,Home Visit,2020-12-07
0000002113,002113,Family Support Visit,2021-02-19
0000002114,002114,Developmental Check,2021-03-06
0000002114,002114,Home Visit,2020-07-19
0000002114,002114,Developmental Check,2022-01-02
0000002114,002114,Case Management,2021-04-19
0000002114,002114,Home Visit,2021-02-23
0000002114,002114,Family Support Visit,2021-12-28
0000002115,002115,Developmental Check,2021-01-16
0000002115,002115,Family Support Visit,2020-05-12
0000002115,002115,Home Visit,2020-04-18
0000002115,002115,Developmental Check,2020-05-28
0000002116,002116,Home Visit,2023-10-13
0000002117,002117,Case Management,2025-08-23
0000002117,002117,Home Visit,2024-11-14
0000002118,002118,Developmental Check,2021-12-01
0000002119,002119,Developmental Check,2023-05-22
0000002120,002120,Developmental Check,2020-11-09
0000002120,002120,Family Support Visit,2020-02-21
0000002121,002121,Case Management,2021-04-12
0000002124,002124,Developmental Check,2023-08-25
0000002125,002125,Developmental Check,2021-05-20
0000002125,002125,Developmental Check,2020-12-11
0000002125,002125,Family Support Visit,2021-03-07
0000002125,002125,Case Management,2021-07-18
0000002126,002126,Home Visit,2022-03-25
0000002126,002126,Home Visit,2022-02-14
0000002126,002126,Family Support Visit,2022-03-25
0000002126,002126,Case Management,2022-03-07
0000002128,002128,Family Support Visit,2021-05-21
0000002128,002128,Home Visit,2019-07-01
0000002128,002128,Case Management,2021-01-12
0000002129,002129,Case Management,2023-09-17
0000002130,002130,Case Management,2021-11-25
0000002130,002130,Home Visit,2022-05-23
0000002130,002130,Developmental Check,2021-05-12
0000002131,002131,Developmental Check,2021-09-25
0000002131,002131,Case Management,2022-02-26
0000002132,002132,Case Management,2022-11-30
0000002132,002132,Case Management,2024-07-13
0000002132,002132,Family Support Visit,2021-08-25
0000002132,002132,Developmental Check,2022-08-02
0000002133,002133,Case Management,2024-06-21
0000002133,002133,Case Management,2023-02-21
0000002133,002133,Home Visit,2023-09-01
0000002133,002133,Developmental Check,2024-03-02
0000002134,002134,Developmental Check,2024-06-18
0000002134,002134,Home Visit,2023-11-09
0000002134,002134,Developmental Check,2024-07-05
0000002136,002136,Home Visit,2023-08-10
0000002137,002137,Case Management,2022-10-06
0000002137,002137,Home Visit,2023-12-31
0000002138,002138,Family Support Visit,2022-02-25
0000002138,002138,Developmental Check,2020-12-10
0000002138,002138,Home Visit,2020-11-12
0000002139,002139,Family Support Visit,2023-01-08
0000002139,002139,Developmental Check,2021-12-22
0000002139,002139,Case Management,2023-01-30
0000002139,002139,Developmental Check,2022-12-28
0000002140,002140,Developmental Check,2023-08-01
0000002140,002140,Case Management,2020-11-27
0000002140,002140,Developmental Check,2022-05-01
0000002140,002140,Case Management,2022-03-27
0000002141,002141,Case Management,2023-03-08
0000002141,002141,Home Visit,2023-05-20
0000002142,002142,Developmental Check,2022-09-14
0000002143,002143,Case Management,2024-01-11
0000002143,002143,Home Visit,2023-06-05
0000002144,002144,Home Visit,2023-03-10
0000002144,002144,Case Management,2021-06-02
0000002145,002145,Case Management,2021-02-27
0000002145,002145,Case Management,2020-07-16
0000002146,002146,Case Management,2022-08-10
0000002148,002148,Developmental Check,2023-07-28
0000002148,002148,Home Visit,2022-10-13
0000002148,002148,Developmental Check,2022-03-14
0000002148,002148,Family Support Visit,2022-01-28
0000002149,002149,Developmental Check,2022-12-18
0000002149,002149,Developmental Check,2022-10-12
0000002149,002149,Case Management,2023-04-01
0000002149,002149,Home Visit,2022-08-21
0000002150,002150,Case Management,2022-11-06
0000002150,002150,Case Management,2025-10-07
0000002151,002151,Case Management,2021-03-08
0000002151,002151,Family Support Visit,2022-06-04
0000002152,002152,Family Support Visit,2021-05-01
0000002152,002152,Family Support Visit,2020-11-17
0000002153,002153,Developmental Check,2021-09-19
0000002154,002154,Family Support Visit,2022-06-07
0000002154,002154,Family Support Visit,2021-10-03
0000002154,002154,Case Management,2022-01-27
0000002155,002155,Case Management,2022-01-29
0000002155,002155,Family Support Visit,2020-06-14
0000002156,002156,Developmental Check,2021-08-01
0000002157,002157,Developmental Check,2023-05-30
0000002159,002159,Family Support Visit,2023-03-15
0000002159,002159,Family Support Visit,2018-12-08
0000002160,002160,Case Management,2022-10-21
0000002160,002160,Home Visit,2023-11-02
0000002160,002160,Home Visit,2023-01-15
0000002161,002161,Home Visit,2019-11-25
0000002164,002164,Case Management,2022-08-17
0000002164,002164,Developmental Check,2020-05-27
0000002165,002165,Case Management,2021-11-29
0000002165,002165,Family Support Visit,2021-11-12
0000002166,002166,Developmental Check,2021-07-05
0000002166,002166,Family Support Visit,2020-04-20
0000002166,002166,Developmental Check,2020-02-25
0000002167,002167,Home Visit,2020-01-08
0000002168,002168,Family Support Visit,2021-05-28
0000002168,002168,Developmental Check,2021-08-02
0000002168,002168,Family Support Visit,2021-01-26
0000002168,002168,Family Support Visit,2021-01-11
0000002168,002168,Case Management,2021-10-02
0000002168,002168,Developmental Check,2021-04-29
0000002169,002169,Home Visit,2022-10-06
0000002170,002170,Home Visit,2020-02-19
0000002170,002170,Home Visit,2020-01-30
0000002170,002170,Developmental Check,2020-01-16
0000002170,002170,Case Management,2020-04-02
0000002170,002170,Family Support Visit,2020-04-03
0000002170,002170,Home Visit,2020-01-23
0000002171,002171,Home Visit,2023-04-25
0000002171,002171,Case Management,2020-10-23
0000002171,002171,Case Management,2021-08-18
0000002172,002172,Family Support Visit,2020-11-02
0000002172,002172,Home Visit,2020-05-19
0000002172,002172,Home Visit,2019-09-12
0000002172,002172,Case Management,2021-10-14
0000002172,002172,Home Visit,2020-11-06
0000002172,002172,Family Support Visit,2020-02-08
0000002173,002173,Home Visit,2022-05-01
0000002173,002173,Case Management,2022-02-04
0000002173,002173,Home Visit,2022-03-20
0000002173,002173,Family Support Visit,2022-03-25
0000002173,002173,Developmental Check,2022-06-08
0000002174,002174,Family Support Visit,2020-07-10
0000002175,002175,Case Management,2023-03-25
0000002175,002175,Case Management,2023-03-08
0000002175,002175,Family Support Visit,2022-12-20
0000002176,002176,Developmental Check,2022-05-18
0000002176,002176,Case Management,2021-10-19
0000002176,002176,Developmental Check,2022-01-07
0000002177,002177,Home Visit,2023-07-21
0000002177,002177,Case Management,2022-03-29
0000002177,002177,Home Visit,2022-02-19
0000002177,002177,Family Support Visit,2023-02-21
0000002177,002177,Family Support Visit,2022-08-21
0000002178,002178,Family Support Visit,2023-04-09
0000002178,002178,Family Support Visit,2023-05-22
0000002178,002178,Family Support Visit,2023-06-15
0000002178,002178,Home Visit,2023-10-14
0000002178,002178,Family Support Visit,2023-05-05
0000002179,002179,Family Support Visit,2022-10-08
0000002179,002179,Family Support Visit,2022-07-18
0000002179,002179,Home Visit,2023-08-18
0000002179,002179,Developmental Check,2024-06-11
0000002180,002180,Developmental Check,2022-08-24
0000002181,002181,Developmental Check,2022-12-31
0000002181,002181,Case Management,2023-03-22
0000002181,002181,Home Visit,2024-03-30
0000002182,002182,Developmental Check,2024-02-26
0000002182,002182,Home Visit,2026-05-17
0000002183,002183,Home Visit,2023-03-04
0000002183,002183,Developmental Check,2024-09-14
0000002184,002184,Family Support Visit,2023-10-29
0000002184,002184,Case Management,2022-10-13
0000002184,002184,Home Visit,2023-04-13
0000002184,002184,Case Management,2023-01-27
0000002185,002185,Family Support Visit,2022-07-02
0000002186,002186,Developmental Check,2022-10-27
0000002187,002187,Family Support Visit,2025-10-03
0000002187,002187,Developmental Check,2022-12-13
0000002187,002187,Home Visit,2025-06-11
0000002188,002188,Home Visit,2021-10-07
0000002188,002188,Home Visit,2021-02-11
0000002188,002188,Family Support Visit,2020-01-14
0000002188,002188,Case Management,2020-02-23
0000002190,002190,Developmental Check,2019-05-22
0000002190,002190,Home Visit,2019-09-02
0000002190,002190,Developmental Check,2020-02-15
0000002190,002190,Developmental Check,2018-12-19
0000002190,002190,Family Support Visit,2019-08-12
0000002191,002191,Family Support Visit,2019-12-23
0000002191,002191,Case Management,2019-12-03
0000002191,002191,Case Management,2019-12-31
0000002191,002191,Developmental Check,2020-01-19
0000002191,002191,Developmental Check,2020-03-23
0000002191,002191,Developmental Check,2020-02-19
0000002192,002192,Family Support Visit,2022-09-02
0000002192,002192,Family Support Visit,2024-09-21
0000002193,002193,Family Support Visit,2021-04-04
0000002193,002193,Home Visit,2020-12-09
0000002193,002193,Developmental Check,2021-11-22
0000002194,002194,Case Management,2020-08-29
0000002194,002194,Case Management,2021-02-05
0000002194,002194,Home Visit,2020-08-23
0000002195,002195,Case Management,2022-04-02
0000002195,002195,Developmental Check,2022-06-25
0000002195,002195,Case Management,2023-02-24
0000002195,002195,Case Management,2022-07-31
0000002196,002196,Developmental Check,2021-07-01
0000002198,002198,Case Management,2019-01-23
0000002198,002198,Developmental Check,2021-03-06
0000002199,002199,Developmental Check,2022-02-17
0000002199,002199,Developmental Check,2023-03-30
0000002200,002200,Case Management,2020-12-20
0000002200,002200,Family Support Visit,2020-09-29
0000002200,002200,Home Visit,2020-03-19
0000002200,002200,Family Support Visit,2020-04-19
0000002200,002200,Family Support Visit,2020-12-18
0000002200,002200,Case Management,2020-03-08
0000002201,002201,Family Support Visit,2019-03-17
0000002201,002201,Family Support Visit,2019-02-05
0000002201,002201,Case Management,2019-05-05
0000002201,002201,Home Visit,2019-01-02
0000002201,002201,Home Visit,2019-03-28
0000002202,002202,Developmental Check,2024-02-16
0000002202,002202,Developmental Check,2023-08-29
0000002202,002202,Case Management,2024-03-22
0000002203,002203,Family Support Visit,2022-03-29
0000002205,002205,Family Support Visit,2020-07-17
0000002207,002207,Home Visit,2021-01-27
0000002207,002207,Developmental Check,2019-12-01
0000002208,002208,Family Support Visit,2019-01-23
0000002209,002209,Family Support Visit,2022-06-19
0000002210,002210,Case Management,2020-02-13
0000002210,002210,Family Support Visit,2019-10-17
0000002210,002210,Home Visit,2019-11-23
0000002210,002210,Developmental Check,2020-08-22
0000002211,002211,Home Visit,2020-08-03
0000002211,002211,Family Support Visit,2020-11-20
0000002211,002211,Developmental Check,2020-10-23
0000002211,002211,Family Support Visit,2020-05-24
0000002211,002211,Case Management,2020-09-26
0000002211,002211,Family Support Visit,2020-10-04
0000002212,002212,Home Visit,2023-05-28
0000002212,002212,Case Management,2023-01-17
0000002212,002212,Developmental Check,2023-05-03
0000002212,002212,Home Visit,2023-04-13
0000002212,002212,Home Visit,2023-03-16
0000002212,002212,Family Support Visit,2022-04-13
0000002213,002213,Family Support Visit,2022-04-05
0000002213,002213,Family Support Visit,2022-03-19
0000002213,002213,Family Support Visit,2022-01-24
0000002214,002214,Family Support Visit,2020-09-16
0000002214,002214,Case Management,2020-05-07
0000002215,002215,Developmental Check,2022-02-15
0000002216,002216,Family Support Visit,2022-08-04
0000002217,002217,Family Support Visit,2024-06-15
0000002218,002218,Developmental Check,2023-01-12
0000002218,002218,Case Management,2020-09-30
0000002218,002218,Family Support Visit,2022-04-21
0000002219,002219,Home Visit,2023-07-20
0000002219,002219,Family Support Visit,2022-12-26
0000002219,002219,Case Management,2022-03-31
0000002219,002219,Developmental Check,2023-06-14
0000002220,002220,Home Visit,2023-09-27
0000002220,002220,Case Management,2022-06-02
0000002220,002220,Case Management,2021-12-19
0000002220,002220,Family Support Visit,2022-11-15
0000002221,002221,Developmental Check,2021-01-30
0000002221,002221,Home Visit,2020-04-27
0000002222,002222,Home Visit,2023-01-08
0000002223,002223,Home Visit,2023-12-13
0000002223,002223,Family Support Visit,2024-06-27
0000002225,002225,Case Management,2024-02-29
0000002225,002225,Home Visit,2023-06-14
0000002225,002225,Case Management,2024-05-16
0000002226,002226,Case Management,2020-02-11
0000002226,002226,Home Visit,2019-10-28
0000002226,002226,Family Support Visit,2019-12-27
0000002226,002226,Developmental Check,2018-10-13
0000002227,002227,Case Management,2022-06-13
0000002230,002230,Developmental Check,2021-06-27
0000002230,002230,Home Visit,2023-09-21
0000002230,002230,Family Support Visit,2020-06-05
0000002231,002231,Family Support Visit,2022-04-13
0000002231,002231,Developmental Check,2025-01-10
0000002232,002232,Home Visit,2018-11-18
0000002232,002232,Case Management,2019-09-18
0000002232,002232,Developmental Check,2019-11-01
0000002232,002232,Case Management,2019-07-02
0000002232,002232,Home Visit,2020-01-26
0000002232,002232,Case Management,2020-01-08
0000002233,002233,Home Visit,2021-12-04
0000002233,002233,Home Visit,2023-10-13
0000002234,002234,Developmental Check,2025-05-25
0000002236,002236,Case Management,2024-07-06
0000002236,002236,Home Visit,2023-04-19
0000002237,002237,Home Visit,2021-11-22
0000002237,002237,Developmental Check,2021-11-07
0000002237,002237,Family Support Visit,2021-11-16
0000002237,002237,Case Management,2022-04-17
0000002238,002238,Case Management,2018-10-04
0000002238,002238,Case Management,2019-02-01
0000002238,002238,Developmental Check,2019-06-30
0000002238,002238,Case Management,2018-08-06
0000002238,002238,Family Support Visit,2018-09-29
0000002238,002238,Developmental Check,2018-11-29
0000002239,002239,Home Visit,2021-02-14
0000002240,002240,Case Management,2021-08-14
0000002240,002240,Case Management,2021-04-03
0000002240,002240,Developmental Check,2021-08-15
0000002240,002240,Home Visit,2021-06-16
0000002240,002240,Developmental Check,2021-03-20
0000002241,002241,Family Support Visit,2024-10-21
0000002241,002241,Family Support Visit,2024-11-29
0000002241,002241,Developmental Check,2024-04-13
0000002241,002241,Case Management,2024-11-13
0000002242,002242,Developmental Check,2022-08-01
0000002242,002242,Developmental Check,2020-12-28
0000002243,002243,Family Support Visit,2021-03-25
0000002244,002244,Home Visit,2021-06-03
0000002245,002245,Case Management,2021-12-16
0000002246,002246,Home Visit,2021-09-30
0000002246,002246,Home Visit,2021-05-06
0000002247,002247,Home Visit,2022-01-27
0000002247,002247,Case Management,2021-09-20
0000002248,002248,Home Visit,2019-05-09
0000002249,002249,Home Visit,2022-09-23
0000002249,002249,Case Management,2023-07-17
0000002249,002249,Developmental Check,2022-08-06
0000002251,002251,Family Support Visit,2022-10-05
0000002251,002251,Family Support Visit,2023-05-12
0000002251,002251,Case Management,2023-03-26
0000002251,002251,Case Management,2023-07-16
0000002252,002252,Family Support Visit,2021-04-13
0000002253,002253,Case Management,2024-10-25
0000002253,002253,Family Support Visit,2023-08-27
0000002253,002253,Case Management,2024-10-09
0000002255,002255,Case Management,2023-10-01
0000002255,002255,Family Support Visit,2025-02-13
0000002257,002257,Developmental Check,2023-12-20
0000002258,002258,Case Management,2019-08-13
0000002258,002258,Home Visit,2019-09-11
0000002258,002258,Family Support Visit,2019-11-01
0000002258,002258,Home Visit,2019-04-05
0000002258,002258,Home Visit,2019-10-17
0000002259,002259,Case Management,2021-05-27
0000002259,002259,Developmental Check,2022-10-02
0000002260,002260,Home Visit,2020-06-22
0000002260,002260,Home Visit,2020-09-10
0000002260,002260,Family Support Visit,2020-09-28
0000002260,002260,Family Support Visit,2020-06-23
0000002261,002261,Developmental Check,2020-03-14
0000002261,002261,Home Visit,2020-02-15
0000002261,002261,Developmental Check,2020-06-20
0000002261,002261,Case Management,2020-05-20
0000002261,002261,Home Visit,2020-02-10
0000002262,002262,Family Support Visit,2023-03-10
0000002262,002262,Family Support Visit,2023-03-24
0000002262,002262,Home Visit,2023-05-29
0000002263,002263,Case Management,2022-01-22
0000002263,002263,Developmental Check,2022-02-06
0000002263,002263,Home Visit,2022-02-07
0000002264,002264,Case Management,2025-05-26
0000002264,002264,Home Visit,2025-09-03
0000002265,002265,Family Support Visit,2023-02-20
0000002265,002265,Family Support Visit,2023-01-07
0000002265,002265,Family Support Visit,2022-10-25
0000002266,002266,Family Support Visit,2024-10-29
0000002266,002266,Case Management,2025-01-03
0000002267,002267,Family Support Visit,2023-06-02
0000002267,002267,Case Management,2023-05-04
0000002267,002267,Developmental Check,2023-06-02
0000002267,002267,Developmental Check,2023-05-10
0000002267,002267,Family Support Visit,2022-03-24
0000002267,002267,Developmental Check,2022-07-12
0000002268,002268,Case Management,2020-12-28
0000002268,002268,Home Visit,2021-03-01
0000002268,002268,Home Visit,2020-03-28
0000002269,002269,Family Support Visit,2022-04-01
0000002270,002270,Case Management,2022-03-23
0000002270,002270,Developmental Check,2023-01-04
0000002272,002272,Home Visit,2021-04-02
0000002272,002272,Case Management,2021-12-31
0000002273,002273,Developmental Check,2021-08-20
0000002273,002273,Case Management,2021-08-25
0000002273,002273,Home Visit,2021-02-21
0000002273,002273,Case Management,2021-03-23
0000002273,002273,Family Support Visit,2021-02-22
0000002273,002273,Family Support Visit,2020-11-09
0000002275,002275,Case Management,2020-09-06
0000002275,002275,Case Management,2021-06-20
0000002276,002276,Family Support Visit,2020-02-08
0000002276,002276,Developmental Check,2020-05-12
0000002276,002276,Home Visit,2020-04-08
0000002276,002276,Family Support Visit,2021-05-25
0000002276,002276,Developmental Check,2021-04-21
0000002277,002277,Family Support Visit,2025-02-27
0000002278,002278,Home Visit,2018-08-27
0000002278,002278,Home Visit,2020-07-05
0000002278,002278,Home Visit,2019-05-08
0000002278,002278,Case Management,2018-08-05
0000002278,002278,Home Visit,2020-08-31
0000002279,002279,Family Support Visit,2020-05-02
0000002279,002279,Case Management,2020-04-26
0000002281,002281,Case Management,2023-08-28
0000002282,002282,Case Management,2022-07-16
0000002283,002283,Case Management,2023-05-05
0000002283,002283,Home Visit,2023-02-15
0000002283,002283,Developmental Check,2022-08-15
0000002283,002283,Case Management,2022-09-23
0000002283,002283,Home Visit,2023-03-15
0000002284,002284,Developmental Check,2023-06-03
0000002285,002285,Home Visit,2020-10-21
0000002285,002285,Home Visit,2021-05-21
0000002286,002286,Home Visit,2022-03-26
0000002290,002290,Case Management,2021-02-13
0000002290,002290,Developmental Check,2021-04-22
0000002290,002290,Developmental Check,2020-07-29
0000002290,002290,Developmental Check,2021-01-20
0000002291,002291,Developmental Check,2020-01-16
0000002291,002291,Family Support Visit,2019-06-26
0000002291,002291,Family Support Visit,2020-01-10
0000002292,002292,Case Management,2018-08-02
0000002292,002292,Case Management,2020-05-12
0000002293,002293,Developmental Check,2019-12-12
0000002293,002293,Family Support Visit,2020-03-31
0000002293,002293,Case Management,2020-04-22
0000002293,002293,Home Visit,2020-03-05
0000002294,002294,Developmental Check,2020-11-21
0000002294,002294,Case Management,2021-05-15
0000002294,002294,Family Support Visit,2020-10-11
0000002294,002294,Developmental Check,2020-01-18
0000002295,002295,Developmental Check,2019-10-16
0000002295,002295,Home Visit,2019-07-20
0000002295,002295,Family Support Visit,2020-02-28
0000002295,002295,Developmental Check,2020-01-04
0000002296,002296,Case Management,2020-08-16
0000002296,002296,Family Support Visit,2020-04-26
0000002296,002296,Home Visit,2020-11-16
0000002297,002297,Developmental Check,2020-05-08
0000002297,002297,Case Management,2020-09-04
0000002297,002297,Family Support Visit,2019-11-27
0000002297,002297,Home Visit,2020-06-24
0000002298,002298,Family Support Visit,2021-03-05
0000002298,002298,Developmental Check,2021-05-02
0000002300,002300,Family Support Visit,2021-05-23
0000002300,002300,Developmental Check,2021-08-06
0000002300,002300,Developmental Check,2021-09-03
0000002301,002301,Case Management,2024-09-10
0000002301,002301,Case Management,2023-12-31
0000002302,002302,Case Management,2025-03-02
0000002303,002303,Case Management,2023-03-27
0000002304,002304,Home Visit,2023-09-23
0000002304,002304,Developmental Check,2024-06-02
0000002304,002304,Case Management,2023-09-13
0000002304,002304,Case Management,2024-04-06
0000002309,002309,Family Support Visit,2022-12-14
0000002309,002309,Case Management,2022-02-10
0000002309,002309,Family Support Visit,2022-05-04
0000002309,002309,Home Visit,2022-03-15
0000002310,002310,Case Management,2022-10-09
0000002310,002310,Case Management,2022-03-18
0000002311,002311,Home Visit,2023-05-16
0000002311,002311,Home Visit,2022-07-22
0000002312,002312,Developmental Check,2020-06-02
0000002312,002312,Home Visit,2020-03-05
0000002312,002312,Home Visit,2020-08-31
0000002313,002313,Case Management,2022-08-07
0000002314,002314,Family Support Visit,2021-06-13
0000002316,002316,Family Support Visit,2021-03-05
0000002316,002316,Developmental Check,2020-09-25
0000002316,002316,Home Visit,2020-12-24
0000002316,002316,Developmental Check,2021-01-06
0000002316,002316,Family Support Visit,2020-11-30
0000002317,002317,Home Visit,2021-06-20
0000002317,002317,Home Visit,2022-10-19
0000002318,002318,Case Management,2020-11-17
0000002319,002319,Home Visit,2024-02-16
0000002319,002319,Developmental Check,2024-01-28
0000002320,002320,Developmental Check,2021-10-10
0000002321,002321,Family Support Visit,2020-07-28
0000002321,002321,Case Management,2020-08-27
0000002321,002321,Family Support Visit,2020-10-16
0000002321,002321,Home Visit,2021-01-02
0000002321,002321,Family Support Visit,2020-07-16
0000002321,002321,Developmental Check,2020-07-31
0000002322,002322,Developmental Check,2021-06-27
0000002322,002322,Case Management,2020-02-13
0000002322,002322,Home Visit,2020-01-05
0000002322,002322,Case Management,2018-10-26
0000002323,002323,Family Support Visit,2025-06-06
0000002323,002323,Home Visit,2025-08-06
0000002323,002323,Family Support Visit,2025-05-19
0000002323,002323,Developmental Check,2023-04-09
0000002325,002325,Family Support Visit,2022-03-09
0000002325,002325,Developmental Check,2022-04-06
0000002326,002326,Family Support Visit,2021-08-10
0000002326,002326,Family Support Visit,2021-05-04
0000002327,002327,Case Management,2023-01-25
0000002327,002327,Home Visit,2021-07-21
0000002328,002328,Case Management,2022-10-27
0000002328,002328,Family Support Visit,2024-01-02
0000002328,002328,Developmental Check,2023-11-05
0000002329,002329,Family Support Visit,2023-01-11
0000002329,002329,Case Management,2022-10-24
0000002330,002330,Developmental Check,2021-04-15
0000002330,002330,Case Management,2023-07-18
0000002330,002330,Developmental Check,2021-07-06
0000002331,002331,Family Support Visit,2022-02-18
0000002331,002331,Family Support Visit,2022-11-27
0000002331,002331,Family Support Visit,2021-12-22
0000002331,002331,Developmental Check,2023-05-02
0000002331,002331,Family Support Visit,2022-04-11
0000002331,002331,Home Visit,2023-01-20
0000002332,002332,Case Management,2026-08-19
0000002332,002332,Home Visit,2025-04-12
0000002332,002332,Family Support Visit,2027-01-23
0000002332,002332,Family Support Visit,2024-11-27
0000002333,002333,Home Visit,2020-12-02
0000002334,002334,Family Support Visit,2023-01-22
0000002334,002334,Developmental Check,2022-01-21
0000002334,002334,Case Management,2023-06-19
0000002334,002334,Home Visit,2023-04-20
0000002335,002335,Case Management,2021-01-15
0000002335,002335,Home Visit,2022-01-02
0000002335,002335,Case Management,2021-05-13
0000002335,002335,Family Support Visit,2021-04-12
0000002336,002336,Case Management,2023-03-11
0000002337,002337,Family Support Visit,2024-11-23
0000002338,002338,Case Management,2019-07-11
0000002338,002338,Developmental Check,2019-12-05
0000002338,002338,Home Visit,2019-05-13
0000002338,002338,Family Support Visit,2019-01-23
0000002338,002338,Developmental Check,2019-07-14
0000002339,002339,Case Management,2020-09-06
0000002339,002339,Developmental Check,2021-02-14
0000002339,002339,Family Support Visit,2022-12-30
0000002340,002340,Home Visit,2026-03-30
0000002341,002341,Case Management,2021-10-05
0000002341,002341,Family Support Visit,2021-12-06
0000002341,002341,Developmental Check,2022-02-24
0000002341,002341,Case Management,2022-03-24
0000002342,002342,Family Support Visit,2021-07-23
0000002342,002342,Home Visit,2021-12-01
0000002343,002343,Family Support Visit,2023-06-05
0000002343,002343,Family Support Visit,2023-06-16
0000002345,002345,Family Support Visit,2023-09-15
0000002345,002345,Family Support Visit,2023-11-21
0000002345,002345,Developmental Check,2022-11-11
0000002346,002346,Case Management,2019-09-29
0000002346,002346,Family Support Visit,2019-11-29
0000002346,002346,Home Visit,2020-02-04
0000002347,002347,Home Visit,2020-06-18
0000002347,002347,Family Support Visit,2020-09-01
0000002347,002347,Home Visit,2020-01-12
0000002347,002347,Case Management,2020-01-21
0000002348,002348,Case Management,2021-08-23
0000002348,002348,Case Management,2023-05-18
0000002348,002348,Home Visit,2023-01-12
0000002350,002350,Developmental Check,2023-08-30
0000002350,002350,Family Support Visit,2023-12-12
0000002350,002350,Home Visit,2021-08-28
0000002352,002352,Developmental Check,2020-12-13
0000002352,002352,Developmental Check,2020-06-19
0000002352,002352,Developmental Check,2020-03-20
0000002352,002352,Family Support Visit,2020-12-20
0000002354,002354,Family Support Visit,2020-08-04
0000002354,002354,Developmental Check,2020-07-29
0000002354,002354,Developmental Check,2020-04-20
0000002354,002354,Developmental Check,2020-08-16
0000002355,002355,Home Visit,2021-10-14
0000002355,002355,Developmental Check,2021-06-10
0000002355,002355,Home Visit,2021-01-17
0000002355,002355,Family Support Visit,2021-05-10
0000002355,002355,Case Management,2021-06-27
0000002356,002356,Family Support Visit,2021-07-28
0000002356,002356,Developmental Check,2020-11-02
0000002357,002357,Developmental Check,2024-03-13
0000002358,002358,Family Support Visit,2025-10-22
0000002359,002359,Case Management,2019-05-30
0000002359,002359,Home Visit,2019-06-06
0000002359,002359,Family Support Visit,2019-01-22
0000002359,002359,Home Visit,2019-06-03
0000002359,002359,Home Visit,2019-06-10
0000002360,002360,Family Support Visit,2021-05-01
0000002360,002360,Family Support Visit,2021-06-08
0000002360,002360,Case Management,2021-04-25
0000002360,002360,Family Support Visit,2021-05-31
0000002362,002362,Family Support Visit,2023-05-19
0000002363,002363,Home Visit,2019-12-22
0000002363,002363,Developmental Check,2020-08-05
0000002363,002363,Case Management,2019-10-11
0000002363,002363,Home Visit,2020-08-18
0000002364,002364,Home Visit,2022-12-24
0000002364,002364,Home Visit,2023-03-24
0000002364,002364,Developmental Check,2023-03-27
0000002364,002364,Case Management,2022-05-06
0000002364,002364,Family Support Visit,2022-04-28
0000002365,002365,Home Visit,2021-12-27
0000002365,002365,Home Visit,2022-01-11
0000002365,002365,Developmental Check,2022-01-27
0000002365,002365,Home Visit,2021-10-02
0000002365,002365,Case Management,2021-06-14
0000002365,002365,Family Support Visit,2021-10-15
0000002366,002366,Case Management,2021-04-28
0000002367,002367,Home Visit,2020-05-29
0000002367,002367,Case Management,2020-07-23
0000002367,002367,Case Management,2020-05-02
0000002367,002367,Home Visit,2020-07-22
0000002367,002367,Family Support Visit,2020-08-27
0000002368,002368,Case Management,2019-06-10
0000002368,002368,Case Management,2021-05-09
0000002370,002370,Home Visit,2020-01-12
0000002370,002370,Home Visit,2019-12-05
0000002370,002370,Case Management,2019-04-29
0000002371,002371,Case Management,2019-04-12
0000002371,002371,Case Management,2019-08-08
0000002372,002372,Family Support Visit,2020-09-25
0000002372,002372,Home Visit,2021-03-21
0000002372,002372,Case Management,2020-09-27
0000002372,002372,Family Support Visit,2021-02-01
0000002373,002373,Family Support Visit,2024-08-05
0000002373,002373,Home Visit,2024-10-20
0000002373,002373,Family Support Visit,2023-09-13
0000002374,002374,Case Management,2024-08-23
0000002374,002374,Developmental Check,2023-03-08
0000002374,002374,Home Visit,2025-01-25
0000002375,002375,Home Visit,2019-05-18
0000002376,002376,Home Visit,2021-08-22
0000002376,002376,Case Management,2021-10-12
0000002377,002377,Family Support Visit,2021-01-14
0000002377,002377,Home Visit,2021-02-21
0000002377,002377,Family Support Visit,2020-06-01
0000002378,002378,Case Management,2022-10-13
0000002378,002378,Family Support Visit,2022-07-01
0000002378,002378,Family Support Visit,2022-01-07
0000002379,002379,Home Visit,2022-09-18
0000002381,002381,Case Management,2021-06-25
0000002382,002382,Home Visit,2021-02-23
0000002382,002382,Home Visit,2022-02-27
0000002384,002384,Case Management,2022-02-10
0000002384,002384,Home Visit,2022-02-21
0000002385,002385,Case Management,2022-10-06
0000002385,002385,Family Support Visit,2022-09-27
0000002385,002385,Home Visit,2022-11-07
0000002385,002385,Family Support Visit,2022-12-22
0000002385,002385,Home Visit,2022-12-31
0000002386,002386,Case Management,2024-06-11
0000002386,002386,Case Management,2022-09-05
0000002387,002387,Family Support Visit,2024-02-10
0000002387,002387,Case Management,2023-07-24
0000002388,002388,Family Support Visit,2025-01-27
0000002388,002388,Developmental Check,2023-12-09
0000002388,002388,Case Management,2023-10-16
0000002390,002390,Home Visit,2021-11-05
0000002390,002390,Family Support Visit,2020-03-28
0000002391,002391,Developmental Check,2024-03-12
0000002391,002391,Developmental Check,2022-07-29
0000002392,002392,Family Support Visit,2020-04-22
0000002392,002392,Case Management,2021-09-28
0000002392,002392,Home Visit,2023-01-23
0000002392,002392,Family Support Visit,2020-11-12
0000002392,002392,Developmental Check,2022-04-14
0000002392,002392,Case Management,2021-01-25
0000002393,002393,Developmental Check,2023-02-26
0000002393,002393,Case Management,2023-01-30
0000002393,002393,Developmental Check,2022-12-09
0000002393,002393,Family Support Visit,2022-12-29
0000002393,002393,Home Visit,2022-12-17
0000002393,002393,Family Support Visit,2022-12-18
0000002394,002394,Home Visit,2022-05-03
0000002395,002395,Developmental Check,2019-01-13
0000002395,002395,Home Visit,2019-04-08
0000002395,002395,Developmental Check,2019-08-30
0000002395,002395,Case Management,2019-05-10
0000002396,002396,Home Visit,2022-05-01
0000002396,002396,Home Visit,2022-03-25
0000002396,002396,Developmental Check,2022-04-08
0000002396,002396,Developmental Check,2021-12-30
0000002396,002396,Case Management,2021-12-29
0000002397,002397,Developmental Check,2021-10-04
0000002398,002398,Home Visit,2023-07-23
0000002400,002400,Case Management,2022-07-25
0000002400,002400,Case Management,2022-05-24
0000002401,002401,Case Management,2023-05-06
0000002401,002401,Home Visit,2022-08-22
0000002401,002401,Case Management,2022-03-17
0000002401,002401,Developmental Check,2022-02-18
0000002401,002401,Family Support Visit,2022-02-28
0000002402,002402,Home Visit,2023-09-02
0000002402,002402,Family Support Visit,2024-02-09
0000002402,002402,Home Visit,2022-05-30
0000002403,002403,Family Support Visit,2020-03-05
0000002403,002403,Developmental Check,2021-11-05
0000002403,002403,Case Management,2020-11-22
0000002404,002404,Family Support Visit,2019-05-28
0000002404,002404,Developmental Check,2019-06-09
0000002405,002405,Case Management,2026-12-16
0000002405,002405,Family Support Visit,2022-10-09
0000002406,002406,Developmental Check,2020-04-08
0000002406,002406,Family Support Visit,2019-09-14
0000002406,002406,Case Management,2019-06-07
0000002407,002407,Home Visit,2026-12-08
0000002407,002407,Case Management,2025-11-09
0000002407,002407,Home Visit,2024-01-05
0000002407,002407,Developmental Check,2025-06-02
0000002408,002408,Home Visit,2024-09-23
0000002409,002409,Developmental Check,2022-03-08
0000002410,002410,Case Management,2023-12-22
0000002411,002411,Family Support Visit,2019-09-26
0000002411,002411,Home Visit,2019-09-06
0000002411,002411,Developmental Check,2019-09-04
0000002412,002412,Case Management,2024-05-26
0000002412,002412,Family Support Visit,2024-06-27
0000002413,002413,Family Support Visit,2022-10-13
0000002413,002413,Home Visit,2023-01-27
0000002413,002413,Developmental Check,2022-04-09
0000002414,002414,Developmental Check,2025-04-15
0000002414,002414,Home Visit,2025-07-02
0000002415,002415,Case Management,2022-10-04
0000002415,002415,Family Support Visit,2023-11-13
0000002415,002415,Case Management,2022-11-09
0000002416,002416,Case Management,2021-11-06
0000002416,002416,Developmental Check,2022-05-21
0000002416,002416,Home Visit,2021-07-31
0000002416,002416,Case Management,2021-09-21
0000002416,002416,Developmental Check,2021-12-19
0000002418,002418,Case Management,2022-05-04
0000002418,002418,Developmental Check,2022-04-28
0000002418,002418,Case Management,2021-12-11
0000002418,002418,Case Management,2021-12-25
0000002418,002418,Case Management,2022-01-24
0000002418,002418,Developmental Check,2022-04-12
0000002421,002421,Home Visit,2020-07-10
0000002421,002421,Home Visit,2020-06-16
0000002421,002421,Home Visit,2020-03-14
0000002421,002421,Family Support Visit,2020-06-01
0000002421,002421,Developmental Check,2020-03-18
0000002421,002421,Family Support Visit,2020-01-23
0000002422,002422,Family Support Visit,2022-01-17
0000002422,002422,Developmental Check,2022-05-07
0000002422,002422,Developmental Check,2022-01-22
0000002422,002422,Case Management,2022-06-24
0000002422,002422,Developmental Check,2022-02-10
0000002423,002423,Family Support Visit,2022-04-12
0000002424,002424,Family Support Visit,2020-12-10
0000002424,002424,Family Support Visit,2021-02-24
0000002424,002424,Developmental Check,2021-07-04
0000002424,002424,Case Management,2021-09-28
0000002425,002425,Home Visit,2022-03-11
0000002426,002426,Home Visit,2022-03-06
0000002426,002426,Developmental Check,2022-09-26
0000002426,002426,Home Visit,2022-07-18
0000002426,002426,Home Visit,2022-01-27
0000002426,002426,Home Visit,2021-06-13
0000002427,002427,Family Support Visit,2021-02-07
0000002427,002427,Family Support Visit,2020-11-28
0000002428,002428,Home Visit,2022-10-22
0000002428,002428,Family Support Visit,2022-07-10
0000002428,002428,Developmental Check,2025-04-21
0000002428,002428,Family Support Visit,2022-03-21
0000002428,002428,Family Support Visit,2024-12-11
0000002428,002428,Home Visit,2023-02-04
0000002429,002429,Family Support Visit,2024-10-02
0000002429,002429,Developmental Check,2022-01-25
0000002429,002429,Developmental Check,2025-03-14
0000002430,002430,Case Management,2023-04-28
0000002431,002431,Home Visit,2020-07-29
0000002431,002431,Case Management,2021-03-15
0000002432,002432,Case Management,2023-12-16
0000002433,002433,Home Visit,2019-12-15
0000002433,002433,Developmental Check,2020-10-09
0000002433,002433,Case Management,2020-04-06
0000002434,002434,Family Support Visit,2021-03-05
0000002434,002434,Home Visit,2022-09-19
0000002434,002434,Case Management,2022-02-22
0000002434,002434,Home Visit,2021-07-21
0000002435,002435,Developmental Check,2022-08-30
0000002435,002435,Developmental Check,2023-02-01
0000002437,002437,Developmental Check,2024-05-22
0000002437,002437,Developmental Check,2023-06-01
0000002437,002437,Developmental Check,2022-05-13
0000002437,002437,Family Support Visit,2024-08-24
0000002437,002437,Developmental Check,2021-04-04
0000002438,002438,Family Support Visit,2025-09-13
0000002439,002439,Case Management,2024-05-28
0000002440,002440,Developmental Check,2022-12-05
0000002440,002440,Case Management,2022-05-18
0000002440,002440,Case Management,2022-07-04
0000002440,002440,Developmental Check,2022-12-08
0000002442,002442,Developmental Check,2020-09-25
0000002442,002442,Developmental Check,2021-09-27
0000002443,002443,Case Management,2022-08-01
0000002444,002444,Developmental Check,2021-03-23
0000002444,002444,Family Support Visit,2021-01-09
0000002445,002445,Case Management,2021-10-08
0000002445,002445,Case Management,2022-05-16
0000002445,002445,Home Visit,2022-04-13
0000002446,002446,Home Visit,2021-04-18
0000002447,002447,Developmental Check,2023-01-07
0000002447,002447,Home Visit,2023-03-28
0000002448,002448,Home Visit,2026-08-25
0000002449,002449,Family Support Visit,2023-03-26
0000002449,002449,Family Support Visit,2023-10-03
0000002451,002451,Case Management,2022-02-08
0000002451,002451,Home Visit,2020-08-25
0000002451,002451,Home Visit,2020-02-24
0000002452,002452,Family Support Visit,2026-03-27
0000002452,002452,Home Visit,2026-09-20
0000002453,002453,Developmental Check,2022-11-19
0000002454,002454,Home Visit,2018-08-03
0000002454,002454,Family Support Visit,2018-12-07
0000002454,002454,Case Management,2019-04-17
0000002456,002456,Case Management,2019-10-19
0000002456,002456,Developmental Check,2020-01-18
0000002457,002457,Developmental Check,2023-06-19
0000002457,002457,Home Visit,2022-09-27
0000002457,002457,Developmental Check,2023-06-18
0000002458,002458,Case Management,2019-07-10
0000002458,002458,Home Visit,2019-07-05
0000002458,002458,Home Visit,2019-11-03
0000002458,002458,Developmental Check,2019-11-28
0000002459,002459,Developmental Check,2022-11-08
0000002459,002459,Home Visit,2022-11-17
0000002459,002459,Home Visit,2022-09-11
0000002459,002459,Family Support Visit,2023-06-23
0000002459,002459,Home Visit,2023-06-27
0000002459,002459,Case Management,2022-12-20
0000002460,002460,Family Support Visit,2019-06-02
0000002460,002460,Family Support Visit,2020-04-01
0000002460,002460,Home Visit,2020-05-14
0000002460,002460,Developmental Check,2020-02-10
0000002460,002460,Case Management,2020-02-17
0000002461,002461,Developmental Check,2023-05-08
0000002462,002462,Family Support Visit,2024-11-18
0000002462,002462,Home Visit,2023-10-30
0000002463,002463,Developmental Check,2025-07-31
0000002463,002463,Developmental Check,2022-12-05
0000002464,002464,Case Management,2020-03-21
0000002465,002465,Home Visit,2024-03-19
0000002465,002465,Developmental Check,2022-07-26
0000002465,002465,Home Visit,2023-03-07
0000002466,002466,Family Support Visit,2019-12-23
0000002466,002466,Family Support Visit,2019-11-05
0000002466,002466,Home Visit,2019-11-19
0000002466,002466,Family Support Visit,2020-04-24
0000002466,002466,Family Support Visit,2021-03-03
0000002467,002467,Home Visit,2024-07-10
0000002467,002467,Family Support Visit,2024-06-01
0000002467,002467,Developmental Check,2023-12-04
0000002468,002468,Developmental Check,2021-06-07
0000002468,002468,Home Visit,2019-01-26
0000002470,002470,Case Management,2020-11-29
0000002471,002471,Family Support Visit,2021-01-17
0000002471,002471,Developmental Check,2021-06-02
0000002472,002472,Family Support Visit,2022-06-06
0000002473,002473,Home Visit,2020-07-30
0000002473,002473,Home Visit,2020-10-17
0000002473,002473,Developmental Check,2019-11-13
0000002473,002473,Home Visit,2020-03-26
0000002473,002473,Family Support Visit,2019-12-26
0000002473,002473,Developmental Check,2019-07-13
0000002474,002474,Case Management,2022-03-21
0000002475,002475,Case Management,2021-11-29
0000002476,002476,Developmental Check,2023-08-06
0000002476,002476,Family Support Visit,2024-08-16
0000002478,002478,Case Management,2024-03-07
0000002479,002479,Family Support Visit,2023-04-21
0000002479,002479,Home Visit,2024-01-18
0000002480,002480,Home Visit,2020-05-27
0000002480,002480,Home Visit,2020-08-20
0000002482,002482,Family Support Visit,2023-09-30
0000002482,002482,Home Visit,2020-07-02
0000002483,002483,Case Management,2023-01-18
0000002483,002483,Home Visit,2022-10-26
0000002484,002484,Family Support Visit,2025-02-18
0000002484,002484,Home Visit,2025-04-09
0000002484,002484,Home Visit,2023-06-26
0000002485,002485,Case Management,2023-03-22
0000002485,002485,Developmental Check,2022-08-28
0000002486,002486,Developmental Check,2023-09-29
0000002486,002486,Case Management,2022-10-31
0000002487,002487,Developmental Check,2023-10-22
0000002487,002487,Developmental Check,2023-12-20
0000002489,002489,Home Visit,2022-04-09
0000002490,002490,Developmental Check,2023-01-23
0000002490,002490,Family Support Visit,2024-04-05
0000002491,002491,Home Visit,2024-01-28
0000002492,002492,Case Management,2023-10-25
0000002492,002492,Case Management,2023-06-22
0000002493,002493,Case Management,2021-09-02
0000002494,002494,Family Support Visit,2021-08-04
0000002495,002495,Case Management,2022-05-14
0000002496,002496,Home Visit,2021-02-09
0000002497,002497,Developmental Check,2022-05-30
0000002497,002497,Case Management,2022-08-26
0000002497,002497,Case Management,2022-06-18
0000002498,002498,Developmental Check,2021-02-05
0000002498,002498,Developmental Check,2020-04-20
0000002498,002498,Family Support Visit,2021-12-19
0000002499,002499,Home Visit,2021-04-28
0000002500,002500,Family Support Visit,2022-09-16
0000002500,002500,Family Support Visit,2022-03-18
0000002500,002500,Case Management,2022-02-17
0000002500,002500,Case Management,2022-03-09
0000002501,002501,Developmental Check,2022-06-11
0000002501,002501,Family Support Visit,2021-11-01
0000002502,002502,Developmental Check,2022-04-23
0000002502,002502,Home Visit,2023-12-12
0000002502,002502,Home Visit,2023-07-23
0000002502,002502,Home Visit,2023-01-31
0000002503,002503,Home Visit,2023-08-23
0000002503,002503,Home Visit,2022-04-15
0000002503,002503,Home Visit,2021-06-30
0000002503,002503,Developmental Check,2023-02-16
0000002504,002504,Family Support Visit,2021-01-08
0000002505,002505,Developmental Check,2020-05-24
0000002505,002505,Developmental Check,2020-08-16
0000002506,002506,Home Visit,2019-08-11
0000002506,002506,Case Management,2020-07-27
0000002506,002506,Case Management,2019-05-04
0000002506,002506,Case Management,2021-02-17
0000002506,002506,Home Visit,2021-01-10
0000002508,002508,Developmental Check,2024-05-14
0000002508,002508,Case Management,2023-03-26
0000002509,002509,Case Management,2022-05-22
0000002509,002509,Developmental Check,2022-09-02
0000002510,002510,Case Management,2024-07-08
0000002510,002510,Case Management,2023-09-06
0000002511,002511,Home Visit,2019-09-29
0000002511,002511,Home Visit,2020-03-28
0000002511,002511,Developmental Check,2020-02-08
0000002511,002511,Home Visit,2019-07-28
0000002513,002513,Developmental Check,2022-06-30
0000002513,002513,Case Management,2022-08-20
0000002514,002514,Developmental Check,2022-08-20
0000002514,002514,Developmental Check,2021-09-15
0000002515,002515,Case Management,2019-11-30
0000002516,002516,Case Management,2022-08-28
0000002516,002516,Family Support Visit,2023-02-25
0000002516,002516,Developmental Check,2022-11-24
0000002516,002516,Developmental Check,2022-01-04
0000002517,002517,Case Management,2022-04-13
0000002517,002517,Home Visit,2021-02-28
0000002517,002517,Case Management,2021-07-07
0000002517,002517,Home Visit,2022-06-27
0000002517,002517,Family Support Visit,2021-04-24
0000002517,002517,Home Visit,2022-07-25
0000002518,002518,Developmental Check,2022-09-04
0000002518,002518,Case Management,2020-05-13
0000002519,002519,Case Management,2024-05-23
0000002519,002519,Developmental Check,2023-06-09
0000002519,002519,Family Support Visit,2024-02-01
0000002519,002519,Family Support Visit,2024-10-03
0000002520,002520,Home Visit,2022-05-14
0000002520,002520,Family Support Visit,2021-04-13
0000002520,002520,Home Visit,2021-10-29
0000002520,002520,Case Management,2021-10-06
0000002520,002520,Home Visit,2022-05-06
0000002520,002520,Home Visit,2022-03-09
0000002521,002521,Case Management,2020-03-14
0000002521,002521,Home Visit,2020-11-15
0000002522,002522,Case Management,2022-04-15
0000002523,002523,Family Support Visit,2021-10-02
0000002523,002523,Developmental Check,2022-06-11
0000002523,002523,Case Management,2024-05-07
0000002525,002525,Case Management,2021-12-04
0000002525,002525,Family Support Visit,2022-02-21
0000002526,002526,Home Visit,2022-04-16
0000002526,002526,Home Visit,2023-04-23
0000002527,002527,Family Support Visit,2022-11-26
0000002527,002527,Home Visit,2022-07-26
0000002527,002527,Family Support Visit,2023-01-22
0000002527,002527,Case Management,2022-11-28
0000002528,002528,Family Support Visit,2022-05-28
0000002528,002528,Developmental Check,2021-06-01
0000002529,002529,Developmental Check,2023-11-05
0000002529,002529,Case Management,2021-06-23
0000002529,002529,Home Visit,2024-07-05
0000002529,002529,Developmental Check,2022-02-22
0000002530,002530,Developmental Check,2024-06-30
0000002530,002530,Developmental Check,2025-04-24
0000002530,002530,Case Management,2022-04-29
0000002531,002531,Family Support Visit,2022-02-05
0000002533,002533,Case Management,2021-01-31
0000002533,002533,Case Management,2020-03-15
0000002533,002533,Case Management,2023-07-18
0000002534,002534,Case Management,2022-02-02
0000002534,002534,Case Management,2021-08-23
0000002534,002534,Case Management,2021-11-09
0000002534,002534,Home Visit,2021-12-27
0000002534,002534,Home Visit,2021-10-26
0000002534,002534,Developmental Check,2021-08-12
0000002536,002536,Developmental Check,2023-12-02
0000002536,002536,Home Visit,2022-12-31
0000002537,002537,Developmental Check,2024-01-19
0000002537,002537,Developmental Check,2023-11-22
0000002537,002537,Family Support Visit,2025-01-21
0000002537,002537,Case Management,2024-02-23
0000002537,002537,Family Support Visit,2023-06-01
0000002537,002537,Developmental Check,2024-06-14
0000002539,002539,Developmental Check,2020-10-03
0000002539,002539,Developmental Check,2021-01-10
0000002539,002539,Developmental Check,2021-04-11
0000002539,002539,Home Visit,2021-03-08
0000002540,002540,Family Support Visit,2025-06-19
0000002540,002540,Home Visit,2025-01-25
0000002540,002540,Developmental Check,2025-10-26
0000002540,002540,Home Visit,2025-02-18
0000002541,002541,Family Support Visit,2024-05-03
0000002541,002541,Case Management,2024-04-24
0000002542,002542,Home Visit,2022-06-24
0000002542,002542,Developmental Check,2024-03-13
0000002542,002542,Home Visit,2021-11-23
0000002542,002542,Home Visit,2024-02-19
0000002544,002544,Family Support Visit,2024-03-26
0000002544,002544,Home Visit,2023-10-08
0000002545,002545,Family Support Visit,2020-03-07
0000002545,002545,Developmental Check,2019-11-05
0000002545,002545,Case Management,2021-04-07
0000002546,002546,Family Support Visit,2021-06-20
0000002546,002546,Home Visit,2020-01-25
0000002546,002546,Home Visit,2021-06-19
0000002546,002546,Case Management,2021-06-13
0000002547,002547,Case Management,2019-11-18
0000002547,002547,Developmental Check,2019-09-05
0000002547,002547,Family Support Visit,2018-08-31
0000002549,002549,Case Management,2022-02-27
0000002549,002549,Home Visit,2021-07-05
0000002549,002549,Developmental Check,2021-09-28
0000002550,002550,Family Support Visit,2019-07-05
0000002550,002550,Family Support Visit,2019-08-31
0000002552,002552,Case Management,2022-03-07
0000002552,002552,Family Support Visit,2021-02-06
0000002554,002554,Family Support Visit,2021-11-01
0000002554,002554,Family Support Visit,2019-11-28
0000002555,002555,Home Visit,2023-10-19
0000002555,002555,Case Management,2025-04-05
0000002556,002556,Developmental Check,2021-01-16
0000002556,002556,Home Visit,2021-04-30
0000002557,002557,Home Visit,2023-02-12
0000002557,002557,Case Management,2022-12-12
0000002557,002557,Family Support Visit,2022-12-07
0000002557,002557,Family Support Visit,2022-10-04
0000002558,002558,Developmental Check,2024-12-10
0000002559,002559,Home Visit,2022-04-09
0000002561,002561,Case Management,2021-02-12
0000002561,002561,Family Support Visit,2021-01-17
0000002561,002561,Case Management,2020-05-29
0000002561,002561,Home Visit,2021-02-24
0000002562,002562,Developmental Check,2023-04-24
0000002562,002562,Case Management,2022-10-10
0000002562,002562,Developmental Check,2023-10-25
0000002563,002563,Case Management,2023-08-07
0000002563,002563,Case Management,2025-05-19
0000002565,002565,Family Support Visit,2023-03-04
0000002566,002566,Family Support Visit,2023-03-29
0000002566,002566,Home Visit,2022-11-28
0000002566,002566,Developmental Check,2022-12-17
0000002566,002566,Home Visit,2022-09-27
0000002567,002567,Developmental Check,2022-04-02
0000002568,002568,Case Management,2022-11-08
0000002568,002568,Home Visit,2024-02-02
0000002568,002568,Developmental Check,2023-12-14
0000002568,002568,Home Visit,2023-03-14
0000002569,002569,Case Management,2021-07-18
0000002569,002569,Home Visit,2022-05-02
0000002569,002569,Case Management,2022-05-10
0000002569,002569,Home Visit,2022-04-07
0000002569,002569,Home Visit,2022-06-14
0000002569,002569,Family Support Visit,2022-03-18
0000002570,002570,Family Support Visit,2022-01-26
0000002570,002570,Developmental Check,2021-06-23
0000002570,002570,Home Visit,2021-08-24
0000002571,002571,Home Visit,2024-12-16
0000002571,002571,Home Visit,2023-11-12
0000002572,002572,Developmental Check,2026-07-26
0000002572,002572,Family Support Visit,2025-11-25
0000002572,002572,Family Support Visit,2023-03-18
0000002572,002572,Family Support Visit,2024-07-14
0000002573,002573,Case Management,2020-02-02
0000002573,002573,Family Support Visit,2020-02-10
0000002573,002573,Developmental Check,2020-02-22
0000002573,002573,Case Management,2020-02-09
0000002573,002573,Home Visit,2020-01-08
0000002574,002574,Family Support Visit,2023-12-20
0000002574,002574,Developmental Check,2024-11-28
0000002574,002574,Developmental Check,2024-02-04
0000002576,002576,Case Management,2020-02-03
0000002576,002576,Home Visit,2021-10-28
0000002577,002577,Family Support Visit,2023-08-31
0000002578,002578,Family Support Visit,2020-10-04
0000002579,002579,Home Visit,2024-06-04
0000002580,002580,Family Support Visit,2021-07-22
0000002580,002580,Case Management,2021-07-13
0000002580,002580,Developmental Check,2021-11-22
0000002581,002581,Case Management,2024-03-21
0000002581,002581,Case Management,2024-06-14
0000002582,002582,Developmental Check,2023-03-04
0000002582,002582,Developmental Check,2024-03-05
0000002584,002584,Home Visit,2022-06-03
0000002584,002584,Home Visit,2021-09-08
0000002584,002584,Case Management,2021-12-16
0000002584,002584,Case Management,2022-02-07
0000002584,002584,Case Management,2022-03-13
0000002584,002584,Case Management,2022-04-21
0000002585,002585,Case Management,2023-11-19
0000002585,002585,Family Support Visit,2024-07-07
0000002585,002585,Developmental Check,2024-03-06
0000002585,002585,Case Management,2024-05-05
0000002585,002585,Family Support Visit,2024-01-22
0000002586,002586,Case Management,2024-08-12
0000002586,002586,Home Visit,2023-12-12
0000002586,002586,Case Management,2024-12-23
0000002586,002586,Case Management,2023-09-04
0000002586,002586,Family Support Visit,2024-03-12
0000002586,002586,Family Support Visit,2024-01-24
0000002587,002587,Case Management,2023-03-22
0000002587,002587,Family Support Visit,2022-11-21
0000002587,002587,Home Visit,2021-06-05
0000002587,002587,Home Visit,2021-01-28
0000002587,002587,Developmental Check,2021-06-20
0000002588,002588,Developmental Check,2022-04-01
0000002588,002588,Case Management,2022-04-16
0000002588,002588,Home Visit,2021-06-06
0000002590,002590,Case Management,2023-07-16
0000002590,002590,Home Visit,2023-07-16
0000002590,002590,Home Visit,2023-02-21
0000002592,002592,Home Visit,2022-11-11
0000002592,002592,Case Management,2022-10-12
0000002593,002593,Developmental Check,2021-10-02
0000002593,002593,Home Visit,2021-12-09
0000002594,002594,Developmental Check,2020-12-28
0000002594,002594,Developmental Check,2021-08-13
0000002594,002594,Developmental Check,2020-08-09
0000002594,002594,Developmental Check,2021-11-16
0000002595,002595,Case Management,2024-06-29
0000002596,002596,Developmental Check,2021-02-27
0000002596,002596,Case Management,2022-02-19
0000002596,002596,Home Visit,2021-09-15
0000002596,002596,Developmental Check,2021-01-20
0000002597,002597,Family Support Visit,2021-03-21
0000002597,002597,Family Support Visit,2021-09-24
0000002598,002598,Developmental Check,2023-10-05
0000002598,002598,Family Support Visit,2024-12-21
0000002599,002599,Home Visit,2026-05-26
0000002600,002600,Family Support Visit,2023-12-23
0000002600,002600,Developmental Check,2023-10-08
0000002600,002600,Family Support Visit,2023-06-22
0000002600,002600,Family Support Visit,2023-12-10
0000002600,002600,Case Management,2023-07-12
0000002601,002601,Family Support Visit,2022-06-15
0000002602,002602,Home Visit,2020-01-22
0000002602,002602,Home Visit,2021-10-30
0000002603,002603,Family Support Visit,2021-06-12
0000002604,002604,Developmental Check,2021-11-05
0000002604,002604,Home Visit,2022-04-13
0000002604,002604,Family Support Visit,2021-11-11
0000002607,002607,Home Visit,2021-07-11
0000002607,002607,Family Support Visit,2021-03-06
0000002608,002608,Case Management,2021-10-02
0000002608,002608,Home Visit,2022-04-20
0000002608,002608,Family Support Visit,2021-10-11
0000002609,002609,Case Management,2022-08-20
0000002609,002609,Home Visit,2022-10-13
0000002609,002609,Family Support Visit,2022-09-02
0000002610,002610,Family Support Visit,2022-12-07
0000002610,002610,Home Visit,2022-09-05
0000002611,002611,Family Support Visit,2019-07-01
0000002611,002611,Developmental Check,2019-07-04
0000002611,002611,Developmental Check,2019-05-23
0000002611,002611,Home Visit,2019-05-18
0000002611,002611,Developmental Check,2019-04-26
0000002612,002612,Case Management,2025-10-13
0000002612,002612,Family Support Visit,2026-01-25
0000002613,002613,Home Visit,2021-08-28
0000002613,002613,Case Management,2023-01-02
0000002614,002614,Developmental Check,2023-05-30
0000002616,002616,Home Visit,2025-08-09
0000002616,002616,Family Support Visit,2023-10-07
0000002616,002616,Home Visit,2025-07-28
0000002617,002617,Family Support Visit,2022-07-24
0000002617,002617,Home Visit,2022-06-20
0000002619,002619,Home Visit,2023-07-24
0000002619,002619,Home Visit,2024-10-05
0000002619,002619,Family Support Visit,2023-11-11
0000002619,002619,Family Support Visit,2024-11-22
0000002620,002620,Developmental Check,2022-12-24
0000002620,002620,Developmental Check,2025-11-28
0000002620,002620,Developmental Check,2026-05-09
0000002620,002620,Developmental Check,2022-07-14
0000002621,002621,Case Management,2023-02-26
0000002621,002621,Developmental Check,2023-02-23
0000002622,002622,Developmental Check,2021-05-08
0000002622,002622,Family Support Visit,2022-02-03
0000002622,002622,Case Management,2021-07-20
0000002622,002622,Family Support Visit,2021-05-29
0000002623,002623,Developmental Check,2024-06-10
0000002623,002623,Home Visit,2023-03-11
0000002624,002624,Home Visit,2027-05-17
0000002625,002625,Developmental Check,2026-10-31
0000002625,002625,Developmental Check,2025-06-15
0000002626,002626,Case Management,2019-12-29
0000002626,002626,Case Management,2019-05-29
0000002626,002626,Case Management,2019-12-27
0000002626,002626,Home Visit,2020-07-08
0000002627,002627,Developmental Check,2024-01-11
0000002628,002628,Family Support Visit,2021-04-21
0000002628,002628,Developmental Check,2021-08-23
0000002629,002629,Case Management,2023-04-05
0000002629,002629,Family Support Visit,2023-02-27
0000002629,002629,Developmental Check,2023-04-17
0000002629,002629,Family Support Visit,2023-03-04
0000002630,002630,Case Management,2022-05-08
0000002630,002630,Family Support Visit,2022-10-19
0000002631,002631,Developmental Check,2021-09-02
0000002631,002631,Developmental Check,2022-03-18
0000002632,002632,Developmental Check,2023-06-19
0000002632,002632,Family Support Visit,2021-09-28
0000002632,002632,Family Support Visit,2021-10-30
0000002632,002632,Home Visit,2022-01-19
0000002634,002634,Home Visit,2019-12-08
0000002634,002634,Developmental Check,2020-03-31
0000002635,002635,Home Visit,2026-07-14
0000002635,002635,Family Support Visit,2024-01-17
0000002636,002636,Family Support Visit,2021-05-29
0000002636,002636,Case Management,2021-07-07
0000002636,002636,Case Management,2022-01-07
0000002637,002637,Developmental Check,2021-06-16
0000002637,002637,Family Support Visit,2020-10-18
0000002637,002637,Family Support Visit,2020-03-05
0000002637,002637,Family Support Visit,2020-10-08
0000002637,002637,Family Support Visit,2020-05-20
0000002637,002637,Home Visit,2020-06-01
0000002638,002638,Developmental Check,2024-02-15
0000002638,002638,Home Visit,2023-09-14
0000002639,002639,Developmental Check,2022-01-21
0000002639,002639,Family Support Visit,2022-07-05
0000002639,002639,Developmental Check,2024-12-23
0000002639,002639,Family Support Visit,2021-12-21
0000002640,002640,Family Support Visit,2022-02-11
0000002641,002641,Case Management,2019-05-22
0000002641,002641,Case Management,2019-07-06
0000002643,002643,Family Support Visit,2020-05-08
0000002643,002643,Case Management,2020-12-19
0000002643,002643,Case Management,2019-10-21
0000002643,002643,Home Visit,2020-06-06
0000002644,002644,Home Visit,2022-02-07
0000002645,002645,Home Visit,2020-10-17
0000002645,002645,Family Support Visit,2022-01-24
0000002645,002645,Developmental Check,2021-06-11
0000002646,002646,Developmental Check,2020-12-24
0000002646,002646,Case Management,2020-05-24
0000002646,002646,Home Visit,2020-07-02
0000002646,002646,Developmental Check,2020-04-18
0000002648,002648,Home Visit,2023-07-27
0000002648,002648,Family Support Visit,2022-09-16
0000002648,002648,Family Support Visit,2023-06-23
0000002650,002650,Case Management,2021-06-23
0000002651,002651,Family Support Visit,2020-07-23
0000002651,002651,Home Visit,2023-10-04
0000002652,002652,Case Management,2020-09-05
0000002652,002652,Developmental Check,2021-07-21
0000002652,002652,Home Visit,2021-04-15
0000002652,002652,Developmental Check,2020-10-09
0000002653,002653,Home Visit,2023-10-08
0000002654,002654,Family Support Visit,2022-08-26
0000002655,002655,Case Management,2023-11-30
0000002655,002655,Case Management,2023-01-04
0000002655,002655,Case Management,2024-03-28
0000002655,002655,Home Visit,2024-01-05
0000002656,002656,Case Management,2021-05-14
0000002656,002656,Case Management,2020-11-02
0000002656,002656,Home Visit,2020-05-22
0000002656,002656,Case Management,2021-03-20
0000002657,002657,Case Management,2019-04-12
0000002657,002657,Case Management,2019-03-05
0000002657,002657,Case Management,2019-05-01
0000002657,002657,Case Management,2019-02-21
0000002657,002657,Developmental Check,2019-10-30
0000002657,002657,Case Management,2020-09-20
0000002659,002659,Developmental Check,2020-05-23
0000002659,002659,Case Management,2022-07-07
0000002659,002659,Home Visit,2020-02-26
0000002660,002660,Home Visit,2020-10-23
0000002660,002660,Family Support Visit,2021-12-02
0000002660,002660,Home Visit,2020-01-16
0000002662,002662,Home Visit,2025-02-16
0000002663,002663,Case Management,2022-08-30
0000002663,002663,Developmental Check,2026-01-04
0000002664,002664,Family Support Visit,2021-06-07
0000002665,002665,Developmental Check,2021-06-15
0000002665,002665,Home Visit,2021-11-19
0000002666,002666,Case Management,2019-09-02
0000002667,002667,Home Visit,2023-03-21
0000002668,002668,Case Management,2019-08-07
0000002668,002668,Home Visit,2020-01-15
0000002669,002669,Case Management,2020-03-06
0000002669,002669,Developmental Check,2020-04-23
0000002669,002669,Home Visit,2020-05-08
0000002670,002670,Family Support Visit,2023-02-26
0000002670,002670,Case Management,2020-11-24
0000002671,002671,Home Visit,2023-04-13
0000002671,002671,Developmental Check,2023-02-15
0000002671,002671,Home Visit,2023-04-22
0000002672,002672,Home Visit,2023-02-08
0000002672,002672,Developmental Check,2026-08-05
0000002673,002673,Home Visit,2022-02-18
0000002673,002673,Developmental Check,2022-03-04
0000002673,002673,Developmental Check,2022-08-17
0000002673,002673,Developmental Check,2022-03-07
0000002674,002674,Developmental Check,2022-10-02
0000002675,002675,Family Support Visit,2022-12-11
0000002675,002675,Family Support Visit,2023-02-12
0000002675,002675,Family Support Visit,2023-02-05
0000002676,002676,Family Support Visit,2025-02-02
0000002676,002676,Family Support Visit,2024-04-21
0000002677,002677,Home Visit,2025-04-22
0000002678,002678,Family Support Visit,2022-02-24
0000002679,002679,Case Management,2024-09-23
0000002679,002679,Family Support Visit,2025-06-30
0000002679,002679,Case Management,2024-04-08
0000002680,002680,Case Management,2022-09-22
0000002681,002681,Home Visit,2025-01-20
0000002681,002681,Family Support Visit,2024-09-24
0000002682,002682,Family Support Visit,2023-08-06
0000002682,002682,Family Support Visit,2023-06-22
0000002682,002682,Developmental Check,2023-07-13
0000002682,002682,Developmental Check,2023-04-19
0000002683,002683,Case Management,2022-08-18
0000002683,002683,Family Support Visit,2023-12-31
0000002683,002683,Family Support Visit,2022-02-12
0000002683,002683,Family Support Visit,2022-08-15
0000002683,002683,Family Support Visit,2023-02-06
0000002683,002683,Developmental Check,2022-04-21
0000002684,002684,Home Visit,2022-01-24
0000002685,002685,Case Management,2020-08-18
0000002685,002685,Home Visit,2019-02-20
0000002686,002686,Developmental Check,2025-07-29
0000002687,002687,Developmental Check,2023-08-11
0000002687,002687,Case Management,2023-06-30
0000002688,002688,Family Support Visit,2024-10-28
0000002689,002689,Developmental Check,2022-12-06
0000002689,002689,Home Visit,2022-10-31
0000002690,002690,Family Support Visit,2020-02-07
0000002690,002690,Family Support Visit,2021-10-21
0000002691,002691,Family Support Visit,2024-10-23
0000002692,002692,Home Visit,2022-09-17
0000002693,002693,Developmental Check,2020-09-26
0000002693,002693,Developmental Check,2022-06-07
0000002694,002694,Case Management,2021-07-03
0000002694,002694,Family Support Visit,2021-11-15
0000002694,002694,Home Visit,2022-01-14
0000002694,002694,Home Visit,2021-03-07
0000002694,002694,Family Support Visit,2022-02-23
0000002694,002694,Family Support Visit,2022-02-19
0000002695,002695,Developmental Check,2023-10-13
0000002695,002695,Developmental Check,2023-01-03
0000002696,002696,Home Visit,2021-10-17
0000002696,002696,Case Management,2020-09-25
0000002696,002696,Family Support Visit,2022-12-19
0000002697,002697,Case Management,2020-12-18
0000002698,002698,Developmental Check,2021-01-28
0000002698,002698,Home Visit,2021-06-25
0000002698,002698,Home Visit,2020-08-07
0000002698,002698,Case Management,2021-11-10
0000002698,002698,Home Visit,2022-01-27
0000002699,002699,Home Visit,2021-02-27
0000002699,002699,Case Management,2020-12-21
0000002699,002699,Developmental Check,2020-02-20
0000002699,002699,Developmental Check,2020-12-25
0000002700,002700,Family Support Visit,2022-02-21
0000002700,002700,Case Management,2023-02-13
0000002701,002701,Family Support Visit,2022-06-16
0000002702,002702,Family Support Visit,2023-11-22
0000002703,002703,Case Management,2021-11-27
0000002705,002705,Developmental Check,2022-06-25
0000002705,002705,Developmental Check,2021-12-16
0000002705,002705,Case Management,2022-01-16
0000002707,002707,Case Management,2020-03-28
0000002707,002707,Developmental Check,2021-06-15
0000002707,002707,Case Management,2021-05-02
0000002707,002707,Developmental Check,2020-06-06
0000002708,002708,Family Support Visit,2021-04-06
0000002708,002708,Developmental Check,2021-10-18
0000002709,002709,Developmental Check,2022-11-15
0000002710,002710,Home Visit,2020-03-04
0000002710,002710,Family Support Visit,2020-03-19
0000002710,002710,Family Support Visit,2020-08-11
0000002710,002710,Family Support Visit,2020-07-04
0000002710,002710,Case Management,2020-04-12
0000002710,002710,Case Management,2020-04-23
0000002712,002712,Home Visit,2020-01-31
0000002712,002712,Case Management,2021-10-23
0000002714,002714,Case Management,2023-07-15
0000002715,002715,Family Support Visit,2021-11-23
0000002715,002715,Home Visit,2021-11-18
0000002715,002715,Developmental Check,2021-09-10
0000002716,002716,Case Management,2021-09-19
0000002716,002716,Case Management,2021-10-01
0000002716,002716,Case Management,2022-02-15
0000002716,002716,Family Support Visit,2022-03-01
0000002716,002716,Developmental Check,2021-10-15
0000002717,002717,Home Visit,2019-12-06
0000002717,002717,Home Visit,2020-07-14
0000002720,002720,Developmental Check,2022-08-28
0000002720,002720,Family Support Visit,2022-08-05
0000002720,002720,Developmental Check,2022-08-08
0000002720,002720,Family Support Visit,2022-09-09
0000002720,002720,Case Management,2022-05-19
0000002721,002721,Developmental Check,2021-09-01
0000002721,002721,Case Management,2020-08-03
0000002721,002721,Home Visit,2020-02-24
0000002722,002722,Family Support Visit,2022-07-28
0000002723,002723,Family Support Visit,2020-04-03
0000002723,002723,Home Visit,2020-02-28
0000002723,002723,Case Management,2020-03-21
0000002723,002723,Home Visit,2020-03-11
0000002723,002723,Home Visit,2020-06-06
0000002726,002726,Developmental Check,2023-03-29
0000002727,002727,Developmental Check,2020-06-18
0000002727,002727,Case Management,2020-02-13
0000002727,002727,Family Support Visit,2020-05-08
0000002727,002727,Family Support Visit,2020-10-11
0000002727,002727,Case Management,2020-07-24
0000002728,002728,Developmental Check,2023-02-09
0000002729,002729,Family Support Visit,2020-10-30
0000002730,002730,Family Support Visit,2021-07-26
0000002730,002730,Home Visit,2022-04-06
0000002731,002731,Case Management,2022-07-03
0000002731,002731,Home Visit,2020-09-06
0000002732,002732,Home Visit,2021-11-28
0000002732,002732,Home Visit,2019-11-07
0000002732,002732,Family Support Visit,2020-04-18
0000002733,002733,Home Visit,2020-04-03
0000002733,002733,Family Support Visit,2021-04-06
0000002733,002733,Family Support Visit,2020-04-09
0000002733,002733,Case Management,2020-07-01
0000002734,002734,Developmental Check,2025-07-28
0000002734,002734,Home Visit,2022-08-28
0000002734,002734,Family Support Visit,2024-10-22
0000002734,002734,Case Management,2025-08-21
0000002735,002735,Family Support Visit,2020-09-14
0000002737,002737,Family Support Visit,2022-03-08
0000002737,002737,Developmental Check,2022-07-27
0000002737,002737,Case Management,2020-12-12
0000002737,002737,Home Visit,2021-05-27
0000002740,002740,Family Support Visit,2019-10-11
0000002740,002740,Developmental Check,2019-12-13
0000002741,002741,Developmental Check,2020-09-22
0000002741,002741,Home Visit,2020-10-16
0000002741,002741,Family Support Visit,2020-01-31
0000002741,002741,Home Visit,2020-12-15
0000002742,002742,Family Support Visit,2022-11-25
0000002743,002743,Developmental Check,2021-07-25
0000002743,002743,Family Support Visit,2021-05-01
0000002743,002743,Developmental Check,2021-01-15
0000002743,002743,Developmental Check,2021-08-21
0000002743,002743,Home Visit,2021-03-19
0000002744,002744,Family Support Visit,2023-10-15
0000002745,002745,Developmental Check,2021-05-17
0000002747,002747,Developmental Check,2023-08-23
0000002748,002748,Home Visit,2020-11-19
0000002748,002748,Developmental Check,2020-01-09
0000002749,002749,Developmental Check,2023-12-31
0000002749,002749,Case Management,2024-05-20
0000002749,002749,Home Visit,2024-03-31
0000002750,002750,Developmental Check,2021-11-29
0000002750,002750,Case Management,2021-08-31
0000002751,002751,Family Support Visit,2023-07-03
0000002751,002751,Case Management,2022-03-24
0000002751,002751,Developmental Check,2023-02-28
0000002751,002751,Developmental Check,2024-02-07
0000002752,002752,Home Visit,2021-03-19
0000002752,002752,Family Support Visit,2021-04-29
0000002752,002752,Home Visit,2020-10-28
0000002752,002752,Home Visit,2021-06-15
0000002753,002753,Family Support Visit,2021-07-09
0000002753,002753,Home Visit,2021-06-18
0000002753,002753,Home Visit,2022-06-22
0000002753,002753,Developmental Check,2021-07-19
0000002753,002753,Developmental Check,2022-09-10
0000002754,002754,Home Visit,2020-09-15
0000002754,002754,Home Visit,2021-10-25
0000002755,002755,Family Support Visit,2020-11-21
0000002756,002756,Developmental Check,2023-01-23
0000002756,002756,Home Visit,2023-04-04
0000002756,002756,Case Management,2022-11-11
0000002756,002756,Developmental Check,2024-04-18
0000002757,002757,Home Visit,2022-08-22
0000002758,002758,Family Support Visit,2023-11-21
0000002759,002759,Developmental Check,2020-11-15
0000002760,002760,Developmental Check,2022-03-12
0000002760,002760,Developmental Check,2022-02-08
0000002761,002761,Family Support Visit,2021-03-19
0000002762,002762,Developmental Check,2022-12-06
0000002763,002763,Home Visit,2020-12-17
0000002763,002763,Case Management,2020-11-10
0000002763,002763,Family Support Visit,2020-12-15
0000002763,002763,Developmental Check,2020-12-04
0000002763,002763,Home Visit,2021-05-12
0000002764,002764,Developmental Check,2021-01-23
0000002764,002764,Developmental Check,2021-01-01
0000002764,002764,Developmental Check,2021-07-29
0000002764,002764,Developmental Check,2021-05-03
0000002765,002765,Developmental Check,2022-05-13
0000002765,002765,Family Support Visit,2022-10-27
0000002766,002766,Home Visit,2022-07-22
0000002766,002766,Family Support Visit,2023-01-25
0000002766,002766,Case Management,2023-01-11
0000002766,002766,Home Visit,2022-11-21
0000002767,002767,Home Visit,2023-07-01
0000002767,002767,Home Visit,2022-10-06
0000002768,002768,Case Management,2022-05-12
0000002768,002768,Family Support Visit,2022-07-19
0000002769,002769,Family Support Visit,2020-06-06
0000002770,002770,Case Management,2021-05-18
0000002770,002770,Developmental Check,2021-06-14
0000002770,002770,Family Support Visit,2021-10-24
0000002770,002770,Case Management,2021-06-11
0000002770,002770,Family Support Visit,2021-12-22
0000002773,002773,Family Support Visit,2022-11-20
0000002773,002773,Family Support Visit,2020-11-17
0000002773,002773,Family Support Visit,2022-10-23
0000002773,002773,Developmental Check,2020-10-03
0000002773,002773,Family Support Visit,2022-12-23
0000002775,002775,Family Support Visit,2023-02-28
0000002775,002775,Home Visit,2022-11-18
0000002775,002775,Home Visit,2023-01-14
0000002776,002776,Developmental Check,2019-12-01
0000002776,002776,Home Visit,2020-01-18
0000002777,002777,Developmental Check,2018-10-20
0000002777,002777,Case Management,2022-08-04
0000002777,002777,Case Management,2020-04-22
0000002777,002777,Developmental Check,2021-01-04
0000002778,002778,Developmental Check,2019-10-24
0000002778,002778,Developmental Check,2020-06-10
0000002779,002779,Family Support Visit,2022-05-29
0000002779,002779,Developmental Check,2021-06-16
0000002779,002779,Developmental Check,2023-06-04
0000002779,002779,Family Support Visit,2021-02-02
0000002780,002780,Case Management,2022-09-15
0000002780,002780,Case Management,2022-10-14
0000002780,002780,Case Management,2022-08-06
0000002781,002781,Case Management,2022-05-28
0000002781,002781,Case Management,2023-04-13
0000002782,002782,Home Visit,2022-05-04
0000002782,002782,Case Management,2022-09-28
0000002782,002782,Case Management,2022-09-23
0000002782,002782,Family Support Visit,2022-04-12
0000002782,002782,Case Management,2022-03-01
0000002782,002782,Developmental Check,2022-05-30
0000002783,002783,Case Management,2023-04-26
0000002783,002783,Developmental Check,2023-04-02
0000002783,002783,Family Support Visit,2022-07-26
0000002783,002783,Home Visit,2022-09-09
0000002784,002784,Home Visit,2023-02-17
0000002785,002785,Case Management,2022-05-13
0000002785,002785,Case Management,2023-07-07
0000002785,002785,Developmental Check,2023-07-23
0000002785,002785,Home Visit,2023-10-06
0000002786,002786,Home Visit,2025-07-13
0000002786,002786,Developmental Check,2025-04-10
0000002787,002787,Home Visit,2022-04-05
0000002787,002787,Family Support Visit,2021-09-17
0000002787,002787,Family Support Visit,2023-08-16
0000002787,002787,Family Support Visit,2023-06-12
0000002787,002787,Case Management,2021-12-24
0000002788,002788,Family Support Visit,2021-04-10
0000002788,002788,Case Management,2023-10-04
0000002789,002789,Case Management,2021-01-31
0000002789,002789,Home Visit,2021-05-01
0000002789,002789,Family Support Visit,2021-03-29
0000002789,002789,Family Support Visit,2021-04-22
0000002790,002790,Case Management,2020-10-15
0000002790,002790,Developmental Check,2020-10-28
0000002790,002790,Home Visit,2021-02-02
0000002790,002790,Home Visit,2020-11-21
0000002791,002791,Case Management,2019-12-15
0000002791,002791,Case Management,2019-10-17
0000002791,002791,Family Support Visit,2020-03-28
0000002791,002791,Family Support Visit,2019-11-21
0000002792,002792,Family Support Visit,2021-06-01
0000002792,002792,Case Management,2024-05-03
0000002793,002793,Family Support Visit,2024-04-01
0000002793,002793,Case Management,2020-08-03
0000002795,002795,Home Visit,2020-06-20
0000002795,002795,Case Management,2020-04-12
0000002795,002795,Case Management,2021-07-16
0000002797,002797,Case Management,2026-06-16
0000002797,002797,Case Management,2024-01-24
0000002797,002797,Home Visit,2022-11-25
0000002797,002797,Home Visit,2025-12-19
0000002798,002798,Developmental Check,2022-09-14
0000002799,002799,Home Visit,2021-09-06
0000002799,002799,Family Support Visit,2022-06-17
0000002800,002800,Developmental Check,2021-11-14
0000002802,002802,Home Visit,2023-11-22
0000002802,002802,Developmental Check,2024-06-27
0000002803,002803,Case Management,2023-08-22
0000002803,002803,Family Support Visit,2022-09-13
0000002804,002804,Case Management,2021-02-04
0000002804,002804,Family Support Visit,2022-02-01
0000002805,002805,Family Support Visit,2023-09-28
0000002805,002805,Case Management,2024-03-12
0000002806,002806,Home Visit,2020-07-11
0000002806,002806,Home Visit,2020-07-26
0000002806,002806,Family Support Visit,2019-07-09
0000002806,002806,Home Visit,2020-04-14
0000002806,002806,Developmental Check,2021-02-18
0000002808,002808,Home Visit,2024-06-23
0000002808,002808,Case Management,2023-03-09
0000002808,002808,Developmental Check,2025-12-02
0000002809,002809,Case Management,2025-03-23
0000002809,002809,Case Management,2023-12-09
0000002811,002811,Family Support Visit,2023-08-07
0000002812,002812,Case Management,2021-11-03
0000002812,002812,Family Support Visit,2023-03-04
0000002813,002813,Case Management,2022-04-28
0000002813,002813,Case Management,2022-08-01
0000002813,002813,Case Management,2022-06-13
0000002813,002813,Developmental Check,2023-03-15
0000002813,002813,Home Visit,2023-02-19
0000002814,002814,Home Visit,2020-12-17
0000002814,002814,Developmental Check,2021-10-09
0000002814,002814,Family Support Visit,2022-04-25
0000002815,002815,Family Support Visit,2020-12-14
0000002815,002815,Family Support Visit,2022-05-25
0000002815,002815,Family Support Visit,2021-05-12
0000002815,002815,Home Visit,2023-01-28
0000002816,002816,Home Visit,2020-02-01
0000002817,002817,Developmental Check,2023-04-06
0000002817,002817,Family Support Visit,2023-03-26
0000002817,002817,Family Support Visit,2023-04-16
0000002817,002817,Family Support Visit,2023-07-16
0000002818,002818,Case Management,2022-08-18
0000002818,002818,Home Visit,2024-03-05
0000002819,002819,Case Management,2020-04-16
0000002820,002820,Home Visit,2020-09-18
0000002820,002820,Home Visit,2023-01-10
0000002821,002821,Developmental Check,2023-04-04
0000002822,002822,Home Visit,2019-04-23
0000002822,002822,Home Visit,2019-07-08
0000002822,002822,Family Support Visit,2021-02-02
0000002822,002822,Developmental Check,2021-09-13
0000002823,002823,Home Visit,2022-05-06
0000002823,002823,Case Management,2022-03-31
0000002823,002823,Developmental Check,2022-02-24
0000002823,002823,Home Visit,2022-01-09
0000002823,002823,Case Management,2022-04-11
0000002823,002823,Case Management,2022-01-27
0000002825,002825,Developmental Check,2019-10-26
0000002825,002825,Family Support Visit,2020-01-08
0000002825,002825,Home Visit,2019-12-22
0000002825,002825,Developmental Check,2019-11-23
0000002825,002825,Family Support Visit,2019-10-29
0000002826,002826,Developmental Check,2020-10-15
0000002826,002826,Family Support Visit,2020-04-10
0000002827,002827,Home Visit,2022-03-25
0000002827,002827,Family Support Visit,2022-02-14
0000002827,002827,Family Support Visit,2022-04-13
0000002827,002827,Case Management,2021-11-27
0000002827,002827,Family Support Visit,2022-05-03
0000002827,002827,Home Visit,2022-02-26
0000002828,002828,Home Visit,2023-09-20
0000002828,002828,Home Visit,2023-12-02
0000002830,002830,Case Management,2022-02-10
0000002830,002830,Case Management,2021-09-29
0000002830,002830,Case Management,2022-06-26
0000002830,002830,Home Visit,2022-04-05
0000002831,002831,Developmental Check,2022-04-05
0000002831,002831,Developmental Check,2022-10-17
0000002832,002832,Developmental Check,2023-09-11
0000002832,002832,Developmental Check,2022-08-24
0000002832,002832,Home Visit,2023-03-24
0000002832,002832,Case Management,2023-09-15
0000002832,002832,Home Visit,2022-05-11
0000002834,002834,Family Support Visit,2022-10-12
0000002834,002834,Case Management,2022-04-13
0000002834,002834,Developmental Check,2021-12-14
0000002835,002835,Developmental Check,2022-11-03
0000002835,002835,Developmental Check,2020-12-24
0000002835,002835,Home Visit,2023-04-30
0000002836,002836,Developmental Check,2021-08-17
0000002836,002836,Family Support Visit,2021-03-24
0000002836,002836,Case Management,2021-09-26
0000002837,002837,Home Visit,2023-10-05
0000002838,002838,Home Visit,2024-01-14
0000002838,002838,Developmental Check,2024-09-16
0000002838,002838,Family Support Visit,2023-12-04
0000002839,002839,Developmental Check,2021-04-20
0000002839,002839,Family Support Visit,2020-11-10
0000002839,002839,Developmental Check,2022-08-11
0000002839,002839,Developmental Check,2021-08-03
0000002839,002839,Family Support Visit,2021-02-10
0000002839,002839,Home Visit,2021-06-30
0000002840,002840,Family Support Visit,2019-12-17
0000002840,002840,Home Visit,2019-04-18
0000002840,002840,Case Management,2020-01-06
0000002840,002840,Developmental Check,2019-08-01
0000002842,002842,Developmental Check,2022-05-04
0000002842,002842,Case Management,2021-02-17
0000002843,002843,Case Management,2021-06-10
0000002843,002843,Case Management,2021-06-02
0000002844,002844,Case Management,2020-10-26
0000002844,002844,Family Support Visit,2020-10-09
0000002844,002844,Case Management,2020-12-15
0000002845,002845,Developmental Check,2024-02-15
0000002845,002845,Developmental Check,2021-01-05
0000002845,002845,Family Support Visit,2022-05-17
0000002846,002846,Case Management,2023-01-18
0000002846,002846,Home Visit,2024-08-11
0000002847,002847,Case Management,2021-04-14
0000002848,002848,Home Visit,2022-02-22
0000002848,002848,Developmental Check,2021-09-13
0000002848,002848,Developmental Check,2022-11-07
0000002848,002848,Developmental Check,2023-08-29
0000002848,002848,Family Support Visit,2022-06-13
0000002848,002848,Family Support Visit,2022-11-20
0000002850,002850,Home Visit,2021-02-12
0000002850,002850,Case Management,2021-02-12
0000002850,002850,Family Support Visit,2020-08-05
0000002851,002851,Home Visit,2021-08-25
0000002851,002851,Case Management,2021-10-08
0000002851,002851,Developmental Check,2021-01-24
0000002852,002852,Home Visit,2023-05-26
0000002852,002852,Case Management,2023-09-19
0000002853,002853,Home Visit,2022-07-29
0000002853,002853,Case Management,2021-04-13
0000002853,002853,Home Visit,2020-12-04
0000002853,002853,Family Support Visit,2021-02-28
0000002854,002854,Developmental Check,2021-08-21
0000002854,002854,Home Visit,2021-01-28
0000002856,002856,Developmental Check,2023-06-12
0000002856,002856,Case Management,2024-01-13
0000002858,002858,Family Support Visit,2023-10-31
0000002858,002858,Family Support Visit,2024-02-17
0000002859,002859,Home Visit,2020-12-15
0000002859,002859,Family Support Visit,2020-04-08
0000002860,002860,Developmental Check,2021-10-19
0000002861,002861,Family Support Visit,2020-10-27
0000002861,002861,Case Management,2021-04-08
0000002861,002861,Family Support Visit,2020-07-17
0000002862,002862,Developmental Check,2022-11-26
0000002862,002862,Developmental Check,2023-02-16
0000002862,002862,Case Management,2022-09-24
0000002863,002863,Developmental Check,2020-07-08
0000002863,002863,Family Support Visit,2023-01-19
0000002863,002863,Developmental Check,2022-08-14
0000002864,002864,Home Visit,2022-04-15
0000002864,002864,Case Management,2019-10-25
0000002865,002865,Home Visit,2021-03-04
0000002866,002866,Developmental Check,2020-08-31
0000002866,002866,Home Visit,2020-11-18
0000002866,002866,Family Support Visit,2021-08-18
0000002866,002866,Home Visit,2021-07-05
0000002867,002867,Case Management,2021-07-05
0000002868,002868,Home Visit,2018-11-04
0000002868,002868,Home Visit,2018-11-23
0000002868,002868,Family Support Visit,2018-07-21
0000002869,002869,Developmental Check,2022-06-03
0000002870,002870,Developmental Check,2019-11-12
0000002870,002870,Home Visit,2021-09-21
0000002871,002871,Developmental Check,2021-11-29
0000002872,002872,Case Management,2019-10-21
0000002872,002872,Case Management,2019-07-15
0000002872,002872,Home Visit,2018-08-16
0000002873,002873,Case Management,2022-10-14
0000002875,002875,Developmental Check,2021-05-23
0000002875,002875,Family Support Visit,2020-12-09
0000002875,002875,Case Management,2021-01-20
0000002876,002876,Home Visit,2020-06-02
0000002876,002876,Case Management,2020-07-18
0000002877,002877,Family Support Visit,2023-08-12
0000002877,002877,Home Visit,2020-10-01
0000002878,002878,Developmental Check,2024-01-16
0000002879,002879,Home Visit,2020-08-01
0000002879,002879,Family Support Visit,2020-02-09
0000002880,002880,Home Visit,2023-03-19
0000002880,002880,Developmental Check,2023-11-06
0000002880,002880,Developmental Check,2023-06-15
0000002880,002880,Case Management,2023-10-23
0000002880,002880,Family Support Visit,2023-05-15
0000002881,002881,Family Support Visit,2023-03-23
0000002882,002882,Family Support Visit,2022-06-08
0000002882,002882,Developmental Check,2022-08-26
0000002883,002883,Case Management,2021-08-23
0000002883,002883,Developmental Check,2021-02-19
0000002883,002883,Home Visit,2021-05-04
0000002883,002883,Case Management,2021-03-30
0000002885,002885,Case Management,2020-07-03
0000002885,002885,Case Management,2019-10-14
0000002885,002885,Case Management,2020-07-04
0000002885,002885,Home Visit,2019-12-04
0000002887,002887,Developmental Check,2020-09-26
0000002887,002887,Developmental Check,2020-04-24
0000002887,002887,Family Support Visit,2020-11-23
0000002887,002887,Case Management,2020-11-28
0000002888,002888,Family Support Visit,2022-11-05
0000002888,002888,Case Management,2023-03-19
0000002889,002889,Family Support Visit,2020-11-15
0000002889,002889,Developmental Check,2020-10-07
0000002890,002890,Developmental Check,2019-11-20
0000002891,002891,Developmental Check,2020-01-24
0000002891,002891,Developmental Check,2020-07-04
0000002891,002891,Family Support Visit,2019-12-23
0000002892,002892,Developmental Check,2023-12-20
0000002892,002892,Developmental Check,2023-11-14
0000002893,002893,Family Support Visit,2023-11-11
0000002893,002893,Home Visit,2025-02-01
0000002893,002893,Case Management,2025-01-13
0000002894,002894,Case Management,2023-08-02
0000002894,002894,Home Visit,2021-11-03
0000002894,002894,Developmental Check,2022-06-19
0000002894,002894,Developmental Check,2023-10-28
0000002895,002895,Family Support Visit,2023-04-14
0000002895,002895,Home Visit,2023-07-26
0000002895,002895,Home Visit,2023-05-14
0000002895,002895,Family Support Visit,2024-07-22
0000002895,002895,Family Support Visit,2023-09-14
0000002896,002896,Home Visit,2023-09-24
0000002897,002897,Family Support Visit,2020-10-26
0000002897,002897,Case Management,2018-12-04
0000002897,002897,Family Support Visit,2022-10-13
0000002897,002897,Family Support Visit,2018-11-27
0000002898,002898,Home Visit,2019-01-08
0000002899,002899,Home Visit,2022-10-18
0000002900,002900,Home Visit,2020-10-24
0000002901,002901,Case Management,2022-11-25
0000002901,002901,Family Support Visit,2022-06-07
0000002902,002902,Family Support Visit,2022-12-23
0000002902,002902,Family Support Visit,2021-12-15
0000002902,002902,Developmental Check,2023-07-12
0000002903,002903,Family Support Visit,2022-06-09
0000002903,002903,Case Management,2021-02-23
0000002904,002904,Home Visit,2021-10-23
0000002904,002904,Home Visit,2021-05-31
0000002904,002904,Developmental Check,2021-05-16
0000002904,002904,Case Management,2021-02-22
0000002904,002904,Family Support Visit,2021-03-28
0000002904,002904,Home Visit,2021-03-26
0000002905,002905,Family Support Visit,2020-06-14
0000002905,002905,Case Management,2020-03-27
0000002906,002906,Case Management,2022-07-05
0000002907,002907,Family Support Visit,2023-07-20
0000002907,002907,Developmental Check,2021-02-24
0000002908,002908,Case Management,2022-05-30
0000002909,002909,Developmental Check,2019-11-10
0000002909,002909,Family Support Visit,2019-12-27
0000002909,002909,Family Support Visit,2019-04-05
0000002909,002909,Case Management,2019-10-16
0000002911,002911,Developmental Check,2021-12-09
0000002911,002911,Home Visit,2022-02-10
0000002911,002911,Home Visit,2022-03-01
0000002911,002911,Developmental Check,2022-04-13
0000002911,002911,Developmental Check,2023-03-02
0000002911,002911,Home Visit,2022-08-15
0000002912,002912,Home Visit,2020-10-25
0000002912,002912,Home Visit,2020-12-13
0000002913,002913,Developmental Check,2023-01-14
0000002913,002913,Home Visit,2023-01-27
0000002915,002915,Case Management,2019-02-06
0000002915,002915,Case Management,2019-01-19
0000002915,002915,Developmental Check,2019-01-06
0000002915,002915,Home Visit,2019-03-10
0000002915,002915,Developmental Check,2019-04-29
0000002915,002915,Home Visit,2019-05-03
0000002916,002916,Home Visit,2022-12-16
0000002916,002916,Family Support Visit,2023-01-22
0000002916,002916,Home Visit,2020-12-23
0000002916,002916,Developmental Check,2021-01-02
0000002917,002917,Home Visit,2022-08-18
0000002917,002917,Case Management,2021-06-23
0000002918,002918,Family Support Visit,2020-06-19
0000002919,002919,Family Support Visit,2020-10-31
0000002919,002919,Developmental Check,2020-08-30
0000002919,002919,Home Visit,2021-10-21
0000002920,002920,Home Visit,2021-12-03
0000002920,002920,Developmental Check,2022-03-19
0000002920,002920,Family Support Visit,2022-07-09
0000002921,002921,Home Visit,2023-05-05
0000002922,002922,Case Management,2021-12-27
0000002922,002922,Home Visit,2021-12-17
0000002922,002922,Home Visit,2022-02-14
0000002922,002922,Family Support Visit,2021-10-17
0000002922,002922,Case Management,2023-03-09
0000002922,002922,Developmental Check,2022-03-01
0000002924,002924,Developmental Check,2021-10-12
0000002925,002925,Home Visit,2023-11-25
0000002925,002925,Developmental Check,2021-08-17
0000002926,002926,Home Visit,2024-01-09
0000002926,002926,Home Visit,2024-05-23
0000002928,002928,Home Visit,2023-11-01
0000002928,002928,Developmental Check,2025-02-14
0000002929,002929,Family Support Visit,2020-03-30
0000002929,002929,Case Management,2020-02-14
0000002929,002929,Home Visit,2020-02-07
0000002929,002929,Home Visit,2019-03-29
0000002929,002929,Family Support Visit,2019-01-26
0000002930,002930,Case Management,2019-06-25
0000002931,002931,Case Management,2021-10-13
0000002931,002931,Case Management,2019-09-09
0000002931,002931,Family Support Visit,2019-10-21
0000002931,002931,Case Management,2019-11-18
0000002931,002931,Case Management,2022-02-15
0000002932,002932,Case Management,2025-02-19
0000002932,002932,Developmental Check,2025-07-26
0000002933,002933,Developmental Check,2021-06-23
0000002933,002933,Home Visit,2021-05-19
0000002933,002933,Developmental Check,2021-07-26
0000002934,002934,Home Visit,2021-10-01
0000002934,002934,Case Management,2022-05-09
0000002934,002934,Developmental Check,2022-05-15
0000002934,002934,Home Visit,2021-07-23
0000002935,002935,Home Visit,2019-12-23
0000002936,002936,Developmental Check,2021-04-27
0000002936,002936,Home Visit,2020-01-10
0000002937,002937,Home Visit,2022-07-25
0000002937,002937,Developmental Check,2022-01-02
0000002937,002937,Family Support Visit,2020-09-20
0000002938,002938,Developmental Check,2020-05-18
0000002938,002938,Family Support Visit,2019-05-02
0000002938,002938,Case Management,2019-09-27
0000002939,002939,Family Support Visit,2022-06-27
0000002939,002939,Case Management,2022-01-29
0000002939,002939,Developmental Check,2021-12-28
0000002939,002939,Developmental Check,2022-01-23
0000002939,002939,Family Support Visit,2022-07-25
0000002940,002940,Family Support Visit,2019-06-20
0000002940,002940,Home Visit,2019-07-28
0000002940,002940,Developmental Check,2019-03-04
0000002940,002940,Developmental Check,2019-02-08
0000002941,002941,Home Visit,2022-01-30
0000002941,002941,Family Support Visit,2021-04-03
0000002942,002942,Family Support Visit,2021-01-30
0000002942,002942,Family Support Visit,2023-02-21
0000002942,002942,Developmental Check,2023-09-02
0000002943,002943,Family Support Visit,2025-05-05
0000002943,002943,Family Support Visit,2022-09-20
0000002944,002944,Family Support Visit,2022-08-12
0000002944,002944,Home Visit,2022-11-05
0000002944,002944,Home Visit,2022-07-06
0000002944,002944,Home Visit,2023-02-24
0000002944,002944,Family Support Visit,2022-12-31
0000002945,002945,Developmental Check,2021-03-27
0000002945,002945,Home Visit,2022-01-28
0000002946,002946,Developmental Check,2023-05-07
0000002946,002946,Home Visit,2023-02-27
0000002947,002947,Family Support Visit,2019-08-03
0000002947,002947,Case Management,2019-12-07
0000002947,002947,Home Visit,2019-10-05
0000002948,002948,Case Management,2023-10-28
0000002948,002948,Home Visit,2023-03-15
0000002949,002949,Family Support Visit,2020-10-13
0000002949,002949,Developmental Check,2020-06-28
0000002949,002949,Developmental Check,2021-08-22
0000002950,002950,Family Support Visit,2019-10-09
0000002951,002951,Developmental Check,2026-03-10
0000002952,002952,Developmental Check,2021-07-03
0000002952,002952,Family Support Visit,2024-02-28
0000002952,002952,Home Visit,2022-08-23
0000002952,002952,Developmental Check,2023-07-23
0000002955,002955,Family Support Visit,2025-12-27
0000002956,002956,Case Management,2024-10-25
0000002957,002957,Developmental Check,2022-05-31
0000002958,002958,Home Visit,2020-11-27
0000002958,002958,Developmental Check,2021-01-14
0000002958,002958,Family Support Visit,2021-01-11
0000002958,002958,Family Support Visit,2020-10-26
0000002959,002959,Developmental Check,2024-07-28
0000002960,002960,Family Support Visit,2020-11-05
0000002960,002960,Case Management,2021-01-05
0000002960,002960,Developmental Check,2020-10-20
0000002960,002960,Family Support Visit,2021-01-29
0000002961,002961,Developmental Check,2025-04-19
0000002962,002962,Family Support Visit,2021-02-27
0000002962,002962,Family Support Visit,2021-04-08
0000002962,002962,Developmental Check,2021-05-26
0000002963,002963,Case Management,2019-03-10
0000002963,002963,Family Support Visit,2019-12-16
0000002964,002964,Case Management,2022-10-07
0000002964,002964,Case Management,2022-05-23
0000002964,002964,Case Management,2022-02-07
0000002965,002965,Developmental Check,2021-11-14
0000002967,002967,Home Visit,2021-07-03
0000002969,002969,Family Support Visit,2021-11-24
0000002970,002970,Home Visit,2020-01-05
0000002971,002971,Family Support Visit,2021-05-14
0000002971,002971,Home Visit,2022-03-31
0000002972,002972,Developmental Check,2020-12-24
0000002972,002972,Case Management,2021-12-28
0000002972,002972,Case Management,2020-08-03
0000002972,002972,Home Visit,2022-01-05
0000002973,002973,Developmental Check,2023-12-11
0000002973,002973,Developmental Check,2023-10-14
0000002973,002973,Family Support Visit,2023-11-13
0000002973,002973,Home Visit,2023-09-13
0000002974,002974,Case Management,2023-10-26
0000002975,002975,Family Support Visit,2021-04-11
0000002977,002977,Developmental Check,2020-09-24
0000002978,002978,Family Support Visit,2019-05-31
0000002978,002978,Home Visit,2019-03-12
0000002979,002979,Case Management,2024-03-05
0000002980,002980,Family Support Visit,2024-08-31
0000002981,002981,Case Management,2022-06-18
0000002981,002981,Case Management,2022-09-30
0000002983,002983,Family Support Visit,2022-10-07
0000002983,002983,Case Management,2020-12-15
0000002984,002984,Family Support Visit,2020-11-22
0000002984,002984,Case Management,2022-04-08
0000002984,002984,Home Visit,2020-12-03
0000002985,002985,Developmental Check,2021-06-22
0000002985,002985,Family Support Visit,2020-07-04
0000002987,002987,Developmental Check,2026-07-22
0000002988,002988,Case Management,2023-09-29
0000002988,002988,Home Visit,2022-05-13
0000002988,002988,Home Visit,2023-04-24
0000002988,002988,Case Management,2022-07-10
0000002988,002988,Family Support Visit,2023-05-28
0000002988,002988,Case Management,2022-12-02
0000002989,002989,Home Visit,2020-11-23
0000002990,002990,Developmental Check,2023-03-07
0000002992,002992,Home Visit,2021-04-29
0000002992,002992,Developmental Check,2021-09-25
0000002992,002992,Case Management,2021-07-23
0000002992,002992,Family Support Visit,2021-07-21
0000002993,002993,Home Visit,2020-05-24
0000002993,002993,Family Support Visit,2020-03-05
0000002993,002993,Developmental Check,2020-09-08
0000002994,002994,Developmental Check,2024-01-05
0000002994,002994,Case Management,2025-02-17
0000002995,002995,Family Support Visit,2024-04-02
0000002995,002995,Case Management,2022-03-29
0000002996,002996,Home Visit,2023-05-17
0000002996,002996,Home Visit,2023-06-14
0000002997,002997,Case Management,2021-03-25
0000002997,002997,Developmental Check,2021-02-18
0000002997,002997,Case Management,2020-12-07
0000002997,002997,Family Support Visit,2021-04-30
0000002998,002998,Home Visit,2020-12-08
0000002999,002999,Family Support Visit,2019-06-28
0000002999,002999,Case Management,2019-05-11
0000002999,002999,Family Support Visit,2019-05-25
0000002999,002999,Developmental Check,2019-09-28
0000003000,003000,Case Management,2020-06-11
0000003000,003000,Case Management,2020-12-30
0000003000,003000,Home Visit,2019-12-12
0000003000,003000,Family Support Visit,2020-02-12
0000003001,003001,Family Support Visit,2021-12-24
0000003001,003001,Developmental Check,2021-02-25
0000003002,003002,Home Visit,2021-07-24
0000003002,003002,Developmental Check,2023-06-15
0000003002,003002,Case Management,2021-01-27
0000003002,003002,Home Visit,2023-07-29
0000003003,003003,Family Support Visit,2021-10-22
0000003003,003003,Home Visit,2021-10-02
0000003003,003003,Home Visit,2021-03-06
0000003003,003003,Case Management,2021-03-20
0000003003,003003,Family Support Visit,2020-12-20
0000003004,003004,Case Management,2019-11-24
0000003004,003004,Case Management,2019-07-18
0000003005,003005,Case Management,2021-03-20
0000003006,003006,Family Support Visit,2023-09-24
0000003006,003006,Case Management,2026-04-13
0000003007,003007,Developmental Check,2023-02-14
0000003007,003007,Home Visit,2023-10-06
0000003007,003007,Family Support Visit,2023-11-13
0000003008,003008,Home Visit,2022-10-15
0000003008,003008,Developmental Check,2022-02-19
0000003009,003009,Home Visit,2018-11-10
0000003009,003009,Home Visit,2018-11-28
0000003009,003009,Family Support Visit,2018-11-24
0000003009,003009,Home Visit,2019-02-07
0000003009,003009,Family Support Visit,2018-09-27
0000003010,003010,Case Management,2022-11-15
0000003010,003010,Family Support Visit,2021-08-24
0000003010,003010,Home Visit,2020-09-23
0000003012,003012,Home Visit,2023-01-01
0000003012,003012,Family Support Visit,2023-09-28
0000003013,003013,Case Management,2025-03-21
0000003014,003014,Case Management,2021-12-27
0000003014,003014,Family Support Visit,2021-12-28
0000003014,003014,Family Support Visit,2022-03-01
0000003014,003014,Home Visit,2022-07-28
0000003015,003015,Family Support Visit,2023-02-19
0000003015,003015,Case Management,2022-03-04
0000003016,003016,Family Support Visit,2026-07-20
0000003016,003016,Case Management,2023-07-19
0000003018,003018,Developmental Check,2019-05-07
0000003018,003018,Case Management,2020-01-09
0000003018,003018,Home Visit,2019-07-29
0000003019,003019,Developmental Check,2021-05-22
0000003019,003019,Family Support Visit,2020-03-30
0000003019,003019,Case Management,2021-03-10
0000003020,003020,Case Management,2024-03-19
0000003020,003020,Developmental Check,2025-01-15
0000003021,003021,Case Management,2021-11-03
0000003021,003021,Developmental Check,2023-04-07
0000003021,003021,Developmental Check,2022-01-30
0000003022,003022,Home Visit,2020-04-30
0000003022,003022,Case Management,2020-10-26
0000003023,003023,Case Management,2023-07-25
0000003025,003025,Developmental Check,2023-03-14
0000003025,003025,Home Visit,2025-09-02
0000003026,003026,Developmental Check,2019-11-19
0000003026,003026,Home Visit,2019-11-20
0000003026,003026,Family Support Visit,2019-09-10
0000003026,003026,Family Support Visit,2019-11-15
0000003026,003026,Family Support Visit,2019-10-29
0000003027,003027,Developmental Check,2022-10-03
0000003029,003029,Home Visit,2020-02-10
0000003029,003029,Home Visit,2019-10-05
0000003029,003029,Developmental Check,2019-06-18
0000003029,003029,Home Visit,2019-02-11
0000003029,003029,Home Visit,2019-10-20
0000003030,003030,Developmental Check,2024-11-26
0000003031,003031,Developmental Check,2022-06-07
0000003032,003032,Case Management,2020-06-25
0000003032,003032,Home Visit,2020-03-21
0000003032,003032,Home Visit,2020-08-04
0000003032,003032,Developmental Check,2020-07-30
0000003032,003032,Developmental Check,2020-07-27
0000003032,003032,Case Management,2020-08-28
0000003033,003033,Home Visit,2022-12-02
0000003037,003037,Developmental Check,2021-08-29
0000003037,003037,Home Visit,2021-04-19
0000003037,003037,Family Support Visit,2021-10-02
0000003037,003037,Case Management,2021-06-20
0000003037,003037,Developmental Check,2021-06-02
0000003037,003037,Family Support Visit,2021-11-26
0000003038,003038,Home Visit,2024-08-13
0000003039,003039,Home Visit,2024-04-23
0000003039,003039,Home Visit,2024-02-18
0000003040,003040,Case Management,2022-04-28
0000003040,003040,Case Management,2020-12-12
0000003041,003041,Family Support Visit,2025-01-17
0000003041,003041,Home Visit,2025-01-13
0000003043,003043,Family Support Visit,2023-05-17
0000003043,003043,Developmental Check,2022-09-23
0000003044,003044,Family Support Visit,2022-03-28
0000003044,003044,Developmental Check,2022-08-24
0000003045,003045,Developmental Check,2019-08-23
0000003045,003045,Family Support Visit,2020-06-23
0000003045,003045,Family Support Visit,2019-09-18
0000003045,003045,Case Management,2019-08-30
0000003045,003045,Developmental Check,2020-01-13
0000003046,003046,Case Management,2020-08-13
0000003046,003046,Home Visit,2019-07-25
0000003046,003046,Developmental Check,2019-08-13
0000003046,003046,Developmental Check,2020-05-23
0000003047,003047,Developmental Check,2023-09-13
0000003047,003047,Case Management,2023-10-02
0000003047,003047,Family Support Visit,2023-09-17
0000003047,003047,Developmental Check,2022-09-12
0000003047,003047,Family Support Visit,2023-10-24
0000003048,003048,Developmental Check,2024-11-21
0000003049,003049,Home Visit,2020-09-17
0000003049,003049,Developmental Check,2020-01-18
0000003051,003051,Home Visit,2020-07-01
0000003051,003051,Home Visit,2020-12-26
0000003051,003051,Case Management,2020-03-24
0000003052,003052,Developmental Check,2025-05-01
0000003054,003054,Case Management,2020-08-27
0000003054,003054,Family Support Visit,2020-01-18
0000003054,003054,Family Support Visit,2020-02-08
0000003054,003054,Family Support Visit,2020-08-23
0000003055,003055,Home Visit,2021-02-07
0000003055,003055,Family Support Visit,2021-02-07
0000003055,003055,Developmental Check,2020-09-12
0000003056,003056,Developmental Check,2022-05-14
0000003056,003056,Home Visit,2021-01-29
0000003056,003056,Case Management,2021-11-06
0000003056,003056,Case Management,2021-08-26
0000003056,003056,Home Visit,2021-08-05
0000003057,003057,Case Management,2019-09-15
0000003057,003057,Home Visit,2022-05-25
0000003057,003057,Case Management,2019-04-04
0000003058,003058,Home Visit,2020-06-26
0000003058,003058,Home Visit,2023-05-30
0000003058,003058,Developmental Check,2020-11-14
0000003059,003059,Family Support Visit,2019-05-07
0000003059,003059,Developmental Check,2019-02-27
0000003060,003060,Case Management,2021-11-11
0000003060,003060,Case Management,2022-01-15
0000003060,003060,Home Visit,2020-02-05
0000003061,003061,Family Support Visit,2023-10-01
0000003062,003062,Home Visit,2020-06-24
0000003062,003062,Case Management,2021-05-11
0000003064,003064,Home Visit,2022-06-21
0000003064,003064,Family Support Visit,2023-07-09
0000003064,003064,Developmental Check,2024-09-02
0000003064,003064,Developmental Check,2025-08-11
0000003065,003065,Family Support Visit,2021-06-18
0000003065,003065,Developmental Check,2020-08-17
0000003065,003065,Case Management,2020-10-26
0000003065,003065,Home Visit,2020-07-12
0000003067,003067,Family Support Visit,2020-04-08
0000003067,003067,Family Support Visit,2023-02-26
0000003068,003068,Case Management,2024-04-04
0000003068,003068,Home Visit,2021-01-29
0000003068,003068,Developmental Check,2023-08-29
0000003069,003069,Developmental Check,2021-06-17
0000003071,003071,Case Management,2020-06-23
0000003071,003071,Case Management,2020-05-12
0000003071,003071,Family Support Visit,2020-05-24
0000003072,003072,Case Management,2021-11-12
0000003073,003073,Developmental Check,2023-10-15
0000003073,003073,Developmental Check,2023-02-06
0000003073,003073,Family Support Visit,2023-04-21
0000003074,003074,Family Support Visit,2020-01-05
0000003074,003074,Developmental Check,2022-02-23
0000003075,003075,Home Visit,2024-04-30
0000003075,003075,Developmental Check,2024-06-21
0000003076,003076,Developmental Check,2022-03-27
0000003077,003077,Case Management,2025-10-29
0000003078,003078,Developmental Check,2022-03-20
0000003078,003078,Developmental Check,2022-02-15
0000003078,003078,Developmental Check,2022-05-09
0000003078,003078,Family Support Visit,2022-01-30
0000003078,003078,Case Management,2022-01-20
0000003078,003078,Developmental Check,2023-01-04
0000003079,003079,Family Support Visit,2019-10-16
0000003079,003079,Case Management,2019-06-09
0000003079,003079,Developmental Check,2019-04-05
0000003079,003079,Home Visit,2018-11-25
0000003080,003080,Developmental Check,2023-09-24
0000003080,003080,Home Visit,2023-03-18
0000003081,003081,Developmental Check,2021-07-14
0000003081,003081,Home Visit,2022-05-23
0000003082,003082,Developmental Check,2022-05-09
0000003082,003082,Developmental Check,2022-05-06
0000003082,003082,Case Management,2022-08-28
0000003083,003083,Family Support Visit,2024-12-03
0000003083,003083,Home Visit,2021-07-01
0000003084,003084,Family Support Visit,2022-06-17
0000003084,003084,Home Visit,2022-04-29
0000003084,003084,Family Support Visit,2022-06-10
0000003084,003084,Family Support Visit,2022-03-22
0000003084,003084,Developmental Check,2022-04-03
0000003085,003085,Case Management,2023-06-07
0000003085,003085,Developmental Check,2022-04-25
0000003085,003085,Home Visit,2020-05-07
0000003085,003085,Family Support Visit,2023-12-28
0000003086,003086,Home Visit,2021-08-13
0000003086,003086,Family Support Visit,2022-01-18
0000003086,003086,Family Support Visit,2023-11-28
0000003086,003086,Developmental Check,2021-10-11
0000003087,003087,Developmental Check,2021-04-07
0000003087,003087,Developmental Check,2021-08-03
0000003087,003087,Case Management,2021-02-20
0000003087,003087,Case Management,2021-05-23
0000003088,003088,Case Management,2019-06-28
0000003088,003088,Case Management,2021-09-16
0000003088,003088,Developmental Check,2019-08-30
0000003089,003089,Developmental Check,2020-07-31
0000003089,003089,Developmental Check,2020-12-17
0000003089,003089,Home Visit,2020-02-28
0000003089,003089,Case Management,2020-03-22
0000003089,003089,Developmental Check,2020-12-04
0000003089,003089,Case Management,2020-09-10
0000003090,003090,Developmental Check,2022-12-31
0000003090,003090,Home Visit,2021-11-03
0000003090,003090,Case Management,2021-07-18
0000003090,003090,Family Support Visit,2023-03-05
0000003090,003090,Family Support Visit,2021-10-29
0000003091,003091,Case Management,2020-09-01
0000003091,003091,Case Management,2020-06-27
0000003091,003091,Family Support Visit,2021-08-22
0000003092,003092,Case Management,2022-06-16
0000003092,003092,Developmental Check,2019-09-18
0000003092,003092,Developmental Check,2022-02-01
0000003092,003092,Home Visit,2021-07-18
0000003094,003094,Home Visit,2020-04-22
0000003095,003095,Case Management,2021-04-14
0000003096,003096,Case Management,2023-12-22
0000003096,003096,Case Management,2023-09-07
0000003096,003096,Case Management,2024-02-25
0000003097,003097,Developmental Check,2022-05-11
0000003097,003097,Family Support Visit,2020-11-04
0000003097,003097,Home Visit,2021-04-07
0000003098,003098,Home Visit,2022-11-10
0000003098,003098,Family Support Visit,2024-07-18
0000003099,003099,Family Support Visit,2024-09-24
0000003100,003100,Case Management,2021-02-03
0000003101,003101,Case Management,2021-11-07
0000003101,003101,Family Support Visit,2021-07-22
0000003102,003102,Case Management,2024-06-13
0000003102,003102,Case Management,2024-03-01
0000003102,003102,Family Support Visit,2023-03-24
0000003103,003103,Family Support Visit,2019-08-22
0000003103,003103,Case Management,2019-07-12
0000003103,003103,Family Support Visit,2019-10-28
0000003103,003103,Home Visit,2020-05-22
0000003103,003103,Case Management,2019-07-24
0000003103,003103,Case Management,2019-09-16
0000003105,003105,Home Visit,2024-04-27
0000003105,003105,Family Support Visit,2023-10-27
0000003107,003107,Home Visit,2022-07-27
0000003107,003107,Developmental Check,2021-12-25
0000003107,003107,Developmental Check,2023-02-14
0000003107,003107,Case Management,2021-12-09
0000003107,003107,Case Management,2022-08-29
0000003108,003108,Developmental Check,2021-03-25
0000003108,003108,Developmental Check,2022-05-25
0000003108,003108,Family Support Visit,2021-03-21
0000003108,003108,Developmental Check,2021-08-08
0000003108,003108,Developmental Check,2022-03-26
0000003108,003108,Developmental Check,2021-06-11
0000003109,003109,Case Management,2021-09-23
0000003109,003109,Case Management,2022-06-13
0000003109,003109,Home Visit,2020-06-03
0000003109,003109,Family Support Visit,2021-02-20
0000003110,003110,Family Support Visit,2022-05-05
0000003110,003110,Family Support Visit,2022-07-08
0000003110,003110,Home Visit,2022-08-19
0000003110,003110,Family Support Visit,2022-07-16
0000003111,003111,Case Management,2020-04-12
0000003112,003112,Developmental Check,2023-06-15
0000003112,003112,Family Support Visit,2023-06-16
0000003112,003112,Family Support Visit,2023-12-14
0000003112,003112,Family Support Visit,2023-04-16
0000003113,003113,Case Management,2021-05-02
0000003114,003114,Home Visit,2019-05-20
0000003114,003114,Home Visit,2019-06-30
0000003114,003114,Home Visit,2018-10-26
0000003114,003114,Developmental Check,2018-10-29
0000003115,003115,Home Visit,2020-08-21
0000003115,003115,Case Management,2020-09-22
0000003115,003115,Developmental Check,2020-10-28
0000003115,003115,Case Management,2022-11-30
0000003115,003115,Developmental Check,2022-08-10
0000003116,003116,Family Support Visit,2024-01-18
0000003116,003116,Developmental Check,2024-06-18
0000003116,003116,Home Visit,2021-12-09
0000003117,003117,Home Visit,2022-09-19
0000003117,003117,Family Support Visit,2023-04-11
0000003117,003117,Home Visit,2023-05-04
0000003117,003117,Case Management,2023-02-07
0000003118,003118,Family Support Visit,2022-04-28
0000003119,003119,Case Management,2025-12-09
0000003120,003120,Home Visit,2023-09-26
0000003120,003120,Case Management,2024-07-17
0000003121,003121,Developmental Check,2022-01-07
0000003121,003121,Case Management,2024-08-01
0000003122,003122,Case Management,2022-06-21
0000003122,003122,Developmental Check,2022-07-14
0000003122,003122,Case Management,2023-12-26
0000003123,003123,Developmental Check,2022-01-16
0000003123,003123,Developmental Check,2023-01-19
0000003123,003123,Home Visit,2022-03-19
0000003123,003123,Family Support Visit,2022-04-14
0000003124,003124,Case Management,2019-11-29
0000003124,003124,Developmental Check,2019-05-19
0000003125,003125,Family Support Visit,2022-04-20
0000003125,003125,Home Visit,2026-07-03
0000003126,003126,Family Support Visit,2022-01-01
0000003126,003126,Home Visit,2022-04-29
0000003127,003127,Family Support Visit,2023-12-13
0000003127,003127,Home Visit,2023-07-28
0000003127,003127,Home Visit,2023-03-28
0000003127,003127,Family Support Visit,2024-10-02
0000003127,003127,Family Support Visit,2024-10-24
0000003128,003128,Home Visit,2021-01-04
0000003129,003129,Case Management,2021-03-11
0000003129,003129,Home Visit,2021-06-04
0000003129,003129,Developmental Check,2021-02-26
0000003129,003129,Case Management,2021-05-14
0000003130,003130,Case Management,2021-12-22
0000003131,003131,Developmental Check,2020-12-17
0000003131,003131,Family Support Visit,2020-04-15
0000003131,003131,Home Visit,2020-05-30
0000003132,003132,Family Support Visit,2021-07-31
0000003132,003132,Home Visit,2020-11-03
0000003132,003132,Home Visit,2020-08-06
0000003132,003132,Case Management,2021-04-02
0000003133,003133,Developmental Check,2019-07-23
0000003133,003133,Home Visit,2020-12-07
0000003133,003133,Case Management,2019-08-28
0000003133,003133,Developmental Check,2019-09-22
0000003134,003134,Family Support Visit,2022-04-08
0000003135,003135,Case Management,2022-04-05
0000003136,003136,Developmental Check,2020-07-18
0000003136,003136,Home Visit,2021-02-15
0000003136,003136,Family Support Visit,2021-02-22
0000003136,003136,Family Support Visit,2020-02-19
0000003136,003136,Family Support Visit,2021-02-06
0000003136,003136,Case Management,2020-07-12
0000003137,003137,Home Visit,2019-05-14
0000003137,003137,Family Support Visit,2019-03-30
0000003138,003138,Case Management,2021-09-01
0000003138,003138,Home Visit,2020-07-05
0000003138,003138,Case Management,2021-11-20
0000003138,003138,Home Visit,2021-02-08
0000003139,003139,Family Support Visit,2021-10-02
0000003140,003140,Case Management,2022-08-18
0000003140,003140,Home Visit,2025-03-12
0000003141,003141,Case Management,2020-09-03
0000003141,003141,Developmental Check,2020-06-03
0000003142,003142,Home Visit,2022-10-16
0000003142,003142,Developmental Check,2023-11-23
0000003143,003143,Developmental Check,2024-08-20
0000003144,003144,Case Management,2021-11-30
0000003144,003144,Developmental Check,2024-08-06
0000003146,003146,Home Visit,2021-06-21
0000003146,003146,Family Support Visit,2021-06-29
0000003146,003146,Case Management,2021-03-29
0000003147,003147,Case Management,2020-09-01
0000003147,003147,Family Support Visit,2020-12-02
0000003148,003148,Developmental Check,2021-03-31
0000003148,003148,Family Support Visit,2021-11-15
0000003148,003148,Home Visit,2022-02-24
0000003148,003148,Developmental Check,2021-05-30
0000003149,003149,Home Visit,2023-03-10
0000003149,003149,Case Management,2023-09-23
0000003149,003149,Developmental Check,2023-12-26
0000003149,003149,Home Visit,2022-02-12
0000003152,003152,Developmental Check,2024-11-23
0000003152,003152,Developmental Check,2025-10-24
0000003152,003152,Home Visit,2024-01-19
0000003152,003152,Family Support Visit,2023-04-22
0000003153,003153,Developmental Check,2023-04-12
0000003153,003153,Developmental Check,2023-04-17
0000003153,003153,Case Management,2023-06-23
0000003153,003153,Developmental Check,2023-05-14
0000003154,003154,Developmental Check,2021-05-04
0000003154,003154,Home Visit,2022-03-29
0000003154,003154,Family Support Visit,2021-05-16
0000003156,003156,Family Support Visit,2025-06-15
0000003156,003156,Family Support Visit,2024-04-24
0000003157,003157,Family Support Visit,2022-08-11
0000003157,003157,Family Support Visit,2022-02-24
0000003157,003157,Case Management,2023-08-01
0000003158,003158,Family Support Visit,2020-01-02
0000003158,003158,Family Support Visit,2019-11-12
0000003158,003158,Home Visit,2019-11-11
0000003159,003159,Family Support Visit,2024-01-21
0000003160,003160,Developmental Check,2020-03-04
0000003160,003160,Home Visit,2019-02-06
0000003160,003160,Case Management,2020-09-07
0000003162,003162,Home Visit,2020-11-26
0000003162,003162,Home Visit,2020-11-10
0000003162,003162,Developmental Check,2020-01-25
0000003162,003162,Case Management,2020-09-14
0000003163,003163,Home Visit,2022-11-19
0000003163,003163,Developmental Check,2021-09-05
0000003165,003165,Developmental Check,2021-03-31
0000003165,003165,Family Support Visit,2022-11-30
0000003166,003166,Case Management,2019-11-07
0000003167,003167,Developmental Check,2023-08-30
0000003168,003168,Case Management,2020-01-03
0000003169,003169,Case Management,2024-07-30
0000003169,003169,Developmental Check,2024-02-14
0000003172,003172,Home Visit,2021-09-24
0000003172,003172,Home Visit,2022-12-07
0000003173,003173,Family Support Visit,2022-07-21
0000003173,003173,Home Visit,2023-01-21
0000003174,003174,Case Management,2024-08-05
0000003174,003174,Family Support Visit,2022-10-29
0000003177,003177,Developmental Check,2022-07-17
0000003177,003177,Family Support Visit,2023-01-02
0000003177,003177,Home Visit,2023-04-27
0000003177,003177,Family Support Visit,2021-11-18
0000003178,003178,Family Support Visit,2020-09-24
0000003178,003178,Developmental Check,2019-10-02
0000003179,003179,Developmental Check,2022-11-02
0000003180,003180,Home Visit,2024-01-19
0000003180,003180,Developmental Check,2021-01-28
0000003181,003181,Case Management,2020-05-27
0000003181,003181,Developmental Check,2022-01-11
0000003181,003181,Home Visit,2021-03-19
0000003181,003181,Home Visit,2020-08-28
0000003181,003181,Family Support Visit,2020-03-08
0000003181,003181,Case Management,2020-12-08
0000003183,003183,Case Management,2021-02-15
0000003183,003183,Developmental Check,2022-03-13
0000003184,003184,Home Visit,2022-11-24
0000003185,003185,Home Visit,2023-04-02
0000003187,003187,Case Management,2018-12-22
0000003187,003187,Developmental Check,2020-03-20
0000003187,003187,Home Visit,2019-04-27
0000003188,003188,Case Management,2022-02-08
0000003188,003188,Developmental Check,2020-11-05
0000003189,003189,Family Support Visit,2021-10-31
0000003190,003190,Family Support Visit,2020-11-30
0000003190,003190,Case Management,2020-06-14
0000003191,003191,Home Visit,2021-10-11
0000003191,003191,Case Management,2021-07-16
0000003191,003191,Family Support Visit,2021-12-14
0000003191,003191,Developmental Check,2021-07-12
0000003192,003192,Developmental Check,2023-06-26
0000003192,003192,Developmental Check,2022-06-29
0000003192,003192,Case Management,2023-05-24
0000003192,003192,Case Management,2023-09-01
0000003193,003193,Home Visit,2026-08-05
0000003194,003194,Developmental Check,2023-01-12
0000003195,003195,Home Visit,2021-06-04
0000003195,003195,Developmental Check,2020-10-20
0000003197,003197,Case Management,2023-08-30
0000003197,003197,Case Management,2023-01-10
0000003197,003197,Family Support Visit,2023-02-20
0000003197,003197,Home Visit,2023-02-19
0000003197,003197,Case Management,2023-07-09
0000003197,003197,Case Management,2023-07-02
0000003198,003198,Home Visit,2022-03-12
0000003198,003198,Case Management,2024-12-28
0000003198,003198,Developmental Check,2025-01-16
0000003199,003199,Case Management,2023-09-11
0000003200,003200,Case Management,2021-02-27
0000003200,003200,Family Support Visit,2021-06-07
0000003200,003200,Developmental Check,2021-09-08
0000003201,003201,Case Management,2022-07-31
0000003201,003201,Home Visit,2021-03-25
0000003203,003203,Family Support Visit,2022-04-28
0000003203,003203,Home Visit,2023-01-11
0000003204,003204,Developmental Check,2021-04-21
0000003204,003204,Case Management,2022-02-04
0000003205,003205,Developmental Check,2023-02-26
0000003205,003205,Family Support Visit,2022-10-29
0000003205,003205,Case Management,2023-06-14
0000003206,003206,Home Visit,2020-04-19
0000003208,003208,Developmental Check,2021-03-09
0000003209,003209,Case Management,2021-01-04
0000003209,003209,Home Visit,2020-12-26
0000003209,003209,Family Support Visit,2020-10-05
0000003209,003209,Family Support Visit,2021-01-24
0000003209,003209,Home Visit,2020-07-24
0000003210,003210,Developmental Check,2021-07-23
0000003210,003210,Family Support Visit,2021-06-20
0000003210,003210,Case Management,2021-07-08
0000003210,003210,Home Visit,2021-07-02
0000003211,003211,Developmental Check,2022-02-13
0000003211,003211,Home Visit,2023-12-04
0000003212,003212,Developmental Check,2021-02-04
0000003212,003212,Family Support Visit,2021-04-06
0000003212,003212,Home Visit,2020-11-09
0000003212,003212,Case Management,2021-08-18
0000003212,003212,Case Management,2021-01-29
0000003212,003212,Case Management,2021-12-16
0000003213,003213,Case Management,2020-04-13
0000003213,003213,Family Support Visit,2021-03-02
0000003214,003214,Family Support Visit,2018-07-02
0000003214,003214,Developmental Check,2019-09-11
0000003214,003214,Developmental Check,2019-12-21
0000003215,003215,Case Management,2022-08-11
0000003215,003215,Case Management,2023-10-16
0000003216,003216,Family Support Visit,2023-09-01
0000003216,003216,Case Management,2023-03-11
0000003216,003216,Case Management,2022-11-09
0000003216,003216,Developmental Check,2023-04-14
0000003216,003216,Case Management,2025-08-27
0000003216,003216,Home Visit,2025-10-09
0000003217,003217,Home Visit,2022-07-18
0000003218,003218,Case Management,2021-06-09
0000003218,003218,Home Visit,2023-05-01
0000003219,003219,Family Support Visit,2027-06-20
0000003219,003219,Home Visit,2027-04-11
0000003220,003220,Developmental Check,2023-12-31
0000003220,003220,Family Support Visit,2023-10-08
0000003220,003220,Case Management,2023-01-15
0000003220,003220,Family Support Visit,2023-09-26
0000003220,003220,Home Visit,2023-12-27
0000003221,003221,Case Management,2021-07-31
0000003221,003221,Case Management,2020-07-09
0000003221,003221,Developmental Check,2020-10-17
0000003221,003221,Case Management,2021-01-15
0000003221,003221,Family Support Visit,2021-02-27
0000003221,003221,Case Management,2021-05-31
0000003222,003222,Home Visit,2025-01-16
0000003222,003222,Family Support Visit,2025-01-18
0000003222,003222,Case Management,2024-05-10
0000003222,003222,Home Visit,2023-09-22
0000003222,003222,Family Support Visit,2025-05-14
0000003222,003222,Home Visit,2023-07-27
0000003224,003224,Case Management,2023-01-01
0000003225,003225,Developmental Check,2019-09-20
0000003225,003225,Case Management,2023-02-11
0000003226,003226,Family Support Visit,2019-03-18
0000003226,003226,Home Visit,2019-04-23
0000003226,003226,Case Management,2019-01-02
0000003229,003229,Home Visit,2021-09-07
0000003229,003229,Family Support Visit,2021-07-16
0000003229,003229,Developmental Check,2021-08-11
0000003230,003230,Family Support Visit,2023-02-27
0000003230,003230,Developmental Check,2022-08-12
0000003230,003230,Developmental Check,2022-06-15
0000003231,003231,Case Management,2022-02-28
0000003231,003231,Case Management,2022-07-17
0000003231,003231,Family Support Visit,2022-05-28
0000003232,003232,Developmental Check,2022-05-29
0000003233,003233,Home Visit,2019-09-01
0000003235,003235,Developmental Check,2025-07-04
0000003235,003235,Home Visit,2025-03-03
0000003237,003237,Home Visit,2022-11-19
0000003237,003237,Family Support Visit,2022-03-06
0000003237,003237,Developmental Check,2021-11-29
0000003237,003237,Case Management,2021-06-19
0000003240,003240,Home Visit,2023-06-12
0000003240,003240,Home Visit,2023-02-03
0000003240,003240,Case Management,2023-02-14
0000003240,003240,Developmental Check,2023-04-28
0000003240,003240,Case Management,2023-06-26
0000003240,003240,Family Support Visit,2023-03-28
0000003243,003243,Family Support Visit,2021-05-12
0000003244,003244,Case Management,2022-04-23
0000003244,003244,Developmental Check,2021-08-04
0000003244,003244,Developmental Check,2022-07-17
0000003244,003244,Case Management,2022-05-20
0000003245,003245,Home Visit,2018-08-08
0000003245,003245,Developmental Check,2019-06-23
0000003245,003245,Case Management,2019-05-06
0000003245,003245,Family Support Visit,2019-05-29
0000003246,003246,Case Management,2021-10-18
0000003246,003246,Family Support Visit,2020-02-03
0000003247,003247,Family Support Visit,2024-01-15
0000003247,003247,Case Management,2024-01-27
0000003247,003247,Case Management,2025-06-02
0000003248,003248,Home Visit,2022-09-21
0000003249,003249,Case Management,2023-04-30
0000003249,003249,Family Support Visit,2023-11-21
0000003249,003249,Home Visit,2023-05-25
0000003249,003249,Developmental Check,2023-07-17
0000003249,003249,Developmental Check,2023-05-02
0000003249,003249,Home Visit,2022-12-29
0000003250,003250,Family Support Visit,2020-06-02
0000003250,003250,Case Management,2019-11-12
0000003251,003251,Family Support Visit,2023-08-09
0000003251,003251,Home Visit,2023-01-26
0000003252,003252,Case Management,2022-06-09
0000003252,003252,Home Visit,2022-06-01
0000003253,003253,Home Visit,2022-10-12
0000003253,003253,Case Management,2022-11-01
0000003254,003254,Home Visit,2022-05-13
0000003254,003254,Developmental Check,2022-10-25
0000003254,003254,Family Support Visit,2022-06-19
0000003254,003254,Family Support Visit,2022-11-03
0000003255,003255,Developmental Check,2020-05-15
0000003257,003257,Developmental Check,2023-06-12
0000003257,003257,Case Management,2020-01-14
0000003257,003257,Developmental Check,2021-11-28
0000003257,003257,Case Management,2021-10-23
0000003258,003258,Family Support Visit,2027-03-18
0000003259,003259,Home Visit,2024-11-07
0000003259,003259,Home Visit,2022-10-30
0000003259,003259,Developmental Check,2024-06-01
0000003260,003260,Family Support Visit,2023-08-27
0000003260,003260,Home Visit,2024-06-07
0000003260,003260,Home Visit,2023-05-06
0000003261,003261,Family Support Visit,2024-09-03
0000003261,003261,Developmental Check,2023-12-31
0000003261,003261,Family Support Visit,2024-05-21
0000003261,003261,Family Support Visit,2024-07-24
0000003262,003262,Developmental Check,2023-11-27
0000003262,003262,Case Management,2023-03-17
0000003262,003262,Home Visit,2022-02-06
0000003263,003263,Home Visit,2021-01-16
0000003264,003264,Developmental Check,2020-08-25
0000003264,003264,Family Support Visit,2020-02-03
0000003264,003264,Developmental Check,2020-10-06
0000003264,003264,Case Management,2020-08-01
0000003265,003265,Case Management,2024-06-22
0000003266,003266,Family Support Visit,2022-05-16
0000003266,003266,Home Visit,2022-05-03
0000003266,003266,Developmental Check,2022-06-18
0000003267,003267,Home Visit,2023-03-15
0000003268,003268,Home Visit,2022-10-22
0000003268,003268,Family Support Visit,2022-08-04
0000003268,003268,Developmental Check,2023-03-12
0000003270,003270,Family Support Visit,2021-12-07
0000003270,003270,Home Visit,2022-02-02
0000003271,003271,Home Visit,2022-05-14
0000003271,003271,Developmental Check,2023-08-22
0000003271,003271,Developmental Check,2023-09-18
0000003271,003271,Family Support Visit,2022-12-30
0000003271,003271,Home Visit,2021-07-26
0000003271,003271,Home Visit,2023-02-26
0000003272,003272,Home Visit,2021-05-27
0000003273,003273,Case Management,2021-03-02
0000003273,003273,Developmental Check,2021-04-28
0000003273,003273,Case Management,2021-08-24
0000003274,003274,Developmental Check,2024-05-16
0000003275,003275,Case Management,2022-04-30
0000003275,003275,Developmental Check,2019-06-30
0000003276,003276,Home Visit,2021-03-25
0000003277,003277,Case Management,2021-01-14
0000003277,003277,Home Visit,2021-12-18
0000003277,003277,Home Visit,2021-11-12
0000003278,003278,Family Support Visit,2022-02-01
0000003278,003278,Home Visit,2022-10-17
0000003279,003279,Home Visit,2022-10-08
0000003279,003279,Developmental Check,2022-07-23
0000003280,003280,Case Management,2020-05-12
0000003280,003280,Case Management,2019-05-18
0000003280,003280,Home Visit,2019-11-07
0000003281,003281,Developmental Check,2020-12-31
0000003281,003281,Family Support Visit,2022-03-20
0000003281,003281,Case Management,2020-04-22
0000003282,003282,Home Visit,2019-07-28
0000003282,003282,Family Support Visit,2019-06-13
0000003282,003282,Developmental Check,2019-11-01
0000003283,003283,Developmental Check,2023-11-14
0000003285,003285,Case Management,2021-03-19
0000003285,003285,Home Visit,2020-05-01
0000003285,003285,Case Management,2021-04-26
0000003286,003286,Home Visit,2019-04-29
0000003286,003286,Home Visit,2019-09-11
0000003287,003287,Case Management,2023-07-23
0000003287,003287,Developmental Check,2023-02-03
0000003287,003287,Developmental Check,2023-11-10
0000003287,003287,Family Support Visit,2023-08-23
0000003287,003287,Case Management,2023-09-05
0000003289,003289,Case Management,2023-02-03
0000003290,003290,Family Support Visit,2022-08-22
0000003290,003290,Family Support Visit,2023-08-27
0000003291,003291,Home Visit,2023-05-31
0000003292,003292,Family Support Visit,2025-12-25
0000003293,003293,Developmental Check,2021-06-12
0000003293,003293,Family Support Visit,2021-02-06
0000003294,003294,Home Visit,2022-11-29
0000003295,003295,Family Support Visit,2022-04-18
0000003296,003296,Developmental Check,2023-03-10
0000003297,003297,Home Visit,2023-09-24
0000003297,003297,Family Support Visit,2024-04-14
0000003298,003298,Home Visit,2023-08-06
0000003298,003298,Case Management,2023-03-22
0000003298,003298,Case Management,2023-01-31
0000003299,003299,Developmental Check,2023-12-25
0000003299,003299,Case Management,2023-03-20
0000003299,003299,Home Visit,2025-07-13
0000003299,003299,Case Management,2023-01-11
0000003300,003300,Developmental Check,2025-09-11
0000003300,003300,Home Visit,2024-09-13
0000003301,003301,Home Visit,2023-09-27
0000003301,003301,Family Support Visit,2023-05-09
0000003301,003301,Family Support Visit,2022-10-09
0000003303,003303,Family Support Visit,2020-09-02
0000003303,003303,Case Management,2020-04-07
0000003305,003305,Developmental Check,2020-04-05
0000003305,003305,Case Management,2018-12-31
0000003305,003305,Case Management,2020-07-31
0000003306,003306,Family Support Visit,2020-07-19
0000003306,003306,Home Visit,2020-08-19
0000003306,003306,Family Support Visit,2020-03-21
0000003308,003308,Home Visit,2020-03-10
0000003308,003308,Home Visit,2021-04-17
0000003308,003308,Family Support Visit,2021-04-10
0000003308,003308,Developmental Check,2019-12-26
0000003309,003309,Family Support Visit,2022-07-04
0000003309,003309,Developmental Check,2023-02-10
0000003309,003309,Developmental Check,2022-08-08
0000003309,003309,Family Support Visit,2021-12-04
0000003310,003310,Developmental Check,2022-07-23
0000003310,003310,Case Management,2022-01-14
0000003310,003310,Case Management,2022-04-05
0000003310,003310,Home Visit,2022-07-15
0000003310,003310,Case Management,2022-04-29
0000003311,003311,Home Visit,2020-04-22
0000003311,003311,Developmental Check,2019-01-31
0000003312,003312,Developmental Check,2022-10-28
0000003312,003312,Family Support Visit,2022-10-07
0000003312,003312,Family Support Visit,2023-09-23
0000003312,003312,Home Visit,2022-07-23
0000003313,003313,Developmental Check,2022-03-06
0000003313,003313,Case Management,2022-07-02
0000003314,003314,Home Visit,2021-07-02
0000003314,003314,Home Visit,2021-07-24
0000003314,003314,Developmental Check,2021-04-13
0000003315,003315,Family Support Visit,2018-10-08
0000003315,003315,Home Visit,2018-11-15
0000003315,003315,Developmental Check,2018-11-01
0000003315,003315,Family Support Visit,2019-02-10
0000003316,003316,Developmental Check,2020-10-07
0000003316,003316,Case Management,2020-10-23
0000003316,003316,Developmental Check,2020-10-28
0000003316,003316,Case Management,2020-09-15
0000003318,003318,Case Management,2022-06-14
0000003318,003318,Case Management,2022-03-08
0000003318,003318,Family Support Visit,2023-09-26
0000003318,003318,Developmental Check,2021-06-03
0000003320,003320,Home Visit,2025-08-08
0000003320,003320,Developmental Check,2025-10-04
0000003320,003320,Case Management,2025-11-22
0000003321,003321,Home Visit,2024-03-10
0000003321,003321,Developmental Check,2022-12-11
0000003322,003322,Developmental Check,2021-05-14
0000003323,003323,Case Management,2023-02-28
0000003323,003323,Home Visit,2022-04-02
0000003323,003323,Home Visit,2023-01-25
0000003323,003323,Home Visit,2022-03-15
0000003324,003324,Case Management,2019-12-04
0000003324,003324,Home Visit,2021-04-04
0000003325,003325,Family Support Visit,2020-09-17
0000003325,003325,Case Management,2020-02-12
0000003325,003325,Home Visit,2020-06-29
0000003325,003325,Developmental Check,2020-06-09
0000003326,003326,Developmental Check,2023-02-01
0000003326,003326,Developmental Check,2023-04-24
0000003326,003326,Family Support Visit,2023-07-15
0000003326,003326,Home Visit,2023-03-28
0000003326,003326,Home Visit,2022-08-19
0000003326,003326,Developmental Check,2022-12-21
0000003327,003327,Developmental Check,2022-11-14
0000003327,003327,Home Visit,2024-02-09
0000003327,003327,Family Support Visit,2024-09-01
0000003327,003327,Home Visit,2023-02-17
0000003328,003328,Home Visit,2021-06-24
0000003328,003328,Case Management,2020-08-26
0000003328,003328,Family Support Visit,2021-03-30
0000003328,003328,Family Support Visit,2021-08-12
0000003328,003328,Home Visit,2021-01-15
0000003329,003329,Case Management,2021-09-12
0000003329,003329,Family Support Visit,2022-06-13
0000003329,003329,Case Management,2021-04-14
0000003329,003329,Case Management,2021-10-20
0000003329,003329,Case Management,2021-08-26
0000003330,003330,Home Visit,2022-08-30
0000003330,003330,Family Support Visit,2021-12-19
0000003330,003330,Case Management,2022-01-14
0000003330,003330,Family Support Visit,2022-05-20
0000003331,003331,Developmental Check,2024-01-28
0000003331,003331,Case Management,2022-12-27
0000003332,003332,Case Management,2020-10-25
0000003332,003332,Case Management,2020-06-15
0000003332,003332,Family Support Visit,2020-09-17
0000003332,003332,Home Visit,2020-08-28
0000003332,003332,Developmental Check,2020-09-10
0000003332,003332,Case Management,2020-10-28
0000003333,003333,Home Visit,2023-11-08
0000003333,003333,Developmental Check,2023-07-22
0000003333,003333,Home Visit,2022-06-06
0000003334,003334,Case Management,2024-01-21
0000003334,003334,Developmental Check,2024-07-04
0000003335,003335,Family Support Visit,2023-09-23
0000003335,003335,Case Management,2024-04-02
0000003335,003335,Case Management,2024-01-22
0000003335,003335,Home Visit,2023-12-09
0000003336,003336,Family Support Visit,2022-11-16
0000003336,003336,Home Visit,2022-12-03
0000003336,003336,Home Visit,2023-01-04
0000003336,003336,Home Visit,2023-08-08
0000003336,003336,Case Management,2022-10-03
0000003337,003337,Case Management,2024-02-05
0000003337,003337,Home Visit,2023-12-05
0000003337,003337,Developmental Check,2023-05-30
0000003339,003339,Case Management,2022-07-11
0000003339,003339,Family Support Visit,2024-03-12
0000003340,003340,Case Management,2024-01-25
0000003341,003341,Home Visit,2020-12-21
0000003341,003341,Developmental Check,2020-11-12
0000003341,003341,Developmental Check,2020-10-18
0000003341,003341,Case Management,2021-03-02
0000003342,003342,Developmental Check,2021-09-13
0000003342,003342,Case Management,2025-06-19
0000003343,003343,Case Management,2020-08-27
0000003343,003343,Family Support Visit,2020-05-21
0000003344,003344,Home Visit,2021-02-26
0000003344,003344,Family Support Visit,2021-10-14
0000003345,003345,Case Management,2022-01-14
0000003345,003345,Home Visit,2022-02-27
0000003345,003345,Family Support Visit,2022-01-09
0000003345,003345,Home Visit,2021-11-17
0000003345,003345,Developmental Check,2021-08-28
0000003346,003346,Home Visit,2024-09-07
0000003346,003346,Home Visit,2024-09-14
0000003347,003347,Case Management,2022-01-22
0000003347,003347,Home Visit,2021-03-25
0000003348,003348,Developmental Check,2022-05-24
0000003348,003348,Home Visit,2022-06-27
0000003348,003348,Developmental Check,2022-07-31
0000003348,003348,Developmental Check,2023-03-03
0000003348,003348,Developmental Check,2023-04-15
0000003350,003350,Case Management,2019-12-29
0000003351,003351,Developmental Check,2023-04-28
0000003351,003351,Home Visit,2022-10-18
0000003351,003351,Family Support Visit,2023-05-04
0000003351,003351,Family Support Visit,2023-06-29
0000003352,003352,Case Management,2023-11-11
0000003353,003353,Developmental Check,2020-12-11
0000003354,003354,Family Support Visit,2023-12-05
0000003354,003354,Case Management,2023-06-20
0000003354,003354,Family Support Visit,2022-10-10
0000003354,003354,Developmental Check,2022-04-27
0000003356,003356,Home Visit,2023-07-25
0000003356,003356,Case Management,2021-06-28
0000003356,003356,Family Support Visit,2023-09-05
0000003356,003356,Case Management,2021-04-04
0000003357,003357,Family Support Visit,2023-02-11
0000003358,003358,Home Visit,2021-09-26
0000003358,003358,Developmental Check,2024-10-22
0000003360,003360,Home Visit,2019-02-25
0000003360,003360,Home Visit,2019-06-23
0000003360,003360,Case Management,2023-05-06
0000003360,003360,Case Management,2023-03-14
0000003361,003361,Case Management,2019-09-17
0000003361,003361,Case Management,2023-05-14
0000003362,003362,Developmental Check,2019-05-18
0000003363,003363,Home Visit,2021-06-14
0000003363,003363,Developmental Check,2021-03-29
0000003363,003363,Home Visit,2021-03-06
0000003363,003363,Case Management,2021-02-12
0000003364,003364,Family Support Visit,2020-11-01
0000003364,003364,Family Support Visit,2023-04-24
0000003364,003364,Family Support Visit,2022-06-19
0000003365,003365,Developmental Check,2022-01-09
0000003365,003365,Developmental Check,2022-07-31
0000003365,003365,Family Support Visit,2022-11-19
0000003365,003365,Case Management,2023-12-05
0000003365,003365,Family Support Visit,2021-02-02
0000003366,003366,Developmental Check,2023-01-19
0000003366,003366,Developmental Check,2022-07-31
0000003366,003366,Case Management,2022-09-18
0000003366,003366,Developmental Check,2022-06-20
0000003367,003367,Home Visit,2022-02-18
0000003367,003367,Case Management,2022-08-26
0000003368,003368,Home Visit,2019-01-04
0000003368,003368,Family Support Visit,2019-02-04
0000003368,003368,Case Management,2019-05-05
0000003368,003368,Home Visit,2019-03-21
0000003368,003368,Home Visit,2018-11-11
0000003369,003369,Family Support Visit,2023-11-10
0000003369,003369,Home Visit,2022-11-11
0000003370,003370,Family Support Visit,2019-12-16
0000003370,003370,Home Visit,2020-12-06
0000003371,003371,Home Visit,2025-08-18
0000003371,003371,Family Support Visit,2026-04-25
0000003372,003372,Developmental Check,2022-04-30
0000003373,003373,Home Visit,2019-10-31
0000003374,003374,Developmental Check,2019-12-16
0000003374,003374,Family Support Visit,2020-01-12
0000003375,003375,Case Management,2025-05-01
0000003375,003375,Case Management,2025-03-13
0000003376,003376,Case Management,2023-01-22
0000003376,003376,Home Visit,2022-09-25
0000003376,003376,Home Visit,2023-02-13
0000003376,003376,Developmental Check,2025-08-05
0000003377,003377,Case Management,2020-01-16
0000003377,003377,Family Support Visit,2019-06-05
0000003377,003377,Family Support Visit,2020-05-28
0000003377,003377,Home Visit,2020-04-15
0000003378,003378,Case Management,2024-01-14
0000003378,003378,Case Management,2023-02-10
0000003378,003378,Developmental Check,2022-12-26
0000003378,003378,Family Support Visit,2024-03-24
0000003379,003379,Family Support Visit,2020-12-14
0000003379,003379,Home Visit,2020-12-07
0000003379,003379,Developmental Check,2021-08-01
0000003379,003379,Family Support Visit,2020-11-21
0000003380,003380,Case Management,2023-07-07
0000003380,003380,Developmental Check,2023-01-22
0000003381,003381,Home Visit,2019-01-13
0000003381,003381,Family Support Visit,2019-01-07
0000003381,003381,Case Management,2019-04-16
0000003382,003382,Family Support Visit,2022-01-01
0000003382,003382,Case Management,2022-01-13
0000003383,003383,Home Visit,2020-01-08
0000003383,003383,Case Management,2021-07-12
0000003383,003383,Family Support Visit,2019-09-01
0000003383,003383,Home Visit,2020-11-25
0000003385,003385,Home Visit,2019-03-02
0000003385,003385,Home Visit,2019-04-13
0000003385,003385,Developmental Check,2018-11-23
0000003385,003385,Case Management,2019-05-30
0000003386,003386,Home Visit,2020-03-28
0000003387,003387,Family Support Visit,2020-01-04
0000003387,003387,Case Management,2019-01-07
0000003388,003388,Family Support Visit,2021-08-10
0000003388,003388,Family Support Visit,2022-02-05
0000003388,003388,Developmental Check,2021-07-26
0000003389,003389,Developmental Check,2019-11-27
0000003390,003390,Home Visit,2021-01-31
0000003390,003390,Developmental Check,2021-09-03
0000003390,003390,Case Management,2021-03-15
0000003390,003390,Family Support Visit,2020-10-13
0000003390,003390,Home Visit,2021-08-19
0000003391,003391,Case Management,2020-02-03
0000003392,003392,Developmental Check,2022-11-02
0000003392,003392,Developmental Check,2024-09-03
0000003393,003393,Case Management,2022-12-14
0000003393,003393,Family Support Visit,2022-01-27
0000003393,003393,Developmental Check,2022-03-27
0000003393,003393,Developmental Check,2023-02-07
0000003394,003394,Case Management,2019-05-21
0000003394,003394,Home Visit,2019-07-25
0000003394,003394,Developmental Check,2019-10-02
0000003394,003394,Family Support Visit,2019-10-12
0000003396,003396,Developmental Check,2023-08-23
0000003396,003396,Case Management,2023-05-09
0000003396,003396,Family Support Visit,2023-02-16
0000003396,003396,Developmental Check,2025-08-10
0000003397,003397,Case Management,2023-01-27
0000003397,003397,Family Support Visit,2023-10-25
0000003397,003397,Case Management,2022-05-19
0000003397,003397,Developmental Check,2022-09-10
0000003398,003398,Developmental Check,2025-10-01
0000003400,003400,Developmental Check,2022-02-26
0000003400,003400,Home Visit,2022-09-12
0000003402,003402,Family Support Visit,2022-06-15
0000003404,003404,Family Support Visit,2019-07-10
0000003404,003404,Family Support Visit,2021-07-29
0000003404,003404,Family Support Visit,2021-03-28
0000003404,003404,Home Visit,2018-07-31
0000003405,003405,Home Visit,2024-07-23
0000003405,003405,Family Support Visit,2025-03-04
0000003405,003405,Developmental Check,2024-09-04
0000003406,003406,Family Support Visit,2025-02-03
0000003407,003407,Family Support Visit,2023-08-20
0000003407,003407,Family Support Visit,2023-09-18
0000003407,003407,Home Visit,2022-09-12
0000003407,003407,Home Visit,2024-03-24
0000003408,003408,Developmental Check,2024-04-02
0000003408,003408,Developmental Check,2022-01-14
0000003409,003409,Case Management,2026-03-13
0000003409,003409,Case Management,2024-05-07
0000003409,003409,Case Management,2024-06-05
0000003409,003409,Developmental Check,2025-07-14
0000003412,003412,Family Support Visit,2026-02-25
0000003412,003412,Case Management,2023-05-11
0000003413,003413,Family Support Visit,2024-01-04
0000003413,003413,Case Management,2026-07-04
0000003414,003414,Case Management,2023-09-22
0000003414,003414,Developmental Check,2022-04-17
0000003414,003414,Family Support Visit,2022-06-25
0000003415,003415,Developmental Check,2022-02-18
0000003416,003416,Case Management,2023-08-05
0000003416,003416,Home Visit,2024-06-03
0000003417,003417,Home Visit,2022-04-26
0000003417,003417,Family Support Visit,2022-08-12
0000003417,003417,Developmental Check,2022-04-30
0000003417,003417,Home Visit,2022-09-18
0000003417,003417,Home Visit,2022-06-18
0000003417,003417,Home Visit,2022-05-20
0000003418,003418,Developmental Check,2022-09-01
0000003419,003419,Family Support Visit,2022-06-13
0000003419,003419,Case Management,2022-05-08
0000003420,003420,Case Management,2025-01-29
0000003422,003422,Case Management,2020-04-24
0000003422,003422,Developmental Check,2022-05-03
0000003423,003423,Developmental Check,2022-07-17
0000003423,003423,Home Visit,2022-10-21
0000003425,003425,Developmental Check,2019-12-22
0000003425,003425,Family Support Visit,2019-07-31
0000003425,003425,Developmental Check,2019-07-19
0000003425,003425,Home Visit,2019-11-24
0000003425,003425,Family Support Visit,2019-08-14
0000003426,003426,Home Visit,2021-08-15
0000003426,003426,Developmental Check,2021-04-03
0000003427,003427,Family Support Visit,2022-05-04
0000003427,003427,Family Support Visit,2022-07-28
0000003427,003427,Family Support Visit,2022-01-17
0000003427,003427,Home Visit,2022-10-23
0000003428,003428,Family Support Visit,2021-03-04
0000003428,003428,Developmental Check,2020-12-31
0000003428,003428,Home Visit,2021-04-04
0000003428,003428,Family Support Visit,2020-12-28
0000003429,003429,Family Support Visit,2019-01-18
0000003429,003429,Developmental Check,2019-09-21
0000003429,003429,Case Management,2019-07-17
0000003429,003429,Developmental Check,2019-04-03
0000003429,003429,Home Visit,2020-01-28
0000003430,003430,Developmental Check,2023-09-16
0000003431,003431,Home Visit,2024-03-26
0000003431,003431,Home Visit,2024-11-16
0000003431,003431,Home Visit,2025-01-10
0000003431,003431,Developmental Check,2023-10-31
0000003432,003432,Family Support Visit,2023-09-19
0000003432,003432,Case Management,2023-01-08
0000003432,003432,Home Visit,2024-02-24
0000003432,003432,Family Support Visit,2023-12-08
0000003433,003433,Case Management,2020-05-02
0000003434,003434,Home Visit,2021-06-25
0000003435,003435,Home Visit,2018-07-02
0000003435,003435,Home Visit,2018-09-16
0000003435,003435,Home Visit,2018-07-21
0000003435,003435,Developmental Check,2018-08-22
0000003435,003435,Developmental Check,2018-09-08
0000003436,003436,Family Support Visit,2020-02-19
0000003436,003436,Home Visit,2020-05-02
0000003437,003437,Home Visit,2021-10-16
0000003437,003437,Family Support Visit,2021-06-18
0000003437,003437,Family Support Visit,2021-05-24
0000003438,003438,Developmental Check,2023-01-22
0000003438,003438,Developmental Check,2022-09-09
0000003438,003438,Home Visit,2023-01-14
0000003438,003438,Family Support Visit,2023-02-13
0000003439,003439,Developmental Check,2021-12-15
0000003440,003440,Family Support Visit,2021-05-08
0000003440,003440,Case Management,2022-01-23
0000003441,003441,Developmental Check,2023-10-11
0000003441,003441,Family Support Visit,2022-08-14
0000003441,003441,Family Support Visit,2023-11-30
0000003442,003442,Home Visit,2021-02-01
0000003443,003443,Home Visit,2026-06-01
0000003445,003445,Case Management,2024-05-22
0000003445,003445,Family Support Visit,2022-08-13
0000003445,003445,Case Management,2023-04-09
0000003445,003445,Home Visit,2025-11-15
0000003446,003446,Case Management,2020-09-10
0000003446,003446,Home Visit,2021-07-15
0000003447,003447,Developmental Check,2021-05-29
0000003447,003447,Developmental Check,2021-07-02
0000003447,003447,Case Management,2021-06-14
0000003447,003447,Home Visit,2021-01-31
0000003449,003449,Developmental Check,2023-08-02
0000003449,003449,Case Management,2022-04-29
0000003450,003450,Family Support Visit,2025-07-17
0000003450,003450,Family Support Visit,2024-07-13
0000003450,003450,Home Visit,2022-09-15
0000003451,003451,Family Support Visit,2022-05-20
0000003453,003453,Case Management,2020-02-06
0000003453,003453,Family Support Visit,2020-07-19
0000003453,003453,Case Management,2021-10-30
0000003453,003453,Home Visit,2021-06-22
0000003453,003453,Case Management,2020-12-07
0000003453,003453,Family Support Visit,2020-05-19
0000003454,003454,Home Visit,2023-04-16
0000003454,003454,Family Support Visit,2023-07-01
0000003454,003454,Developmental Check,2025-05-21
0000003454,003454,Case Management,2023-03-10
0000003455,003455,Developmental Check,2021-06-30
0000003455,003455,Case Management,2020-12-16
0000003455,003455,Home Visit,2020-07-22
0000003455,003455,Family Support Visit,2022-02-22
0000003456,003456,Home Visit,2021-02-12
0000003456,003456,Developmental Check,2021-11-25
0000003456,003456,Case Management,2022-12-05
0000003456,003456,Case Management,2020-12-12
0000003456,003456,Home Visit,2020-05-21
0000003457,003457,Case Management,2022-01-26
0000003457,003457,Home Visit,2020-12-31
0000003457,003457,Home Visit,2022-01-17
0000003458,003458,Developmental Check,2019-05-20
0000003458,003458,Case Management,2021-01-25
0000003458,003458,Developmental Check,2020-05-08
0000003458,003458,Home Visit,2021-03-28
0000003459,003459,Home Visit,2022-07-15
0000003459,003459,Case Management,2024-07-18
0000003459,003459,Family Support Visit,2024-09-27
0000003459,003459,Developmental Check,2022-06-16
0000003460,003460,Case Management,2021-02-03
0000003461,003461,Family Support Visit,2022-12-14
0000003461,003461,Case Management,2023-12-13
0000003462,003462,Case Management,2022-12-31
0000003462,003462,Family Support Visit,2022-12-30
0000003462,003462,Case Management,2022-11-29
0000003463,003463,Case Management,2023-06-21
0000003464,003464,Family Support Visit,2020-12-25
0000003464,003464,Case Management,2020-07-04
0000003464,003464,Developmental Check,2021-03-02
0000003464,003464,Case Management,2021-03-12
0000003465,003465,Case Management,2021-12-30
0000003465,003465,Developmental Check,2022-03-27
0000003465,003465,Case Management,2021-09-01
0000003465,003465,Case Management,2021-12-07
0000003465,003465,Case Management,2022-03-19
0000003467,003467,Family Support Visit,2021-06-24
0000003467,003467,Home Visit,2019-11-28
0000003467,003467,Family Support Visit,2021-12-28
0000003471,003471,Home Visit,2026-08-20
0000003471,003471,Home Visit,2023-11-13
0000003472,003472,Case Management,2020-11-07
0000003472,003472,Case Management,2020-11-28
0000003472,003472,Home Visit,2020-09-02
0000003472,003472,Developmental Check,2020-08-14
0000003473,003473,Family Support Visit,2022-04-15
0000003473,003473,Case Management,2023-11-12
0000003473,003473,Family Support Visit,2024-03-19
0000003474,003474,Home Visit,2022-09-03
0000003475,003475,Home Visit,2021-02-19
0000003475,003475,Developmental Check,2022-01-16
0000003475,003475,Case Management,2022-07-09
0000003475,003475,Developmental Check,2021-04-15
0000003476,003476,Family Support Visit,2020-08-01
0000003477,003477,Developmental Check,2023-11-30
0000003477,003477,Developmental Check,2025-02-14
0000003477,003477,Family Support Visit,2025-11-10
0000003478,003478,Case Management,2020-03-06
0000003478,003478,Case Management,2021-12-19
0000003479,003479,Developmental Check,2024-02-03
0000003479,003479,Home Visit,2025-03-08
0000003479,003479,Family Support Visit,2021-11-02
0000003480,003480,Developmental Check,2020-05-12
0000003480,003480,Developmental Check,2020-02-25
0000003480,003480,Home Visit,2019-12-04
0000003480,003480,Developmental Check,2020-04-18
0000003480,003480,Home Visit,2020-02-03
0000003481,003481,Developmental Check,2019-01-21
0000003481,003481,Home Visit,2019-11-15
0000003482,003482,Developmental Check,2020-05-24
0000003482,003482,Home Visit,2018-07-16
0000003482,003482,Home Visit,2019-11-27
0000003482,003482,Home Visit,2019-05-04
0000003483,003483,Developmental Check,2021-05-17
0000003483,003483,Case Management,2021-03-15
0000003483,003483,Family Support Visit,2021-06-11
0000003484,003484,Case Management,2020-07-05
0000003485,003485,Family Support Visit,2024-06-27
0000003486,003486,Developmental Check,2020-04-23
0000003486,003486,Family Support Visit,2020-07-29
0000003487,003487,Developmental Check,2022-08-13
0000003488,003488,Case Management,2022-08-02
0000003490,003490,Case Management,2022-05-24
0000003490,003490,Developmental Check,2024-02-26
0000003490,003490,Family Support Visit,2023-01-06
0000003490,003490,Home Visit,2023-09-20
0000003490,003490,Home Visit,2022-11-19
0000003491,003491,Home Visit,2023-04-03
0000003491,003491,Developmental Check,2022-08-11
0000003491,003491,Case Management,2019-07-29
0000003493,003493,Developmental Check,2022-10-12
0000003493,003493,Home Visit,2024-06-12
0000003494,003494,Home Visit,2023-02-26
0000003494,003494,Developmental Check,2024-08-08
0000003495,003495,Family Support Visit,2020-12-04
0000003495,003495,Family Support Visit,2020-10-22
0000003495,003495,Case Management,2020-08-15
0000003495,003495,Home Visit,2020-12-30
0000003495,003495,Case Management,2020-10-06
0000003496,003496,Case Management,2023-09-25
0000003496,003496,Home Visit,2025-10-30
0000003497,003497,Developmental Check,2021-02-06
0000003497,003497,Family Support Visit,2020-05-10
0000003497,003497,Family Support Visit,2020-04-13
0000003499,003499,Case Management,2020-08-15
0000003499,003499,Case Management,2021-11-07
0000003499,003499,Home Visit,2021-05-17
0000003499,003499,Family Support Visit,2022-06-10
0000003500,003500,Developmental Check,2020-08-10
0000003500,003500,Family Support Visit,2020-09-01
0000003500,003500,Home Visit,2020-12-07
0000003500,003500,Home Visit,2020-11-12
0000003500,003500,Developmental Check,2020-10-03
0000003501,003501,Case Management,2023-03-29
0000003502,003502,Family Support Visit,2021-07-09
0000003502,003502,Family Support Visit,2025-03-13
0000003502,003502,Developmental Check,2021-07-07
0000003502,003502,Developmental Check,2025-03-25
0000003503,003503,Family Support Visit,2023-04-27
0000003504,003504,Developmental Check,2020-08-23
0000003505,003505,Developmental Check,2023-01-19
0000003505,003505,Case Management,2022-01-24
0000003506,003506,Case Management,2027-01-07
0000003506,003506,Developmental Check,2024-11-01
0000003506,003506,Case Management,2024-12-06
0000003507,003507,Family Support Visit,2022-04-18
0000003507,003507,Case Management,2022-01-06
0000003507,003507,Home Visit,2022-10-27
0000003507,003507,Developmental Check,2021-11-01
0000003508,003508,Family Support Visit,2024-01-23
0000003508,003508,Family Support Visit,2023-09-07
0000003509,003509,Home Visit,2022-12-29
0000003509,003509,Family Support Visit,2022-07-26
0000003510,003510,Developmental Check,2023-09-05
0000003510,003510,Family Support Visit,2023-06-05
0000003511,003511,Home Visit,2022-10-13
0000003512,003512,Family Support Visit,2024-01-21
0000003512,003512,Case Management,2024-03-17
0000003513,003513,Home Visit,2019-12-30
0000003513,003513,Home Visit,2021-06-20
0000003514,003514,Developmental Check,2019-02-16
0000003514,003514,Family Support Visit,2020-04-14
0000003515,003515,Family Support Visit,2020-09-01
0000003515,003515,Family Support Visit,2020-11-12
0000003515,003515,Family Support Visit,2020-03-08
0000003515,003515,Developmental Check,2022-05-15
0000003516,003516,Home Visit,2022-08-01
0000003516,003516,Family Support Visit,2022-01-15
0000003516,003516,Family Support Visit,2022-09-30
0000003516,003516,Family Support Visit,2021-10-29
0000003516,003516,Developmental Check,2022-12-05
0000003516,003516,Home Visit,2022-11-09
0000003517,003517,Developmental Check,2023-04-27
0000003517,003517,Developmental Check,2024-05-30
0000003520,003520,Family Support Visit,2022-06-25
0000003520,003520,Developmental Check,2023-03-27
0000003520,003520,Family Support Visit,2021-04-19
0000003521,003521,Home Visit,2022-11-18
0000003521,003521,Developmental Check,2022-06-22
0000003521,003521,Home Visit,2022-12-26
0000003521,003521,Developmental Check,2022-10-06
0000003521,003521,Family Support Visit,2023-01-23
0000003521,003521,Developmental Check,2022-08-16
0000003522,003522,Home Visit,2020-11-28
0000003522,003522,Family Support Visit,2019-12-28
0000003522,003522,Home Visit,2020-11-18
0000003522,003522,Developmental Check,2021-06-06
0000003523,003523,Case Management,2021-08-19
0000003523,003523,Family Support Visit,2021-04-10
0000003524,003524,Developmental Check,2021-01-16
0000003524,003524,Home Visit,2019-03-04
0000003524,003524,Family Support Visit,2019-05-13
0000003525,003525,Home Visit,2022-03-09
0000003525,003525,Home Visit,2021-09-19
0000003526,003526,Developmental Check,2022-05-07
0000003526,003526,Family Support Visit,2021-07-05
0000003526,003526,Developmental Check,2020-08-21
0000003527,003527,Home Visit,2019-06-03
0000003527,003527,Case Management,2021-01-24
0000003527,003527,Home Visit,2019-10-24
0000003528,003528,Family Support Visit,2020-10-19
0000003528,003528,Home Visit,2020-05-07
0000003528,003528,Case Management,2021-05-05
0000003529,003529,Case Management,2020-05-16
0000003529,003529,Case Management,2020-07-10
0000003529,003529,Family Support Visit,2019-11-04
0000003530,003530,Developmental Check,2020-07-24
0000003530,003530,Developmental Check,2022-04-26
0000003530,003530,Family Support Visit,2021-11-30
0000003532,003532,Case Management,2021-06-07
0000003532,003532,Home Visit,2021-09-08
0000003532,003532,Case Management,2021-09-06
0000003532,003532,Family Support Visit,2021-08-20
0000003533,003533,Family Support Visit,2021-09-21
0000003533,003533,Family Support Visit,2021-02-11
0000003533,003533,Developmental Check,2021-01-01
0000003533,003533,Home Visit,2021-09-07
0000003533,003533,Case Management,2021-07-05
0000003533,003533,Family Support Visit,2021-01-19
0000003534,003534,Developmental Check,2021-04-18
0000003534,003534,Home Visit,2022-12-08
0000003534,003534,Home Visit,2022-12-09
0000003535,003535,Case Management,2023-06-25
0000003535,003535,Case Management,2021-08-16
0000003536,003536,Family Support Visit,2021-06-07
0000003536,003536,Case Management,2021-07-28
0000003537,003537,Case Management,2019-07-10
0000003537,003537,Developmental Check,2019-12-02
0000003537,003537,Case Management,2019-09-21
0000003538,003538,Home Visit,2025-03-22
0000003538,003538,Family Support Visit,2022-03-28
0000003539,003539,Family Support Visit,2020-03-03
0000003540,003540,Case Management,2020-12-14
0000003540,003540,Case Management,2021-08-29
0000003541,003541,Family Support Visit,2022-06-28
0000003541,003541,Case Management,2023-12-18
0000003543,003543,Developmental Check,2021-04-22
0000003543,003543,Case Management,2020-01-15
0000003544,003544,Home Visit,2020-08-10
0000003545,003545,Developmental Check,2021-10-20
0000003545,003545,Case Management,2020-09-06
0000003545,003545,Case Management,2021-02-03
0000003545,003545,Home Visit,2020-04-27
0000003546,003546,Developmental Check,2022-08-24
0000003546,003546,Home Visit,2021-10-20
0000003547,003547,Family Support Visit,2022-07-06
0000003547,003547,Home Visit,2022-08-12
0000003548,003548,Case Management,2024-07-11
0000003549,003549,Family Support Visit,2022-12-18
0000003549,003549,Developmental Check,2022-07-17
0000003550,003550,Family Support Visit,2019-05-21
0000003550,003550,Case Management,2019-04-12
0000003550,003550,Home Visit,2019-12-24
0000003551,003551,Family Support Visit,2025-12-12
0000003551,003551,Home Visit,2025-02-11
0000003553,003553,Family Support Visit,2020-02-12
0000003553,003553,Family Support Visit,2021-04-27
0000003553,003553,Home Visit,2020-05-23
0000003553,003553,Family Support Visit,2021-02-10
0000003553,003553,Home Visit,2020-02-28
0000003553,003553,Home Visit,2020-04-18
0000003554,003554,Family Support Visit,2024-02-25
0000003554,003554,Developmental Check,2021-08-06
0000003555,003555,Developmental Check,2021-11-29
0000003555,003555,Home Visit,2022-02-23
0000003555,003555,Family Support Visit,2021-08-01
0000003555,003555,Developmental Check,2022-02-19
0000003558,003558,Home Visit,2022-01-19
0000003558,003558,Home Visit,2022-02-13
0000003558,003558,Family Support Visit,2022-02-05
0000003559,003559,Home Visit,2021-09-20
0000003559,003559,Case Management,2022-03-02
0000003559,003559,Developmental Check,2021-09-24
0000003560,003560,Home Visit,2022-08-01
0000003560,003560,Home Visit,2023-09-22
0000003560,003560,Home Visit,2022-08-11
0000003562,003562,Developmental Check,2023-08-27
0000003563,003563,Home Visit,2022-04-19
0000003563,003563,Developmental Check,2020-06-25
0000003563,003563,Case Management,2020-11-15
0000003563,003563,Developmental Check,2019-10-06
0000003564,003564,Family Support Visit,2023-01-05
0000003565,003565,Case Management,2022-06-03
0000003565,003565,Developmental Check,2019-09-14
0000003565,003565,Family Support Visit,2022-02-10
0000003566,003566,Developmental Check,2023-10-07
0000003567,003567,Home Visit,2024-08-27
0000003567,003567,Home Visit,2025-03-03
0000003568,003568,Family Support Visit,2025-03-17
0000003568,003568,Home Visit,2024-11-26
0000003569,003569,Developmental Check,2021-10-22
0000003570,003570,Developmental Check,2025-04-25
0000003570,003570,Family Support Visit,2024-09-29
0000003571,003571,Case Management,2021-05-27
0000003571,003571,Family Support Visit,2021-02-05
0000003572,003572,Home Visit,2021-11-22
0000003572,003572,Home Visit,2021-11-27
0000003572,003572,Family Support Visit,2022-02-17
0000003573,003573,Home Visit,2021-10-15
0000003573,003573,Case Management,2021-07-17
0000003573,003573,Family Support Visit,2021-01-17
0000003573,003573,Case Management,2021-10-05
0000003574,003574,Home Visit,2020-12-20
0000003575,003575,Developmental Check,2020-06-24
0000003576,003576,Case Management,2021-06-07
0000003578,003578,Case Management,2023-09-10
0000003578,003578,Home Visit,2023-01-30
0000003579,003579,Case Management,2022-02-08
0000003579,003579,Case Management,2019-04-24
0000003579,003579,Home Visit,2022-12-31
0000003579,003579,Home Visit,2020-11-04
0000003580,003580,Home Visit,2020-05-07
0000003580,003580,Case Management,2019-06-09
0000003580,003580,Home Visit,2020-01-20
0000003581,003581,Family Support Visit,2019-10-26
0000003581,003581,Home Visit,2019-11-07
0000003581,003581,Developmental Check,2020-08-10
0000003581,003581,Home Visit,2020-07-19
0000003582,003582,Home Visit,2022-10-18
0000003582,003582,Case Management,2023-01-31
0000003582,003582,Developmental Check,2023-06-02
0000003582,003582,Case Management,2023-08-20
0000003583,003583,Case Management,2023-11-10
0000003583,003583,Case Management,2025-02-27
0000003583,003583,Home Visit,2026-09-28
0000003584,003584,Home Visit,2025-04-22
0000003584,003584,Case Management,2023-12-03
0000003585,003585,Developmental Check,2022-07-24
0000003585,003585,Developmental Check,2023-03-31
0000003586,003586,Developmental Check,2023-08-24
0000003586,003586,Family Support Visit,2023-09-15
0000003586,003586,Case Management,2022-08-28
0000003586,003586,Home Visit,2022-12-25
0000003586,003586,Family Support Visit,2023-10-07
0000003587,003587,Case Management,2021-12-31
0000003587,003587,Home Visit,2022-08-28
0000003587,003587,Home Visit,2022-04-20
0000003587,003587,Case Management,2022-04-26
0000003588,003588,Developmental Check,2026-12-16
0000003589,003589,Home Visit,2021-10-17
0000003589,003589,Family Support Visit,2021-03-23
0000003590,003590,Developmental Check,2022-06-24
0000003591,003591,Developmental Check,2023-11-30
0000003591,003591,Home Visit,2022-12-29
0000003591,003591,Family Support Visit,2024-08-16
0000003592,003592,Developmental Check,2018-10-29
0000003592,003592,Home Visit,2018-08-20
0000003592,003592,Developmental Check,2018-06-10
0000003592,003592,Family Support Visit,2018-08-12
0000003592,003592,Case Management,2018-09-06
0000003593,003593,Home Visit,2022-11-10
0000003593,003593,Developmental Check,2022-12-16
0000003593,003593,Case Management,2022-10-31
0000003593,003593,Developmental Check,2022-11-26
0000003594,003594,Home Visit,2022-06-30
0000003595,003595,Case Management,2023-10-09
0000003595,003595,Family Support Visit,2022-11-19
0000003596,003596,Home Visit,2025-07-29
0000003597,003597,Developmental Check,2021-08-06
0000003597,003597,Developmental Check,2022-06-01
0000003597,003597,Family Support Visit,2022-03-02
0000003597,003597,Developmental Check,2021-05-26
0000003598,003598,Family Support Visit,2021-10-13
0000003598,003598,Family Support Visit,2022-06-30
0000003598,003598,Family Support Visit,2022-05-18
0000003598,003598,Home Visit,2022-07-03
0000003599,003599,Case Management,2021-09-04
0000003600,003600,Home Visit,2024-08-12
0000003600,003600,Family Support Visit,2022-12-17
0000003600,003600,Case Management,2022-12-20
0000003601,003601,Developmental Check,2021-11-25
0000003601,003601,Developmental Check,2021-08-14
0000003601,003601,Family Support Visit,2021-10-06
0000003602,003602,Developmental Check,2022-03-12
0000003603,003603,Case Management,2022-01-16
0000003603,003603,Case Management,2021-02-14
0000003603,003603,Home Visit,2022-08-13
0000003603,003603,Developmental Check,2021-09-08
0000003603,003603,Developmental Check,2022-11-28
0000003604,003604,Home Visit,2023-11-20
0000003604,003604,Developmental Check,2021-11-16
0000003604,003604,Family Support Visit,2023-04-18
0000003604,003604,Case Management,2021-11-02
0000003604,003604,Home Visit,2023-07-06
0000003604,003604,Case Management,2023-06-06
0000003606,003606,Developmental Check,2023-01-05
0000003606,003606,Family Support Visit,2023-02-22
0000003606,003606,Case Management,2023-05-24
0000003606,003606,Home Visit,2024-03-02
0000003606,003606,Case Management,2022-10-08
0000003607,003607,Home Visit,2019-11-08
0000003607,003607,Developmental Check,2020-09-21
0000003608,003608,Family Support Visit,2023-12-25
0000003610,003610,Developmental Check,2022-12-18
0000003612,003612,Developmental Check,2021-05-19
0000003612,003612,Home Visit,2022-03-10
0000003613,003613,Developmental Check,2023-06-04
0000003613,003613,Home Visit,2022-10-14
0000003613,003613,Home Visit,2023-02-03
0000003613,003613,Family Support Visit,2023-04-13
0000003614,003614,Family Support Visit,2019-06-25
0000003614,003614,Case Management,2019-07-15
0000003614,003614,Case Management,2019-10-18
0000003615,003615,Home Visit,2021-01-16
0000003615,003615,Case Management,2021-12-06
0000003615,003615,Case Management,2022-04-10
0000003615,003615,Case Management,2022-04-21
0000003615,003615,Home Visit,2021-08-24
0000003615,003615,Family Support Visit,2021-12-08
0000003616,003616,Case Management,2022-05-08
0000003616,003616,Case Management,2022-05-01
0000003616,003616,Home Visit,2022-01-12
0000003616,003616,Family Support Visit,2022-06-03
0000003616,003616,Home Visit,2022-01-26
0000003616,003616,Case Management,2022-01-11
0000003617,003617,Case Management,2022-04-09
0000003619,003619,Home Visit,2025-01-06
0000003619,003619,Developmental Check,2023-02-27
0000003621,003621,Family Support Visit,2025-04-20
0000003622,003622,Case Management,2021-10-08
0000003623,003623,Family Support Visit,2024-08-12
0000003623,003623,Developmental Check,2025-03-23
0000003623,003623,Home Visit,2023-11-19
0000003623,003623,Developmental Check,2023-05-05
0000003624,003624,Developmental Check,2023-03-28
0000003624,003624,Case Management,2024-02-14
0000003624,003624,Family Support Visit,2020-12-12
0000003624,003624,Family Support Visit,2021-12-04
0000003624,003624,Developmental Check,2021-02-25
0000003624,003624,Family Support Visit,2023-08-26
0000003626,003626,Case Management,2025-04-20
0000003626,003626,Family Support Visit,2023-10-14
0000003626,003626,Home Visit,2024-04-12
0000003627,003627,Developmental Check,2023-06-12
0000003627,003627,Developmental Check,2022-10-25
0000003627,003627,Case Management,2022-04-29
0000003628,003628,Family Support Visit,2021-02-23
0000003628,003628,Family Support Visit,2021-01-17
0000003628,003628,Developmental Check,2021-03-06
0000003628,003628,Family Support Visit,2020-09-23
0000003628,003628,Family Support Visit,2020-06-28
0000003628,003628,Case Management,2021-02-28
0000003629,003629,Home Visit,2022-04-23
0000003629,003629,Home Visit,2024-03-04
0000003630,003630,Home Visit,2024-03-29
0000003630,003630,Developmental Check,2022-10-23
0000003630,003630,Developmental Check,2023-07-18
0000003630,003630,Case Management,2023-05-07
0000003631,003631,Case Management,2020-05-17
0000003632,003632,Home Visit,2022-08-27
0000003632,003632,Family Support Visit,2023-11-04
0000003632,003632,Home Visit,2022-12-15
0000003633,003633,Home Visit,2022-02-08
0000003634,003634,Developmental Check,2020-02-24
0000003634,003634,Home Visit,2020-08-07
0000003634,003634,Home Visit,2020-04-18
0000003634,003634,Developmental Check,2020-07-16
0000003635,003635,Home Visit,2026-03-10
0000003635,003635,Developmental Check,2026-04-08
0000003636,003636,Family Support Visit,2021-12-03
0000003636,003636,Family Support Visit,2021-05-19
0000003636,003636,Developmental Check,2021-06-12
0000003637,003637,Developmental Check,2020-09-15
0000003637,003637,Developmental Check,2021-05-16
0000003638,003638,Family Support Visit,2022-08-21
0000003638,003638,Developmental Check,2022-02-26
0000003638,003638,Family Support Visit,2022-07-09
0000003638,003638,Family Support Visit,2022-01-10
0000003639,003639,Family Support Visit,2022-04-04
0000003639,003639,Case Management,2021-07-04
0000003639,003639,Home Visit,2021-02-20
0000003639,003639,Family Support Visit,2020-09-28
0000003640,003640,Family Support Visit,2023-10-26
0000003640,003640,Case Management,2025-04-30
0000003640,003640,Developmental Check,2025-07-27
0000003641,003641,Case Management,2023-03-20
0000003641,003641,Developmental Check,2021-12-30
0000003643,003643,Family Support Visit,2021-12-08
0000003643,003643,Home Visit,2021-11-12
0000003644,003644,Family Support Visit,2023-08-07
0000003644,003644,Developmental Check,2023-06-11
0000003644,003644,Case Management,2024-10-13
0000003644,003644,Developmental Check,2024-03-20
0000003644,003644,Home Visit,2023-08-07
0000003644,003644,Family Support Visit,2024-05-30
0000003645,003645,Family Support Visit,2022-09-29
0000003645,003645,Family Support Visit,2022-02-01
0000003648,003648,Case Management,2022-09-03
0000003648,003648,Developmental Check,2021-02-08
0000003648,003648,Developmental Check,2022-04-08
0000003648,003648,Family Support Visit,2021-03-30
0000003648,003648,Developmental Check,2022-08-28
0000003649,003649,Case Management,2022-05-31
0000003649,003649,Home Visit,2021-11-02
0000003649,003649,Case Management,2021-09-08
0000003650,003650,Developmental Check,2021-07-29
0000003650,003650,Case Management,2022-11-05
0000003651,003651,Family Support Visit,2021-02-17
0000003652,003652,Home Visit,2022-09-26
0000003653,003653,Case Management,2022-03-03
0000003654,003654,Home Visit,2019-07-27
0000003654,003654,Case Management,2019-06-12
0000003654,003654,Case Management,2019-08-03
0000003654,003654,Developmental Check,2019-10-02
0000003654,003654,Developmental Check,2019-07-25
0000003654,003654,Case Management,2019-10-30
0000003655,003655,Case Management,2020-08-28
0000003655,003655,Home Visit,2020-11-13
0000003655,003655,Developmental Check,2021-02-16
0000003655,003655,Developmental Check,2020-09-09
0000003656,003656,Case Management,2026-04-17
0000003657,003657,Family Support Visit,2023-06-21
0000003657,003657,Home Visit,2020-07-27
0000003657,003657,Developmental Check,2024-02-12
0000003657,003657,Case Management,2022-04-07
0000003659,003659,Family Support Visit,2022-05-24
0000003659,003659,Family Support Visit,2023-03-01
0000003660,003660,Developmental Check,2024-01-19
0000003660,003660,Case Management,2024-01-16
0000003660,003660,Home Visit,2022-11-20
0000003660,003660,Home Visit,2023-02-24
0000003660,003660,Family Support Visit,2024-08-21
0000003660,003660,Family Support Visit,2023-12-07
0000003662,003662,Home Visit,2022-09-08
0000003663,003663,Family Support Visit,2023-07-22
0000003664,003664,Family Support Visit,2022-11-13
0000003665,003665,Developmental Check,2022-11-29
0000003666,003666,Family Support Visit,2020-10-20
0000003666,003666,Home Visit,2021-08-04
0000003666,003666,Home Visit,2020-10-28
0000003666,003666,Family Support Visit,2021-03-17
0000003667,003667,Developmental Check,2024-05-10
0000003667,003667,Family Support Visit,2020-06-27
0000003668,003668,Family Support Visit,2022-10-19
0000003668,003668,Case Management,2022-10-15
0000003670,003670,Family Support Visit,2019-11-15
0000003670,003670,Case Management,2020-01-22
0000003670,003670,Case Management,2022-02-26
0000003670,003670,Developmental Check,2022-08-09
0000003672,003672,Family Support Visit,2022-07-02
0000003673,003673,Home Visit,2021-09-10
0000003673,003673,Family Support Visit,2021-11-11
0000003674,003674,Home Visit,2021-11-24
0000003675,003675,Home Visit,2020-09-29
0000003676,003676,Case Management,2022-07-13
0000003676,003676,Family Support Visit,2024-07-25
0000003677,003677,Developmental Check,2022-01-13
0000003678,003678,Family Support Visit,2022-01-19
0000003679,003679,Case Management,2021-08-09
0000003679,003679,Developmental Check,2021-02-28
0000003679,003679,Home Visit,2021-06-20
0000003679,003679,Case Management,2021-07-08
0000003680,003680,Developmental Check,2021-03-10
0000003680,003680,Home Visit,2019-11-23
0000003681,003681,Developmental Check,2024-10-03
0000003681,003681,Case Management,2025-05-11
0000003681,003681,Case Management,2022-09-16
0000003682,003682,Case Management,2023-01-22
0000003682,003682,Developmental Check,2023-03-25
0000003682,003682,Home Visit,2023-02-20
0000003682,003682,Home Visit,2023-05-28
0000003682,003682,Developmental Check,2023-03-18
0000003682,003682,Home Visit,2023-05-20
0000003683,003683,Family Support Visit,2021-08-18
0000003683,003683,Case Management,2022-05-26
0000003683,003683,Home Visit,2021-07-26
0000003683,003683,Home Visit,2020-12-13
0000003683,003683,Family Support Visit,2020-10-03
0000003683,003683,Case Management,2020-12-21
0000003686,003686,Case Management,2020-03-07
0000003686,003686,Developmental Check,2020-09-18
0000003686,003686,Home Visit,2020-03-04
0000003688,003688,Family Support Visit,2021-02-15
0000003689,003689,Case Management,2022-12-18
0000003689,003689,Home Visit,2022-06-01
0000003689,003689,Developmental Check,2022-02-04
0000003690,003690,Developmental Check,2020-12-04
0000003690,003690,Home Visit,2021-09-16
0000003690,003690,Developmental Check,2021-09-15
0000003690,003690,Case Management,2020-06-11
0000003691,003691,Family Support Visit,2024-06-21
0000003691,003691,Family Support Visit,2023-12-27
0000003691,003691,Home Visit,2024-01-09
0000003691,003691,Case Management,2024-01-17
0000003692,003692,Family Support Visit,2024-09-08
0000003692,003692,Case Management,2024-03-23
0000003692,003692,Home Visit,2024-09-03
0000003692,003692,Family Support Visit,2024-02-09
0000003693,003693,Home Visit,2021-06-11
0000003695,003695,Developmental Check,2024-04-15
0000003695,003695,Case Management,2024-04-24
0000003696,003696,Home Visit,2022-06-30
0000003696,003696,Case Management,2023-06-11
0000003696,003696,Family Support Visit,2022-09-20
0000003696,003696,Home Visit,2022-06-29
0000003696,003696,Developmental Check,2023-06-27
0000003697,003697,Developmental Check,2024-02-20
0000003697,003697,Family Support Visit,2025-03-13
0000003698,003698,Family Support Visit,2022-06-03
0000003698,003698,Home Visit,2020-03-28
0000003699,003699,Home Visit,2022-09-27
0000003699,003699,Developmental Check,2022-01-16
0000003699,003699,Case Management,2023-05-14
0000003699,003699,Home Visit,2023-06-26
0000003701,003701,Case Management,2024-04-01
0000003701,003701,Case Management,2023-12-29
0000003701,003701,Home Visit,2024-01-20
0000003701,003701,Family Support Visit,2024-09-05
0000003702,003702,Case Management,2022-12-05
0000003702,003702,Developmental Check,2021-07-11
0000003702,003702,Family Support Visit,2022-12-27
0000003703,003703,Case Management,2020-07-14
0000003703,003703,Case Management,2020-11-28
0000003703,003703,Family Support Visit,2020-06-09
0000003703,003703,Home Visit,2020-06-08
0000003704,003704,Case Management,2019-10-22
0000003706,003706,Developmental Check,2023-01-02
0000003706,003706,Developmental Check,2022-02-07
0000003707,003707,Home Visit,2023-03-23
0000003708,003708,Family Support Visit,2023-08-03
0000003709,003709,Case Management,2024-09-03
0000003709,003709,Home Visit,2024-08-29
0000003709,003709,Case Management,2023-08-16
0000003709,003709,Case Management,2024-03-03
0000003709,003709,Home Visit,2024-06-19
0000003710,003710,Developmental Check,2022-01-24
0000003710,003710,Case Management,2021-07-23
0000003710,003710,Developmental Check,2021-07-04
0000003710,003710,Case Management,2021-05-20
0000003711,003711,Home Visit,2019-06-18
0000003712,003712,Developmental Check,2020-01-08
0000003712,003712,Developmental Check,2020-10-28
0000003712,003712,Home Visit,2020-05-10
0000003712,003712,Case Management,2019-09-18
0000003712,003712,Developmental Check,2020-02-28
0000003713,003713,Case Management,2022-01-20
0000003714,003714,Family Support Visit,2020-06-18
0000003714,003714,Home Visit,2020-09-28
0000003715,003715,Family Support Visit,2020-07-09
0000003715,003715,Family Support Visit,2023-05-25
0000003717,003717,Home Visit,2024-10-07
0000003717,003717,Developmental Check,2025-05-08
0000003718,003718,Home Visit,2022-03-21
0000003719,003719,Family Support Visit,2022-07-17
0000003719,003719,Family Support Visit,2023-03-12
0000003719,003719,Home Visit,2022-09-14
0000003719,003719,Home Visit,2022-10-09
0000003720,003720,Developmental Check,2020-08-21
0000003720,003720,Home Visit,2020-05-17
0000003720,003720,Family Support Visit,2020-11-25
0000003721,003721,Home Visit,2023-09-19
0000003722,003722,Family Support Visit,2021-05-18
0000003722,003722,Home Visit,2022-06-06
0000003723,003723,Case Management,2019-05-28
0000003723,003723,Developmental Check,2020-01-07
0000003723,003723,Home Visit,2020-01-12
0000003724,003724,Developmental Check,2021-09-17
0000003724,003724,Case Management,2022-07-03
0000003724,003724,Case Management,2021-02-13
0000003724,003724,Family Support Visit,2021-06-20
0000003724,003724,Family Support Visit,2021-02-23
0000003724,003724,Home Visit,2021-08-09
0000003725,003725,Family Support Visit,2020-10-28
0000003725,003725,Home Visit,2019-08-12
0000003725,003725,Home Visit,2023-02-26
0000003725,003725,Case Management,2023-04-19
0000003726,003726,Home Visit,2025-02-10
0000003727,003727,Home Visit,2022-08-11
0000003727,003727,Family Support Visit,2022-11-18
0000003729,003729,Case Management,2019-04-15
0000003730,003730,Family Support Visit,2023-12-27
0000003730,003730,Home Visit,2022-12-08
0000003731,003731,Home Visit,2021-06-25
0000003731,003731,Family Support Visit,2021-05-25
0000003731,003731,Case Management,2021-03-21
0000003731,003731,Family Support Visit,2020-07-23
0000003733,003733,Developmental Check,2021-07-24
0000003733,003733,Home Visit,2022-04-26
0000003733,003733,Case Management,2023-04-12
0000003733,003733,Developmental Check,2025-07-11
0000003733,003733,Case Management,2023-02-26
0000003733,003733,Family Support Visit,2024-04-23
0000003734,003734,Family Support Visit,2019-06-23
0000003734,003734,Home Visit,2019-06-30
0000003734,003734,Case Management,2019-06-16
0000003735,003735,Family Support Visit,2022-12-27
0000003735,003735,Case Management,2023-12-24
0000003735,003735,Home Visit,2023-05-27
0000003737,003737,Developmental Check,2020-09-14
0000003737,003737,Home Visit,2019-09-21
0000003737,003737,Case Management,2020-10-28
0000003738,003738,Family Support Visit,2019-09-22
0000003738,003738,Family Support Visit,2019-08-28
0000003740,003740,Developmental Check,2023-10-12
0000003740,003740,Case Management,2023-01-30
0000003741,003741,Case Management,2022-02-17
0000003741,003741,Home Visit,2022-08-27
0000003741,003741,Home Visit,2022-11-28
0000003741,003741,Case Management,2021-03-01
0000003743,003743,Developmental Check,2020-04-22
0000003743,003743,Case Management,2020-11-06
0000003743,003743,Developmental Check,2022-02-05
0000003743,003743,Family Support Visit,2022-05-01
0000003744,003744,Family Support Visit,2020-09-16
0000003744,003744,Developmental Check,2020-07-12
0000003745,003745,Case Management,2022-02-06
0000003745,003745,Family Support Visit,2022-05-28
0000003745,003745,Family Support Visit,2021-10-27
0000003745,003745,Case Management,2022-05-10
0000003746,003746,Developmental Check,2022-12-11
0000003746,003746,Developmental Check,2023-01-27
0000003747,003747,Developmental Check,2023-08-21
0000003747,003747,Developmental Check,2021-05-12
0000003748,003748,Developmental Check,2023-09-03
0000003748,003748,Developmental Check,2024-12-05
0000003748,003748,Family Support Visit,2025-10-12
0000003748,003748,Family Support Visit,2024-01-10
0000003749,003749,Developmental Check,2023-04-25
0000003749,003749,Family Support Visit,2025-05-12
0000003750,003750,Developmental Check,2020-05-13
0000003751,003751,Home Visit,2025-02-19
0000003751,003751,Case Management,2023-01-04
0000003752,003752,Family Support Visit,2019-09-07
0000003753,003753,Developmental Check,2026-08-14
0000003753,003753,Home Visit,2026-07-23
0000003754,003754,Home Visit,2025-07-22
0000003754,003754,Case Management,2024-02-01
0000003754,003754,Developmental Check,2024-12-06
0000003754,003754,Case Management,2025-06-01
0000003755,003755,Case Management,2024-09-05
0000003755,003755,Case Management,2025-01-03
0000003757,003757,Home Visit,2024-05-03
0000003757,003757,Case Management,2024-03-01
0000003757,003757,Developmental Check,2021-12-13
0000003757,003757,Family Support Visit,2023-10-19
0000003758,003758,Home Visit,2020-11-17
0000003759,003759,Developmental Check,2021-03-20
0000003759,003759,Family Support Visit,2021-10-25
0000003759,003759,Developmental Check,2021-06-27
0000003759,003759,Family Support Visit,2022-09-21
0000003760,003760,Developmental Check,2023-04-14
0000003760,003760,Family Support Visit,2023-01-21
0000003761,003761,Developmental Check,2023-10-20
0000003761,003761,Home Visit,2022-12-04
0000003761,003761,Developmental Check,2024-01-09
0000003762,003762,Home Visit,2023-04-10
0000003764,003764,Developmental Check,2021-09-30
0000003764,003764,Case Management,2023-02-03
0000003764,003764,Developmental Check,2020-08-11
0000003765,003765,Home Visit,2021-02-24
0000003765,003765,Case Management,2024-02-21
0000003766,003766,Developmental Check,2024-02-15
0000003766,003766,Family Support Visit,2022-11-01
0000003767,003767,Case Management,2021-06-09
0000003767,003767,Family Support Visit,2021-10-10
0000003767,003767,Developmental Check,2021-09-20
0000003767,003767,Developmental Check,2021-09-15
0000003767,003767,Case Management,2021-09-24
0000003767,003767,Home Visit,2021-11-19
0000003771,003771,Family Support Visit,2023-08-19
0000003772,003772,Family Support Visit,2022-09-05
0000003772,003772,Case Management,2022-09-07
0000003772,003772,Case Management,2023-02-17
0000003772,003772,Developmental Check,2023-01-07
0000003772,003772,Family Support Visit,2022-09-16
0000003774,003774,Developmental Check,2021-12-06
0000003774,003774,Developmental Check,2020-12-30
0000003774,003774,Developmental Check,2021-01-02
0000003774,003774,Home Visit,2020-03-15
0000003775,003775,Case Management,2023-10-15
0000003775,003775,Home Visit,2022-09-23
0000003775,003775,Case Management,2023-07-29
0000003776,003776,Case Management,2024-05-18
0000003778,003778,Developmental Check,2022-07-07
0000003779,003779,Case Management,2019-10-27
0000003780,003780,Developmental Check,2024-09-24
0000003780,003780,Family Support Visit,2023-10-25
0000003781,003781,Case Management,2020-07-22
0000003781,003781,Family Support Visit,2020-10-24
0000003781,003781,Developmental Check,2020-08-19
0000003782,003782,Case Management,2025-06-30
0000003782,003782,Case Management,2024-08-23
0000003782,003782,Case Management,2025-06-13
0000003783,003783,Home Visit,2019-10-11
0000003783,003783,Case Management,2019-11-29
0000003783,003783,Developmental Check,2019-09-18
0000003784,003784,Home Visit,2021-10-20
0000003784,003784,Family Support Visit,2022-12-01
0000003784,003784,Home Visit,2021-11-07
0000003784,003784,Family Support Visit,2022-09-15
0000003784,003784,Case Management,2022-08-20
0000003784,003784,Developmental Check,2021-12-25
0000003786,003786,Family Support Visit,2021-11-11
0000003786,003786,Case Management,2021-02-25
0000003786,003786,Developmental Check,2021-03-08
0000003786,003786,Family Support Visit,2021-06-13
0000003787,003787,Family Support Visit,2025-10-05
0000003787,003787,Home Visit,2026-05-24
0000003788,003788,Case Management,2023-07-20
0000003789,003789,Home Visit,2020-03-04
0000003789,003789,Case Management,2023-02-11
0000003789,003789,Home Visit,2022-02-06
0000003790,003790,Home Visit,2023-04-04
0000003791,003791,Case Management,2022-11-22
0000003792,003792,Home Visit,2022-01-29
0000003792,003792,Home Visit,2023-06-05
0000003793,003793,Family Support Visit,2020-04-03
0000003793,003793,Home Visit,2020-08-02
0000003794,003794,Family Support Visit,2021-12-19
0000003794,003794,Family Support Visit,2022-11-19
0000003795,003795,Developmental Check,2023-05-05
0000003795,003795,Developmental Check,2024-12-21
0000003795,003795,Family Support Visit,2024-04-05
0000003795,003795,Developmental Check,2025-01-27
0000003796,003796,Home Visit,2022-11-18
0000003797,003797,Developmental Check,2021-11-27
0000003797,003797,Case Management,2021-03-31
0000003797,003797,Developmental Check,2021-10-10
0000003797,003797,Case Management,2021-06-25
0000003800,003800,Family Support Visit,2024-05-10
0000003801,003801,Family Support Visit,2019-03-23
0000003801,003801,Case Management,2019-03-10
0000003801,003801,Family Support Visit,2019-10-03
0000003801,003801,Developmental Check,2019-07-09
0000003802,003802,Home Visit,2020-02-16
0000003802,003802,Home Visit,2019-08-25
0000003802,003802,Developmental Check,2020-04-06
0000003802,003802,Family Support Visit,2019-12-04
0000003803,003803,Home Visit,2023-01-31
0000003803,003803,Developmental Check,2023-01-21
0000003804,003804,Home Visit,2025-02-20
0000003805,003805,Developmental Check,2024-03-18
0000003805,003805,Home Visit,2023-12-28
0000003806,003806,Developmental Check,2020-06-23
0000003806,003806,Family Support Visit,2019-01-03
0000003806,003806,Home Visit,2018-10-27
0000003807,003807,Family Support Visit,2024-11-10
0000003807,003807,Developmental Check,2024-09-20
0000003808,003808,Family Support Visit,2022-08-07
0000003808,003808,Home Visit,2022-11-19
0000003809,003809,Home Visit,2020-03-07
0000003809,003809,Developmental Check,2020-03-19
0000003809,003809,Family Support Visit,2020-06-11
0000003809,003809,Case Management,2020-04-10
0000003809,003809,Home Visit,2020-04-19
0000003810,003810,Family Support Visit,2020-09-15
0000003810,003810,Case Management,2020-04-06
0000003811,003811,Home Visit,2023-06-01
0000003811,003811,Home Visit,2023-02-24
0000003811,003811,Home Visit,2025-06-15
0000003813,003813,Case Management,2022-07-28
0000003814,003814,Developmental Check,2020-04-09
0000003814,003814,Developmental Check,2019-11-05
0000003814,003814,Family Support Visit,2021-03-27
0000003815,003815,Case Management,2019-10-21
0000003815,003815,Home Visit,2018-11-20
0000003815,003815,Home Visit,2021-01-01
0000003815,003815,Home Visit,2022-03-13
0000003816,003816,Case Management,2020-05-23
0000003816,003816,Family Support Visit,2020-12-24
0000003817,003817,Home Visit,2022-02-12
0000003818,003818,Case Management,2020-01-02
0000003818,003818,Family Support Visit,2020-08-16
0000003818,003818,Family Support Visit,2020-05-25
0000003819,003819,Home Visit,2024-02-21
0000003819,003819,Family Support Visit,2024-03-17
0000003819,003819,Developmental Check,2023-12-17
0000003819,003819,Home Visit,2024-03-01
0000003819,003819,Case Management,2023-12-14
0000003820,003820,Family Support Visit,2023-11-16
0000003820,003820,Home Visit,2024-02-06
0000003820,003820,Home Visit,2024-02-24
0000003820,003820,Case Management,2025-01-02
0000003820,003820,Developmental Check,2025-05-18
0000003821,003821,Home Visit,2020-12-28
0000003821,003821,Home Visit,2021-01-08
0000003821,003821,Case Management,2021-03-05
0000003821,003821,Case Management,2021-04-29
0000003821,003821,Home Visit,2021-03-22
0000003821,003821,Developmental Check,2021-04-28
0000003822,003822,Case Management,2023-05-14
0000003822,003822,Family Support Visit,2023-07-30
0000003822,003822,Home Visit,2023-06-22
0000003822,003822,Case Management,2023-07-28
0000003822,003822,Home Visit,2023-06-24
0000003822,003822,Home Visit,2023-06-05
0000003823,003823,Developmental Check,2020-02-09
0000003823,003823,Case Management,2022-04-12
0000003823,003823,Case Management,2020-10-08
0000003823,003823,Case Management,2021-05-06
0000003824,003824,Case Management,2021-01-10
0000003824,003824,Case Management,2022-06-07
0000003824,003824,Developmental Check,2021-08-29
0000003825,003825,Family Support Visit,2022-07-28
0000003825,003825,Developmental Check,2021-12-24
0000003825,003825,Case Management,2021-11-10
0000003825,003825,Developmental Check,2021-10-23
0000003825,003825,Family Support Visit,2022-01-11
0000003826,003826,Home Visit,2020-09-14
0000003826,003826,Home Visit,2020-09-24
0000003826,003826,Family Support Visit,2019-12-30
0000003826,003826,Family Support Visit,2020-12-11
0000003826,003826,Case Management,2019-12-10
0000003826,003826,Home Visit,2020-09-10
0000003827,003827,Home Visit,2022-12-25
0000003827,003827,Developmental Check,2022-12-23
0000003827,003827,Family Support Visit,2022-12-09
0000003828,003828,Family Support Visit,2021-05-12
0000003828,003828,Family Support Visit,2020-09-01
0000003828,003828,Developmental Check,2020-12-04
0000003828,003828,Family Support Visit,2021-04-13
0000003829,003829,Home Visit,2023-10-24
0000003829,003829,Home Visit,2023-05-14
0000003830,003830,Home Visit,2024-06-05
0000003830,003830,Family Support Visit,2023-06-04
0000003831,003831,Developmental Check,2025-04-12
0000003831,003831,Home Visit,2022-09-24
0000003832,003832,Case Management,2022-06-13
0000003832,003832,Developmental Check,2022-07-17
0000003832,003832,Case Management,2023-02-28
0000003832,003832,Developmental Check,2022-08-09
0000003832,003832,Home Visit,2022-08-29
0000003833,003833,Case Management,2020-11-01
0000003833,003833,Family Support Visit,2020-09-24
0000003834,003834,Case Management,2021-07-13
0000003834,003834,Home Visit,2020-06-18
0000003835,003835,Home Visit,2021-03-09
0000003835,003835,Case Management,2021-08-09
0000003836,003836,Home Visit,2020-05-04
0000003836,003836,Family Support Visit,2019-11-05
0000003837,003837,Family Support Visit,2020-02-16
0000003838,003838,Developmental Check,2021-06-05
0000003838,003838,Developmental Check,2020-05-13
0000003838,003838,Home Visit,2021-09-21
0000003838,003838,Family Support Visit,2019-12-04
0000003839,003839,Family Support Visit,2019-04-15
0000003839,003839,Home Visit,2019-02-14
0000003839,003839,Case Management,2019-01-03
0000003840,003840,Family Support Visit,2021-12-10
0000003841,003841,Home Visit,2023-06-14
0000003842,003842,Home Visit,2022-06-01
0000003842,003842,Family Support Visit,2022-11-08
0000003842,003842,Case Management,2024-06-29
0000003843,003843,Family Support Visit,2020-10-25
0000003843,003843,Family Support Visit,2021-04-06
0000003845,003845,Case Management,2020-01-22
0000003845,003845,Home Visit,2020-10-07
0000003845,003845,Developmental Check,2021-04-09
0000003845,003845,Family Support Visit,2020-02-13
0000003845,003845,Case Management,2021-01-01
0000003845,003845,Family Support Visit,2020-11-15
0000003846,003846,Case Management,2021-10-01
0000003846,003846,Developmental Check,2021-08-30
0000003847,003847,Home Visit,2020-05-23
0000003847,003847,Family Support Visit,2020-01-17
0000003848,003848,Home Visit,2025-04-17
0000003849,003849,Home Visit,2021-04-19
0000003849,003849,Family Support Visit,2021-10-07
0000003849,003849,Developmental Check,2021-04-05
0000003849,003849,Home Visit,2021-07-31
0000003850,003850,Home Visit,2024-01-22
0000003850,003850,Family Support Visit,2024-07-08
0000003850,003850,Case Management,2023-04-11
0000003850,003850,Case Management,2023-09-10
0000003851,003851,Developmental Check,2021-04-26
0000003851,003851,Family Support Visit,2021-07-06
0000003852,003852,Family Support Visit,2020-05-21
0000003852,003852,Developmental Check,2020-04-06
0000003852,003852,Developmental Check,2020-01-26
0000003853,003853,Home Visit,2022-03-06
0000003853,003853,Home Visit,2020-07-23
0000003853,003853,Developmental Check,2021-01-07
0000003853,003853,Home Visit,2021-04-21
0000003854,003854,Home Visit,2023-09-13
0000003854,003854,Home Visit,2024-09-28
0000003854,003854,Family Support Visit,2025-06-04
0000003854,003854,Developmental Check,2025-08-28
0000003854,003854,Developmental Check,2023-03-18
0000003855,003855,Home Visit,2022-04-08
0000003856,003856,Developmental Check,2020-12-29
0000003856,003856,Family Support Visit,2020-10-13
0000003856,003856,Family Support Visit,2021-03-23
0000003856,003856,Case Management,2024-05-01
0000003857,003857,Developmental Check,2022-11-20
0000003857,003857,Home Visit,2022-08-20
0000003857,003857,Case Management,2022-08-20
0000003857,003857,Case Management,2022-03-04
0000003858,003858,Case Management,2020-04-14
0000003858,003858,Developmental Check,2020-09-01
0000003858,003858,Case Management,2020-05-02
0000003858,003858,Case Management,2021-07-23
0000003858,003858,Developmental Check,2021-08-16
0000003859,003859,Family Support Visit,2021-03-13
0000003859,003859,Case Management,2021-10-08
0000003860,003860,Case Management,2025-05-03
0000003860,003860,Family Support Visit,2025-01-24
0000003860,003860,Developmental Check,2025-08-13
0000003860,003860,Case Management,2025-07-29
0000003861,003861,Case Management,2021-05-15
0000003861,003861,Case Management,2021-06-16
0000003862,003862,Case Management,2023-06-18
0000003862,003862,Home Visit,2023-05-25
0000003862,003862,Family Support Visit,2024-01-13
0000003862,003862,Family Support Visit,2024-01-14
0000003863,003863,Developmental Check,2021-06-20
0000003863,003863,Family Support Visit,2021-03-15
0000003863,003863,Home Visit,2022-05-09
0000003864,003864,Family Support Visit,2021-07-17
0000003864,003864,Case Management,2021-08-09
0000003864,003864,Family Support Visit,2020-07-21
0000003865,003865,Family Support Visit,2021-03-23
0000003865,003865,Developmental Check,2022-04-03
0000003866,003866,Case Management,2023-02-28
0000003866,003866,Developmental Check,2023-01-26
0000003866,003866,Developmental Check,2022-12-25
0000003867,003867,Case Management,2021-06-15
0000003869,003869,Developmental Check,2022-03-12
0000003870,003870,Case Management,2025-01-14
0000003870,003870,Case Management,2020-08-24
0000003871,003871,Case Management,2020-08-24
0000003871,003871,Case Management,2020-08-19
0000003871,003871,Family Support Visit,2020-07-12
0000003872,003872,Home Visit,2021-10-06
0000003873,003873,Family Support Visit,2024-12-30
0000003873,003873,Case Management,2025-08-20
0000003874,003874,Family Support Visit,2022-12-18
0000003874,003874,Case Management,2023-07-20
0000003874,003874,Family Support Visit,2023-03-05
0000003874,003874,Family Support Visit,2023-09-25
0000003874,003874,Family Support Visit,2023-04-11
0000003876,003876,Case Management,2022-06-18
0000003876,003876,Family Support Visit,2022-12-29
0000003876,003876,Family Support Visit,2023-06-05
0000003876,003876,Home Visit,2023-04-10
0000003877,003877,Family Support Visit,2022-06-07
0000003878,003878,Home Visit,2020-09-05
0000003878,003878,Developmental Check,2021-02-11
0000003880,003880,Home Visit,2022-11-06
0000003880,003880,Case Management,2020-08-04
0000003880,003880,Case Management,2022-11-25
0000003880,003880,Family Support Visit,2022-07-09
0000003880,003880,Family Support Visit,2021-05-26
0000003880,003880,Family Support Visit,2021-08-09
0000003881,003881,Case Management,2021-04-05
0000003881,003881,Developmental Check,2021-06-30
0000003881,003881,Developmental Check,2021-04-20
0000003881,003881,Case Management,2021-11-05
0000003881,003881,Home Visit,2021-02-16
0000003882,003882,Case Management,2020-05-05
0000003883,003883,Family Support Visit,2023-09-13
0000003885,003885,Case Management,2022-01-23
0000003885,003885,Developmental Check,2021-05-18
0000003885,003885,Family Support Visit,2022-01-20
0000003885,003885,Developmental Check,2022-02-20
0000003886,003886,Case Management,2019-06-18
0000003887,003887,Developmental Check,2021-03-02
0000003888,003888,Developmental Check,2022-09-06
0000003888,003888,Case Management,2022-04-21
0000003889,003889,Home Visit,2025-04-25
0000003889,003889,Developmental Check,2025-06-05
0000003889,003889,Developmental Check,2023-04-19
0000003889,003889,Family Support Visit,2023-02-18
0000003889,003889,Developmental Check,2023-12-02
0000003891,003891,Family Support Visit,2021-01-10
0000003891,003891,Family Support Visit,2025-02-19
0000003892,003892,Developmental Check,2021-10-11
0000003892,003892,Home Visit,2023-12-26
0000003893,003893,Family Support Visit,2021-07-29
0000003894,003894,Family Support Visit,2020-02-03
0000003895,003895,Family Support Visit,2025-05-01
0000003895,003895,Developmental Check,2024-11-05
0000003896,003896,Home Visit,2022-06-03
0000003896,003896,Developmental Check,2022-06-11
0000003896,003896,Home Visit,2022-12-28
0000003897,003897,Home Visit,2023-06-29
0000003897,003897,Case Management,2024-07-04
0000003897,003897,Home Visit,2026-04-17
0000003898,003898,Case Management,2020-08-21
0000003898,003898,Case Management,2020-01-11
0000003899,003899,Case Management,2022-08-07
0000003900,003900,Developmental Check,2023-08-02
0000003900,003900,Home Visit,2023-11-12
0000003900,003900,Case Management,2023-09-06
0000003900,003900,Developmental Check,2023-08-16
0000003900,003900,Developmental Check,2023-12-26
0000003900,003900,Family Support Visit,2023-09-25
0000003901,003901,Family Support Visit,2025-10-14
0000003901,003901,Family Support Visit,2025-05-20
0000003901,003901,Family Support Visit,2023-08-12
0000003901,003901,Case Management,2024-12-07
0000003901,003901,Case Management,2023-04-01
0000003902,003902,Family Support Visit,2019-02-22
0000003903,003903,Home Visit,2021-05-24
0000003903,003903,Home Visit,2021-08-28
0000003904,003904,Family Support Visit,2021-01-15
0000003905,003905,Developmental Check,2026-01-16
0000003905,003905,Case Management,2026-04-08
0000003906,003906,Home Visit,2023-12-15
0000003906,003906,Case Management,2023-12-28
0000003906,003906,Family Support Visit,2023-03-20
0000003907,003907,Developmental Check,2025-03-10
0000003907,003907,Case Management,2022-09-03
0000003908,003908,Family Support Visit,2022-09-06
0000003908,003908,Home Visit,2024-01-17
0000003909,003909,Case Management,2023-01-05
0000003909,003909,Family Support Visit,2022-12-15
0000003909,003909,Family Support Visit,2023-01-04
0000003909,003909,Family Support Visit,2023-03-01
0000003909,003909,Developmental Check,2023-03-28
0000003909,003909,Developmental Check,2023-09-13
0000003910,003910,Developmental Check,2024-01-30
0000003911,003911,Developmental Check,2020-08-20
0000003911,003911,Case Management,2019-09-28
0000003912,003912,Developmental Check,2022-10-17
0000003912,003912,Family Support Visit,2022-08-06
0000003913,003913,Home Visit,2022-05-10
0000003913,003913,Developmental Check,2022-03-30
0000003913,003913,Home Visit,2022-06-14
0000003913,003913,Developmental Check,2022-07-08
0000003914,003914,Home Visit,2022-12-09
0000003915,003915,Developmental Check,2024-03-23
0000003915,003915,Family Support Visit,2022-02-19
0000003916,003916,Family Support Visit,2019-06-12
0000003916,003916,Family Support Visit,2019-06-12
0000003916,003916,Developmental Check,2021-09-12
0000003916,003916,Developmental Check,2021-04-17
0000003917,003917,Case Management,2021-09-12
0000003917,003917,Home Visit,2021-02-03
0000003917,003917,Home Visit,2021-10-02
0000003917,003917,Developmental Check,2021-09-21
0000003919,003919,Developmental Check,2020-10-14
0000003919,003919,Case Management,2020-08-29
0000003919,003919,Case Management,2020-08-20
0000003919,003919,Home Visit,2021-04-19
0000003921,003921,Developmental Check,2020-09-20
0000003921,003921,Home Visit,2021-01-13
0000003922,003922,Family Support Visit,2021-02-24
0000003922,003922,Case Management,2020-12-08
0000003923,003923,Case Management,2026-10-28
0000003923,003923,Home Visit,2026-09-10
0000003924,003924,Developmental Check,2018-09-26
0000003924,003924,Developmental Check,2018-10-16
0000003924,003924,Case Management,2018-12-20
0000003924,003924,Family Support Visit,2019-03-28
0000003924,003924,Family Support Visit,2018-11-16
0000003924,003924,Home Visit,2019-03-24
0000003926,003926,Developmental Check,2022-11-05
0000003927,003927,Home Visit,2021-07-13
0000003927,003927,Family Support Visit,2021-09-17
0000003927,003927,Home Visit,2021-08-20
0000003927,003927,Developmental Check,2021-11-10
0000003928,003928,Developmental Check,2021-04-22
0000003928,003928,Family Support Visit,2020-12-21
0000003928,003928,Developmental Check,2020-12-01
0000003929,003929,Home Visit,2022-11-27
0000003929,003929,Family Support Visit,2023-08-01
0000003930,003930,Case Management,2022-06-08
0000003931,003931,Home Visit,2022-05-05
0000003931,003931,Developmental Check,2023-02-10
0000003931,003931,Home Visit,2023-09-02
0000003931,003931,Developmental Check,2023-08-17
0000003932,003932,Family Support Visit,2020-07-18
0000003932,003932,Developmental Check,2020-09-11
0000003932,003932,Developmental Check,2021-02-14
0000003932,003932,Home Visit,2020-10-28
0000003934,003934,Family Support Visit,2025-05-14
0000003936,003936,Developmental Check,2022-04-15
0000003936,003936,Home Visit,2020-07-04
0000003937,003937,Developmental Check,2022-11-24
0000003937,003937,Case Management,2022-12-09
0000003937,003937,Home Visit,2022-07-11
0000003937,003937,Developmental Check,2022-07-26
0000003937,003937,Family Support Visit,2022-09-10
0000003937,003937,Family Support Visit,2022-02-03
0000003938,003938,Family Support Visit,2022-10-04
0000003938,003938,Home Visit,2024-03-17
0000003938,003938,Home Visit,2024-05-01
0000003938,003938,Case Management,2022-09-03
0000003939,003939,Family Support Visit,2019-05-06
0000003939,003939,Developmental Check,2020-07-25
0000003939,003939,Home Visit,2019-07-26
0000003940,003940,Case Management,2020-09-21
0000003940,003940,Case Management,2020-06-18
0000003940,003940,Developmental Check,2021-08-09
0000003941,003941,Family Support Visit,2019-01-24
0000003941,003941,Developmental Check,2019-03-18
0000003941,003941,Family Support Visit,2019-04-01
0000003942,003942,Developmental Check,2021-03-13
0000003942,003942,Home Visit,2021-08-06
0000003943,003943,Family Support Visit,2020-09-16
0000003943,003943,Home Visit,2020-02-29
0000003943,003943,Home Visit,2020-08-11
0000003946,003946,Developmental Check,2023-02-27
0000003946,003946,Case Management,2020-01-20
0000003946,003946,Family Support Visit,2020-12-21
0000003946,003946,Family Support Visit,2020-03-08
0000003947,003947,Family Support Visit,2024-02-13
0000003947,003947,Developmental Check,2025-02-27
0000003948,003948,Home Visit,2027-01-12
0000003948,003948,Home Visit,2025-06-18
0000003949,003949,Family Support Visit,2022-12-23
0000003949,003949,Family Support Visit,2022-11-25
0000003949,003949,Family Support Visit,2023-04-22
0000003951,003951,Case Management,2025-02-19
0000003951,003951,Home Visit,2025-08-06
0000003952,003952,Family Support Visit,2021-07-16
0000003952,003952,Home Visit,2022-10-19
0000003952,003952,Home Visit,2022-01-27
0000003952,003952,Home Visit,2022-10-27
0000003953,003953,Home Visit,2023-02-22
0000003953,003953,Home Visit,2023-02-16
0000003953,003953,Developmental Check,2023-03-04
0000003954,003954,Family Support Visit,2020-11-15
0000003954,003954,Family Support Visit,2021-12-25
0000003955,003955,Case Management,2024-04-19
0000003956,003956,Family Support Visit,2021-05-20
0000003957,003957,Developmental Check,2023-03-27
0000003957,003957,Family Support Visit,2021-05-12
0000003957,003957,Home Visit,2021-10-21
0000003957,003957,Home Visit,2021-08-29
0000003957,003957,Home Visit,2021-03-16
0000003957,003957,Family Support Visit,2021-10-07
0000003958,003958,Case Management,2022-05-15
0000003959,003959,Developmental Check,2021-09-07
0000003960,003960,Developmental Check,2021-05-14
0000003960,003960,Case Management,2020-05-24
0000003961,003961,Home Visit,2024-01-24
0000003963,003963,Home Visit,2023-06-21
0000003963,003963,Case Management,2019-12-11
0000003964,003964,Case Management,2019-07-15
0000003964,003964,Developmental Check,2021-01-11
0000003964,003964,Family Support Visit,2020-03-26
0000003964,003964,Developmental Check,2019-12-03
0000003967,003967,Family Support Visit,2024-11-13
0000003967,003967,Family Support Visit,2024-02-07
0000003967,003967,Family Support Visit,2025-07-28
0000003967,003967,Developmental Check,2025-05-30
0000003967,003967,Case Management,2022-07-17
0000003967,003967,Home Visit,2022-08-12
0000003968,003968,Family Support Visit,2023-07-31
0000003968,003968,Case Management,2023-02-09
0000003969,003969,Family Support Visit,2019-06-06
0000003971,003971,Home Visit,2021-07-23
0000003971,003971,Home Visit,2021-09-03
0000003971,003971,Case Management,2021-11-08
0000003971,003971,Family Support Visit,2021-06-26
0000003972,003972,Case Management,2020-12-16
0000003972,003972,Case Management,2021-01-27
0000003972,003972,Family Support Visit,2020-08-15
0000003973,003973,Developmental Check,2021-03-17
0000003973,003973,Family Support Visit,2021-11-08
0000003974,003974,Case Management,2023-05-19
0000003974,003974,Case Management,2022-03-31
0000003974,003974,Home Visit,2022-08-24
0000003975,003975,Case Management,2020-03-30
0000003975,003975,Family Support Visit,2020-08-04
0000003975,003975,Home Visit,2021-05-09
0000003976,003976,Family Support Visit,2022-03-07
0000003976,003976,Family Support Visit,2022-03-27
0000003976,003976,Home Visit,2022-01-21
0000003976,003976,Developmental Check,2022-04-28
0000003976,003976,Case Management,2022-05-16
0000003978,003978,Case Management,2021-07-16
0000003978,003978,Home Visit,2021-06-30
0000003979,003979,Family Support Visit,2020-10-01
0000003979,003979,Case Management,2020-10-31
0000003979,003979,Developmental Check,2020-09-26
0000003979,003979,Case Management,2020-10-28
0000003979,003979,Family Support Visit,2020-09-12
0000003980,003980,Case Management,2022-06-16
0000003981,003981,Home Visit,2023-09-17
0000003983,003983,Developmental Check,2020-04-12
0000003985,003985,Case Management,2021-06-24
0000003985,003985,Home Visit,2021-09-28
0000003985,003985,Home Visit,2021-05-15
0000003985,003985,Case Management,2021-07-16
0000003985,003985,Developmental Check,2021-11-07
0000003985,003985,Home Visit,2021-05-29
0000003986,003986,Family Support Visit,2023-11-22
0000003987,003987,Home Visit,2021-01-02
0000003987,003987,Case Management,2021-11-27
0000003989,003989,Family Support Visit,2023-08-07
0000003989,003989,Developmental Check,2022-08-24
0000003989,003989,Family Support Visit,2021-09-13
0000003989,003989,Home Visit,2022-05-03
0000003989,003989,Developmental Check,2021-07-13
0000003989,003989,Developmental Check,2023-12-31
0000003990,003990,Family Support Visit,2020-03-23
0000003990,003990,Developmental Check,2020-01-04
0000003990,003990,Home Visit,2020-02-13
0000003990,003990,Family Support Visit,2020-03-27
0000003990,003990,Developmental Check,2019-12-21
0000003991,003991,Family Support Visit,2021-07-09
0000003991,003991,Home Visit,2023-07-25
0000003992,003992,Developmental Check,2023-12-30
0000003992,003992,Developmental Check,2025-01-07
0000003993,003993,Home Visit,2022-10-24
0000003993,003993,Family Support Visit,2022-06-11
0000003993,003993,Developmental Check,2022-06-08
0000003993,003993,Developmental Check,2022-11-19
0000003993,003993,Case Management,2022-09-17
0000003993,003993,Home Visit,2022-05-05
0000003994,003994,Home Visit,2021-10-31
0000003994,003994,Case Management,2021-12-03
0000003994,003994,Developmental Check,2022-03-06
0000003994,003994,Case Management,2022-12-22
0000003996,003996,Family Support Visit,2024-08-07
0000003999,003999,Family Support Visit,2021-04-15
0000004000,004000,Home Visit,2022-09-19
0000004001,004001,Case Management,2021-01-10
0000004002,004002,Case Management,2020-03-25
0000004002,004002,Home Visit,2020-10-17
0000004002,004002,Developmental Check,2020-07-06
0000004002,004002,Family Support Visit,2020-07-20
0000004002,004002,Case Management,2020-10-24
0000004003,004003,Family Support Visit,2023-02-17
0000004003,004003,Developmental Check,2023-03-04
0000004003,004003,Developmental Check,2023-06-28
0000004003,004003,Home Visit,2023-03-01
0000004003,004003,Case Management,2023-01-19
0000004003,004003,Developmental Check,2023-02-05
0000004004,004004,Home Visit,2021-07-12
0000004004,004004,Developmental Check,2021-05-04
0000004004,004004,Case Management,2022-01-16
0000004004,004004,Family Support Visit,2021-08-31
0000004004,004004,Home Visit,2021-05-15
0000004005,004005,Family Support Visit,2025-09-24
0000004006,004006,Case Management,2020-03-05
0000004006,004006,Home Visit,2020-03-28
0000004006,004006,Family Support Visit,2020-01-04
0000004007,004007,Case Management,2022-03-16
0000004007,004007,Family Support Visit,2022-01-13
0000004007,004007,Developmental Check,2022-09-09
0000004007,004007,Case Management,2022-11-12
0000004008,004008,Home Visit,2023-03-24
0000004008,004008,Family Support Visit,2023-08-17
0000004008,004008,Case Management,2023-06-15
0000004008,004008,Developmental Check,2023-02-19
0000004008,004008,Home Visit,2023-03-09
0000004009,004009,Home Visit,2023-11-29
0000004010,004010,Home Visit,2025-11-03
0000004011,004011,Developmental Check,2023-07-27
0000004011,004011,Case Management,2022-09-27
0000004011,004011,Home Visit,2022-06-14
0000004011,004011,Home Visit,2023-02-05
0000004012,004012,Case Management,2021-12-24
0000004013,004013,Case Management,2018-10-19
0000004013,004013,Developmental Check,2018-12-07
0000004014,004014,Family Support Visit,2021-02-11
0000004015,004015,Developmental Check,2020-04-05
0000004016,004016,Case Management,2021-06-20
0000004016,004016,Home Visit,2021-08-10
0000004016,004016,Case Management,2021-08-27
0000004016,004016,Case Management,2021-11-09
0000004016,004016,Developmental Check,2021-08-07
0000004018,004018,Family Support Visit,2020-05-30
0000004019,004019,Case Management,2022-04-13
0000004020,004020,Case Management,2021-12-23
0000004021,004021,Case Management,2022-03-06
0000004022,004022,Developmental Check,2024-07-05
0000004022,004022,Family Support Visit,2026-02-27
0000004023,004023,Developmental Check,2023-03-13
0000004024,004024,Case Management,2020-04-16
0000004026,004026,Home Visit,2023-01-29
0000004027,004027,Home Visit,2022-06-25
0000004027,004027,Family Support Visit,2025-03-19
0000004027,004027,Family Support Visit,2023-06-06
0000004027,004027,Developmental Check,2022-01-12
0000004028,004028,Developmental Check,2026-01-06
0000004029,004029,Family Support Visit,2025-01-18
0000004030,004030,Developmental Check,2025-06-30
0000004031,004031,Case Management,2023-11-02
0000004031,004031,Family Support Visit,2026-02-19
0000004032,004032,Developmental Check,2021-09-24
0000004032,004032,Family Support Visit,2022-05-05
0000004032,004032,Case Management,2021-06-29
0000004032,004032,Developmental Check,2021-07-22
0000004033,004033,Case Management,2022-03-23
0000004035,004035,Family Support Visit,2023-02-28
0000004035,004035,Developmental Check,2023-02-26
0000004035,004035,Family Support Visit,2023-03-09
0000004035,004035,Home Visit,2023-02-21
0000004036,004036,Developmental Check,2020-10-07
0000004036,004036,Developmental Check,2020-07-28
0000004036,004036,Family Support Visit,2021-11-11
0000004037,004037,Developmental Check,2020-03-05
0000004037,004037,Home Visit,2024-02-09
0000004037,004037,Developmental Check,2022-11-26
0000004038,004038,Family Support Visit,2019-09-11
0000004038,004038,Developmental Check,2019-07-14
0000004038,004038,Developmental Check,2019-12-18
0000004038,004038,Developmental Check,2019-12-28
0000004039,004039,Developmental Check,2020-11-25
0000004039,004039,Developmental Check,2020-05-02
0000004039,004039,Case Management,2020-01-20
0000004039,004039,Family Support Visit,2020-08-25
0000004040,004040,Home Visit,2021-06-23
0000004040,004040,Developmental Check,2023-11-21
0000004041,004041,Case Management,2022-10-11
0000004041,004041,Family Support Visit,2022-09-09
0000004042,004042,Home Visit,2024-08-14
0000004043,004043,Developmental Check,2023-01-23
0000004043,004043,Family Support Visit,2023-06-29
0000004043,004043,Case Management,2024-02-10
0000004043,004043,Home Visit,2022-10-28
0000004044,004044,Case Management,2020-06-03
0000004044,004044,Family Support Visit,2021-07-18
0000004045,004045,Developmental Check,2022-05-30
0000004045,004045,Home Visit,2021-09-28
0000004045,004045,Case Management,2021-09-23
0000004045,004045,Family Support Visit,2021-06-09
0000004045,004045,Case Management,2022-02-10
0000004047,004047,Developmental Check,2022-11-10
0000004047,004047,Home Visit,2023-05-14
0000004048,004048,Family Support Visit,2023-10-13
0000004049,004049,Developmental Check,2023-04-06
0000004051,004051,Developmental Check,2022-10-04
0000004051,004051,Family Support Visit,2022-11-05
0000004052,004052,Case Management,2021-08-21
0000004052,004052,Case Management,2022-03-21
0000004053,004053,Developmental Check,2021-10-05
0000004053,004053,Developmental Check,2022-07-27
0000004055,004055,Developmental Check,2018-10-21
0000004055,004055,Case Management,2019-11-17
0000004055,004055,Developmental Check,2018-10-09
0000004056,004056,Developmental Check,2020-02-14
0000004056,004056,Home Visit,2019-07-03
0000004056,004056,Family Support Visit,2018-05-20
0000004056,004056,Case Management,2018-10-28
0000004057,004057,Developmental Check,2022-02-04
0000004057,004057,Case Management,2022-07-15
0000004057,004057,Case Management,2021-12-21
0000004058,004058,Home Visit,2020-02-24
0000004058,004058,Case Management,2022-01-12
0000004059,004059,Home Visit,2022-01-16
0000004059,004059,Developmental Check,2022-03-11
0000004059,004059,Case Management,2022-01-22
0000004059,004059,Developmental Check,2022-03-12
0000004062,004062,Family Support Visit,2024-10-22
0000004062,004062,Family Support Visit,2025-03-04
0000004063,004063,Family Support Visit,2023-03-21
0000004063,004063,Developmental Check,2022-12-22
0000004063,004063,Home Visit,2023-04-02
0000004063,004063,Home Visit,2023-04-07
0000004063,004063,Family Support Visit,2022-11-10
0000004063,004063,Developmental Check,2023-01-19
0000004064,004064,Home Visit,2021-10-08
0000004064,004064,Family Support Visit,2020-10-25
0000004065,004065,Family Support Visit,2021-04-05
0000004066,004066,Home Visit,2020-01-16
0000004066,004066,Home Visit,2020-05-16
0000004066,004066,Family Support Visit,2019-08-14
0000004066,004066,Case Management,2020-04-21
0000004067,004067,Home Visit,2021-06-01
0000004068,004068,Family Support Visit,2023-02-26
0000004070,004070,Home Visit,2024-02-23
0000004070,004070,Case Management,2024-02-19
0000004070,004070,Home Visit,2024-10-03
0000004071,004071,Family Support Visit,2021-07-09
0000004071,004071,Home Visit,2022-03-09
0000004071,004071,Developmental Check,2021-12-20
0000004071,004071,Developmental Check,2022-01-30
0000004071,004071,Home Visit,2021-06-23
0000004071,004071,Family Support Visit,2021-08-06
0000004072,004072,Developmental Check,2020-02-24
0000004074,004074,Developmental Check,2022-02-08
0000004075,004075,Developmental Check,2021-11-14
0000004075,004075,Case Management,2021-01-20
0000004075,004075,Family Support Visit,2022-01-04
0000004075,004075,Developmental Check,2021-07-30
0000004076,004076,Family Support Visit,2023-09-26
0000004076,004076,Home Visit,2021-09-19
0000004076,004076,Developmental Check,2023-10-31
0000004077,004077,Developmental Check,2021-03-10
0000004077,004077,Family Support Visit,2020-05-29
0000004077,004077,Developmental Check,2020-08-26
0000004077,004077,Case Management,2020-10-12
0000004078,004078,Developmental Check,2026-02-17
0000004078,004078,Developmental Check,2026-03-21
0000004078,004078,Family Support Visit,2022-07-09
0000004079,004079,Case Management,2019-06-12
0000004079,004079,Family Support Visit,2019-07-24
0000004079,004079,Family Support Visit,2019-03-11
0000004079,004079,Family Support Visit,2019-03-10
0000004079,004079,Family Support Visit,2019-05-16
0000004079,004079,Home Visit,2019-07-12
0000004080,004080,Developmental Check,2019-06-21
0000004081,004081,Case Management,2021-01-07
0000004081,004081,Home Visit,2021-11-28
0000004082,004082,Family Support Visit,2021-07-17
0000004082,004082,Family Support Visit,2021-07-27
0000004082,004082,Developmental Check,2020-12-08
0000004082,004082,Case Management,2021-04-11
0000004083,004083,Family Support Visit,2021-05-08
0000004085,004085,Developmental Check,2024-04-18
0000004085,004085,Home Visit,2022-11-15
0000004086,004086,Developmental Check,2023-11-24
0000004086,004086,Family Support Visit,2023-03-25
0000004086,004086,Case Management,2023-06-12
0000004086,004086,Developmental Check,2022-07-25
0000004087,004087,Developmental Check,2023-02-07
0000004087,004087,Home Visit,2022-12-17
0000004087,004087,Family Support Visit,2023-04-03
0000004087,004087,Family Support Visit,2023-05-07
0000004088,004088,Case Management,2023-06-24
0000004088,004088,Home Visit,2022-03-22
0000004088,004088,Case Management,2023-08-19
0000004089,004089,Developmental Check,2023-08-02
0000004091,004091,Family Support Visit,2021-09-03
0000004091,004091,Case Management,2020-02-07
0000004092,004092,Home Visit,2024-12-30
0000004093,004093,Case Management,2023-09-20
0000004093,004093,Family Support Visit,2025-03-30
0000004093,004093,Case Management,2024-05-18
0000004094,004094,Developmental Check,2018-12-23
0000004094,004094,Family Support Visit,2018-06-10
0000004094,004094,Home Visit,2018-12-10
0000004094,004094,Developmental Check,2018-09-13
0000004097,004097,Family Support Visit,2023-12-11
0000004097,004097,Developmental Check,2024-01-30
0000004097,004097,Developmental Check,2024-05-20
0000004097,004097,Case Management,2024-06-05
0000004097,004097,Developmental Check,2024-08-30
0000004098,004098,Developmental Check,2021-10-25
0000004098,004098,Home Visit,2022-01-30
0000004098,004098,Case Management,2022-03-08
0000004098,004098,Family Support Visit,2021-06-06
0000004098,004098,Home Visit,2021-08-22
0000004098,004098,Home Visit,2022-06-03
0000004099,004099,Family Support Visit,2021-01-29
0000004099,004099,Developmental Check,2021-01-03
0000004099,004099,Case Management,2022-04-30
0000004099,004099,Developmental Check,2021-05-21
0000004099,004099,Developmental Check,2021-03-27
0000004100,004100,Family Support Visit,2023-07-21
0000004100,004100,Family Support Visit,2025-06-27
0000004100,004100,Family Support Visit,2025-12-25
0000004101,004101,Home Visit,2024-09-09
0000004102,004102,Home Visit,2022-04-23
0000004102,004102,Case Management,2021-05-03
0000004102,004102,Developmental Check,2022-06-07
0000004102,004102,Home Visit,2021-02-24
0000004103,004103,Family Support Visit,2020-06-12
0000004103,004103,Family Support Visit,2022-07-08
0000004106,004106,Home Visit,2022-01-01
0000004106,004106,Developmental Check,2022-08-06
0000004106,004106,Developmental Check,2023-07-29
0000004107,004107,Developmental Check,2022-03-14
0000004107,004107,Home Visit,2021-02-10
0000004110,004110,Family Support Visit,2022-08-24
0000004110,004110,Family Support Visit,2021-06-04
0000004111,004111,Case Management,2021-04-01
0000004112,004112,Developmental Check,2024-10-16
0000004112,004112,Developmental Check,2024-04-19
0000004112,004112,Developmental Check,2024-11-06
0000004112,004112,Family Support Visit,2023-10-02
0000004113,004113,Developmental Check,2021-12-13
0000004113,004113,Family Support Visit,2023-03-05
0000004114,004114,Developmental Check,2024-09-08
0000004114,004114,Family Support Visit,2024-04-06
0000004114,004114,Developmental Check,2024-04-04
0000004115,004115,Family Support Visit,2023-03-18
0000004116,004116,Case Management,2021-02-25
0000004116,004116,Home Visit,2020-04-04
0000004117,004117,Case Management,2020-08-10
0000004117,004117,Case Management,2020-09-30
0000004118,004118,Home Visit,2019-07-02
0000004118,004118,Home Visit,2019-06-20
0000004118,004118,Family Support Visit,2021-05-06
0000004118,004118,Family Support Visit,2019-06-12
0000004119,004119,Home Visit,2025-03-06
0000004120,004120,Developmental Check,2025-05-02
0000004121,004121,Developmental Check,2021-10-09
0000004121,004121,Case Management,2022-11-20
0000004122,004122,Developmental Check,2021-07-28
0000004122,004122,Developmental Check,2022-03-03
0000004122,004122,Developmental Check,2021-07-24
0000004123,004123,Family Support Visit,2020-10-31
0000004123,004123,Developmental Check,2020-04-08
0000004124,004124,Developmental Check,2020-11-10
0000004124,004124,Case Management,2021-06-28
0000004124,004124,Developmental Check,2021-06-21
0000004124,004124,Family Support Visit,2022-03-04
0000004124,004124,Developmental Check,2021-07-17
0000004125,004125,Family Support Visit,2023-09-01
0000004125,004125,Family Support Visit,2024-05-04
0000004125,004125,Family Support Visit,2024-04-14
0000004125,004125,Developmental Check,2023-04-16
0000004126,004126,Developmental Check,2025-06-30
0000004126,004126,Home Visit,2024-03-27
0000004128,004128,Family Support Visit,2020-01-28
0000004128,004128,Home Visit,2019-03-20
0000004128,004128,Family Support Visit,2018-12-31
0000004129,004129,Family Support Visit,2022-07-10
0000004129,004129,Developmental Check,2024-04-30
0000004130,004130,Case Management,2022-12-07
0000004131,004131,Case Management,2022-10-19
0000004131,004131,Case Management,2022-04-09
0000004131,004131,Family Support Visit,2024-06-28
0000004132,004132,Case Management,2022-04-17
0000004132,004132,Home Visit,2022-01-22
0000004132,004132,Home Visit,2022-02-03
0000004132,004132,Home Visit,2022-08-05
0000004133,004133,Developmental Check,2020-07-04
0000004133,004133,Home Visit,2020-08-09
0000004133,004133,Case Management,2020-11-19
0000004134,004134,Home Visit,2018-10-13
0000004134,004134,Case Management,2020-01-31
0000004134,004134,Family Support Visit,2019-06-20
0000004134,004134,Developmental Check,2019-12-26
0000004135,004135,Case Management,2018-12-19
0000004136,004136,Case Management,2022-02-05
0000004136,004136,Developmental Check,2022-12-28
0000004136,004136,Case Management,2023-05-14
0000004136,004136,Home Visit,2023-11-15
0000004137,004137,Case Management,2023-08-06
0000004137,004137,Developmental Check,2023-03-13
0000004138,004138,Case Management,2022-03-02
0000004139,004139,Case Management,2022-09-25
0000004139,004139,Developmental Check,2025-10-24
0000004140,004140,Case Management,2022-10-06
0000004140,004140,Home Visit,2021-01-22
0000004141,004141,Home Visit,2022-12-08
0000004141,004141,Case Management,2024-09-18
0000004142,004142,Developmental Check,2020-11-25
0000004142,004142,Case Management,2020-10-28
0000004144,004144,Developmental Check,2019-09-26
0000004144,004144,Developmental Check,2020-01-13
0000004144,004144,Family Support Visit,2019-12-25
0000004144,004144,Home Visit,2019-12-24
0000004144,004144,Developmental Check,2020-01-31
0000004145,004145,Home Visit,2023-10-10
0000004145,004145,Family Support Visit,2022-03-01
0000004145,004145,Family Support Visit,2022-04-10
0000004145,004145,Developmental Check,2022-02-22
0000004145,004145,Developmental Check,2022-04-25
0000004145,004145,Case Management,2023-06-03
0000004146,004146,Developmental Check,2022-10-19
0000004146,004146,Case Management,2024-02-26
0000004146,004146,Case Management,2022-07-25
0000004146,004146,Case Management,2022-12-07
0000004147,004147,Case Management,2023-08-14
0000004147,004147,Case Management,2024-04-21
0000004147,004147,Home Visit,2024-02-02
0000004147,004147,Home Visit,2024-03-20
0000004148,004148,Home Visit,2023-01-24
0000004148,004148,Case Management,2023-01-06
0000004148,004148,Home Visit,2023-09-02
0000004151,004151,Developmental Check,2023-10-24
0000004151,004151,Home Visit,2024-07-07
0000004152,004152,Home Visit,2022-09-11
0000004152,004152,Case Management,2022-10-07
0000004154,004154,Home Visit,2022-03-27
0000004154,004154,Case Management,2021-10-03
0000004154,004154,Developmental Check,2021-04-24
0000004154,004154,Family Support Visit,2021-06-13
0000004155,004155,Home Visit,2022-09-25
0000004155,004155,Case Management,2022-11-12
0000004156,004156,Family Support Visit,2021-07-15
0000004157,004157,Home Visit,2021-05-25
0000004157,004157,Developmental Check,2021-03-19
0000004158,004158,Home Visit,2020-09-21
0000004158,004158,Developmental Check,2020-10-05
0000004159,004159,Case Management,2020-12-04
0000004159,004159,Case Management,2020-12-10
0000004159,004159,Case Management,2021-07-05
0000004159,004159,Home Visit,2020-10-29
0000004160,004160,Home Visit,2021-05-08
0000004160,004160,Family Support Visit,2021-06-05
0000004160,004160,Family Support Visit,2020-08-12
0000004160,004160,Home Visit,2020-09-15
0000004161,004161,Case Management,2020-10-14
0000004161,004161,Family Support Visit,2019-12-09
0000004161,004161,Home Visit,2020-03-14
0000004161,004161,Family Support Visit,2020-05-01
0000004162,004162,Developmental Check,2022-09-11
0000004162,004162,Family Support Visit,2022-07-21
0000004162,004162,Developmental Check,2022-07-02
0000004162,004162,Case Management,2024-09-15
0000004163,004163,Case Management,2020-11-27
0000004163,004163,Case Management,2021-11-16
0000004163,004163,Family Support Visit,2021-04-24
0000004164,004164,Case Management,2021-01-04
0000004165,004165,Family Support Visit,2024-12-29
0000004166,004166,Family Support Visit,2022-03-02
0000004166,004166,Family Support Visit,2022-07-12
0000004167,004167,Case Management,2023-09-20
0000004167,004167,Developmental Check,2023-05-23
0000004167,004167,Case Management,2023-06-22
0000004167,004167,Family Support Visit,2023-02-23
0000004168,004168,Developmental Check,2020-08-04
0000004168,004168,Home Visit,2021-11-08
0000004168,004168,Developmental Check,2020-10-04
0000004168,004168,Case Management,2021-11-01
0000004168,004168,Developmental Check,2021-12-28
0000004168,004168,Family Support Visit,2022-12-12
0000004169,004169,Developmental Check,2020-08-13
0000004169,004169,Developmental Check,2020-05-22
0000004169,004169,Case Management,2020-03-18
0000004169,004169,Home Visit,2020-07-04
0000004170,004170,Case Management,2021-06-20
0000004170,004170,Family Support Visit,2021-09-22
0000004171,004171,Home Visit,2019-05-30
0000004172,004172,Case Management,2022-01-27
0000004172,004172,Home Visit,2021-11-14
0000004172,004172,Home Visit,2021-06-10
0000004174,004174,Developmental Check,2022-01-12
0000004175,004175,Family Support Visit,2023-04-17
0000004175,004175,Case Management,2023-05-14
0000004175,004175,Developmental Check,2022-06-17
0000004176,004176,Family Support Visit,2020-10-16
0000004176,004176,Developmental Check,2022-07-09
0000004177,004177,Case Management,2023-10-11
0000004178,004178,Home Visit,2022-03-11
0000004178,004178,Family Support Visit,2021-06-21
0000004178,004178,Family Support Visit,2021-09-23
0000004179,004179,Developmental Check,2020-04-16
0000004179,004179,Developmental Check,2020-11-24
0000004179,004179,Home Visit,2020-06-02
0000004180,004180,Developmental Check,2022-03-12
0000004180,004180,Home Visit,2022-10-06
0000004180,004180,Home Visit,2022-01-11
0000004180,004180,Case Management,2022-08-14
0000004180,004180,Developmental Check,2022-08-25
0000004181,004181,Home Visit,2019-11-18
0000004181,004181,Case Management,2019-01-26
0000004182,004182,Developmental Check,2022-11-11
0000004183,004183,Family Support Visit,2019-07-19
0000004184,004184,Case Management,2022-06-01
0000004185,004185,Family Support Visit,2024-07-02
0000004185,004185,Case Management,2024-08-06
0000004186,004186,Family Support Visit,2023-12-01
0000004187,004187,Home Visit,2023-09-20
0000004187,004187,Case Management,2023-09-22
0000004188,004188,Family Support Visit,2020-04-17
0000004188,004188,Family Support Visit,2020-06-18
0000004188,004188,Case Management,2019-12-27
0000004188,004188,Case Management,2020-06-22
0000004189,004189,Case Management,2022-11-12
0000004189,004189,Home Visit,2021-07-30
0000004189,004189,Developmental Check,2020-10-10
0000004190,004190,Developmental Check,2021-10-30
0000004190,004190,Home Visit,2020-10-06
0000004191,004191,Developmental Check,2019-11-20
0000004191,004191,Family Support Visit,2023-05-22
0000004192,004192,Home Visit,2020-05-21
0000004192,004192,Case Management,2021-07-28
0000004192,004192,Family Support Visit,2020-01-15
0000004193,004193,Family Support Visit,2022-01-05
0000004193,004193,Family Support Visit,2022-07-22
0000004194,004194,Developmental Check,2024-02-26
0000004194,004194,Developmental Check,2023-03-22
0000004195,004195,Home Visit,2022-08-10
0000004195,004195,Home Visit,2022-01-03
0000004195,004195,Developmental Check,2021-10-18
0000004195,004195,Home Visit,2022-04-29
0000004196,004196,Home Visit,2020-07-16
0000004197,004197,Developmental Check,2019-02-15
0000004197,004197,Developmental Check,2020-02-24
0000004198,004198,Developmental Check,2020-01-22
0000004198,004198,Family Support Visit,2022-10-26
0000004198,004198,Family Support Visit,2020-06-26
0000004199,004199,Case Management,2022-10-08
0000004199,004199,Case Management,2022-07-04
0000004199,004199,Case Management,2021-08-21
0000004200,004200,Home Visit,2021-05-02
0000004200,004200,Home Visit,2021-07-25
0000004201,004201,Home Visit,2022-06-17
0000004202,004202,Case Management,2022-04-30
0000004202,004202,Developmental Check,2023-08-22
0000004202,004202,Family Support Visit,2022-03-13
0000004202,004202,Developmental Check,2023-11-12
0000004203,004203,Case Management,2022-06-24
0000004204,004204,Home Visit,2024-03-06
0000004204,004204,Case Management,2024-01-07
0000004206,004206,Developmental Check,2020-10-11
0000004206,004206,Case Management,2020-03-21
0000004207,004207,Developmental Check,2020-01-11
0000004207,004207,Home Visit,2019-10-09
0000004208,004208,Case Management,2020-07-17
0000004208,004208,Developmental Check,2021-04-16
0000004208,004208,Developmental Check,2019-11-10
0000004210,004210,Family Support Visit,2022-06-30
0000004210,004210,Developmental Check,2024-02-28
0000004211,004211,Home Visit,2022-09-22
0000004211,004211,Case Management,2021-12-01
0000004212,004212,Family Support Visit,2022-01-11
0000004212,004212,Family Support Visit,2022-01-15
0000004212,004212,Family Support Visit,2022-06-27
0000004213,004213,Developmental Check,2023-12-24
0000004213,004213,Developmental Check,2023-12-07
0000004213,004213,Case Management,2023-12-18
0000004213,004213,Home Visit,2023-12-19
0000004213,004213,Home Visit,2023-07-03
0000004214,004214,Developmental Check,2027-03-16
0000004216,004216,Family Support Visit,2022-12-14
0000004217,004217,Case Management,2021-01-26
0000004218,004218,Case Management,2020-06-18
0000004218,004218,Developmental Check,2019-07-26
0000004218,004218,Case Management,2019-07-21
0000004218,004218,Home Visit,2019-06-21
0000004219,004219,Family Support Visit,2024-02-21
0000004219,004219,Developmental Check,2024-02-07
0000004219,004219,Case Management,2024-02-18
0000004219,004219,Case Management,2022-04-22
0000004219,004219,Developmental Check,2024-03-06
0000004221,004221,Developmental Check,2020-03-24
0000004222,004222,Case Management,2019-05-06
0000004223,004223,Home Visit,2022-05-01
0000004223,004223,Developmental Check,2021-09-09
0000004223,004223,Family Support Visit,2024-05-21
0000004223,004223,Family Support Visit,2021-08-17
0000004224,004224,Home Visit,2021-06-08
0000004224,004224,Developmental Check,2019-09-28
0000004224,004224,Case Management,2019-07-01
0000004225,004225,Home Visit,2020-03-26
0000004225,004225,Home Visit,2020-12-25
0000004226,004226,Family Support Visit,2018-04-14
0000004226,004226,Case Management,2021-03-07
0000004226,004226,Case Management,2019-04-05
0000004227,004227,Home Visit,2023-04-22
0000004228,004228,Family Support Visit,2024-05-13
0000004229,004229,Case Management,2021-12-05
0000004229,004229,Case Management,2022-02-24
0000004229,004229,Family Support Visit,2021-12-30
0000004229,004229,Developmental Check,2022-10-09
0000004231,004231,Case Management,2023-01-11
0000004232,004232,Case Management,2023-01-16
0000004233,004233,Home Visit,2019-10-15
0000004233,004233,Developmental Check,2019-06-12
0000004233,004233,Home Visit,2021-01-06
0000004233,004233,Developmental Check,2019-11-12
0000004233,004233,Home Visit,2020-02-13
0000004233,004233,Case Management,2021-07-08
0000004234,004234,Developmental Check,2024-09-21
0000004235,004235,Developmental Check,2022-09-14
0000004235,004235,Case Management,2022-06-10
0000004236,004236,Developmental Check,2023-09-19
0000004236,004236,Developmental Check,2023-09-10
0000004236,004236,Home Visit,2021-07-13
0000004236,004236,Family Support Visit,2023-02-25
0000004237,004237,Developmental Check,2022-10-12
0000004237,004237,Case Management,2022-05-29
0000004237,004237,Family Support Visit,2022-03-19
0000004238,004238,Case Management,2021-04-19
0000004238,004238,Family Support Visit,2021-07-08
0000004238,004238,Case Management,2020-03-30
0000004239,004239,Case Management,2026-12-27
0000004239,004239,Family Support Visit,2022-12-12
0000004240,004240,Developmental Check,2020-09-13
0000004241,004241,Home Visit,2023-04-01
0000004241,004241,Home Visit,2022-12-24
0000004242,004242,Home Visit,2024-08-08
0000004242,004242,Home Visit,2024-12-18
0000004243,004243,Home Visit,2020-11-30
0000004243,004243,Home Visit,2019-04-14
0000004243,004243,Home Visit,2020-12-07
0000004243,004243,Case Management,2019-04-13
0000004244,004244,Case Management,2025-08-02
0000004244,004244,Family Support Visit,2024-01-12
0000004245,004245,Home Visit,2022-02-06
0000004245,004245,Developmental Check,2023-08-06
0000004246,004246,Developmental Check,2023-12-03
0000004246,004246,Case Management,2023-10-04
0000004247,004247,Developmental Check,2022-01-31
0000004247,004247,Family Support Visit,2022-04-20
0000004248,004248,Developmental Check,2024-09-28
0000004248,004248,Developmental Check,2024-02-20
0000004248,004248,Home Visit,2023-10-15
0000004248,004248,Case Management,2024-03-11
0000004248,004248,Family Support Visit,2024-05-10
0000004248,004248,Case Management,2023-05-30
0000004250,004250,Case Management,2020-09-01
0000004250,004250,Family Support Visit,2020-03-04
0000004250,004250,Family Support Visit,2020-07-16
0000004250,004250,Home Visit,2020-03-07
0000004251,004251,Family Support Visit,2021-10-01
0000004252,004252,Family Support Visit,2022-09-30
0000004253,004253,Case Management,2021-10-14
0000004253,004253,Developmental Check,2021-05-06
0000004253,004253,Developmental Check,2020-09-26
0000004255,004255,Family Support Visit,2020-11-16
0000004256,004256,Developmental Check,2021-10-31
0000004257,004257,Case Management,2022-01-05
0000004257,004257,Developmental Check,2023-04-01
0000004259,004259,Family Support Visit,2023-03-16
0000004259,004259,Case Management,2020-07-25
0000004260,004260,Developmental Check,2020-09-24
0000004260,004260,Home Visit,2020-04-07
0000004260,004260,Developmental Check,2020-05-04
0000004260,004260,Case Management,2020-10-24
0000004260,004260,Developmental Check,2021-10-14
0000004261,004261,Developmental Check,2022-04-24
0000004261,004261,Developmental Check,2022-03-02
0000004261,004261,Family Support Visit,2022-01-06
0000004261,004261,Home Visit,2022-03-27
0000004262,004262,Family Support Visit,2021-11-12
0000004262,004262,Home Visit,2022-05-08
0000004262,004262,Home Visit,2022-12-10
0000004263,004263,Case Management,2019-12-13
0000004263,004263,Home Visit,2023-05-19
0000004263,004263,Family Support Visit,2022-05-20
0000004264,004264,Family Support Visit,2020-11-27
0000004265,004265,Home Visit,2023-08-12
0000004265,004265,Case Management,2024-01-31
0000004265,004265,Home Visit,2023-10-28
0000004265,004265,Home Visit,2023-05-22
0000004266,004266,Family Support Visit,2022-10-23
0000004267,004267,Home Visit,2023-04-18
0000004267,004267,Case Management,2024-05-06
0000004268,004268,Case Management,2022-10-09
0000004268,004268,Developmental Check,2024-06-27
0000004268,004268,Family Support Visit,2024-02-07
0000004269,004269,Case Management,2021-07-17
0000004269,004269,Developmental Check,2021-12-07
0000004270,004270,Developmental Check,2021-07-11
0000004271,004271,Case Management,2025-07-27
0000004271,004271,Developmental Check,2024-09-04
0000004271,004271,Family Support Visit,2024-12-19
0000004271,004271,Family Support Visit,2025-05-10
0000004273,004273,Developmental Check,2022-04-04
0000004273,004273,Case Management,2021-11-10
0000004273,004273,Family Support Visit,2022-03-08
0000004275,004275,Home Visit,2022-10-15
0000004275,004275,Family Support Visit,2022-10-06
0000004276,004276,Developmental Check,2021-02-23
0000004276,004276,Family Support Visit,2020-08-28
0000004276,004276,Family Support Visit,2021-03-03
0000004277,004277,Case Management,2025-11-09
0000004278,004278,Home Visit,2024-10-15
0000004278,004278,Family Support Visit,2024-03-27
0000004279,004279,Case Management,2018-10-26
0000004279,004279,Case Management,2018-08-26
0000004280,004280,Home Visit,2020-02-05
0000004281,004281,Home Visit,2023-12-10
0000004281,004281,Home Visit,2023-07-17
0000004282,004282,Case Management,2021-08-12
0000004282,004282,Family Support Visit,2021-07-01
0000004282,004282,Home Visit,2021-08-21
0000004283,004283,Family Support Visit,2022-05-13
0000004284,004284,Developmental Check,2022-04-02
0000004285,004285,Family Support Visit,2021-10-22
0000004285,004285,Home Visit,2020-07-08
0000004285,004285,Family Support Visit,2020-06-15
0000004285,004285,Home Visit,2021-02-05
0000004286,004286,Family Support Visit,2019-04-09
0000004286,004286,Developmental Check,2019-06-06
0000004287,004287,Developmental Check,2021-05-01
0000004287,004287,Developmental Check,2023-04-15
0000004287,004287,Home Visit,2021-01-10
0000004287,004287,Case Management,2022-01-03
0000004288,004288,Home Visit,2020-04-02
0000004288,004288,Developmental Check,2021-02-16
0000004288,004288,Family Support Visit,2019-10-06
0000004289,004289,Family Support Visit,2020-11-28
0000004290,004290,Home Visit,2023-06-22
0000004290,004290,Case Management,2022-09-04
0000004291,004291,Case Management,2021-09-01
0000004291,004291,Developmental Check,2023-05-15
0000004291,004291,Developmental Check,2023-02-02
0000004292,004292,Case Management,2021-08-02
0000004292,004292,Family Support Visit,2021-04-23
0000004292,004292,Case Management,2022-03-09
0000004293,004293,Home Visit,2023-05-03
0000004293,004293,Family Support Visit,2023-02-27
0000004293,004293,Family Support Visit,2023-10-01
0000004293,004293,Developmental Check,2023-04-26
0000004294,004294,Case Management,2023-01-11
0000004295,004295,Developmental Check,2021-01-18
0000004295,004295,Home Visit,2020-12-16
0000004295,004295,Developmental Check,2021-01-01
0000004296,004296,Case Management,2023-06-11
0000004296,004296,Family Support Visit,2022-07-19
0000004296,004296,Home Visit,2022-06-27
0000004296,004296,Developmental Check,2023-06-24
0000004297,004297,Family Support Visit,2021-03-04
0000004297,004297,Home Visit,2020-11-28
0000004297,004297,Family Support Visit,2020-06-12
0000004298,004298,Home Visit,2022-06-01
0000004298,004298,Family Support Visit,2023-02-09
0000004299,004299,Case Management,2023-11-09
0000004299,004299,Family Support Visit,2020-05-16
0000004300,004300,Case Management,2021-06-25
0000004300,004300,Case Management,2020-03-01
0000004301,004301,Developmental Check,2023-01-17
0000004301,004301,Developmental Check,2021-06-20
0000004303,004303,Case Management,2023-05-27
0000004303,004303,Family Support Visit,2025-11-07
0000004304,004304,Home Visit,2020-09-20
0000004307,004307,Case Management,2021-12-26
0000004307,004307,Family Support Visit,2022-06-06
0000004308,004308,Home Visit,2022-03-21
0000004308,004308,Case Management,2021-11-22
0000004308,004308,Home Visit,2022-03-27
0000004309,004309,Home Visit,2024-03-23
0000004309,004309,Home Visit,2023-06-10
0000004309,004309,Family Support Visit,2024-12-07
0000004309,004309,Family Support Visit,2024-05-04
0000004310,004310,Home Visit,2025-12-30
0000004312,004312,Home Visit,2021-05-28
0000004313,004313,Developmental Check,2022-07-30
0000004313,004313,Home Visit,2024-11-06
0000004314,004314,Case Management,2018-10-30
0000004315,004315,Developmental Check,2023-05-12
0000004315,004315,Case Management,2023-03-10
0000004315,004315,Home Visit,2023-04-08
0000004315,004315,Case Management,2023-03-10
0000004316,004316,Home Visit,2024-05-05
0000004316,004316,Case Management,2024-09-28
0000004317,004317,Case Management,2023-03-12
0000004317,004317,Home Visit,2021-06-01
0000004318,004318,Developmental Check,2020-07-12
0000004319,004319,Developmental Check,2024-06-07
0000004319,004319,Developmental Check,2024-03-07
0000004319,004319,Family Support Visit,2022-12-21
0000004320,004320,Family Support Visit,2021-08-06
0000004320,004320,Family Support Visit,2022-10-23
0000004320,004320,Home Visit,2022-04-16
0000004321,004321,Developmental Check,2021-08-28
0000004323,004323,Case Management,2021-12-30
0000004324,004324,Home Visit,2021-04-15
0000004325,004325,Case Management,2022-03-17
0000004325,004325,Developmental Check,2022-07-13
0000004325,004325,Family Support Visit,2022-04-20
0000004325,004325,Family Support Visit,2022-08-03
0000004325,004325,Family Support Visit,2022-08-18
0000004326,004326,Case Management,2019-08-16
0000004327,004327,Developmental Check,2022-07-12
0000004327,004327,Home Visit,2022-10-13
0000004328,004328,Family Support Visit,2021-09-06
0000004329,004329,Family Support Visit,2020-06-04
0000004330,004330,Family Support Visit,2020-05-16
0000004331,004331,Case Management,2023-06-19
0000004331,004331,Home Visit,2021-05-28
0000004331,004331,Home Visit,2023-04-26
0000004332,004332,Case Management,2020-08-22
0000004333,004333,Case Management,2022-03-28
0000004333,004333,Family Support Visit,2023-09-05
0000004333,004333,Case Management,2024-07-07
0000004333,004333,Developmental Check,2023-12-25
0000004334,004334,Home Visit,2021-05-12
0000004334,004334,Case Management,2019-12-20
0000004335,004335,Developmental Check,2026-07-03
0000004335,004335,Family Support Visit,2022-09-23
0000004335,004335,Family Support Visit,2025-01-30
0000004335,004335,Home Visit,2022-03-31
0000004336,004336,Family Support Visit,2021-01-18
0000004337,004337,Family Support Visit,2024-08-15
0000004337,004337,Home Visit,2023-12-08
0000004337,004337,Family Support Visit,2023-02-14
0000004338,004338,Home Visit,2021-07-20
0000004338,004338,Case Management,2021-08-07
0000004339,004339,Developmental Check,2024-01-12
0000004339,004339,Family Support Visit,2024-02-28
0000004339,004339,Case Management,2022-09-09
0000004341,004341,Case Management,2021-08-06
0000004342,004342,Home Visit,2020-11-19
0000004342,004342,Case Management,2020-10-18
0000004342,004342,Family Support Visit,2021-01-22
0000004342,004342,Developmental Check,2021-11-26
0000004343,004343,Developmental Check,2023-10-02
0000004343,004343,Family Support Visit,2021-05-21
0000004344,004344,Home Visit,2020-07-19
0000004345,004345,Case Management,2021-05-23
0000004345,004345,Developmental Check,2022-02-15
0000004345,004345,Developmental Check,2021-06-28
0000004347,004347,Case Management,2022-03-07
0000004347,004347,Developmental Check,2022-07-03
0000004347,004347,Home Visit,2022-03-14
0000004347,004347,Developmental Check,2022-02-23
0000004347,004347,Family Support Visit,2022-04-02
0000004348,004348,Home Visit,2020-01-18
0000004349,004349,Developmental Check,2021-07-27
0000004351,004351,Family Support Visit,2022-06-17
0000004351,004351,Developmental Check,2022-03-01
0000004351,004351,Developmental Check,2021-11-19
0000004352,004352,Case Management,2021-01-27
0000004353,004353,Family Support Visit,2022-11-06
0000004354,004354,Home Visit,2020-05-25
0000004355,004355,Case Management,2022-02-24
0000004356,004356,Case Management,2023-07-31
0000004356,004356,Developmental Check,2023-02-20
0000004356,004356,Developmental Check,2025-01-05
0000004356,004356,Family Support Visit,2021-07-26
0000004357,004357,Developmental Check,2021-03-29
0000004357,004357,Home Visit,2020-12-17
0000004357,004357,Family Support Visit,2021-06-06
0000004358,004358,Family Support Visit,2022-11-15
0000004358,004358,Family Support Visit,2021-05-18
0000004359,004359,Developmental Check,2022-01-17
0000004359,004359,Family Support Visit,2022-12-02
0000004360,004360,Family Support Visit,2023-07-19
0000004360,004360,Case Management,2023-03-13
0000004361,004361,Case Management,2022-05-22
0000004361,004361,Family Support Visit,2022-06-05
0000004361,004361,Case Management,2022-08-23
0000004361,004361,Case Management,2022-03-12
0000004362,004362,Developmental Check,2021-05-12
0000004362,004362,Case Management,2021-09-08
0000004362,004362,Developmental Check,2022-01-16
0000004364,004364,Family Support Visit,2022-04-10
0000004365,004365,Home Visit,2022-10-30
0000004365,004365,Developmental Check,2021-01-21
0000004365,004365,Developmental Check,2020-10-10
0000004365,004365,Home Visit,2022-10-27
0000004367,004367,Home Visit,2022-07-20
0000004367,004367,Developmental Check,2022-09-08
0000004367,004367,Home Visit,2022-02-01
0000004367,004367,Developmental Check,2022-02-11
0000004367,004367,Home Visit,2022-04-19
0000004368,004368,Home Visit,2020-12-21
0000004369,004369,Home Visit,2022-06-20
0000004370,004370,Home Visit,2020-08-29
0000004370,004370,Family Support Visit,2020-10-08
0000004370,004370,Home Visit,2020-10-15
0000004372,004372,Developmental Check,2025-07-28
0000004373,004373,Developmental Check,2020-03-21
0000004374,004374,Developmental Check,2022-08-30
0000004374,004374,Developmental Check,2021-11-15
0000004375,004375,Developmental Check,2020-07-07
0000004376,004376,Developmental Check,2023-10-10
0000004376,004376,Developmental Check,2022-07-23
0000004376,004376,Case Management,2022-09-27
0000004376,004376,Family Support Visit,2024-01-06
0000004376,004376,Home Visit,2023-12-28
0000004378,004378,Home Visit,2019-11-25
0000004378,004378,Family Support Visit,2019-06-18
0000004378,004378,Family Support Visit,2019-07-11
0000004378,004378,Developmental Check,2019-12-03
0000004380,004380,Developmental Check,2019-10-20
0000004380,004380,Family Support Visit,2018-07-11
0000004380,004380,Home Visit,2018-11-17
0000004380,004380,Developmental Check,2018-09-18
0000004381,004381,Case Management,2026-06-12
0000004383,004383,Case Management,2021-07-12
0000004383,004383,Home Visit,2021-04-17
0000004383,004383,Home Visit,2022-02-25
0000004384,004384,Home Visit,2026-02-12
0000004385,004385,Developmental Check,2022-06-24
0000004386,004386,Family Support Visit,2023-01-29
0000004386,004386,Family Support Visit,2023-06-26
0000004387,004387,Home Visit,2020-01-28
0000004388,004388,Home Visit,2021-07-07
0000004389,004389,Home Visit,2023-02-26
0000004389,004389,Home Visit,2023-07-10
0000004389,004389,Home Visit,2023-05-08
0000004390,004390,Family Support Visit,2023-02-10
0000004390,004390,Family Support Visit,2022-12-21
0000004390,004390,Case Management,2021-12-30
0000004390,004390,Case Management,2022-11-10
0000004390,004390,Case Management,2023-03-12
0000004391,004391,Family Support Visit,2023-05-11
0000004391,004391,Family Support Visit,2022-10-09
0000004391,004391,Home Visit,2022-05-16
0000004392,004392,Home Visit,2024-09-29
0000004393,004393,Family Support Visit,2021-12-15
0000004396,004396,Case Management,2024-03-31
0000004396,004396,Case Management,2024-08-25
0000004396,004396,Family Support Visit,2024-11-30
0000004396,004396,Developmental Check,2022-11-15
0000004396,004396,Case Management,2021-09-21
0000004396,004396,Home Visit,2024-09-18
0000004397,004397,Family Support Visit,2020-12-06
0000004397,004397,Family Support Visit,2020-01-02
0000004398,004398,Case Management,2023-07-09
0000004398,004398,Family Support Visit,2023-08-13
0000004398,004398,Case Management,2024-02-11
0000004398,004398,Developmental Check,2023-09-10
0000004398,004398,Case Management,2023-11-03
0000004399,004399,Home Visit,2021-02-26
0000004399,004399,Home Visit,2020-08-12
0000004399,004399,Family Support Visit,2021-07-26
0000004400,004400,Home Visit,2018-12-12
0000004401,004401,Developmental Check,2020-02-15
0000004402,004402,Family Support Visit,2021-10-28
0000004403,004403,Home Visit,2026-08-11
0000004403,004403,Home Visit,2026-08-23
0000004403,004403,Family Support Visit,2025-12-31
0000004403,004403,Family Support Visit,2025-06-12
0000004404,004404,Case Management,2021-05-28
0000004404,004404,Developmental Check,2021-02-26
0000004404,004404,Developmental Check,2022-06-03
0000004405,004405,Family Support Visit,2019-12-25
0000004406,004406,Case Management,2020-05-26
0000004406,004406,Home Visit,2022-12-21
0000004406,004406,Developmental Check,2021-12-22
0000004406,004406,Developmental Check,2021-05-29
0000004407,004407,Family Support Visit,2023-02-06
0000004407,004407,Home Visit,2023-05-27
0000004407,004407,Home Visit,2023-07-26
0000004407,004407,Developmental Check,2022-11-14
0000004408,004408,Family Support Visit,2021-09-12
0000004408,004408,Developmental Check,2021-09-16
0000004408,004408,Developmental Check,2021-11-05
0000004408,004408,Case Management,2021-08-07
0000004409,004409,Home Visit,2021-10-31
0000004410,004410,Family Support Visit,2023-07-25
0000004411,004411,Family Support Visit,2020-12-22
0000004411,004411,Case Management,2022-06-27
0000004411,004411,Case Management,2022-04-25
0000004411,004411,Home Visit,2022-07-13
0000004411,004411,Developmental Check,2021-04-18
0000004412,004412,Family Support Visit,2021-09-13
0000004412,004412,Family Support Visit,2020-06-18
0000004412,004412,Case Management,2021-05-27
0000004412,004412,Developmental Check,2020-12-14
0000004412,004412,Developmental Check,2021-02-23
0000004413,004413,Case Management,2022-06-28
0000004414,004414,Case Management,2025-01-20
0000004414,004414,Family Support Visit,2021-10-30
0000004414,004414,Family Support Visit,2024-07-11
0000004415,004415,Developmental Check,2023-07-04
0000004415,004415,Case Management,2022-07-17
0000004416,004416,Case Management,2019-02-13
0000004417,004417,Home Visit,2021-05-11
0000004417,004417,Developmental Check,2021-09-27
0000004417,004417,Case Management,2021-10-05
0000004418,004418,Developmental Check,2021-04-13
0000004418,004418,Family Support Visit,2021-04-09
0000004418,004418,Case Management,2020-04-07
0000004419,004419,Case Management,2021-08-15
0000004419,004419,Home Visit,2020-11-23
0000004420,004420,Case Management,2020-01-28
0000004421,004421,Case Management,2023-06-13
0000004423,004423,Case Management,2022-08-14
0000004423,004423,Developmental Check,2022-08-25
0000004424,004424,Case Management,2024-07-30
0000004424,004424,Case Management,2021-05-19
0000004424,004424,Family Support Visit,2022-08-23
0000004425,004425,Home Visit,2024-08-05
0000004425,004425,Developmental Check,2025-03-12
0000004426,004426,Family Support Visit,2022-11-17
0000004427,004427,Case Management,2023-04-08
0000004428,004428,Family Support Visit,2020-06-02
0000004428,004428,Case Management,2022-04-22
0000004428,004428,Case Management,2020-11-01
0000004429,004429,Family Support Visit,2025-02-03
0000004429,004429,Family Support Visit,2023-10-17
0000004430,004430,Home Visit,2022-10-23
0000004430,004430,Developmental Check,2023-03-30
0000004430,004430,Case Management,2021-11-02
0000004430,004430,Case Management,2022-06-17
0000004431,004431,Family Support Visit,2021-09-16
0000004432,004432,Family Support Visit,2022-10-11
0000004433,004433,Developmental Check,2023-12-24
0000004434,004434,Home Visit,2025-08-01
0000004434,004434,Family Support Visit,2025-03-14
0000004434,004434,Developmental Check,2025-06-18
0000004434,004434,Family Support Visit,2023-11-24
0000004435,004435,Family Support Visit,2021-09-10
0000004435,004435,Home Visit,2022-07-21
0000004436,004436,Family Support Visit,2020-07-09
0000004436,004436,Home Visit,2020-11-28
0000004438,004438,Home Visit,2023-08-25
0000004439,004439,Home Visit,2019-08-27
0000004439,004439,Case Management,2020-10-23
0000004439,004439,Developmental Check,2022-04-08
0000004439,004439,Case Management,2019-08-06
0000004439,004439,Family Support Visit,2021-06-08
0000004439,004439,Family Support Visit,2019-01-18
0000004441,004441,Home Visit,2021-02-01
0000004442,004442,Home Visit,2025-06-27
0000004442,004442,Family Support Visit,2024-06-22
0000004442,004442,Family Support Visit,2025-04-24
0000004444,004444,Family Support Visit,2021-10-20
0000004444,004444,Developmental Check,2020-10-16
0000004447,004447,Developmental Check,2021-01-26
0000004448,004448,Developmental Check,2020-10-09
0000004448,004448,Developmental Check,2020-08-14
0000004448,004448,Developmental Check,2020-09-26
0000004448,004448,Family Support Visit,2020-08-06
0000004448,004448,Home Visit,2020-06-28
0000004449,004449,Developmental Check,2020-10-09
0000004449,004449,Case Management,2020-11-22
0000004449,004449,Home Visit,2020-11-16
0000004449,004449,Home Visit,2020-09-11
0000004449,004449,Developmental Check,2020-11-20
0000004449,004449,Home Visit,2021-01-06
0000004450,004450,Family Support Visit,2020-09-02
0000004451,004451,Family Support Visit,2021-12-04
0000004451,004451,Family Support Visit,2021-11-28
0000004451,004451,Home Visit,2022-01-19
0000004452,004452,Case Management,2023-02-28
0000004452,004452,Home Visit,2022-12-21
0000004453,004453,Home Visit,2020-10-13
0000004455,004455,Developmental Check,2023-08-05
0000004456,004456,Case Management,2021-01-02
0000004457,004457,Developmental Check,2022-03-05
0000004457,004457,Developmental Check,2020-07-19
0000004457,004457,Family Support Visit,2019-01-29
0000004457,004457,Case Management,2020-10-22
0000004457,004457,Case Management,2022-09-22
0000004457,004457,Case Management,2020-02-05
0000004458,004458,Home Visit,2022-12-25
0000004459,004459,Home Visit,2021-09-08
0000004459,004459,Case Management,2020-12-13
0000004459,004459,Home Visit,2021-10-10
0000004460,004460,Family Support Visit,2021-07-26
0000004460,004460,Developmental Check,2022-03-23
0000004460,004460,Family Support Visit,2021-08-18
0000004461,004461,Developmental Check,2022-01-08
0000004461,004461,Developmental Check,2022-06-05
0000004461,004461,Home Visit,2022-02-11
0000004461,004461,Case Management,2022-06-26
0000004461,004461,Case Management,2022-03-04
0000004462,004462,Developmental Check,2025-01-09
0000004462,004462,Case Management,2025-04-20
0000004463,004463,Family Support Visit,2021-11-15
0000004464,004464,Case Management,2020-08-20
0000004465,004465,Family Support Visit,2023-04-29
0000004465,004465,Case Management,2022-09-24
0000004466,004466,Home Visit,2019-11-20
0000004466,004466,Case Management,2020-05-23
0000004466,004466,Case Management,2020-03-10
0000004467,004467,Case Management,2022-09-06
0000004467,004467,Home Visit,2022-06-18
0000004467,004467,Developmental Check,2022-11-18
0000004468,004468,Home Visit,2022-11-17
0000004468,004468,Home Visit,2025-02-04
0000004468,004468,Developmental Check,2022-12-24
0000004469,004469,Developmental Check,2023-05-09
0000004470,004470,Case Management,2022-09-16
0000004471,004471,Home Visit,2023-05-12
0000004471,004471,Case Management,2023-10-14
0000004472,004472,Home Visit,2019-04-25
0000004472,004472,Developmental Check,2019-05-28
0000004472,004472,Developmental Check,2018-12-25
0000004472,004472,Home Visit,2019-03-15
0000004472,004472,Developmental Check,2018-11-29
0000004474,004474,Case Management,2022-01-18
0000004475,004475,Family Support Visit,2022-12-07
0000004476,004476,Family Support Visit,2020-12-21
0000004476,004476,Home Visit,2023-06-12
0000004478,004478,Family Support Visit,2020-10-31
0000004478,004478,Family Support Visit,2020-12-24
0000004479,004479,Case Management,2021-12-23
0000004479,004479,Family Support Visit,2023-01-22
0000004479,004479,Home Visit,2023-05-23
0000004479,004479,Case Management,2024-03-19
0000004480,004480,Home Visit,2023-11-20
0000004481,004481,Developmental Check,2022-07-05
0000004482,004482,Family Support Visit,2022-11-29
0000004483,004483,Family Support Visit,2021-06-04
0000004484,004484,Home Visit,2022-07-31
0000004484,004484,Family Support Visit,2021-03-26
0000004485,004485,Home Visit,2022-11-12
0000004486,004486,Home Visit,2022-06-19
0000004486,004486,Developmental Check,2022-04-18
0000004486,004486,Developmental Check,2022-06-13
0000004488,004488,Family Support Visit,2019-07-02
0000004489,004489,Home Visit,2019-08-31
0000004490,004490,Home Visit,2020-12-20
0000004490,004490,Developmental Check,2020-06-28
0000004490,004490,Family Support Visit,2020-07-05
0000004491,004491,Developmental Check,2022-10-18
0000004491,004491,Family Support Visit,2022-01-27
0000004491,004491,Family Support Visit,2022-10-04
0000004493,004493,Home Visit,2022-06-24
0000004493,004493,Family Support Visit,2021-07-28
0000004493,004493,Family Support Visit,2020-02-09
0000004495,004495,Family Support Visit,2021-11-29
0000004495,004495,Case Management,2021-04-21
0000004495,004495,Developmental Check,2021-09-03
0000004495,004495,Developmental Check,2022-04-18
0000004495,004495,Family Support Visit,2020-09-16
0000004495,004495,Case Management,2019-06-24
0000004496,004496,Family Support Visit,2018-04-29
0000004496,004496,Case Management,2018-08-28
0000004496,004496,Home Visit,2018-08-09
0000004496,004496,Home Visit,2019-01-05
0000004496,004496,Home Visit,2018-12-06
0000004497,004497,Developmental Check,2023-03-12
0000004497,004497,Home Visit,2023-05-29
0000004498,004498,Home Visit,2020-07-06
0000004498,004498,Developmental Check,2020-07-21
0000004498,004498,Developmental Check,2020-10-01
0000004499,004499,Case Management,2023-04-13
0000004499,004499,Family Support Visit,2021-09-09
0000004500,004500,Case Management,2020-03-04
0000004500,004500,Family Support Visit,2020-03-27
0000004500,004500,Home Visit,2020-01-14
0000004500,004500,Home Visit,2020-03-13
0000004500,004500,Family Support Visit,2020-02-01
0000004501,004501,Developmental Check,2022-07-19
0000004501,004501,Home Visit,2023-10-02
0000004501,004501,Home Visit,2021-04-09
0000004501,004501,Home Visit,2021-12-23
0000004504,004504,Family Support Visit,2024-04-25
0000004504,004504,Developmental Check,2024-09-11
0000004504,004504,Case Management,2025-04-18
0000004504,004504,Home Visit,2024-08-27
0000004505,004505,Home Visit,2022-07-13
0000004505,004505,Family Support Visit,2020-11-06
0000004505,004505,Case Management,2022-04-07
0000004505,004505,Case Management,2021-08-12
0000004506,004506,Case Management,2021-01-14
0000004507,004507,Family Support Visit,2023-09-02
0000004507,004507,Family Support Visit,2022-08-21
0000004507,004507,Family Support Visit,2022-06-05
0000004509,004509,Home Visit,2020-08-31
0000004509,004509,Case Management,2020-09-05
0000004509,004509,Home Visit,2020-06-24
0000004510,004510,Family Support Visit,2021-07-09
0000004511,004511,Family Support Visit,2018-08-08
0000004511,004511,Developmental Check,2021-08-12
0000004512,004512,Developmental Check,2026-04-24
0000004513,004513,Home Visit,2026-02-23
0000004513,004513,Home Visit,2026-04-18
0000004514,004514,Case Management,2020-01-11
0000004514,004514,Home Visit,2019-07-24
0000004514,004514,Home Visit,2021-05-24
0000004515,004515,Case Management,2022-05-01
0000004515,004515,Case Management,2022-01-04
0000004516,004516,Family Support Visit,2021-01-16
0000004516,004516,Family Support Visit,2023-12-18
0000004517,004517,Family Support Visit,2024-02-03
0000004518,004518,Home Visit,2020-07-07
0000004518,004518,Developmental Check,2020-03-03
0000004518,004518,Case Management,2020-07-24
0000004518,004518,Case Management,2020-02-28
0000004518,004518,Case Management,2020-07-10
0000004519,004519,Case Management,2021-04-16
0000004519,004519,Case Management,2021-06-16
0000004520,004520,Case Management,2022-10-25
0000004520,004520,Case Management,2022-10-08
0000004520,004520,Family Support Visit,2024-04-04
0000004520,004520,Family Support Visit,2023-12-19
0000004521,004521,Home Visit,2023-05-27
0000004521,004521,Home Visit,2024-02-01
0000004521,004521,Family Support Visit,2023-02-16
0000004521,004521,Home Visit,2024-12-11
0000004521,004521,Family Support Visit,2023-05-22
0000004521,004521,Family Support Visit,2023-01-20
0000004522,004522,Home Visit,2022-05-12
0000004524,004524,Family Support Visit,2019-10-18
0000004524,004524,Case Management,2019-08-13
0000004524,004524,Developmental Check,2019-11-06
0000004524,004524,Family Support Visit,2019-10-14
0000004525,004525,Family Support Visit,2022-11-22
0000004525,004525,Home Visit,2023-11-10
0000004526,004526,Family Support Visit,2022-12-05
0000004526,004526,Case Management,2023-02-11
0000004526,004526,Family Support Visit,2023-05-12
0000004527,004527,Home Visit,2023-02-10
0000004527,004527,Case Management,2023-02-04
0000004528,004528,Developmental Check,2021-11-17
0000004528,004528,Developmental Check,2022-07-13
0000004528,004528,Home Visit,2022-04-06
0000004528,004528,Developmental Check,2022-06-03
0000004529,004529,Developmental Check,2023-08-31
0000004530,004530,Home Visit,2021-03-21
0000004530,004530,Case Management,2021-07-11
0000004530,004530,Family Support Visit,2021-10-30
0000004531,004531,Family Support Visit,2021-09-27
0000004531,004531,Developmental Check,2021-07-19
0000004532,004532,Developmental Check,2023-07-22
0000004533,004533,Home Visit,2021-07-22
0000004533,004533,Home Visit,2021-02-06
0000004533,004533,Case Management,2020-10-12
0000004533,004533,Home Visit,2019-12-24
0000004534,004534,Home Visit,2025-01-04
0000004537,004537,Family Support Visit,2020-12-28
0000004537,004537,Family Support Visit,2021-12-04
0000004537,004537,Case Management,2022-10-27
0000004538,004538,Home Visit,2025-11-06
0000004539,004539,Family Support Visit,2020-06-15
0000004540,004540,Case Management,2019-11-24
0000004541,004541,Developmental Check,2021-06-18
0000004541,004541,Developmental Check,2021-02-11
0000004542,004542,Developmental Check,2021-08-24
0000004542,004542,Family Support Visit,2022-12-03
0000004542,004542,Home Visit,2020-12-13
0000004542,004542,Family Support Visit,2021-05-15
0000004543,004543,Home Visit,2021-11-18
0000004543,004543,Home Visit,2021-05-14
0000004543,004543,Home Visit,2021-06-14
0000004543,004543,Family Support Visit,2021-06-22
0000004544,004544,Family Support Visit,2020-09-12
0000004544,004544,Family Support Visit,2020-04-08
0000004546,004546,Home Visit,2022-04-14
0000004546,004546,Home Visit,2022-05-01
0000004546,004546,Home Visit,2022-04-01
0000004546,004546,Family Support Visit,2022-06-25
0000004546,004546,Home Visit,2022-03-23
0000004547,004547,Family Support Visit,2023-07-20
0000004548,004548,Developmental Check,2021-10-29
0000004548,004548,Home Visit,2022-06-27
0000004548,004548,Family Support Visit,2023-07-13
0000004549,004549,Family Support Visit,2020-08-11
0000004550,004550,Home Visit,2022-06-07
0000004550,004550,Home Visit,2022-03-01
0000004550,004550,Developmental Check,2022-05-25
0000004551,004551,Home Visit,2024-04-07
0000004551,004551,Family Support Visit,2023-11-30
0000004552,004552,Home Visit,2023-12-19
0000004553,004553,Case Management,2024-07-03
0000004553,004553,Home Visit,2022-07-30
0000004554,004554,Family Support Visit,2023-09-20
0000004554,004554,Home Visit,2021-11-15
0000004554,004554,Family Support Visit,2022-02-17
0000004555,004555,Home Visit,2022-10-31
0000004555,004555,Home Visit,2023-04-25
0000004556,004556,Developmental Check,2021-06-26
0000004557,004557,Developmental Check,2024-02-09
0000004557,004557,Case Management,2023-09-21
0000004558,004558,Developmental Check,2020-08-10
0000004558,004558,Home Visit,2022-05-26
0000004558,004558,Family Support Visit,2023-01-12
0000004558,004558,Home Visit,2020-11-07
0000004559,004559,Case Management,2023-09-19
0000004559,004559,Home Visit,2019-08-16
0000004560,004560,Home Visit,2020-08-16
0000004560,004560,Home Visit,2020-05-25
0000004560,004560,Case Management,2020-06-01
0000004560,004560,Home Visit,2020-09-08
0000004564,004564,Home Visit,2022-12-19
0000004564,004564,Family Support Visit,2025-12-14
0000004565,004565,Family Support Visit,2022-03-24
0000004566,004566,Family Support Visit,2022-10-05
0000004566,004566,Case Management,2022-09-09
0000004566,004566,Developmental Check,2023-01-29
0000004566,004566,Home Visit,2022-10-13
0000004566,004566,Developmental Check,2022-07-06
0000004566,004566,Developmental Check,2023-03-25
0000004568,004568,Developmental Check,2023-08-15
0000004568,004568,Case Management,2023-11-28
0000004568,004568,Family Support Visit,2023-06-02
0000004569,004569,Case Management,2023-05-22
0000004569,004569,Case Management,2021-11-09
0000004570,004570,Home Visit,2022-06-28
0000004570,004570,Developmental Check,2022-09-14
0000004570,004570,Case Management,2021-02-28
0000004570,004570,Home Visit,2020-11-10
0000004571,004571,Developmental Check,2020-10-16
0000004571,004571,Home Visit,2020-07-17
0000004571,004571,Case Management,2020-11-17
0000004572,004572,Home Visit,2019-08-13
0000004572,004572,Home Visit,2019-10-03
0000004572,004572,Case Management,2019-06-08
0000004574,004574,Family Support Visit,2020-10-20
0000004574,004574,Case Management,2020-06-18
0000004574,004574,Case Management,2020-03-08
0000004574,004574,Developmental Check,2020-10-03
0000004575,004575,Home Visit,2022-12-28
0000004575,004575,Family Support Visit,2022-06-27
0000004575,004575,Case Management,2023-01-06
0000004577,004577,Family Support Visit,2020-03-19
0000004577,004577,Family Support Visit,2020-04-25
0000004577,004577,Family Support Visit,2020-03-04
0000004577,004577,Home Visit,2020-03-22
0000004577,004577,Family Support Visit,2020-03-16
0000004578,004578,Family Support Visit,2022-04-27
0000004578,004578,Home Visit,2021-11-26
0000004579,004579,Case Management,2020-10-05
0000004579,004579,Home Visit,2021-01-12
0000004580,004580,Home Visit,2022-09-03
0000004580,004580,Case Management,2022-09-25
0000004580,004580,Family Support Visit,2022-10-03
0000004580,004580,Case Management,2022-10-02
0000004582,004582,Family Support Visit,2024-09-11
0000004582,004582,Case Management,2024-04-03
0000004583,004583,Family Support Visit,2021-03-27
0000004583,004583,Family Support Visit,2021-01-21
0000004583,004583,Home Visit,2020-10-25
0000004584,004584,Developmental Check,2020-01-06
0000004584,004584,Developmental Check,2020-08-10
0000004585,004585,Developmental Check,2020-12-12
0000004585,004585,Home Visit,2023-12-24
0000004586,004586,Case Management,2025-05-10
0000004587,004587,Developmental Check,2023-07-01
0000004588,004588,Case Management,2023-01-09
0000004588,004588,Developmental Check,2022-11-27
0000004589,004589,Case Management,2021-12-09
0000004589,004589,Developmental Check,2022-09-11
0000004589,004589,Case Management,2022-01-02
0000004589,004589,Family Support Visit,2023-10-24
0000004590,004590,Case Management,2022-03-30
0000004591,004591,Home Visit,2019-10-07
0000004591,004591,Family Support Visit,2019-11-11
0000004591,004591,Family Support Visit,2019-08-19
0000004593,004593,Home Visit,2022-10-29
0000004593,004593,Case Management,2023-05-09
0000004593,004593,Family Support Visit,2022-08-25
0000004593,004593,Family Support Visit,2022-11-26
0000004594,004594,Case Management,2024-06-28
0000004594,004594,Home Visit,2022-04-12
0000004596,004596,Case Management,2022-07-21
0000004596,004596,Family Support Visit,2022-08-21
0000004596,004596,Home Visit,2022-08-15
0000004596,004596,Family Support Visit,2023-05-06
0000004598,004598,Developmental Check,2021-11-21
0000004598,004598,Case Management,2022-12-10
0000004598,004598,Case Management,2021-10-07
0000004598,004598,Home Visit,2023-02-23
0000004599,004599,Case Management,2021-10-02
0000004599,004599,Home Visit,2019-11-29
0000004599,004599,Home Visit,2020-08-15
0000004602,004602,Home Visit,2023-07-10
0000004602,004602,Case Management,2023-07-15
0000004602,004602,Home Visit,2023-02-02
0000004604,004604,Case Management,2022-08-14
0000004604,004604,Developmental Check,2023-08-05
0000004605,004605,Developmental Check,2020-03-23
0000004606,004606,Family Support Visit,2023-12-04
0000004607,004607,Family Support Visit,2021-05-22
0000004607,004607,Case Management,2021-03-21
0000004609,004609,Home Visit,2025-10-18
0000004609,004609,Case Management,2025-11-16
0000004610,004610,Developmental Check,2021-08-25
0000004610,004610,Family Support Visit,2021-02-10
0000004610,004610,Case Management,2020-11-29
0000004610,004610,Home Visit,2021-07-19
0000004611,004611,Family Support Visit,2021-08-03
0000004612,004612,Home Visit,2021-01-04
0000004612,004612,Home Visit,2021-08-02
0000004612,004612,Developmental Check,2021-08-08
0000004612,004612,Family Support Visit,2021-06-29
0000004612,004612,Developmental Check,2021-06-01
0000004612,004612,Home Visit,2021-09-07
0000004613,004613,Home Visit,2020-10-08
0000004613,004613,Developmental Check,2022-07-11
0000004613,004613,Developmental Check,2021-10-03
0000004613,004613,Home Visit,2022-01-19
0000004613,004613,Developmental Check,2023-02-08
0000004613,004613,Developmental Check,2023-11-09
0000004614,004614,Case Management,2023-11-14
0000004614,004614,Home Visit,2022-02-08
0000004615,004615,Home Visit,2022-03-18
0000004615,004615,Family Support Visit,2022-01-06
0000004616,004616,Developmental Check,2024-07-30
0000004616,004616,Home Visit,2024-11-18
0000004616,004616,Family Support Visit,2024-01-28
0000004617,004617,Home Visit,2025-06-15
0000004618,004618,Case Management,2021-01-30
0000004618,004618,Home Visit,2021-01-07
0000004619,004619,Family Support Visit,2020-02-21
0000004620,004620,Case Management,2026-04-19
0000004620,004620,Family Support Visit,2024-01-02
0000004621,004621,Family Support Visit,2024-03-04
0000004621,004621,Home Visit,2025-06-20
0000004621,004621,Family Support Visit,2024-08-08
0000004622,004622,Home Visit,2021-02-18
0000004622,004622,Family Support Visit,2020-05-07
0000004622,004622,Developmental Check,2020-02-28
0000004622,004622,Developmental Check,2021-02-12
0000004622,004622,Family Support Visit,2020-10-20
0000004622,004622,Family Support Visit,2021-02-06
0000004624,004624,Home Visit,2022-06-02
0000004624,004624,Case Management,2021-10-29
0000004624,004624,Developmental Check,2021-10-04
0000004625,004625,Developmental Check,2022-07-27
0000004625,004625,Home Visit,2023-01-07
0000004625,004625,Developmental Check,2021-07-05
0000004626,004626,Case Management,2020-07-11
0000004626,004626,Case Management,2020-08-16
0000004627,004627,Case Management,2026-12-02
0000004627,004627,Home Visit,2023-05-13
0000004628,004628,Family Support Visit,2024-12-06
0000004629,004629,Case Management,2022-02-08
0000004629,004629,Case Management,2021-07-06
0000004630,004630,Home Visit,2022-06-15
0000004630,004630,Developmental Check,2023-03-25
0000004632,004632,Developmental Check,2023-01-12
0000004633,004633,Case Management,2022-07-02
0000004633,004633,Developmental Check,2019-08-28
0000004634,004634,Case Management,2020-03-03
0000004634,004634,Developmental Check,2022-03-18
0000004634,004634,Case Management,2021-08-29
0000004635,004635,Developmental Check,2020-11-28
0000004635,004635,Home Visit,2023-09-19
0000004635,004635,Case Management,2023-10-26
0000004636,004636,Developmental Check,2023-11-14
0000004636,004636,Family Support Visit,2026-02-18
0000004636,004636,Developmental Check,2026-04-22
0000004636,004636,Family Support Visit,2025-12-19
0000004637,004637,Family Support Visit,2024-05-04
0000004637,004637,Developmental Check,2021-04-02
0000004637,004637,Case Management,2023-10-11
0000004638,004638,Home Visit,2023-02-10
0000004641,004641,Home Visit,2020-02-06
0000004641,004641,Developmental Check,2020-04-06
0000004641,004641,Developmental Check,2020-02-23
0000004641,004641,Case Management,2019-11-22
0000004642,004642,Developmental Check,2024-04-23
0000004642,004642,Developmental Check,2021-08-10
0000004644,004644,Developmental Check,2022-08-03
0000004644,004644,Family Support Visit,2022-05-20
0000004644,004644,Family Support Visit,2022-05-12
0000004645,004645,Home Visit,2023-05-10
0000004646,004646,Family Support Visit,2024-01-28
0000004646,004646,Case Management,2022-03-27
0000004647,004647,Home Visit,2025-03-06
0000004647,004647,Family Support Visit,2024-12-08
0000004648,004648,Home Visit,2022-02-04
0000004648,004648,Case Management,2022-05-06
0000004648,004648,Family Support Visit,2022-05-13
0000004648,004648,Family Support Visit,2022-02-10
0000004650,004650,Case Management,2022-05-17
0000004650,004650,Case Management,2023-07-16
0000004650,004650,Case Management,2023-10-01
0000004651,004651,Family Support Visit,2023-02-25
0000004651,004651,Case Management,2023-10-31
0000004652,004652,Case Management,2020-09-11
0000004653,004653,Home Visit,2021-02-23
0000004653,004653,Family Support Visit,2020-11-07
0000004653,004653,Family Support Visit,2018-09-21
0000004653,004653,Family Support Visit,2019-01-31
0000004654,004654,Home Visit,2022-05-25
0000004654,004654,Developmental Check,2022-02-26
0000004654,004654,Home Visit,2021-01-02
0000004654,004654,Home Visit,2020-12-13
0000004655,004655,Home Visit,2023-03-30
0000004655,004655,Home Visit,2024-07-30
0000004655,004655,Family Support Visit,2022-12-28
0000004656,004656,Developmental Check,2019-08-07
0000004656,004656,Home Visit,2019-10-19
0000004656,004656,Developmental Check,2020-04-27
0000004657,004657,Home Visit,2023-11-27
0000004658,004658,Developmental Check,2023-07-24
0000004658,004658,Family Support Visit,2024-03-25
0000004659,004659,Family Support Visit,2022-01-10
0000004659,004659,Developmental Check,2022-11-25
0000004660,004660,Developmental Check,2021-05-10
0000004661,004661,Case Management,2024-02-19
0000004661,004661,Family Support Visit,2025-08-22
0000004661,004661,Developmental Check,2022-06-04
0000004661,004661,Case Management,2025-04-23
0000004662,004662,Family Support Visit,2023-01-20
0000004663,004663,Developmental Check,2022-07-05
0000004664,004664,Family Support Visit,2024-04-16
0000004664,004664,Family Support Visit,2022-02-22
0000004666,004666,Developmental Check,2022-05-29
0000004666,004666,Home Visit,2021-11-01
0000004666,004666,Developmental Check,2022-09-14
0000004666,004666,Case Management,2021-08-06
0000004667,004667,Family Support Visit,2024-10-03
0000004667,004667,Family Support Visit,2022-06-09
0000004667,004667,Family Support Visit,2024-09-17
0000004667,004667,Family Support Visit,2024-12-16
0000004668,004668,Home Visit,2024-12-06
0000004668,004668,Home Visit,2024-01-25
0000004669,004669,Developmental Check,2024-07-04
0000004669,004669,Case Management,2024-11-21
0000004670,004670,Case Management,2020-08-22
0000004670,004670,Family Support Visit,2020-03-18
0000004670,004670,Case Management,2020-10-28
0000004672,004672,Home Visit,2019-07-07
0000004672,004672,Home Visit,2019-10-06
0000004672,004672,Family Support Visit,2020-03-31
0000004672,004672,Family Support Visit,2020-01-09
0000004673,004673,Home Visit,2020-01-18
0000004673,004673,Developmental Check,2019-11-25
0000004673,004673,Developmental Check,2022-02-16
0000004674,004674,Case Management,2019-12-03
0000004674,004674,Case Management,2020-01-23
0000004674,004674,Case Management,2019-10-15
0000004675,004675,Family Support Visit,2023-07-01
0000004675,004675,Home Visit,2023-03-28
0000004678,004678,Family Support Visit,2021-03-19
0000004679,004679,Developmental Check,2022-01-06
0000004679,004679,Developmental Check,2021-08-10
0000004681,004681,Family Support Visit,2021-06-12
0000004681,004681,Home Visit,2020-10-14
0000004681,004681,Family Support Visit,2023-07-26
0000004681,004681,Case Management,2021-11-18
0000004682,004682,Developmental Check,2020-04-06
0000004682,004682,Home Visit,2022-10-11
0000004682,004682,Family Support Visit,2022-02-09
0000004683,004683,Developmental Check,2027-04-09
0000004683,004683,Developmental Check,2027-02-25
0000004684,004684,Developmental Check,2022-05-24
0000004684,004684,Home Visit,2022-02-09
0000004684,004684,Family Support Visit,2020-12-06
0000004685,004685,Developmental Check,2022-07-28
0000004685,004685,Developmental Check,2022-06-18
0000004687,004687,Developmental Check,2026-04-18
0000004688,004688,Home Visit,2021-01-05
0000004688,004688,Home Visit,2020-05-10
0000004688,004688,Developmental Check,2020-06-13
0000004689,004689,Developmental Check,2020-05-23
0000004689,004689,Home Visit,2020-02-26
0000004689,004689,Family Support Visit,2020-01-19
0000004689,004689,Developmental Check,2020-05-15
0000004690,004690,Developmental Check,2021-09-22
0000004690,004690,Case Management,2022-06-27
0000004692,004692,Developmental Check,2024-12-24
0000004692,004692,Family Support Visit,2025-02-10
0000004692,004692,Developmental Check,2022-10-22
0000004693,004693,Family Support Visit,2021-04-20
0000004693,004693,Family Support Visit,2021-03-28
0000004693,004693,Case Management,2021-04-30
0000004693,004693,Developmental Check,2021-09-15
0000004693,004693,Developmental Check,2023-01-25
0000004694,004694,Family Support Visit,2021-04-22
0000004694,004694,Home Visit,2021-10-06
0000004695,004695,Home Visit,2021-09-27
0000004695,004695,Family Support Visit,2021-12-28
0000004696,004696,Case Management,2023-10-10
0000004696,004696,Developmental Check,2022-01-20
0000004697,004697,Home Visit,2019-11-29
0000004697,004697,Family Support Visit,2019-11-17
0000004697,004697,Family Support Visit,2020-09-10
0000004697,004697,Developmental Check,2019-12-23
0000004698,004698,Family Support Visit,2019-05-02
0000004698,004698,Developmental Check,2019-06-10
0000004698,004698,Developmental Check,2019-12-26
0000004698,004698,Developmental Check,2019-06-20
0000004698,004698,Developmental Check,2019-08-12
0000004699,004699,Case Management,2019-06-24
0000004699,004699,Home Visit,2018-11-19
0000004700,004700,Developmental Check,2023-10-25
0000004700,004700,Developmental Check,2024-01-16
0000004701,004701,Developmental Check,2021-05-22
0000004701,004701,Developmental Check,2021-03-31
0000004702,004702,Developmental Check,2023-02-10
0000004702,004702,Family Support Visit,2023-10-27
0000004703,004703,Case Management,2020-04-10
0000004704,004704,Home Visit,2020-10-08
0000004705,004705,Home Visit,2021-10-02
0000004705,004705,Family Support Visit,2020-09-15
0000004705,004705,Case Management,2021-01-21
0000004705,004705,Home Visit,2021-08-14
0000004706,004706,Developmental Check,2022-09-04
0000004708,004708,Case Management,2021-12-04
0000004708,004708,Developmental Check,2022-04-25
0000004708,004708,Family Support Visit,2022-04-06
0000004708,004708,Home Visit,2020-10-15
0000004709,004709,Case Management,2020-09-17
0000004709,004709,Family Support Visit,2020-09-17
0000004709,004709,Developmental Check,2021-02-09
0000004709,004709,Developmental Check,2020-08-05
0000004709,004709,Case Management,2021-01-16
0000004709,004709,Developmental Check,2021-01-19
0000004710,004710,Case Management,2022-10-14
0000004710,004710,Family Support Visit,2023-01-31
0000004711,004711,Home Visit,2023-06-17
0000004711,004711,Developmental Check,2023-02-09
0000004711,004711,Home Visit,2022-12-30
0000004711,004711,Home Visit,2023-05-12
0000004711,004711,Family Support Visit,2023-08-26
0000004711,004711,Case Management,2023-06-21
0000004712,004712,Case Management,2022-12-17
0000004712,004712,Case Management,2020-07-18
0000004712,004712,Developmental Check,2020-12-05
0000004712,004712,Home Visit,2020-02-25
0000004714,004714,Family Support Visit,2023-01-15
0000004714,004714,Case Management,2020-12-03
0000004714,004714,Family Support Visit,2022-08-09
0000004715,004715,Case Management,2025-02-14
0000004715,004715,Case Management,2024-07-19
0000004716,004716,Developmental Check,2022-11-09
0000004716,004716,Family Support Visit,2023-02-26
0000004716,004716,Home Visit,2022-06-08
0000004717,004717,Home Visit,2023-10-30
0000004718,004718,Home Visit,2025-09-01
0000004718,004718,Case Management,2024-11-21
0000004718,004718,Developmental Check,2023-09-28
0000004719,004719,Home Visit,2022-07-31
0000004719,004719,Case Management,2023-09-01
0000004720,004720,Home Visit,2022-09-24
0000004720,004720,Family Support Visit,2023-05-12
0000004720,004720,Family Support Visit,2023-02-18
0000004722,004722,Case Management,2020-01-10
0000004723,004723,Developmental Check,2025-06-28
0000004724,004724,Case Management,2020-10-05
0000004725,004725,Developmental Check,2020-10-17
0000004726,004726,Case Management,2021-03-14
0000004727,004727,Case Management,2021-09-01
0000004727,004727,Family Support Visit,2021-12-12
0000004727,004727,Developmental Check,2023-02-14
0000004728,004728,Developmental Check,2021-08-18
0000004728,004728,Case Management,2021-12-05
0000004728,004728,Family Support Visit,2022-03-16
0000004728,004728,Family Support Visit,2021-08-14
0000004728,004728,Case Management,2021-09-04
0000004729,004729,Family Support Visit,2024-12-09
0000004729,004729,Home Visit,2024-11-11
0000004729,004729,Home Visit,2023-12-05
0000004729,004729,Home Visit,2024-09-29
0000004729,004729,Family Support Visit,2023-03-13
0000004729,004729,Developmental Check,2024-10-28
0000004730,004730,Developmental Check,2020-10-05
0000004730,004730,Home Visit,2022-01-30
0000004730,004730,Family Support Visit,2022-08-03
0000004731,004731,Developmental Check,2024-02-16
0000004731,004731,Case Management,2023-10-13
0000004732,004732,Developmental Check,2022-10-14
0000004732,004732,Home Visit,2023-01-25
0000004732,004732,Family Support Visit,2023-05-18
0000004732,004732,Home Visit,2023-05-11
0000004733,004733,Developmental Check,2022-06-07
0000004733,004733,Home Visit,2021-03-22
0000004733,004733,Home Visit,2022-02-05
0000004733,004733,Family Support Visit,2022-01-24
0000004734,004734,Developmental Check,2020-08-15
0000004734,004734,Case Management,2020-11-06
0000004734,004734,Case Management,2020-09-05
0000004734,004734,Developmental Check,2020-11-16
0000004737,004737,Family Support Visit,2023-04-30
0000004737,004737,Case Management,2020-02-02
0000004737,004737,Case Management,2022-03-04
0000004737,004737,Case Management,2021-04-10
0000004738,004738,Home Visit,2021-05-30
0000004739,004739,Case Management,2021-12-16
0000004739,004739,Case Management,2022-04-11
0000004740,004740,Case Management,2024-05-28
0000004742,004742,Family Support Visit,2021-04-18
0000004742,004742,Case Management,2020-12-26
0000004742,004742,Case Management,2021-04-21
0000004742,004742,Developmental Check,2020-08-13
0000004744,004744,Developmental Check,2022-07-24
0000004744,004744,Family Support Visit,2023-03-19
0000004744,004744,Home Visit,2023-09-20
0000004744,004744,Developmental Check,2021-08-10
0000004745,004745,Developmental Check,2021-03-24
0000004746,004746,Family Support Visit,2022-11-23
0000004747,004747,Family Support Visit,2023-11-30
0000004748,004748,Home Visit,2022-04-02
0000004748,004748,Case Management,2021-06-13
0000004748,004748,Home Visit,2022-02-16
0000004748,004748,Family Support Visit,2021-07-03
0000004749,004749,Case Management,2019-05-25
0000004749,004749,Home Visit,2019-10-04
0000004750,004750,Developmental Check,2022-06-10
0000004750,004750,Home Visit,2022-07-26
0000004750,004750,Developmental Check,2021-11-09
0000004752,004752,Case Management,2025-01-17
0000004753,004753,Family Support Visit,2024-11-29
0000004753,004753,Family Support Visit,2024-10-19
0000004754,004754,Home Visit,2021-06-22
0000004754,004754,Home Visit,2021-08-02
0000004754,004754,Case Management,2021-08-03
0000004754,004754,Case Management,2022-02-01
0000004754,004754,Family Support Visit,2021-03-20
0000004755,004755,Case Management,2023-06-07
0000004756,004756,Home Visit,2022-05-31
0000004756,004756,Family Support Visit,2022-08-21
0000004756,004756,Family Support Visit,2021-11-10
0000004756,004756,Case Management,2022-08-03
0000004757,004757,Developmental Check,2021-09-17
0000004757,004757,Family Support Visit,2023-08-12
0000004758,004758,Developmental Check,2020-12-22
0000004758,004758,Case Management,2021-12-08
0000004760,004760,Home Visit,2020-11-29
0000004760,004760,Developmental Check,2021-10-24
0000004760,004760,Developmental Check,2020-12-04
0000004760,004760,Developmental Check,2020-12-20
0000004761,004761,Case Management,2025-11-25
0000004762,004762,Case Management,2023-04-03
0000004762,004762,Home Visit,2023-10-21
0000004762,004762,Case Management,2023-05-20
0000004762,004762,Case Management,2023-04-20
0000004762,004762,Home Visit,2024-02-03
0000004762,004762,Developmental Check,2023-05-11
0000004763,004763,Family Support Visit,2023-03-09
0000004763,004763,Home Visit,2022-06-05
0000004763,004763,Case Management,2023-09-27
0000004764,004764,Developmental Check,2020-08-07
0000004764,004764,Home Visit,2021-03-13
0000004764,004764,Home Visit,2023-09-09
0000004764,004764,Family Support Visit,2022-06-03
0000004767,004767,Developmental Check,2020-08-05
0000004768,004768,Case Management,2021-10-24
0000004768,004768,Home Visit,2021-11-12
0000004768,004768,Family Support Visit,2022-02-06
0000004768,004768,Developmental Check,2022-02-12
0000004768,004768,Case Management,2021-07-17
0000004769,004769,Family Support Visit,2022-05-16
0000004769,004769,Home Visit,2023-12-24
0000004769,004769,Case Management,2024-10-02
0000004771,004771,Family Support Visit,2021-01-11
0000004771,004771,Home Visit,2022-01-17
0000004771,004771,Home Visit,2020-09-25
0000004771,004771,Home Visit,2023-02-11
0000004772,004772,Family Support Visit,2021-09-28
0000004772,004772,Home Visit,2024-01-08
0000004773,004773,Case Management,2023-02-17
0000004773,004773,Family Support Visit,2021-08-21
0000004773,004773,Family Support Visit,2021-12-14
0000004773,004773,Case Management,2023-03-13
0000004774,004774,Case Management,2022-06-11
0000004774,004774,Developmental Check,2022-07-22
0000004775,004775,Case Management,2021-05-31
0000004775,004775,Family Support Visit,2022-02-18
0000004775,004775,Family Support Visit,2021-07-14
0000004776,004776,Home Visit,2026-02-06
0000004777,004777,Family Support Visit,2022-04-26
0000004778,004778,Home Visit,2022-06-23
0000004778,004778,Family Support Visit,2022-09-28
0000004778,004778,Family Support Visit,2022-12-03
0000004779,004779,Home Visit,2021-07-02
0000004780,004780,Family Support Visit,2023-01-24
0000004781,004781,Case Management,2023-06-21
0000004782,004782,Home Visit,2022-05-02
0000004783,004783,Case Management,2023-08-27
0000004784,004784,Family Support Visit,2024-02-27
0000004785,004785,Family Support Visit,2020-09-05
0000004786,004786,Home Visit,2023-03-29
0000004786,004786,Developmental Check,2021-05-03
0000004787,004787,Case Management,2020-03-06
0000004787,004787,Developmental Check,2019-08-06
0000004787,004787,Case Management,2018-08-03
0000004787,004787,Home Visit,2018-09-01
0000004788,004788,Family Support Visit,2026-06-02
0000004788,004788,Home Visit,2025-11-27
0000004789,004789,Family Support Visit,2022-08-14
0000004789,004789,Family Support Visit,2022-01-12
0000004789,004789,Developmental Check,2022-05-09
0000004790,004790,Family Support Visit,2023-09-22
0000004790,004790,Developmental Check,2022-09-14
0000004790,004790,Developmental Check,2022-01-06
0000004790,004790,Developmental Check,2022-01-12
0000004791,004791,Family Support Visit,2019-10-22
0000004791,004791,Family Support Visit,2022-06-18
0000004792,004792,Home Visit,2019-10-12
0000004792,004792,Home Visit,2019-10-16
0000004794,004794,Case Management,2022-06-23
0000004794,004794,Home Visit,2022-08-12
0000004795,004795,Developmental Check,2022-10-11
0000004795,004795,Case Management,2022-08-15
0000004796,004796,Developmental Check,2022-08-11
0000004797,004797,Case Management,2022-06-15
0000004798,004798,Family Support Visit,2022-08-06
0000004798,004798,Case Management,2021-12-01
0000004798,004798,Home Visit,2023-06-09
0000004798,004798,Home Visit,2022-10-08
0000004798,004798,Developmental Check,2021-11-15
0000004798,004798,Developmental Check,2022-04-10
0000004800,004800,Developmental Check,2020-12-16
0000004800,004800,Home Visit,2020-01-20
0000004800,004800,Family Support Visit,2020-03-22
0000004800,004800,Home Visit,2019-11-24
0000004800,004800,Family Support Visit,2020-06-01
0000004800,004800,Family Support Visit,2020-10-23
0000004801,004801,Case Management,2020-02-27
0000004801,004801,Family Support Visit,2020-11-03
0000004801,004801,Family Support Visit,2019-12-18
0000004801,004801,Family Support Visit,2018-10-10
0000004801,004801,Developmental Check,2020-01-08
0000004801,004801,Case Management,2020-04-29
0000004802,004802,Home Visit,2022-07-05
0000004803,004803,Developmental Check,2021-09-14
0000004803,004803,Case Management,2019-06-09
0000004803,004803,Developmental Check,2021-12-09
0000004804,004804,Case Management,2023-11-08
0000004804,004804,Home Visit,2023-09-05
0000004805,004805,Home Visit,2022-11-23
0000004805,004805,Home Visit,2021-12-01
0000004805,004805,Case Management,2021-12-20
0000004805,004805,Home Visit,2022-07-06
0000004805,004805,Developmental Check,2022-08-30
0000004806,004806,Family Support Visit,2022-02-21
0000004807,004807,Family Support Visit,2024-06-24
0000004808,004808,Developmental Check,2020-10-16
0000004808,004808,Family Support Visit,2023-04-01
0000004809,004809,Home Visit,2024-11-15
0000004809,004809,Home Visit,2023-04-23
0000004810,004810,Developmental Check,2023-03-20
0000004810,004810,Developmental Check,2024-03-25
0000004810,004810,Family Support Visit,2023-10-12
0000004810,004810,Family Support Visit,2023-12-18
0000004810,004810,Family Support Visit,2024-03-12
0000004810,004810,Family Support Visit,2023-03-28
0000004811,004811,Home Visit,2019-06-07
0000004811,004811,Family Support Visit,2019-01-31
0000004811,004811,Family Support Visit,2019-09-21
0000004812,004812,Case Management,2023-01-09
0000004812,004812,Developmental Check,2024-01-01
0000004812,004812,Home Visit,2022-11-26
0000004812,004812,Home Visit,2023-12-17
0000004813,004813,Family Support Visit,2023-10-16
0000004814,004814,Developmental Check,2024-11-23
0000004814,004814,Case Management,2023-06-22
0000004815,004815,Developmental Check,2022-08-08
0000004815,004815,Developmental Check,2022-02-04
0000004815,004815,Developmental Check,2022-02-14
0000004816,004816,Case Management,2021-08-13
0000004816,004816,Case Management,2020-09-06
0000004816,004816,Family Support Visit,2021-06-19
0000004817,004817,Developmental Check,2024-01-20
0000004817,004817,Developmental Check,2023-10-18
0000004818,004818,Developmental Check,2024-12-19
0000004819,004819,Case Management,2022-01-13
0000004819,004819,Family Support Visit,2020-02-22
0000004819,004819,Home Visit,2021-10-31
0000004820,004820,Family Support Visit,2023-04-12
0000004820,004820,Case Management,2023-03-12
0000004823,004823,Developmental Check,2022-05-25
0000004823,004823,Family Support Visit,2022-10-19
0000004823,004823,Case Management,2022-10-27
0000004823,004823,Case Management,2022-05-05
0000004823,004823,Developmental Check,2022-03-11
0000004825,004825,Developmental Check,2020-06-23
0000004827,004827,Developmental Check,2026-03-09
0000004827,004827,Family Support Visit,2026-09-24
0000004828,004828,Family Support Visit,2022-06-10
0000004828,004828,Case Management,2023-03-21
0000004828,004828,Family Support Visit,2022-09-28
0000004828,004828,Developmental Check,2023-01-23
0000004829,004829,Case Management,2022-12-09
0000004829,004829,Case Management,2022-08-27
0000004829,004829,Family Support Visit,2022-11-21
0000004830,004830,Developmental Check,2018-11-28
0000004830,004830,Family Support Visit,2019-06-30
0000004830,004830,Home Visit,2018-12-27
0000004830,004830,Family Support Visit,2019-03-26
0000004830,004830,Case Management,2018-11-09
0000004832,004832,Developmental Check,2023-12-08
0000004832,004832,Case Management,2023-02-01
0000004833,004833,Home Visit,2021-12-06
0000004833,004833,Family Support Visit,2023-06-02
0000004833,004833,Developmental Check,2022-12-20
0000004833,004833,Case Management,2023-05-30
0000004833,004833,Family Support Visit,2023-04-03
0000004834,004834,Developmental Check,2024-11-19
0000004834,004834,Case Management,2024-02-23
0000004835,004835,Home Visit,2024-01-18
0000004835,004835,Developmental Check,2023-07-21
0000004836,004836,Developmental Check,2025-04-07
0000004837,004837,Family Support Visit,2020-09-16
0000004838,004838,Developmental Check,2019-06-23
0000004838,004838,Family Support Visit,2020-01-25
0000004838,004838,Case Management,2020-04-08
0000004839,004839,Case Management,2021-07-20
0000004839,004839,Home Visit,2021-12-24
0000004839,004839,Developmental Check,2021-12-16
0000004839,004839,Home Visit,2021-07-09
0000004839,004839,Home Visit,2021-07-31
0000004839,004839,Developmental Check,2021-04-25
0000004840,004840,Developmental Check,2025-05-31
0000004841,004841,Family Support Visit,2022-07-23
0000004842,004842,Developmental Check,2020-10-29
0000004842,004842,Developmental Check,2021-07-19
0000004842,004842,Case Management,2020-10-04
0000004842,004842,Developmental Check,2021-01-09
0000004843,004843,Family Support Visit,2019-08-21
0000004843,004843,Family Support Visit,2019-09-23
0000004843,004843,Family Support Visit,2019-05-11
0000004844,004844,Developmental Check,2019-01-13
0000004844,004844,Home Visit,2018-12-02
0000004844,004844,Developmental Check,2019-03-12
0000004844,004844,Home Visit,2020-03-03
0000004844,004844,Developmental Check,2019-01-26
0000004845,004845,Developmental Check,2021-05-26
0000004845,004845,Developmental Check,2021-07-13
0000004846,004846,Case Management,2020-08-04
0000004846,004846,Case Management,2020-04-23
0000004846,004846,Family Support Visit,2019-10-21
0000004846,004846,Developmental Check,2020-06-15
0000004848,004848,Family Support Visit,2021-12-02
0000004848,004848,Home Visit,2022-07-02
0000004848,004848,Home Visit,2022-08-30
0000004848,004848,Case Management,2023-01-31
0000004851,004851,Case Management,2021-03-16
0000004851,004851,Developmental Check,2020-10-25
0000004852,004852,Developmental Check,2020-10-30
0000004853,004853,Family Support Visit,2021-07-29
0000004853,004853,Developmental Check,2021-12-17
0000004853,004853,Family Support Visit,2021-07-08
0000004856,004856,Case Management,2021-06-12
0000004856,004856,Home Visit,2022-04-15
0000004856,004856,Developmental Check,2021-12-29
0000004856,004856,Home Visit,2021-03-12
0000004857,004857,Home Visit,2023-01-08
0000004857,004857,Home Visit,2022-06-23
0000004858,004858,Family Support Visit,2019-11-12
0000004858,004858,Developmental Check,2021-01-25
0000004858,004858,Family Support Visit,2020-01-25
0000004858,004858,Family Support Visit,2021-01-17
0000004859,004859,Case Management,2020-11-26
0000004859,004859,Case Management,2020-05-31
0000004859,004859,Case Management,2020-09-22
0000004859,004859,Case Management,2020-08-02
0000004861,004861,Developmental Check,2025-02-12
0000004861,004861,Home Visit,2023-12-15
0000004862,004862,Family Support Visit,2021-04-27
0000004862,004862,Developmental Check,2021-07-27
0000004863,004863,Case Management,2022-02-03
0000004864,004864,Home Visit,2020-06-17
0000004864,004864,Family Support Visit,2021-03-17
0000004864,004864,Case Management,2020-06-26
0000004865,004865,Case Management,2022-01-06
0000004865,004865,Case Management,2025-04-21
0000004865,004865,Family Support Visit,2025-01-15
0000004866,004866,Family Support Visit,2023-09-06
0000004866,004866,Developmental Check,2023-09-13
0000004867,004867,Case Management,2022-01-21
0000004869,004869,Family Support Visit,2022-09-28
0000004869,004869,Case Management,2021-08-14
0000004870,004870,Developmental Check,2021-08-05
0000004871,004871,Case Management,2025-02-12
0000004871,004871,Case Management,2022-03-11
0000004872,004872,Case Management,2022-05-03
0000004872,004872,Case Management,2022-08-22
0000004872,004872,Developmental Check,2023-07-07
0000004873,004873,Case Management,2022-10-26
0000004874,004874,Home Visit,2023-07-10
0000004874,004874,Developmental Check,2022-12-10
0000004874,004874,Family Support Visit,2023-09-10
0000004874,004874,Case Management,2023-06-26
0000004875,004875,Developmental Check,2025-01-30
0000004875,004875,Family Support Visit,2022-12-24
0000004876,004876,Home Visit,2023-12-02
0000004876,004876,Home Visit,2023-12-03
0000004876,004876,Developmental Check,2023-06-09
0000004876,004876,Family Support Visit,2023-07-06
0000004876,004876,Home Visit,2023-08-24
0000004877,004877,Case Management,2023-05-07
0000004878,004878,Case Management,2023-04-22
0000004878,004878,Developmental Check,2023-05-03
0000004878,004878,Developmental Check,2021-10-20
0000004881,004881,Home Visit,2020-08-02
0000004881,004881,Home Visit,2020-04-04
0000004881,004881,Case Management,2020-05-22
0000004882,004882,Home Visit,2022-04-25
0000004883,004883,Developmental Check,2023-07-25
0000004883,004883,Case Management,2023-12-14
0000004883,004883,Case Management,2023-10-03
0000004884,004884,Family Support Visit,2019-11-27
0000004884,004884,Home Visit,2019-11-07
0000004885,004885,Developmental Check,2023-01-19
0000004885,004885,Home Visit,2023-04-10
0000004886,004886,Case Management,2021-01-28
0000004886,004886,Case Management,2020-12-26
0000004886,004886,Developmental Check,2022-01-19
0000004886,004886,Developmental Check,2020-12-26
0000004886,004886,Developmental Check,2021-09-27
0000004887,004887,Home Visit,2019-04-19
0000004887,004887,Home Visit,2019-10-06
0000004888,004888,Developmental Check,2020-08-09
0000004888,004888,Case Management,2021-11-26
0000004889,004889,Developmental Check,2021-08-16
0000004889,004889,Family Support Visit,2020-02-08
0000004890,004890,Home Visit,2022-07-21
0000004890,004890,Developmental Check,2021-12-31
0000004890,004890,Family Support Visit,2022-03-10
0000004890,004890,Home Visit,2022-04-28
0000004890,004890,Home Visit,2023-05-20
0000004890,004890,Family Support Visit,2023-04-06
0000004891,004891,Family Support Visit,2022-11-06
0000004892,004892,Case Management,2023-06-05
0000004892,004892,Case Management,2022-08-17
0000004892,004892,Case Management,2022-12-08
0000004893,004893,Developmental Check,2021-11-05
0000004893,004893,Home Visit,2020-10-23
0000004893,004893,Family Support Visit,2021-07-22
0000004893,004893,Family Support Visit,2020-11-07
0000004893,004893,Home Visit,2021-06-12
0000004894,004894,Home Visit,2023-11-01
0000004894,004894,Family Support Visit,2022-12-12
0000004895,004895,Home Visit,2021-10-05
0000004896,004896,Developmental Check,2020-05-28
0000004896,004896,Case Management,2020-03-02
0000004898,004898,Home Visit,2024-06-18
0000004898,004898,Developmental Check,2023-11-05
0000004899,004899,Home Visit,2023-05-06
0000004899,004899,Home Visit,2023-09-07
0000004899,004899,Developmental Check,2023-06-01
0000004900,004900,Family Support Visit,2022-06-25
0000004901,004901,Home Visit,2022-09-01
0000004901,004901,Home Visit,2023-06-30
0000004901,004901,Home Visit,2021-12-25
0000004902,004902,Home Visit,2024-03-05
0000004902,004902,Case Management,2021-06-21
0000004904,004904,Home Visit,2021-08-23
0000004904,004904,Family Support Visit,2021-03-09
0000004904,004904,Case Management,2021-06-15
0000004904,004904,Home Visit,2021-04-13
0000004904,004904,Family Support Visit,2021-02-16
0000004904,004904,Home Visit,2021-08-06
0000004905,004905,Case Management,2022-02-18
0000004905,004905,Case Management,2019-10-09
0000004906,004906,Home Visit,2022-06-30
0000004906,004906,Home Visit,2022-06-02
0000004907,004907,Case Management,2022-05-17
0000004907,004907,Home Visit,2023-05-22
0000004907,004907,Developmental Check,2024-04-23
0000004907,004907,Home Visit,2021-07-28
0000004909,004909,Home Visit,2018-08-22
0000004909,004909,Family Support Visit,2019-05-27
0000004909,004909,Home Visit,2019-11-11
0000004909,004909,Developmental Check,2018-09-01
0000004909,004909,Case Management,2018-10-21
0000004910,004910,Family Support Visit,2020-03-22
0000004910,004910,Developmental Check,2020-02-03
0000004910,004910,Developmental Check,2020-03-05
0000004910,004910,Family Support Visit,2019-12-17
0000004910,004910,Developmental Check,2020-09-20
0000004910,004910,Family Support Visit,2020-12-25
0000004911,004911,Family Support Visit,2022-03-25
0000004911,004911,Family Support Visit,2022-05-02
0000004911,004911,Case Management,2023-06-11
0000004912,004912,Developmental Check,2024-09-13
0000004912,004912,Developmental Check,2025-11-09
0000004913,004913,Case Management,2022-03-16
0000004913,004913,Family Support Visit,2021-06-08
0000004913,004913,Developmental Check,2023-02-16
0000004913,004913,Developmental Check,2022-02-10
0000004913,004913,Developmental Check,2021-07-19
0000004916,004916,Developmental Check,2020-09-12
0000004917,004917,Case Management,2023-07-13
0000004918,004918,Home Visit,2020-08-30
0000004918,004918,Case Management,2020-03-26
0000004918,004918,Case Management,2020-06-29
0000004918,004918,Developmental Check,2020-04-02
0000004918,004918,Case Management,2020-05-27
0000004919,004919,Case Management,2021-04-13
0000004919,004919,Family Support Visit,2021-05-16
0000004919,004919,Family Support Visit,2021-05-24
0000004919,004919,Home Visit,2021-06-15
0000004919,004919,Developmental Check,2021-04-08
0000004920,004920,Developmental Check,2020-11-04
0000004920,004920,Case Management,2020-10-18
0000004921,004921,Case Management,2020-09-30
0000004921,004921,Developmental Check,2021-08-15
0000004921,004921,Family Support Visit,2019-11-12
0000004922,004922,Home Visit,2023-04-14
0000004922,004922,Developmental Check,2021-10-06
0000004922,004922,Case Management,2021-10-17
0000004923,004923,Family Support Visit,2023-12-22
0000004923,004923,Case Management,2023-11-11
0000004924,004924,Case Management,2021-01-31
0000004924,004924,Case Management,2021-05-24
0000004924,004924,Family Support Visit,2021-03-15
0000004924,004924,Case Management,2019-12-20
0000004924,004924,Developmental Check,2019-11-16
0000004924,004924,Family Support Visit,2020-02-24
0000004925,004925,Home Visit,2023-12-13
0000004926,004926,Home Visit,2021-02-20
0000004927,004927,Home Visit,2024-10-10
0000004927,004927,Family Support Visit,2022-04-25
0000004927,004927,Developmental Check,2024-05-27
0000004928,004928,Home Visit,2022-07-15
0000004928,004928,Case Management,2024-08-24
0000004929,004929,Family Support Visit,2019-04-10
0000004931,004931,Developmental Check,2021-12-16
0000004931,004931,Family Support Visit,2021-04-07
0000004931,004931,Home Visit,2021-09-07
0000004932,004932,Case Management,2022-09-18
0000004935,004935,Case Management,2025-01-06
0000004936,004936,Family Support Visit,2023-03-30
0000004936,004936,Developmental Check,2020-06-05
0000004937,004937,Home Visit,2024-03-14
0000004937,004937,Case Management,2022-12-03
0000004939,004939,Developmental Check,2022-12-11
0000004939,004939,Developmental Check,2022-04-19
0000004939,004939,Home Visit,2022-05-02
0000004940,004940,Case Management,2024-01-01
0000004941,004941,Developmental Check,2019-07-04
0000004941,004941,Home Visit,2019-04-29
0000004941,004941,Developmental Check,2019-08-03
0000004942,004942,Family Support Visit,2023-08-13
0000004942,004942,Home Visit,2024-04-11
0000004942,004942,Family Support Visit,2022-05-09
0000004943,004943,Developmental Check,2022-07-08
0000004943,004943,Family Support Visit,2023-07-06
0000004943,004943,Developmental Check,2023-01-09
0000004944,004944,Developmental Check,2025-12-30
0000004944,004944,Developmental Check,2025-09-24
0000004944,004944,Case Management,2025-11-27
0000004944,004944,Home Visit,2024-05-23
0000004947,004947,Family Support Visit,2019-05-13
0000004947,004947,Case Management,2018-12-29
0000004947,004947,Developmental Check,2019-06-11
0000004947,004947,Developmental Check,2019-03-13
0000004947,004947,Home Visit,2019-05-07
0000004947,004947,Developmental Check,2019-08-19
0000004948,004948,Home Visit,2020-08-22
0000004948,004948,Case Management,2021-01-05
0000004949,004949,Home Visit,2021-12-19
0000004949,004949,Case Management,2023-05-17
0000004949,004949,Home Visit,2021-11-30
0000004949,004949,Developmental Check,2021-11-25
0000004950,004950,Developmental Check,2021-10-17
0000004950,004950,Case Management,2021-01-17
0000004950,004950,Developmental Check,2021-01-12
0000004951,004951,Home Visit,2019-06-26
0000004951,004951,Family Support Visit,2020-03-16
0000004951,004951,Case Management,2020-11-27
0000004951,004951,Home Visit,2020-06-02
0000004952,004952,Case Management,2021-10-03
0000004952,004952,Family Support Visit,2022-01-04
0000004952,004952,Family Support Visit,2021-02-18
0000004953,004953,Case Management,2022-06-04
0000004953,004953,Case Management,2023-06-08
0000004954,004954,Case Management,2020-06-09
0000004956,004956,Developmental Check,2020-07-13
0000004956,004956,Developmental Check,2020-08-27
0000004956,004956,Case Management,2020-10-07
0000004956,004956,Developmental Check,2020-04-29
0000004957,004957,Family Support Visit,2020-11-06
0000004957,004957,Developmental Check,2020-08-09
0000004957,004957,Developmental Check,2020-10-07
0000004958,004958,Developmental Check,2022-09-20
0000004958,004958,Home Visit,2024-06-29
0000004959,004959,Developmental Check,2021-10-05
0000004959,004959,Family Support Visit,2020-06-19
0000004959,004959,Developmental Check,2021-11-29
0000004959,004959,Family Support Visit,2020-11-30
0000004959,004959,Developmental Check,2023-02-11
0000004960,004960,Home Visit,2023-01-23
0000004960,004960,Developmental Check,2022-12-19
0000004960,004960,Developmental Check,2025-01-16
0000004960,004960,Developmental Check,2025-05-25
0000004961,004961,Family Support Visit,2019-07-05
0000004961,004961,Case Management,2020-01-08
0000004961,004961,Family Support Visit,2020-12-17
0000004962,004962,Developmental Check,2022-03-05
0000004962,004962,Family Support Visit,2021-05-30
0000004963,004963,Family Support Visit,2022-12-28
0000004963,004963,Developmental Check,2022-02-07
0000004963,004963,Case Management,2021-06-14
0000004964,004964,Case Management,2021-09-01
0000004965,004965,Home Visit,2024-08-31
0000004965,004965,Case Management,2022-02-04
0000004966,004966,Case Management,2021-06-23
0000004966,004966,Case Management,2020-05-13
0000004966,004966,Family Support Visit,2020-11-05
0000004967,004967,Developmental Check,2022-07-06
0000004967,004967,Home Visit,2022-07-10
0000004967,004967,Developmental Check,2021-12-06
0000004967,004967,Family Support Visit,2022-05-21
0000004968,004968,Developmental Check,2020-09-02
0000004968,004968,Family Support Visit,2020-12-26
0000004968,004968,Home Visit,2020-10-21
0000004973,004973,Family Support Visit,2024-06-19
0000004973,004973,Home Visit,2026-11-09
0000004973,004973,Case Management,2023-12-31
0000004974,004974,Case Management,2022-04-28
0000004974,004974,Family Support Visit,2021-05-02
0000004974,004974,Family Support Visit,2021-04-23
0000004974,004974,Case Management,2021-10-05
0000004974,004974,Home Visit,2021-10-26
0000004974,004974,Developmental Check,2022-02-09
0000004975,004975,Family Support Visit,2025-05-20
0000004976,004976,Home Visit,2019-12-30
0000004976,004976,Home Visit,2020-01-02
0000004977,004977,Family Support Visit,2021-12-31
0000004977,004977,Case Management,2021-10-26
0000004977,004977,Developmental Check,2021-11-11
0000004977,004977,Family Support Visit,2022-02-09
0000004978,004978,Family Support Visit,2021-03-26
0000004978,004978,Developmental Check,2020-08-08
0000004979,004979,Case Management,2020-12-03
0000004979,004979,Home Visit,2024-08-12
0000004980,004980,Case Management,2024-07-13
0000004980,004980,Home Visit,2021-03-17
0000004980,004980,Home Visit,2024-08-19
0000004980,004980,Developmental Check,2023-12-31
0000004981,004981,Developmental Check,2022-03-31
0000004981,004981,Home Visit,2021-03-08
0000004981,004981,Family Support Visit,2022-02-08
0000004981,004981,Case Management,2021-03-12
0000004982,004982,Case Management,2025-03-14
0000004983,004983,Developmental Check,2023-11-07
0000004983,004983,Family Support Visit,2021-10-17
0000004984,004984,Case Management,2023-08-12
0000004984,004984,Family Support Visit,2022-10-30
0000004985,004985,Home Visit,2020-09-30
0000004986,004986,Home Visit,2023-04-06
0000004986,004986,Case Management,2026-05-21
0000004987,004987,Case Management,2021-03-02
0000004987,004987,Developmental Check,2023-03-21
0000004988,004988,Home Visit,2018-11-28
0000004988,004988,Case Management,2020-10-19
0000004989,004989,Developmental Check,2023-12-27
0000004990,004990,Home Visit,2022-09-06
0000004990,004990,Developmental Check,2025-04-13
0000004992,004992,Home Visit,2019-05-14
0000004993,004993,Developmental Check,2025-02-19
0000004993,004993,Home Visit,2024-06-28
0000004994,004994,Family Support Visit,2020-03-25
0000004995,004995,Family Support Visit,2024-01-05
0000004995,004995,Family Support Visit,2023-05-15
0000004997,004997,Home Visit,2022-05-11
0000004997,004997,Home Visit,2021-11-25
0000004997,004997,Case Management,2021-07-15
0000004997,004997,Family Support Visit,2021-08-20
0000004999,004999,Home Visit,2021-06-20
0000004999,004999,Home Visit,2019-10-07
0000004999,004999,Family Support Visit,2020-11-14
0000004999,004999,Developmental Check,2019-06-10
0000005000,005000,Home Visit,2024-02-29
