Child DCN,Child MOSIS ID,RefProgramType.Description,EnrollmentDate,ServicePlanDate,ServicePlanEndDate,VisitingIndicator,NumberOfDaysInAttendance,RefStudentGradeLevel.Description,RefFundingSource.Descriptions
0000000001,000001,Childcare Subsidy,2020-03-14,2020-03-19,2021-07-09,No,49,,Private
0000000002,000002,Early Intervention,2020-05-17,2020-06-03,2022-09-13,No,38,Early Intervention,Federal
0000000002,000002,State Pre-K,2022-10-12,2022-10-13,2023-12-16,No,135,Pre-K,Private
0000000003,000003,Childcare Subsidy,2021-10-16,2021-11-05,2023-01-14,No,101,,Local
0000000004,000004,First Steps,2023-01-28,2023-02-09,2024-01-10,No,31,Early Intervention,State
0000000005,000005,First Steps,2019-05-30,2019-06-15,2020-05-28,No,16,Early Intervention,Private
0000000006,000006,First Steps,2021-08-11,2021-09-04,2024-03-22,No,56,Early Intervention,Federal
0000000006,000006,Head Start,2024-06-19,2024-06-26,2025-11-05,No,82,Pre-K,Federal
0000000007,000007,Home Visiting,2022-06-30,2022-07-03,2024-06-02,Yes,14,,Local
0000000007,000007,Head Start,2024-06-09,2024-06-16,2025-06-22,No,116,Pre-K,State
0000000008,000008,Home Visiting,2021-09-02,2021-09-16,2023-09-08,Yes,17,,State
0000000008,000008,Early Intervention,2023-09-24,2023-10-16,2025-08-16,No,18,Early Intervention,Private
0000000009,000009,Child Care,2019-05-22,2019-06-03,2020-04-07,No,55,,Federal
0000000009,000009,Early Intervention,2020-09-17,2020-10-08,2020-12-10,No,8,Early Intervention,State
0000000010,000010,Childcare Subsidy,2020-04-01,2020-04-18,2021-06-20,No,182,,Local
0000000010,000010,Childcare Subsidy,2021-07-24,2021-07-27,2022-10-13,No,170,,State
0000000010,000010,Childcare Subsidy,2023-02-02,2023-02-13,2024-07-16,No,155,,Private
0000000010,000010,First Steps,2020-01-17,2020-02-03,2020-10-09,No,11,Early Intervention,Federal
0000000010,000010,First Steps,2020-12-15,2020-12-20,2022-10-31,No,35,Early Intervention,Federal
0000000011,000011,Child Care,2018-06-29,2018-07-19,2021-05-31,No,119,,Local
0000000011,000011,Childcare Subsidy,2021-06-10,2021-06-13,2022-08-11,No,61,,State
0000000011,000011,Child Care,2022-08-12,2022-08-30,2023-08-18,No,156,,Local
0000000012,000012,Childcare Subsidy,2021-07-07,2021-08-05,2024-03-04,No,114,,State
0000000012,000012,Child Care,2021-09-04,2021-09-19,2025-06-09,No,106,,Local
0000000013,000013,Child Care,2021-02-10,2021-03-09,2022-07-11,No,123,,Local
0000000013,000013,Head Start,2022-10-19,2022-11-14,2024-02-19,No,110,Pre-K,Private
0000000013,000013,Child Care,2024-05-03,2024-05-22,2025-01-01,No,52,,State
0000000014,000014,Child Care,2023-03-27,2023-04-19,2024-05-24,No,63,,Federal
0000000014,000014,Child Care,2024-06-07,2024-07-05,2025-08-18,No,180,,State
0000000014,000014,Child Care,2025-09-17,2025-09-22,2026-10-16,No,83,,State
0000000015,000015,Home Visiting,2019-09-08,2019-09-16,2021-12-07,Yes,18,,Federal
0000000016,000016,Child Care,2021-03-04,2021-03-30,2021-08-16,No,83,,Local
0000000017,000017,First Steps,2022-02-18,2022-03-20,2023-02-07,No,48,Early Intervention,Private
0000000018,000018,Child Care,2018-09-28,2018-10-15,2020-10-16,No,52,,State
0000000018,000018,Early Head Start,2020-11-15,2020-12-09,2022-07-19,No,183,,Private
0000000018,000018,Head Start,2022-08-01,2022-08-05,2024-01-05,No,116,Pre-K,Local
0000000019,000019,Home Visiting,2022-07-23,2022-08-11,2023-01-01,Yes,3,,Local
0000000020,000020,First Steps,2022-01-14,2022-02-07,2023-08-27,No,44,Early Intervention,Local
0000000021,000021,Early Head Start,2022-10-01,2022-10-23,2024-11-23,No,154,,Local
0000000021,000021,Child Care,2022-11-22,2022-12-07,2026-08-24,No,63,,State
0000000021,000021,Early Intervention,2022-03-28,2022-04-24,2024-08-12,No,35,Early Intervention,State
0000000022,000022,Home Visiting,2019-08-05,2019-08-27,2020-05-05,Yes,24,,Federal
0000000022,000022,Childcare Subsidy,2020-05-09,2020-05-21,2022-02-27,No,40,,State
0000000023,000023,Home Visiting,2018-12-27,2019-01-24,2019-05-05,Yes,15,,Federal
0000000023,000023,First Steps,2019-09-30,2019-10-20,2020-09-27,No,13,Early Intervention,Federal
0000000024,000024,Early Intervention,2022-01-22,2022-01-24,2022-10-19,No,47,Early Intervention,Local
0000000024,000024,Early Head Start,2022-12-10,2022-12-19,2024-08-16,No,173,,Local
0000000025,000025,Early Intervention,2022-03-04,2022-03-18,2023-01-29,No,31,Early Intervention,Local
0000000025,000025,Childcare Subsidy,2023-02-05,2023-02-08,2023-10-04,No,147,,State
0000000026,000026,Child Care,2020-05-31,2020-06-01,2022-03-17,No,69,,Local
0000000026,000026,Early Intervention,2022-04-14,2022-04-27,2023-10-09,No,31,Early Intervention,Local
0000000027,000027,Childcare Subsidy,2020-04-23,2020-05-04,2022-02-03,No,54,,Private
0000000027,000027,Head Start,2022-05-17,2022-06-06,2023-10-09,No,119,Pre-K,Local
0000000028,000028,Early Head Start,2019-11-15,2019-11-18,2021-07-26,No,81,,Federal
0000000028,000028,State Pre-K,2021-08-12,2021-08-14,2023-01-21,No,169,Pre-K,Local
0000000028,000028,Childcare Subsidy,2023-01-31,2023-02-14,2023-09-05,No,89,,Federal
0000000029,000029,First Steps,2021-01-03,2021-01-06,2023-08-19,No,13,Early Intervention,State
0000000030,000030,Early Head Start,2020-04-27,2020-05-23,2021-05-03,No,139,,Local
0000000030,000030,First Steps,2021-05-18,2021-06-10,2023-01-14,No,36,Early Intervention,Private
0000000030,000030,Childcare Subsidy,2023-02-13,2023-03-08,2024-04-30,No,158,,Local
0000000031,000031,Early Head Start,2020-11-19,2020-11-29,2021-03-27,No,91,,Local
0000000032,000032,Childcare Subsidy,2020-09-02,2020-09-27,2022-07-20,No,140,,Local
0000000032,000032,Childcare Subsidy,2022-07-26,2022-08-18,2024-05-11,No,47,,Private
0000000032,000032,Early Intervention,2019-11-27,2019-12-12,2021-10-13,No,34,Early Intervention,Local
0000000033,000033,Child Care,2022-06-07,2022-06-25,2023-04-09,No,91,,Federal
0000000034,000034,Child Care,2020-03-22,2020-04-06,2021-06-16,No,69,,Federal
0000000034,000034,Early Head Start,2021-07-10,2021-08-01,2023-04-01,No,143,,Local
0000000034,000034,State Pre-K,2023-04-22,2023-05-04,2024-02-01,No,87,Pre-K,Local
0000000035,000035,Childcare Subsidy,2022-01-04,2022-01-31,2023-01-01,No,113,,Local
0000000036,000036,Early Intervention,2021-02-12,2021-02-20,2021-12-20,No,13,Early Intervention,State
0000000036,000036,Early Head Start,2022-01-19,2022-01-22,2022-08-18,No,79,,Federal
0000000036,000036,Early Intervention,2022-09-07,2022-10-07,2023-07-11,No,19,Early Intervention,Private
0000000037,000037,Early Head Start,2020-02-19,2020-02-22,2021-10-20,No,175,,Private
0000000037,000037,Head Start,2021-10-30,2021-11-27,2024-04-26,No,90,Pre-K,Private
0000000038,000038,Childcare Subsidy,2021-02-05,2021-02-09,2022-08-17,No,63,,Federal
0000000038,000038,Early Head Start,2022-08-29,2022-09-18,2024-09-14,No,134,,Local
0000000038,000038,Head Start,2024-10-14,2024-10-19,2025-12-22,No,100,Pre-K,Local
0000000039,000039,Early Head Start,2020-02-07,2020-02-14,2020-11-01,No,141,,Local
0000000039,000039,First Steps,2020-11-30,2020-12-29,2021-10-21,No,22,Early Intervention,State
0000000040,000040,Home Visiting,2022-08-28,2022-09-03,2025-01-02,Yes,16,,State
0000000040,000040,Child Care,2025-01-13,2025-02-04,2026-08-04,No,63,,State
0000000040,000040,Early Head Start,2022-02-04,2022-02-22,2025-01-05,No,79,,Federal
0000000040,000040,Head Start,2025-01-08,2025-01-14,2026-08-04,No,140,Pre-K,Local
0000000040,000040,Early Intervention,2022-02-04,2022-02-14,2024-10-14,No,37,Early Intervention,Local
0000000041,000041,Child Care,2021-12-13,2021-12-16,2024-05-01,No,57,,Federal
0000000041,000041,State Pre-K,2022-01-15,2022-01-30,2025-07-12,No,106,Pre-K,Local
0000000041,000041,Home Visiting,2021-01-12,2021-01-17,2023-12-09,Yes,22,,Local
0000000042,000042,Home Visiting,2020-09-13,2020-09-19,2021-08-22,Yes,5,,Private
0000000043,000043,Early Head Start,2019-02-23,2019-03-13,2020-06-03,No,197,,Federal
0000000044,000044,Child Care,2023-06-30,2023-07-18,2025-04-23,No,184,,Private
0000000044,000044,Childcare Subsidy,2023-08-17,2023-09-01,2026-12-27,No,47,,State
0000000044,000044,Home Visiting,2022-07-14,2022-08-04,2023-06-25,Yes,9,,Federal
0000000045,000045,First Steps,2020-08-28,2020-09-03,2022-05-12,No,22,Early Intervention,Federal
0000000046,000046,Child Care,2021-04-03,2021-04-24,2022-02-02,No,124,,Federal
0000000047,000047,Home Visiting,2023-05-25,2023-05-26,2025-02-03,Yes,8,,Private
0000000047,000047,Child Care,2025-02-27,2025-03-08,2026-05-24,No,58,,Private
0000000047,000047,Childcare Subsidy,2026-06-04,2026-06-08,2027-01-06,No,60,,Federal
0000000048,000048,Child Care,2021-08-02,2021-08-22,2022-04-04,No,186,,Local
0000000048,000048,First Steps,2022-06-01,2022-06-12,2024-05-24,No,11,Early Intervention,State
0000000048,000048,Child Care,2024-09-10,2024-09-11,2025-03-17,No,111,,Federal
0000000049,000049,Early Head Start,2023-01-29,2023-02-20,2025-03-25,No,94,,Private
0000000049,000049,Child Care,2025-03-28,2025-04-24,2027-03-03,No,130,,Local
0000000049,000049,Early Intervention,2022-09-03,2022-09-17,2024-11-24,No,49,Early Intervention,State
0000000050,000050,First Steps,2023-02-20,2023-02-23,2024-05-10,No,27,Early Intervention,State
0000000050,000050,First Steps,2024-07-08,2024-07-11,2025-02-05,No,26,Early Intervention,State
0000000051,000051,Home Visiting,2018-10-30,2018-11-15,2019-09-07,Yes,15,,Private
0000000052,000052,Early Intervention,2020-10-08,2020-10-14,2021-06-06,No,47,Early Intervention,Federal
0000000052,000052,Childcare Subsidy,2021-07-06,2021-08-01,2023-05-24,No,104,,Federal
0000000053,000053,Child Care,2022-06-20,2022-06-26,2024-12-06,No,145,,Federal
0000000054,000054,Child Care,2020-09-27,2020-10-05,2022-05-11,No,55,,Local
0000000054,000054,Childcare Subsidy,2022-06-03,2022-06-19,2024-04-02,No,92,,Federal
0000000054,000054,Head Start,2024-04-13,2024-05-09,2025-06-13,No,141,Pre-K,State
0000000055,000055,Home Visiting,2020-11-05,2020-11-23,2022-11-22,Yes,5,,Private
0000000055,000055,State Pre-K,2023-03-05,2023-04-01,2025-07-20,No,105,Pre-K,State
0000000055,000055,Childcare Subsidy,2021-01-20,2021-02-01,2022-05-16,No,169,,Federal
0000000056,000056,Childcare Subsidy,2020-05-02,2020-05-31,2022-12-22,No,202,,Local
0000000056,000056,Child Care,2023-01-21,2023-02-14,2023-12-02,No,209,,Federal
0000000056,000056,Child Care,2019-06-04,2019-06-20,2020-08-24,No,159,,Local
0000000057,000057,Childcare Subsidy,2021-03-14,2021-03-23,2022-03-26,No,123,,Private
0000000058,000058,Childcare Subsidy,2021-03-13,2021-03-20,2021-11-14,No,32,,Local
0000000058,000058,Home Visiting,2022-01-23,2022-02-22,2022-09-05,Yes,11,,State
0000000059,000059,Early Head Start,2020-08-28,2020-09-27,2022-06-24,No,132,,Federal
0000000060,000060,Childcare Subsidy,2020-01-27,2020-02-11,2022-06-13,No,157,,Federal
0000000061,000061,First Steps,2019-06-02,2019-06-24,2021-02-11,No,52,Early Intervention,Private
0000000062,000062,Early Head Start,2020-03-21,2020-04-17,2021-03-04,No,104,,State
0000000063,000063,Childcare Subsidy,2020-05-14,2020-06-05,2022-01-19,No,128,,Private
0000000063,000063,First Steps,2022-01-31,2022-02-20,2024-08-19,No,22,Early Intervention,State
0000000064,000064,Early Head Start,2020-09-23,2020-10-02,2021-11-11,No,173,,Local
0000000064,000064,Home Visiting,2022-02-14,2022-02-21,2023-09-11,Yes,18,,State
0000000065,000065,Home Visiting,2021-04-23,2021-05-05,2023-02-10,Yes,15,,Private
0000000066,000066,Early Head Start,2022-07-13,2022-08-12,2024-02-26,No,87,,Federal
0000000066,000066,Child Care,2024-05-19,2024-06-09,2025-09-02,No,164,,Federal
0000000067,000067,Childcare Subsidy,2022-12-12,2023-01-10,2024-05-25,No,61,,Local
0000000068,000068,Early Head Start,2021-04-20,2021-05-11,2023-11-06,No,156,,Federal
0000000069,000069,Early Head Start,2020-09-13,2020-10-02,2021-09-12,No,94,,State
0000000069,000069,Home Visiting,2021-09-22,2021-09-23,2022-12-31,Yes,16,,Local
0000000069,000069,Childcare Subsidy,2023-01-03,2023-01-14,2024-11-30,No,65,,Federal
0000000070,000070,Early Intervention,2020-08-21,2020-08-29,2021-12-19,No,9,Early Intervention,Local
0000000070,000070,Childcare Subsidy,2021-12-23,2022-01-02,2023-11-01,No,147,,State
0000000070,000070,First Steps,2019-10-16,2019-11-03,2021-03-21,No,14,Early Intervention,State
0000000070,000070,Childcare Subsidy,2021-03-25,2021-04-10,2021-11-03,No,136,,Federal
0000000070,000070,Head Start,2021-11-11,2021-11-23,2022-12-11,No,134,Pre-K,Local
0000000071,000071,First Steps,2021-11-03,2021-11-19,2023-08-29,No,30,Early Intervention,State
0000000071,000071,Childcare Subsidy,2023-11-21,2023-11-27,2025-05-05,No,143,,State
0000000072,000072,Early Intervention,2021-05-10,2021-05-16,2022-09-02,No,22,Early Intervention,Private
0000000072,000072,Child Care,2022-09-10,2022-09-21,2023-07-16,No,70,,Federal
0000000073,000073,Childcare Subsidy,2021-02-08,2021-03-06,2022-03-06,No,68,,State
0000000073,000073,Early Head Start,2021-04-05,2021-04-20,2023-03-12,No,133,,Private
0000000074,000074,First Steps,2019-12-19,2020-01-15,2021-02-02,No,10,Early Intervention,Private
0000000074,000074,Home Visiting,2021-02-21,2021-02-28,2023-01-13,Yes,13,,Private
0000000075,000075,Early Intervention,2021-01-19,2021-01-20,2023-12-10,No,42,Early Intervention,Federal
0000000075,000075,State Pre-K,2023-12-29,2024-01-15,2024-07-23,No,113,Pre-K,Private
0000000075,000075,Early Head Start,2020-01-24,2020-01-25,2021-01-25,No,91,,State
0000000075,000075,Childcare Subsidy,2021-01-30,2021-02-14,2023-08-04,No,157,,Federal
0000000076,000076,Child Care,2022-09-07,2022-09-20,2023-09-18,No,70,,State
0000000076,000076,Early Intervention,2023-10-01,2023-10-07,2024-12-05,No,22,Early Intervention,State
0000000076,000076,Childcare Subsidy,2024-12-23,2024-12-24,2026-05-12,No,164,,State
0000000077,000077,Early Intervention,2021-07-19,2021-07-27,2022-02-15,No,25,Early Intervention,State
0000000077,000077,Home Visiting,2021-08-26,2021-09-10,2022-07-02,Yes,14,,Local
0000000078,000078,First Steps,2019-03-13,2019-04-04,2020-07-13,No,24,Early Intervention,Private
0000000078,000078,Home Visiting,2020-07-30,2020-08-26,2022-03-05,Yes,20,,Federal
0000000078,000078,Head Start,2022-03-27,2022-04-12,2023-02-17,No,123,Pre-K,Private
0000000079,000079,Childcare Subsidy,2022-11-13,2022-12-02,2024-01-11,No,82,,Federal
0000000079,000079,Childcare Subsidy,2024-02-07,2024-02-19,2025-02-25,No,149,,Local
0000000080,000080,Childcare Subsidy,2022-03-05,2022-03-09,2024-06-07,No,186,,Private
0000000081,000081,Home Visiting,2019-11-17,2019-12-10,2020-08-21,Yes,12,,State
0000000081,000081,Childcare Subsidy,2021-01-06,2021-01-30,2022-01-10,No,114,,Private
0000000081,000081,Home Visiting,2022-06-04,2022-06-27,2023-03-20,Yes,6,,Private
0000000081,000081,State Pre-K,2023-08-27,2023-08-30,2024-02-12,No,116,Pre-K,Federal
0000000082,000082,Early Head Start,2022-04-17,2022-05-11,2023-10-14,No,180,,Local
0000000082,000082,Early Head Start,2022-06-10,2022-06-25,2025-10-23,No,128,,Federal
0000000082,000082,Childcare Subsidy,2025-10-25,2025-11-15,2026-06-23,No,46,,State
0000000083,000083,Childcare Subsidy,2019-11-14,2019-12-01,2020-04-19,No,40,,Local
0000000083,000083,Childcare Subsidy,2020-05-02,2020-05-20,2020-12-04,No,109,,Federal
0000000084,000084,First Steps,2020-12-16,2021-01-02,2021-12-26,No,49,Early Intervention,Local
0000000084,000084,Early Intervention,2022-04-12,2022-04-16,2023-02-06,No,43,Early Intervention,Private
0000000085,000085,First Steps,2019-03-14,2019-03-22,2022-03-01,No,16,Early Intervention,State
0000000085,000085,Head Start,2019-04-21,2019-05-06,2024-01-31,No,142,Pre-K,Federal
0000000086,000086,Early Intervention,2019-08-10,2019-08-22,2020-02-13,No,28,Early Intervention,State
0000000087,000087,First Steps,2022-10-15,2022-10-19,2024-03-16,No,27,Early Intervention,Private
0000000087,000087,Childcare Subsidy,2024-04-02,2024-04-04,2026-07-21,No,111,,Local
0000000087,000087,Childcare Subsidy,2022-01-21,2022-02-11,2023-08-21,No,153,,Local
0000000088,000088,Child Care,2020-08-27,2020-09-22,2023-01-08,No,182,,Local
0000000088,000088,Childcare Subsidy,2023-02-03,2023-02-19,2024-04-15,No,177,,State
0000000089,000089,Childcare Subsidy,2022-11-11,2022-12-01,2025-05-07,No,109,,Federal
0000000090,000090,First Steps,2022-07-29,2022-08-24,2023-11-05,No,21,Early Intervention,Private
0000000091,000091,Child Care,2021-12-04,2021-12-29,2024-02-10,No,183,,Federal
0000000092,000092,Childcare Subsidy,2020-05-02,2020-05-18,2021-03-07,No,63,,State
0000000092,000092,Childcare Subsidy,2021-07-13,2021-08-03,2021-12-16,No,106,,State
0000000092,000092,Childcare Subsidy,2022-03-17,2022-03-30,2023-01-24,No,41,,State
0000000093,000093,Childcare Subsidy,2023-05-09,2023-05-28,2025-04-27,No,178,,State
0000000094,000094,Childcare Subsidy,2019-02-23,2019-03-11,2020-07-01,No,90,,State
0000000095,000095,First Steps,2020-09-06,2020-10-02,2022-09-09,No,30,Early Intervention,Federal
0000000095,000095,Child Care,2022-11-22,2022-12-20,2024-12-07,No,108,,Private
0000000096,000096,First Steps,2021-06-14,2021-06-27,2022-05-28,No,25,Early Intervention,Local
0000000096,000096,Early Intervention,2021-07-27,2021-08-11,2023-05-26,No,47,Early Intervention,Federal
0000000097,000097,Early Intervention,2019-05-21,2019-06-01,2022-01-01,No,37,Early Intervention,Federal
0000000097,000097,State Pre-K,2022-01-08,2022-01-26,2023-12-10,No,125,Pre-K,Federal
0000000098,000098,Early Head Start,2019-11-16,2019-12-14,2022-11-13,No,136,,Federal
0000000099,000099,Early Head Start,2021-11-18,2021-12-07,2023-09-20,No,91,,State
0000000100,000100,Early Head Start,2021-10-29,2021-11-09,2024-01-24,No,217,,Private
0000000100,000100,Child Care,2024-04-12,2024-04-29,2026-08-19,No,97,,Federal
0000000101,000101,Early Intervention,2020-12-02,2021-01-01,2022-07-04,No,23,Early Intervention,Private
0000000102,000102,Home Visiting,2019-06-06,2019-06-30,2021-02-05,Yes,7,,Local
0000000102,000102,First Steps,2021-02-12,2021-03-02,2024-02-19,No,15,Early Intervention,Private
0000000103,000103,Home Visiting,2021-07-04,2021-07-09,2022-01-06,Yes,16,,Private
0000000103,000103,Home Visiting,2022-01-09,2022-02-04,2023-01-26,Yes,10,,Local
0000000103,000103,Child Care,2023-02-19,2023-02-22,2023-05-20,No,60,,State
0000000103,000103,Child Care,2023-06-15,2023-07-08,2023-10-21,No,88,,Federal
0000000103,000103,Childcare Subsidy,2023-11-15,2023-12-08,2024-09-21,No,60,,Federal
0000000104,000104,Early Head Start,2021-05-11,2021-05-25,2022-06-28,No,141,,Local
0000000105,000105,Early Head Start,2018-10-19,2018-10-27,2019-10-11,No,142,,State
0000000106,000106,Home Visiting,2023-08-24,2023-09-06,2025-12-21,Yes,19,,State
0000000106,000106,State Pre-K,2026-01-02,2026-01-12,2027-05-20,No,119,Pre-K,Federal
0000000107,000107,Childcare Subsidy,2020-06-25,2020-07-21,2021-07-28,No,67,,Local
0000000108,000108,Early Intervention,2019-06-27,2019-07-27,2020-11-17,No,10,Early Intervention,Local
0000000108,000108,Child Care,2020-12-01,2020-12-29,2023-05-12,No,134,,Private
0000000108,000108,First Steps,2019-03-16,2019-03-18,2021-04-01,No,51,Early Intervention,Federal
0000000109,000109,First Steps,2019-12-21,2020-01-08,2021-04-04,No,32,Early Intervention,Federal
0000000110,000110,Early Intervention,2022-06-28,2022-06-29,2023-03-11,No,19,Early Intervention,Private
0000000110,000110,Child Care,2023-08-23,2023-09-04,2024-02-06,No,114,,Local
0000000111,000111,Childcare Subsidy,2019-08-07,2019-08-14,2020-03-16,No,138,,Federal
0000000111,000111,Childcare Subsidy,2020-03-20,2020-04-17,2020-12-13,No,50,,Private
0000000112,000112,Childcare Subsidy,2020-06-20,2020-06-28,2021-08-19,No,49,,Private
0000000113,000113,Home Visiting,2019-06-17,2019-06-24,2019-09-16,Yes,7,,Federal
0000000113,000113,First Steps,2019-09-24,2019-10-02,2020-07-19,No,30,Early Intervention,Local
0000000114,000114,Childcare Subsidy,2020-01-31,2020-02-22,2021-06-13,No,145,,Local
0000000115,000115,First Steps,2021-07-11,2021-07-27,2022-09-15,No,50,Early Intervention,State
0000000115,000115,First Steps,2022-12-23,2023-01-20,2024-03-24,No,33,Early Intervention,Private
0000000116,000116,Childcare Subsidy,2022-10-25,2022-10-30,2024-11-21,No,84,,Local
0000000116,000116,Childcare Subsidy,2025-02-04,2025-02-23,2026-12-17,No,184,,Federal
0000000117,000117,Home Visiting,2019-09-11,2019-09-29,2021-10-21,Yes,16,,State
0000000117,000117,Childcare Subsidy,2021-11-11,2021-12-03,2024-05-25,No,92,,Private
0000000118,000118,Early Head Start,2021-03-24,2021-04-18,2023-06-25,No,185,,Federal
0000000119,000119,Early Head Start,2021-10-09,2021-10-21,2022-03-24,No,73,,Local
0000000119,000119,Home Visiting,2022-08-31,2022-09-28,2022-11-30,Yes,3,,Local
0000000120,000120,First Steps,2021-02-07,2021-02-23,2022-10-25,No,28,Early Intervention,Private
0000000120,000120,Early Head Start,2022-10-26,2022-11-25,2024-10-29,No,58,,Local
0000000120,000120,Head Start,2024-11-22,2024-12-02,2025-08-05,No,94,Pre-K,Local
0000000120,000120,First Steps,2021-08-01,2021-08-22,2022-10-28,No,32,Early Intervention,Private
0000000121,000121,Childcare Subsidy,2020-08-07,2020-08-23,2023-06-05,No,110,,State
0000000121,000121,Head Start,2023-07-04,2023-07-25,2025-03-04,No,80,Pre-K,Federal
0000000122,000122,Early Intervention,2019-12-21,2020-01-07,2022-05-17,No,9,Early Intervention,Federal
0000000122,000122,Head Start,2022-06-07,2022-06-24,2023-07-01,No,131,Pre-K,Local
0000000123,000123,Childcare Subsidy,2022-05-03,2022-05-25,2023-07-11,No,179,,Private
0000000123,000123,Home Visiting,2022-06-24,2022-07-09,2025-03-06,Yes,9,,State
0000000124,000124,Early Head Start,2019-07-23,2019-07-30,2021-11-01,No,76,,Local
0000000124,000124,Childcare Subsidy,2021-11-10,2021-12-09,2023-08-31,No,78,,State
0000000125,000125,Home Visiting,2022-03-13,2022-03-14,2024-01-28,Yes,27,,Federal
0000000125,000125,Head Start,2024-02-16,2024-02-29,2025-11-14,No,153,Pre-K,Local
0000000125,000125,Childcare Subsidy,2021-05-17,2021-05-31,2023-08-19,No,84,,Local
0000000126,000126,First Steps,2020-01-15,2020-02-11,2021-05-16,No,11,Early Intervention,Local
0000000126,000126,State Pre-K,2021-05-25,2021-06-21,2022-07-28,No,96,Pre-K,Federal
0000000126,000126,State Pre-K,2022-08-24,2022-09-14,2023-09-06,No,106,Pre-K,Local
0000000127,000127,First Steps,2021-05-30,2021-06-04,2022-03-31,No,49,Early Intervention,Federal
0000000127,000127,Child Care,2022-05-09,2022-05-17,2023-07-24,No,101,,State
0000000127,000127,Child Care,2023-09-15,2023-10-05,2025-09-28,No,50,,Local
0000000128,000128,Home Visiting,2021-07-07,2021-07-15,2023-02-08,Yes,16,,State
0000000128,000128,Child Care,2023-03-04,2023-03-17,2024-04-02,No,105,,Federal
0000000128,000128,Head Start,2024-04-22,2024-05-05,2024-12-15,No,122,Pre-K,Federal
0000000129,000129,Child Care,2020-08-06,2020-08-31,2021-01-22,No,124,,State
0000000130,000130,Home Visiting,2022-06-28,2022-07-17,2024-04-15,Yes,24,,Federal
0000000131,000131,Childcare Subsidy,2021-07-18,2021-08-09,2023-03-05,No,120,,State
0000000131,000131,Home Visiting,2023-03-29,2023-04-20,2024-08-16,Yes,8,,Federal
0000000132,000132,Child Care,2022-04-29,2022-05-20,2023-11-24,No,170,,Private
0000000132,000132,Early Intervention,2023-12-23,2024-01-15,2025-05-02,No,20,Early Intervention,Private
0000000133,000133,Child Care,2022-11-26,2022-12-21,2023-09-29,No,45,,State
0000000133,000133,First Steps,2023-10-16,2023-10-22,2024-09-11,No,22,Early Intervention,State
0000000134,000134,Childcare Subsidy,2019-12-28,2019-12-30,2021-06-14,No,180,,Local
0000000134,000134,State Pre-K,2021-07-05,2021-07-22,2022-05-03,No,99,Pre-K,Local
0000000134,000134,State Pre-K,2022-05-12,2022-05-19,2022-12-03,No,106,Pre-K,State
0000000135,000135,Home Visiting,2021-11-15,2021-11-27,2024-05-16,Yes,6,,Private
0000000135,000135,Head Start,2024-05-17,2024-05-20,2026-02-21,No,157,Pre-K,Private
0000000136,000136,Home Visiting,2020-09-13,2020-10-01,2022-05-27,Yes,20,,Federal
0000000137,000137,First Steps,2019-05-20,2019-06-19,2020-08-05,No,41,Early Intervention,Federal
0000000137,000137,First Steps,2020-09-02,2020-09-25,2022-07-04,No,41,Early Intervention,Local
0000000137,000137,Child Care,2022-07-18,2022-08-16,2023-08-16,No,132,,State
0000000138,000138,Child Care,2022-03-15,2022-04-11,2024-01-03,No,50,,Federal
0000000138,000138,Head Start,2024-01-17,2024-01-19,2025-08-17,No,88,Pre-K,Federal
0000000139,000139,Early Intervention,2020-02-27,2020-03-10,2020-10-12,No,24,Early Intervention,Federal
0000000139,000139,Home Visiting,2020-11-01,2020-11-02,2021-05-23,Yes,18,,Local
0000000140,000140,Early Intervention,2021-01-28,2021-02-22,2021-06-25,No,16,Early Intervention,Federal
0000000141,000141,First Steps,2018-11-25,2018-12-03,2019-09-08,No,21,Early Intervention,Federal
0000000142,000142,Early Head Start,2022-10-22,2022-11-14,2025-06-02,No,123,,Federal
0000000143,000143,Early Intervention,2021-12-19,2022-01-15,2023-02-04,No,40,Early Intervention,State
0000000143,000143,Early Head Start,2023-05-16,2023-06-01,2025-10-13,No,65,,Private
0000000143,000143,Early Intervention,2021-06-27,2021-07-17,2023-12-22,No,24,Early Intervention,Local
0000000144,000144,Child Care,2018-09-17,2018-09-28,2019-02-10,No,40,,State
0000000144,000144,Early Intervention,2018-10-28,2018-11-12,2019-12-16,No,23,Early Intervention,Local
0000000145,000145,Child Care,2022-04-16,2022-04-22,2023-01-11,No,161,,Private
0000000146,000146,First Steps,2018-11-23,2018-12-17,2020-01-16,No,13,Early Intervention,Local
0000000146,000146,Early Head Start,2020-02-14,2020-02-27,2020-10-26,No,57,,Local
0000000147,000147,Childcare Subsidy,2018-08-28,2018-09-07,2020-05-27,No,60,,Private
0000000148,000148,Early Intervention,2022-08-22,2022-09-19,2023-05-28,No,25,Early Intervention,State
0000000148,000148,First Steps,2023-06-24,2023-07-01,2024-02-06,No,22,Early Intervention,Federal
0000000149,000149,Early Head Start,2021-03-29,2021-04-20,2023-02-05,No,92,,Federal
0000000150,000150,Early Head Start,2021-01-15,2021-01-24,2021-09-09,No,86,,Private
0000000150,000150,Home Visiting,2021-09-20,2021-10-16,2022-06-28,Yes,7,,State
0000000151,000151,Early Intervention,2021-08-14,2021-08-28,2022-05-20,No,31,Early Intervention,Private
0000000151,000151,Childcare Subsidy,2021-09-27,2021-10-12,2023-04-08,No,189,,Local
0000000151,000151,Child Care,2023-04-23,2023-04-24,2024-06-11,No,160,,Private
0000000152,000152,Early Intervention,2020-06-26,2020-07-10,2022-06-09,No,34,Early Intervention,State
0000000153,000153,Child Care,2021-02-09,2021-02-26,2024-02-23,No,113,,State
0000000154,000154,Early Intervention,2018-11-23,2018-12-22,2020-04-01,No,23,Early Intervention,Private
0000000154,000154,Childcare Subsidy,2020-04-17,2020-04-20,2021-05-28,No,160,,State
0000000155,000155,First Steps,2020-12-14,2021-01-09,2022-09-03,No,16,Early Intervention,Private
0000000156,000156,Child Care,2020-04-08,2020-04-13,2020-08-10,No,77,,Local
0000000156,000156,Early Head Start,2021-01-30,2021-02-01,2021-04-17,No,82,,State
0000000156,000156,Early Head Start,2021-06-25,2021-07-11,2022-01-11,No,112,,Local
0000000157,000157,Childcare Subsidy,2021-06-28,2021-07-01,2022-01-08,No,44,,Local
0000000158,000158,Child Care,2022-08-09,2022-09-06,2025-08-30,No,183,,Private
0000000159,000159,Home Visiting,2022-04-30,2022-05-18,2023-03-10,Yes,12,,Local
0000000159,000159,Early Intervention,2023-03-23,2023-03-24,2024-03-02,No,47,Early Intervention,Federal
0000000159,000159,Early Intervention,2024-03-31,2024-04-07,2025-01-19,No,34,Early Intervention,Private
0000000159,000159,Child Care,2025-01-21,2025-02-05,2026-12-04,No,72,,Private
0000000159,000159,Home Visiting,2022-06-24,2022-06-27,2024-01-09,Yes,6,,Local
0000000160,000160,Early Head Start,2020-01-29,2020-02-27,2020-10-30,No,76,,Federal
0000000160,000160,Home Visiting,2020-11-19,2020-12-08,2021-10-11,Yes,7,,Private
0000000160,000160,Childcare Subsidy,2021-10-30,2021-11-01,2022-04-30,No,103,,State
0000000160,000160,Child Care,2022-05-18,2022-05-19,2023-04-28,No,56,,Local
0000000161,000161,Child Care,2020-03-20,2020-04-12,2022-07-21,No,83,,Private
0000000162,000162,Home Visiting,2019-04-01,2019-04-06,2019-12-31,Yes,15,,Local
0000000162,000162,Early Intervention,2020-02-28,2020-03-02,2021-10-15,No,49,Early Intervention,State
0000000163,000163,Early Intervention,2022-01-22,2022-02-16,2022-12-27,No,37,Early Intervention,Private
0000000163,000163,First Steps,2023-02-25,2023-03-10,2025-02-11,No,9,Early Intervention,Local
0000000164,000164,Early Intervention,2022-11-21,2022-12-08,2023-11-02,No,48,Early Intervention,Private
0000000164,000164,Home Visiting,2024-02-03,2024-02-04,2024-11-12,Yes,18,,Local
0000000165,000165,Early Intervention,2021-01-17,2021-02-09,2023-05-22,No,20,Early Intervention,Federal
0000000165,000165,Head Start,2023-06-19,2023-07-12,2024-10-17,No,145,Pre-K,Private
0000000166,000166,Child Care,2019-01-03,2019-01-12,2020-08-24,No,153,,State
0000000166,000166,Childcare Subsidy,2020-09-13,2020-09-22,2022-03-29,No,199,,Federal
0000000166,000166,Head Start,2022-04-14,2022-04-21,2024-03-02,No,98,Pre-K,State
0000000167,000167,Child Care,2022-08-22,2022-09-16,2023-12-11,No,145,,Federal
0000000168,000168,Home Visiting,2021-03-14,2021-04-08,2022-03-18,Yes,8,,Federal
0000000168,000168,Early Intervention,2022-03-31,2022-04-22,2022-11-28,No,32,Early Intervention,Local
0000000169,000169,Early Head Start,2020-10-17,2020-11-04,2022-05-24,No,197,,State
0000000169,000169,Early Intervention,2022-09-19,2022-10-13,2025-05-05,No,21,Early Intervention,Private
0000000169,000169,State Pre-K,2025-07-26,2025-08-04,2026-01-25,No,133,Pre-K,Local
0000000170,000170,Child Care,2021-11-13,2021-12-07,2024-08-29,No,72,,State
0000000171,000171,Early Intervention,2019-03-19,2019-04-01,2019-06-25,No,29,Early Intervention,Federal
0000000172,000172,Child Care,2023-02-19,2023-03-10,2023-10-13,No,191,,State
0000000172,000172,Child Care,2023-10-19,2023-11-07,2025-02-14,No,100,,Local
0000000173,000173,Childcare Subsidy,2022-06-28,2022-07-22,2023-05-13,No,152,,Private
0000000174,000174,Child Care,2022-06-08,2022-07-04,2023-10-05,No,73,,Local
0000000174,000174,Early Intervention,2023-10-10,2023-10-17,2024-09-16,No,41,Early Intervention,Local
0000000174,000174,First Steps,2024-09-27,2024-10-14,2025-05-21,No,40,Early Intervention,Private
0000000175,000175,Early Intervention,2022-06-20,2022-06-24,2022-10-07,No,10,Early Intervention,State
0000000175,000175,Early Intervention,2022-10-09,2022-10-12,2023-03-01,No,10,Early Intervention,Private
0000000175,000175,Childcare Subsidy,2023-03-13,2023-03-20,2023-08-24,No,153,,Federal
0000000176,000176,First Steps,2023-02-27,2023-03-17,2025-02-25,No,25,Early Intervention,Private
0000000176,000176,Child Care,2025-05-18,2025-06-06,2026-01-28,No,153,,Local
0000000177,000177,Childcare Subsidy,2019-07-10,2019-07-20,2020-01-05,No,107,,State
0000000177,000177,Childcare Subsidy,2020-02-03,2020-02-18,2020-06-27,No,151,,State
0000000177,000177,Early Head Start,2020-07-25,2020-08-08,2021-04-25,No,122,,Local
0000000178,000178,Early Head Start,2018-04-16,2018-04-20,2018-11-21,No,49,,Local
0000000178,000178,Early Head Start,2018-12-06,2018-12-24,2019-09-12,No,112,,Private
0000000178,000178,Early Intervention,2019-09-18,2019-10-09,2020-08-24,No,20,Early Intervention,Federal
0000000179,000179,Childcare Subsidy,2019-09-13,2019-10-11,2022-02-22,No,114,,Private
0000000180,000180,Childcare Subsidy,2019-06-24,2019-07-07,2021-05-24,No,125,,Local
0000000180,000180,State Pre-K,2021-06-12,2021-06-14,2023-09-13,No,88,Pre-K,Local
0000000181,000181,First Steps,2020-03-14,2020-03-16,2020-07-18,No,14,Early Intervention,Federal
0000000181,000181,First Steps,2020-07-26,2020-08-05,2021-04-21,No,16,Early Intervention,Private
0000000181,000181,Childcare Subsidy,2021-05-15,2021-06-01,2022-04-22,No,91,,Local
0000000182,000182,Child Care,2021-01-23,2021-02-13,2022-11-07,No,149,,State
0000000183,000183,First Steps,2022-02-22,2022-03-23,2024-10-25,No,39,Early Intervention,Local
0000000184,000184,Home Visiting,2022-05-08,2022-05-25,2023-04-13,Yes,18,,Federal
0000000184,000184,Early Intervention,2023-06-30,2023-07-16,2025-01-18,No,10,Early Intervention,Local
0000000184,000184,Child Care,2025-05-04,2025-06-01,2026-02-06,No,71,,Local
0000000185,000185,Home Visiting,2021-06-21,2021-06-29,2022-04-19,Yes,19,,Local
0000000185,000185,Child Care,2022-05-05,2022-05-21,2023-02-01,No,98,,State
0000000185,000185,Childcare Subsidy,2023-03-01,2023-03-05,2024-07-09,No,139,,Local
0000000185,000185,State Pre-K,2024-08-02,2024-08-28,2025-10-23,No,137,Pre-K,State
0000000185,000185,State Pre-K,2025-11-14,2025-11-29,2026-07-24,No,107,Pre-K,Private
0000000186,000186,Childcare Subsidy,2022-06-25,2022-07-02,2024-03-18,No,146,,State
0000000186,000186,Home Visiting,2024-03-19,2024-04-18,2027-01-15,Yes,4,,State
0000000187,000187,Early Intervention,2019-09-25,2019-10-09,2020-07-11,No,29,Early Intervention,Private
0000000188,000188,Child Care,2019-08-26,2019-09-17,2021-04-17,No,108,,Private
0000000188,000188,Early Head Start,2019-10-17,2019-11-01,2022-04-21,No,102,,Local
0000000189,000189,Child Care,2021-12-20,2021-12-25,2022-11-16,No,169,,Local
0000000190,000190,Child Care,2021-09-07,2021-09-16,2022-05-10,No,177,,Private
0000000190,000190,Home Visiting,2022-08-19,2022-08-29,2023-08-30,Yes,23,,Local
0000000190,000190,Childcare Subsidy,2023-12-08,2023-12-14,2025-06-21,No,77,,Local
0000000191,000191,First Steps,2018-09-15,2018-09-18,2019-06-17,No,9,Early Intervention,State
0000000192,000192,Early Intervention,2021-11-19,2021-11-29,2022-10-09,No,26,Early Intervention,Federal
0000000193,000193,Early Head Start,2021-07-04,2021-07-12,2022-01-03,No,98,,Private
0000000193,000193,Childcare Subsidy,2022-01-09,2022-01-27,2022-10-28,No,81,,State
0000000194,000194,Early Intervention,2021-08-17,2021-08-31,2022-04-30,No,12,Early Intervention,Local
0000000195,000195,Child Care,2022-08-30,2022-09-24,2023-07-11,No,110,,Federal
0000000195,000195,Childcare Subsidy,2023-10-14,2023-11-04,2024-06-27,No,77,,Private
0000000196,000196,First Steps,2020-02-24,2020-03-06,2020-10-10,No,29,Early Intervention,Local
0000000197,000197,Early Intervention,2020-09-26,2020-10-03,2022-07-11,No,42,Early Intervention,Local
0000000197,000197,Early Intervention,2020-11-02,2020-11-17,2023-09-30,No,32,Early Intervention,Local
0000000198,000198,Early Intervention,2020-08-21,2020-08-27,2021-06-22,No,21,Early Intervention,State
0000000199,000199,Childcare Subsidy,2018-12-18,2019-01-07,2020-04-04,No,185,,Private
0000000200,000200,First Steps,2020-02-06,2020-02-23,2022-07-06,No,34,Early Intervention,Local
0000000200,000200,State Pre-K,2022-07-24,2022-08-14,2023-08-25,No,147,Pre-K,Private
0000000201,000201,Child Care,2021-09-14,2021-10-12,2023-03-19,No,128,,Federal
0000000201,000201,Head Start,2023-03-28,2023-04-10,2024-10-19,No,75,Pre-K,State
0000000202,000202,First Steps,2021-04-07,2021-04-17,2022-12-11,No,31,Early Intervention,Federal
0000000202,000202,State Pre-K,2023-03-06,2023-03-14,2024-05-03,No,120,Pre-K,Federal
0000000203,000203,Child Care,2019-08-15,2019-08-25,2020-01-17,No,168,,Federal
0000000204,000204,First Steps,2021-08-04,2021-08-17,2023-02-06,No,20,Early Intervention,Private
0000000204,000204,First Steps,2023-02-17,2023-03-08,2023-12-25,No,40,Early Intervention,Federal
0000000204,000204,State Pre-K,2024-01-16,2024-02-07,2025-05-25,No,85,Pre-K,Federal
0000000205,000205,Child Care,2020-07-27,2020-08-14,2021-07-22,No,85,,Federal
0000000205,000205,Early Head Start,2021-12-01,2021-12-03,2022-09-07,No,36,,Private
0000000206,000206,Early Head Start,2019-04-22,2019-05-01,2021-03-28,No,107,,Private
0000000206,000206,First Steps,2021-04-27,2021-05-07,2024-02-17,No,17,Early Intervention,Federal
0000000207,000207,First Steps,2020-10-05,2020-10-09,2023-07-21,No,12,Early Intervention,Federal
0000000207,000207,Child Care,2023-08-04,2023-08-27,2025-06-23,No,164,,Private
0000000207,000207,Home Visiting,2020-12-24,2021-01-18,2022-10-20,Yes,12,,Federal
0000000208,000208,Early Intervention,2021-10-21,2021-11-17,2024-05-10,No,49,Early Intervention,Local
0000000209,000209,Early Intervention,2022-03-18,2022-04-02,2024-12-07,No,24,Early Intervention,Federal
0000000209,000209,State Pre-K,2025-01-31,2025-02-09,2027-01-16,No,104,Pre-K,Federal
0000000210,000210,Early Head Start,2020-10-22,2020-11-08,2023-05-19,No,182,,Local
0000000210,000210,State Pre-K,2023-05-26,2023-06-05,2025-04-23,No,101,Pre-K,Local
0000000211,000211,Child Care,2021-04-02,2021-05-02,2021-11-26,No,119,,Local
0000000211,000211,Early Head Start,2021-11-27,2021-12-13,2022-08-31,No,134,,Private
0000000211,000211,First Steps,2022-09-12,2022-09-21,2023-04-15,No,23,Early Intervention,Local
0000000212,000212,Child Care,2020-08-04,2020-08-08,2021-01-04,No,39,,Local
0000000213,000213,Childcare Subsidy,2022-05-25,2022-06-02,2024-02-23,No,85,,Federal
0000000213,000213,State Pre-K,2024-03-02,2024-03-31,2026-01-15,No,158,Pre-K,Private
0000000214,000214,Home Visiting,2021-07-07,2021-08-05,2023-03-27,Yes,17,,State
0000000214,000214,First Steps,2023-06-05,2023-06-15,2024-07-13,No,14,Early Intervention,Private
0000000214,000214,Head Start,2024-10-01,2024-10-16,2026-04-01,No,104,Pre-K,Private
0000000214,000214,First Steps,2021-10-02,2021-10-29,2023-04-16,No,22,Early Intervention,Federal
0000000215,000215,Child Care,2019-08-04,2019-08-12,2022-02-01,No,129,,Federal
0000000216,000216,Child Care,2021-05-28,2021-06-11,2022-04-23,No,120,,Private
0000000216,000216,Early Intervention,2022-07-11,2022-07-27,2023-03-19,No,43,Early Intervention,State
0000000216,000216,Head Start,2023-04-20,2023-05-04,2025-01-07,No,137,Pre-K,State
0000000217,000217,Early Intervention,2021-11-23,2021-12-22,2023-04-05,No,31,Early Intervention,Local
0000000217,000217,Early Head Start,2023-07-14,2023-08-03,2026-01-10,No,69,,Local
0000000217,000217,Childcare Subsidy,2021-09-22,2021-10-06,2023-05-14,No,132,,State
0000000218,000218,Early Intervention,2019-11-02,2019-11-21,2020-11-05,No,37,Early Intervention,Federal
0000000219,000219,Childcare Subsidy,2022-01-12,2022-01-17,2024-02-09,No,71,,Local
0000000219,000219,Early Head Start,2024-03-03,2024-03-15,2026-01-03,No,202,,Local
0000000220,000220,Home Visiting,2020-07-03,2020-07-25,2021-06-04,Yes,25,,Federal
0000000220,000220,Childcare Subsidy,2021-06-20,2021-06-27,2022-01-26,No,81,,Private
0000000220,000220,First Steps,2022-02-02,2022-02-19,2022-09-01,No,9,Early Intervention,Local
0000000221,000221,Childcare Subsidy,2019-05-09,2019-05-14,2021-03-09,No,168,,Private
0000000222,000222,Childcare Subsidy,2022-05-13,2022-05-28,2023-06-04,No,198,,State
0000000222,000222,Childcare Subsidy,2023-06-05,2023-06-18,2024-08-11,No,176,,Private
0000000222,000222,State Pre-K,2024-08-22,2024-09-19,2026-08-21,No,78,Pre-K,State
0000000222,000222,Early Intervention,2022-02-21,2022-03-16,2024-10-15,No,49,Early Intervention,Local
0000000222,000222,Childcare Subsidy,2024-11-07,2024-12-07,2026-08-21,No,87,,State
0000000223,000223,First Steps,2023-09-26,2023-10-18,2026-04-02,No,10,Early Intervention,Private
0000000224,000224,Early Head Start,2020-09-10,2020-09-27,2022-08-27,No,109,,State
0000000224,000224,Head Start,2022-09-08,2022-10-01,2024-02-17,No,63,Pre-K,Private
0000000225,000225,Childcare Subsidy,2022-05-26,2022-05-28,2024-09-02,No,137,,Private
0000000226,000226,Early Intervention,2019-11-21,2019-11-27,2022-07-13,No,26,Early Intervention,Federal
0000000226,000226,Child Care,2022-08-12,2022-09-03,2023-10-07,No,202,,State
0000000226,000226,Child Care,2019-09-08,2019-09-14,2022-03-06,No,104,,Federal
0000000226,000226,Childcare Subsidy,2022-03-19,2022-04-17,2024-03-07,No,139,,Private
0000000226,000226,Child Care,2019-09-08,2019-10-06,2021-01-04,No,78,,Local
0000000227,000227,First Steps,2021-09-16,2021-10-15,2023-06-22,No,23,Early Intervention,Local
0000000227,000227,Early Head Start,2023-06-27,2023-07-13,2025-04-25,No,117,,Private
0000000228,000228,Child Care,2020-05-20,2020-06-01,2021-10-28,No,54,,Federal
0000000228,000228,State Pre-K,2022-02-14,2022-03-08,2023-01-06,No,83,Pre-K,Federal
0000000228,000228,Childcare Subsidy,2023-03-11,2023-03-12,2024-01-02,No,145,,Local
0000000229,000229,Child Care,2019-09-23,2019-10-03,2020-09-02,No,88,,Local
0000000229,000229,Early Intervention,2020-09-27,2020-10-04,2020-12-31,No,19,Early Intervention,Local
0000000230,000230,Early Intervention,2019-03-04,2019-03-29,2020-02-11,No,18,Early Intervention,Private
0000000231,000231,Childcare Subsidy,2019-08-18,2019-09-01,2021-03-22,No,46,,State
0000000231,000231,Childcare Subsidy,2021-04-16,2021-05-04,2021-12-26,No,65,,State
0000000232,000232,Home Visiting,2019-10-13,2019-11-10,2021-04-28,Yes,16,,Private
0000000232,000232,Early Intervention,2021-06-19,2021-06-21,2022-04-23,No,44,Early Intervention,Private
0000000232,000232,Head Start,2022-07-31,2022-08-25,2024-03-22,No,137,Pre-K,Private
0000000233,000233,First Steps,2022-04-19,2022-04-24,2023-04-20,No,16,Early Intervention,Local
0000000233,000233,Childcare Subsidy,2023-05-16,2023-06-01,2024-08-26,No,102,,Federal
0000000233,000233,Head Start,2024-08-31,2024-09-13,2025-10-20,No,119,Pre-K,Federal
0000000234,000234,Early Head Start,2019-12-30,2020-01-03,2020-08-04,No,179,,Local
0000000234,000234,Early Head Start,2020-08-15,2020-08-31,2021-10-12,No,125,,State
0000000234,000234,Child Care,2021-11-06,2021-11-12,2023-06-27,No,147,,State
0000000234,000234,First Steps,2019-05-07,2019-05-15,2021-05-14,No,15,Early Intervention,Federal
0000000235,000235,First Steps,2021-11-16,2021-12-02,2022-12-18,No,32,Early Intervention,Local
0000000236,000236,Early Head Start,2019-03-30,2019-04-13,2020-02-03,No,182,,State
0000000236,000236,Childcare Subsidy,2020-02-17,2020-03-08,2021-06-15,No,88,,Local
0000000237,000237,First Steps,2023-03-24,2023-04-19,2025-05-12,No,18,Early Intervention,Local
0000000237,000237,Child Care,2025-05-14,2025-06-02,2026-08-16,No,102,,Local
0000000237,000237,Child Care,2026-08-26,2026-09-20,2027-04-26,No,185,,State
0000000238,000238,First Steps,2023-03-04,2023-03-18,2025-08-15,No,10,Early Intervention,Private
0000000239,000239,First Steps,2020-06-24,2020-07-16,2021-03-13,No,11,Early Intervention,State
0000000239,000239,Home Visiting,2021-04-02,2021-04-26,2022-01-03,Yes,16,,Private
0000000240,000240,Child Care,2022-08-25,2022-08-30,2023-06-13,No,88,,State
0000000240,000240,Childcare Subsidy,2023-07-13,2023-08-08,2023-10-18,No,106,,State
0000000241,000241,Early Head Start,2022-08-22,2022-09-15,2025-03-29,No,69,,Local
0000000242,000242,Early Intervention,2021-06-15,2021-07-03,2023-12-29,No,33,Early Intervention,State
0000000242,000242,Childcare Subsidy,2024-04-23,2024-04-24,2025-08-29,No,127,,Local
0000000243,000243,Child Care,2022-06-16,2022-07-11,2022-12-23,No,29,,State
0000000244,000244,First Steps,2019-03-16,2019-03-20,2020-06-30,No,10,Early Intervention,Federal
0000000244,000244,Child Care,2020-07-24,2020-08-04,2022-06-13,No,90,,Federal
0000000245,000245,Early Intervention,2020-09-05,2020-09-09,2021-09-14,No,8,Early Intervention,State
0000000246,000246,First Steps,2021-05-17,2021-06-14,2023-04-18,No,44,Early Intervention,State
0000000246,000246,Early Intervention,2023-07-25,2023-08-04,2024-08-11,No,44,Early Intervention,Local
0000000246,000246,Head Start,2024-11-30,2024-12-08,2026-06-09,No,86,Pre-K,State
0000000247,000247,Early Head Start,2019-09-26,2019-10-05,2021-04-20,No,83,,Federal
0000000248,000248,Childcare Subsidy,2022-12-04,2022-12-11,2023-11-16,No,119,,Federal
0000000248,000248,Early Intervention,2023-12-03,2023-12-05,2025-11-11,No,49,Early Intervention,State
0000000248,000248,Head Start,2025-11-23,2025-12-01,2027-02-14,No,122,Pre-K,Local
0000000249,000249,Childcare Subsidy,2022-12-21,2023-01-08,2024-11-15,No,46,,Federal
0000000250,000250,Childcare Subsidy,2022-02-23,2022-03-21,2024-02-26,No,138,,Private
0000000250,000250,Child Care,2024-03-15,2024-03-27,2025-06-09,No,135,,Private
0000000251,000251,Child Care,2021-09-10,2021-09-16,2024-05-08,No,164,,State
0000000251,000251,Childcare Subsidy,2024-06-04,2024-06-07,2026-01-09,No,149,,Federal
0000000251,000251,Home Visiting,2021-07-12,2021-08-01,2022-11-07,Yes,22,,State
0000000251,000251,Early Intervention,2022-11-13,2022-12-13,2024-04-18,No,30,Early Intervention,Local
0000000252,000252,First Steps,2019-06-18,2019-06-24,2019-12-16,No,20,Early Intervention,Local
0000000252,000252,Early Intervention,2020-01-10,2020-01-25,2020-05-14,No,11,Early Intervention,Federal
0000000253,000253,Home Visiting,2022-02-12,2022-02-14,2023-08-31,Yes,25,,Local
0000000254,000254,Childcare Subsidy,2023-09-16,2023-10-10,2024-07-09,No,95,,Private
0000000255,000255,Early Head Start,2022-07-31,2022-08-07,2025-05-20,No,46,,Private
0000000256,000256,Childcare Subsidy,2022-12-30,2023-01-24,2023-08-04,No,148,,Local
0000000257,000257,Early Head Start,2022-01-13,2022-02-04,2023-09-27,No,210,,State
0000000258,000258,Early Head Start,2022-08-15,2022-08-21,2025-05-08,No,99,,Local
0000000258,000258,State Pre-K,2022-09-20,2022-10-05,2026-11-18,No,89,Pre-K,Private
0000000259,000259,First Steps,2022-05-02,2022-05-14,2023-03-19,No,33,Early Intervention,Federal
0000000260,000260,Early Intervention,2020-03-05,2020-03-26,2021-09-18,No,45,Early Intervention,Private
0000000261,000261,Early Head Start,2020-06-22,2020-07-03,2021-08-11,No,103,,Private
0000000262,000262,Early Head Start,2022-11-14,2022-12-02,2024-04-14,No,63,,Local
0000000262,000262,Childcare Subsidy,2024-05-02,2024-05-04,2025-12-23,No,66,,Local
0000000263,000263,Child Care,2018-10-19,2018-11-18,2019-09-04,No,71,,Local
0000000264,000264,Early Head Start,2022-05-20,2022-05-29,2025-01-23,No,114,,Local
0000000264,000264,State Pre-K,2025-02-18,2025-03-14,2026-09-06,No,120,Pre-K,State
0000000265,000265,Early Intervention,2020-02-12,2020-03-13,2022-03-02,No,40,Early Intervention,Local
0000000265,000265,Child Care,2022-03-21,2022-04-07,2024-01-17,No,92,,State
0000000266,000266,Early Head Start,2020-06-27,2020-06-30,2022-04-22,No,55,,Local
0000000266,000266,Child Care,2022-05-06,2022-05-17,2023-01-09,No,163,,Local
0000000267,000267,Home Visiting,2022-04-22,2022-05-07,2022-12-08,Yes,10,,State
0000000267,000267,Early Head Start,2023-01-24,2023-01-26,2023-12-22,No,81,,Private
0000000268,000268,Childcare Subsidy,2021-07-11,2021-07-21,2022-10-16,No,85,,Local
0000000269,000269,Early Head Start,2021-01-15,2021-01-22,2022-01-08,No,68,,Federal
0000000269,000269,Early Head Start,2022-01-26,2022-02-07,2024-01-15,No,48,,Local
0000000269,000269,State Pre-K,2024-01-19,2024-02-03,2024-12-01,No,128,Pre-K,State
0000000270,000270,Home Visiting,2018-06-01,2018-06-19,2020-04-18,Yes,15,,State
0000000270,000270,Child Care,2020-04-28,2020-05-12,2022-07-03,No,78,,State
0000000271,000271,First Steps,2019-02-10,2019-03-03,2020-07-13,No,54,Early Intervention,Private
0000000271,000271,Early Head Start,2020-07-31,2020-08-16,2022-06-29,No,135,,Federal
0000000271,000271,Child Care,2022-07-08,2022-07-13,2023-07-06,No,106,,State
0000000272,000272,First Steps,2023-10-31,2023-11-24,2025-06-05,No,16,Early Intervention,Local
0000000272,000272,State Pre-K,2025-08-01,2025-08-07,2026-09-07,No,106,Pre-K,Local
0000000273,000273,Child Care,2021-04-14,2021-05-09,2021-12-17,No,116,,Local
0000000274,000274,Home Visiting,2021-08-31,2021-09-24,2024-03-01,Yes,12,,Local
0000000274,000274,Child Care,2024-03-31,2024-04-25,2026-01-19,No,106,,State
0000000275,000275,Early Intervention,2021-09-23,2021-10-22,2023-06-05,No,28,Early Intervention,Federal
0000000275,000275,State Pre-K,2023-06-22,2023-07-03,2025-04-14,No,80,Pre-K,Local
0000000276,000276,First Steps,2021-05-26,2021-06-01,2022-11-24,No,45,Early Intervention,Federal
0000000276,000276,Early Head Start,2022-12-03,2022-12-16,2023-09-25,No,48,,Federal
0000000277,000277,Childcare Subsidy,2021-10-02,2021-10-13,2022-07-20,No,60,,Private
0000000278,000278,First Steps,2020-11-09,2020-12-09,2021-11-04,No,28,Early Intervention,Private
0000000279,000279,Home Visiting,2021-12-26,2022-01-01,2022-06-01,Yes,3,,State
0000000279,000279,Home Visiting,2022-09-02,2022-09-18,2023-05-31,Yes,9,,Federal
0000000280,000280,First Steps,2022-02-01,2022-02-28,2023-11-22,No,9,Early Intervention,Private
0000000280,000280,State Pre-K,2023-12-12,2024-01-06,2026-02-05,No,119,Pre-K,Federal
0000000281,000281,Home Visiting,2019-09-12,2019-09-23,2020-07-06,Yes,17,,Federal
0000000281,000281,First Steps,2020-08-02,2020-08-08,2020-10-15,No,19,Early Intervention,Private
0000000281,000281,First Steps,2020-10-20,2020-10-30,2021-10-19,No,41,Early Intervention,Federal
0000000282,000282,Child Care,2022-04-08,2022-05-01,2023-04-03,No,58,,Federal
0000000283,000283,Early Head Start,2022-02-09,2022-02-28,2023-08-31,No,156,,Local
0000000284,000284,Early Intervention,2021-06-03,2021-06-13,2023-05-21,No,11,Early Intervention,Private
0000000285,000285,Child Care,2021-03-14,2021-03-21,2023-01-21,No,91,,Local
0000000285,000285,Early Head Start,2023-01-26,2023-01-30,2024-07-16,No,74,,Local
0000000286,000286,Early Head Start,2022-05-26,2022-06-09,2023-09-21,No,109,,Federal
0000000287,000287,Home Visiting,2020-08-14,2020-08-30,2023-01-17,Yes,13,,Local
0000000288,000288,Childcare Subsidy,2023-06-19,2023-06-20,2025-01-25,No,196,,State
0000000289,000289,Early Head Start,2020-08-16,2020-08-28,2021-03-03,No,149,,Federal
0000000290,000290,Childcare Subsidy,2021-09-26,2021-10-06,2022-09-01,No,110,,State
0000000291,000291,Home Visiting,2023-01-06,2023-01-27,2023-09-27,Yes,22,,Federal
0000000292,000292,First Steps,2021-02-04,2021-03-04,2022-05-09,No,37,Early Intervention,State
0000000293,000293,Early Head Start,2023-06-21,2023-06-25,2025-07-09,No,130,,State
0000000293,000293,Childcare Subsidy,2025-07-15,2025-07-25,2027-04-26,No,167,,State
0000000294,000294,Child Care,2018-10-26,2018-11-10,2019-05-29,No,137,,Federal
0000000294,000294,Early Head Start,2019-05-31,2019-06-13,2020-12-12,No,88,,Federal
0000000294,000294,Home Visiting,2021-01-05,2021-01-23,2022-05-30,Yes,9,,Private
0000000295,000295,First Steps,2018-03-29,2018-04-02,2019-04-04,No,33,Early Intervention,State
0000000296,000296,Early Intervention,2019-07-07,2019-07-20,2021-04-27,No,45,Early Intervention,Federal
0000000297,000297,Childcare Subsidy,2022-02-17,2022-03-18,2022-10-28,No,169,,Private
0000000297,000297,Early Head Start,2022-04-17,2022-05-02,2024-07-21,No,84,,Local
0000000298,000298,Early Intervention,2022-04-30,2022-05-09,2024-01-08,No,17,Early Intervention,State
0000000298,000298,State Pre-K,2022-06-08,2022-06-23,2025-06-13,No,130,Pre-K,Federal
0000000299,000299,Early Head Start,2022-08-11,2022-08-27,2025-03-10,No,109,,Federal
0000000300,000300,Early Head Start,2020-03-08,2020-03-23,2022-07-07,No,93,,State
0000000300,000300,State Pre-K,2022-08-06,2022-08-13,2024-12-23,No,122,Pre-K,State
0000000301,000301,Childcare Subsidy,2021-11-30,2021-12-23,2024-04-17,No,135,,Federal
0000000302,000302,Childcare Subsidy,2019-05-18,2019-06-05,2019-08-16,No,26,,Private
0000000302,000302,Child Care,2019-08-30,2019-09-20,2020-07-12,No,63,,Local
0000000303,000303,Home Visiting,2021-08-09,2021-09-08,2023-11-29,Yes,19,,Federal
0000000304,000304,First Steps,2021-10-20,2021-10-29,2022-08-24,No,25,Early Intervention,Private
0000000304,000304,Child Care,2023-01-28,2023-02-27,2024-01-05,No,40,,Private
0000000305,000305,Home Visiting,2021-05-25,2021-06-23,2024-01-04,Yes,24,,Local
0000000306,000306,Early Intervention,2020-12-16,2020-12-26,2021-08-20,No,30,Early Intervention,Private
0000000307,000307,Early Intervention,2020-07-20,2020-07-28,2022-02-12,No,26,Early Intervention,State
0000000308,000308,Child Care,2022-04-12,2022-05-01,2023-08-04,No,153,,Private
0000000308,000308,Childcare Subsidy,2023-08-08,2023-08-22,2024-10-19,No,115,,Local
0000000309,000309,Child Care,2023-03-21,2023-04-20,2024-02-23,No,126,,Private
0000000309,000309,First Steps,2024-03-07,2024-03-27,2024-10-20,No,23,Early Intervention,Federal
0000000310,000310,Child Care,2020-03-19,2020-04-17,2022-04-11,No,111,,Local
0000000310,000310,Childcare Subsidy,2022-06-25,2022-07-04,2024-01-29,No,62,,Federal
0000000311,000311,Child Care,2019-09-27,2019-10-12,2020-05-30,No,100,,State
0000000311,000311,Child Care,2020-09-25,2020-10-19,2021-08-18,No,65,,Federal
0000000312,000312,First Steps,2022-01-21,2022-02-18,2024-07-27,No,9,Early Intervention,Local
0000000312,000312,Childcare Subsidy,2024-08-11,2024-09-06,2026-03-25,No,140,,State
0000000313,000313,Early Intervention,2021-11-04,2021-12-01,2023-05-01,No,44,Early Intervention,State
0000000313,000313,Childcare Subsidy,2023-05-10,2023-06-06,2024-07-29,No,168,,Local
0000000314,000314,Home Visiting,2023-07-22,2023-07-27,2025-02-07,Yes,10,,Private
0000000314,000314,State Pre-K,2025-03-03,2025-03-12,2026-03-03,No,121,Pre-K,Private
0000000315,000315,First Steps,2019-08-21,2019-08-30,2021-08-29,No,24,Early Intervention,State
0000000316,000316,First Steps,2022-03-16,2022-03-17,2024-04-04,No,17,Early Intervention,Federal
0000000316,000316,Early Intervention,2024-07-17,2024-08-07,2025-09-16,No,29,Early Intervention,Federal
0000000316,000316,Head Start,2025-10-31,2025-11-05,2027-03-07,No,159,Pre-K,Private
0000000317,000317,Early Head Start,2023-08-30,2023-09-05,2026-06-13,No,166,,Federal
0000000317,000317,Head Start,2026-07-12,2026-07-27,2027-05-07,No,132,Pre-K,Local
0000000318,000318,Early Intervention,2020-11-20,2020-12-06,2022-06-27,No,32,Early Intervention,Federal
0000000319,000319,Early Intervention,2021-10-04,2021-10-06,2024-09-25,No,57,Early Intervention,Federal
0000000319,000319,Child Care,2024-12-18,2024-12-24,2026-01-15,No,102,,Federal
0000000320,000320,First Steps,2020-10-08,2020-10-14,2021-10-01,No,14,Early Intervention,State
0000000320,000320,First Steps,2021-10-19,2021-10-20,2022-09-16,No,22,Early Intervention,Local
0000000320,000320,Childcare Subsidy,2022-10-06,2022-10-14,2023-05-07,No,111,,Local
0000000320,000320,State Pre-K,2023-05-24,2023-06-06,2024-05-08,No,75,Pre-K,Local
0000000320,000320,Childcare Subsidy,2020-01-04,2020-01-08,2020-05-29,No,48,,Federal
0000000321,000321,Child Care,2021-06-05,2021-06-17,2023-03-06,No,82,,Local
0000000321,000321,Head Start,2023-03-13,2023-04-09,2024-02-22,No,124,Pre-K,Local
0000000321,000321,Child Care,2024-03-05,2024-04-04,2025-03-01,No,73,,State
0000000322,000322,Childcare Subsidy,2020-10-18,2020-10-24,2022-09-14,No,167,,State
0000000322,000322,Childcare Subsidy,2022-10-09,2022-10-15,2023-07-15,No,40,,Federal
0000000323,000323,Home Visiting,2021-02-08,2021-03-03,2023-07-02,Yes,4,,Federal
0000000324,000324,First Steps,2021-04-29,2021-05-13,2022-10-25,No,18,Early Intervention,Private
0000000324,000324,Head Start,2022-11-12,2022-12-01,2024-05-09,No,102,Pre-K,State
0000000325,000325,Childcare Subsidy,2020-07-06,2020-08-01,2023-02-04,No,175,,Local
0000000326,000326,First Steps,2020-12-25,2021-01-11,2023-03-06,No,28,Early Intervention,Federal
0000000326,000326,Child Care,2023-03-07,2023-03-12,2024-05-19,No,81,,Local
0000000326,000326,Head Start,2024-05-25,2024-06-17,2026-01-22,No,150,Pre-K,Federal
0000000327,000327,Early Intervention,2021-08-18,2021-09-03,2022-01-27,No,29,Early Intervention,Local
0000000327,000327,Childcare Subsidy,2021-10-03,2021-10-18,2022-11-20,No,54,,Local
0000000328,000328,Childcare Subsidy,2019-12-17,2020-01-09,2020-08-09,No,111,,Private
0000000329,000329,Childcare Subsidy,2020-04-14,2020-05-07,2021-03-07,No,154,,Federal
0000000330,000330,Early Head Start,2021-11-03,2021-11-06,2023-09-05,No,125,,State
0000000330,000330,Home Visiting,2023-09-28,2023-10-18,2024-06-11,Yes,16,,Local
0000000331,000331,Early Head Start,2019-07-21,2019-08-07,2021-04-17,No,127,,State
0000000331,000331,Early Intervention,2021-05-08,2021-05-23,2023-05-22,No,47,Early Intervention,Federal
0000000331,000331,Head Start,2023-06-04,2023-06-19,2024-06-05,No,108,Pre-K,Private
0000000332,000332,Child Care,2023-02-02,2023-02-18,2025-04-12,No,128,,Federal
0000000332,000332,Child Care,2025-07-30,2025-08-07,2026-11-12,No,97,,Private
0000000333,000333,Early Head Start,2022-11-01,2022-11-03,2024-06-18,No,72,,State
0000000333,000333,Childcare Subsidy,2024-08-20,2024-09-17,2026-08-17,No,131,,State
0000000334,000334,Home Visiting,2020-06-14,2020-07-07,2022-12-20,Yes,13,,Private
0000000334,000334,Childcare Subsidy,2023-03-02,2023-03-31,2024-07-19,No,115,,Federal
0000000335,000335,Childcare Subsidy,2021-11-17,2021-12-09,2023-05-11,No,104,,Federal
0000000335,000335,Child Care,2023-05-27,2023-06-05,2025-09-15,No,163,,State
0000000336,000336,Home Visiting,2021-11-29,2021-12-05,2024-07-18,Yes,23,,Federal
0000000336,000336,State Pre-K,2024-07-30,2024-08-05,2026-04-16,No,141,Pre-K,Federal
0000000337,000337,First Steps,2022-10-16,2022-10-23,2024-06-29,No,51,Early Intervention,Private
0000000337,000337,Childcare Subsidy,2024-07-10,2024-07-29,2025-02-03,No,68,,Local
0000000338,000338,Home Visiting,2020-05-17,2020-06-12,2021-11-06,Yes,4,,Local
0000000338,000338,Early Intervention,2021-11-14,2021-11-26,2022-07-30,No,31,Early Intervention,Local
0000000338,000338,Child Care,2022-08-12,2022-09-11,2023-11-12,No,67,,Local
0000000339,000339,Childcare Subsidy,2022-04-15,2022-05-10,2023-05-17,No,85,,Federal
0000000339,000339,Early Head Start,2023-06-03,2023-06-25,2025-07-12,No,130,,State
0000000340,000340,Home Visiting,2020-12-13,2020-12-27,2022-03-15,Yes,11,,State
0000000340,000340,Child Care,2022-03-18,2022-03-30,2023-11-20,No,47,,Local
0000000341,000341,Home Visiting,2020-04-16,2020-04-29,2021-01-01,Yes,16,,Local
0000000341,000341,Early Intervention,2021-01-31,2021-02-16,2021-08-17,No,14,Early Intervention,State
0000000342,000342,Child Care,2019-06-10,2019-06-12,2020-03-12,No,77,,Local
0000000342,000342,Home Visiting,2020-03-24,2020-03-31,2021-02-03,Yes,16,,Federal
0000000343,000343,Home Visiting,2021-05-07,2021-06-04,2023-04-21,Yes,4,,State
0000000344,000344,Home Visiting,2023-02-27,2023-03-07,2024-08-25,Yes,6,,State
0000000344,000344,Child Care,2024-10-02,2024-10-24,2026-01-15,No,136,,Federal
0000000344,000344,Head Start,2026-04-12,2026-04-22,2026-10-14,No,98,Pre-K,Local
0000000345,000345,Childcare Subsidy,2023-10-07,2023-10-08,2024-06-04,No,79,,Private
0000000345,000345,Child Care,2024-07-29,2024-08-13,2025-09-17,No,52,,Local
0000000345,000345,Child Care,2025-12-03,2025-12-17,2026-07-18,No,120,,Federal
0000000345,000345,Child Care,2026-09-19,2026-09-22,2027-05-02,No,161,,Federal
0000000345,000345,Early Intervention,2022-11-02,2022-11-29,2024-01-12,No,56,Early Intervention,Local
0000000346,000346,Early Intervention,2020-09-23,2020-09-29,2021-10-22,No,16,Early Intervention,Local
0000000347,000347,Childcare Subsidy,2020-08-21,2020-09-11,2021-09-06,No,40,,Local
0000000347,000347,Early Head Start,2021-12-29,2022-01-10,2022-12-07,No,132,,Federal
0000000348,000348,First Steps,2023-02-24,2023-03-08,2025-10-25,No,27,Early Intervention,State
0000000348,000348,Child Care,2025-11-12,2025-11-15,2027-02-19,No,197,,Private
0000000349,000349,Home Visiting,2020-09-13,2020-10-07,2022-08-22,Yes,11,,State
0000000349,000349,Childcare Subsidy,2022-08-25,2022-09-20,2023-11-22,No,108,,Federal
0000000350,000350,Child Care,2020-01-25,2020-02-06,2022-08-24,No,151,,Private
0000000351,000351,Child Care,2022-11-28,2022-12-18,2023-02-19,No,72,,State
0000000351,000351,Early Intervention,2023-01-17,2023-02-01,2023-10-16,No,39,Early Intervention,Federal
0000000352,000352,First Steps,2022-10-07,2022-10-13,2023-10-06,No,22,Early Intervention,Local
0000000352,000352,Early Head Start,2023-10-25,2023-11-24,2024-10-19,No,69,,Federal
0000000352,000352,Child Care,2024-11-04,2024-11-30,2025-06-03,No,124,,Local
0000000353,000353,Home Visiting,2022-03-30,2022-04-02,2024-03-22,Yes,12,,State
0000000353,000353,Head Start,2024-04-08,2024-04-10,2026-02-06,No,75,Pre-K,Local
0000000353,000353,Head Start,2026-02-27,2026-03-29,2026-09-07,No,107,Pre-K,Private
0000000354,000354,Early Intervention,2019-08-17,2019-08-18,2020-07-08,No,25,Early Intervention,Federal
0000000354,000354,Child Care,2020-07-09,2020-07-31,2021-03-07,No,28,,Federal
0000000354,000354,Early Intervention,2021-03-18,2021-04-09,2021-07-28,No,28,Early Intervention,State
0000000355,000355,First Steps,2018-04-30,2018-05-15,2018-08-01,No,31,Early Intervention,State
0000000355,000355,First Steps,2018-06-14,2018-06-29,2018-12-10,No,23,Early Intervention,Federal
0000000356,000356,Childcare Subsidy,2022-07-13,2022-07-21,2023-02-03,No,52,,Private
0000000356,000356,Child Care,2023-03-03,2023-03-05,2024-02-14,No,79,,State
0000000356,000356,First Steps,2024-02-24,2024-03-18,2024-12-17,No,21,Early Intervention,Private
0000000357,000357,Early Intervention,2019-12-07,2019-12-13,2021-08-18,No,19,Early Intervention,Federal
0000000358,000358,Early Head Start,2020-01-29,2020-02-17,2022-10-18,No,75,,Federal
0000000359,000359,Child Care,2022-02-06,2022-02-09,2023-09-05,No,59,,Local
0000000359,000359,Early Intervention,2023-09-11,2023-09-15,2025-07-07,No,28,Early Intervention,Local
0000000359,000359,Childcare Subsidy,2025-07-09,2025-07-14,2026-09-06,No,56,,Private
0000000360,000360,Early Intervention,2020-05-14,2020-05-19,2021-05-18,No,19,Early Intervention,Local
0000000361,000361,Home Visiting,2022-02-13,2022-02-16,2023-10-16,Yes,5,,Private
0000000361,000361,Childcare Subsidy,2024-01-15,2024-02-10,2025-07-04,No,92,,Local
0000000362,000362,Home Visiting,2021-06-11,2021-06-18,2023-03-09,Yes,5,,Federal
0000000362,000362,First Steps,2023-03-16,2023-03-27,2024-11-04,No,28,Early Intervention,Federal
0000000363,000363,Early Head Start,2020-08-17,2020-08-22,2022-01-27,No,160,,Federal
0000000363,000363,First Steps,2020-09-21,2020-10-06,2024-09-22,No,49,Early Intervention,Local
0000000364,000364,First Steps,2021-02-23,2021-03-19,2022-01-19,No,23,Early Intervention,Local
0000000364,000364,First Steps,2022-02-03,2022-02-10,2022-06-30,No,6,Early Intervention,Local
0000000364,000364,Child Care,2022-07-19,2022-07-24,2023-03-13,No,90,,State
0000000365,000365,Early Intervention,2021-05-10,2021-05-19,2022-12-08,No,45,Early Intervention,Private
0000000365,000365,Child Care,2022-12-11,2022-12-26,2024-04-22,No,88,,Local
0000000365,000365,State Pre-K,2024-04-24,2024-05-04,2025-06-02,No,124,Pre-K,Private
0000000366,000366,Home Visiting,2020-08-12,2020-08-31,2023-03-22,Yes,26,,Federal
0000000366,000366,Child Care,2023-03-25,2023-04-17,2024-05-13,No,138,,Private
0000000366,000366,Early Intervention,2019-11-14,2019-11-15,2022-06-08,No,49,Early Intervention,Federal
0000000366,000366,Head Start,2022-06-30,2022-07-04,2024-05-13,No,131,Pre-K,Private
0000000367,000367,Early Head Start,2021-04-23,2021-05-08,2022-11-05,No,152,,State
0000000368,000368,Early Head Start,2018-07-08,2018-08-07,2019-08-22,No,100,,Local
0000000369,000369,Early Intervention,2021-10-26,2021-11-01,2023-03-02,No,44,Early Intervention,Federal
0000000369,000369,Head Start,2023-03-20,2023-03-29,2024-08-07,No,117,Pre-K,State
0000000370,000370,Early Head Start,2020-09-27,2020-10-19,2021-04-28,No,139,,Federal
0000000370,000370,First Steps,2021-04-30,2021-05-17,2023-02-28,No,10,Early Intervention,Private
0000000370,000370,Child Care,2023-03-17,2023-04-13,2024-05-09,No,73,,Private
0000000371,000371,Home Visiting,2022-04-18,2022-04-27,2023-02-10,Yes,12,,State
0000000371,000371,Home Visiting,2023-04-14,2023-05-07,2023-09-02,Yes,2,,Local
0000000372,000372,Early Head Start,2022-04-15,2022-05-02,2022-12-03,No,124,,Private
0000000372,000372,First Steps,2023-03-23,2023-04-10,2024-11-12,No,46,Early Intervention,State
0000000372,000372,State Pre-K,2024-12-31,2025-01-11,2026-02-28,No,80,Pre-K,Local
0000000372,000372,Childcare Subsidy,2022-04-04,2022-04-26,2023-03-27,No,76,,Private
0000000372,000372,Home Visiting,2023-06-29,2023-07-13,2024-12-22,Yes,9,,Private
0000000373,000373,Child Care,2022-11-05,2022-11-17,2024-06-14,No,192,,Federal
0000000374,000374,Home Visiting,2019-10-14,2019-11-08,2020-10-12,Yes,20,,Local
0000000374,000374,Home Visiting,2020-10-24,2020-10-26,2021-03-14,Yes,18,,Local
0000000374,000374,Childcare Subsidy,2021-04-13,2021-05-10,2022-05-02,No,78,,State
0000000375,000375,First Steps,2020-02-25,2020-02-26,2022-01-10,No,9,Early Intervention,Private
0000000376,000376,Early Intervention,2021-08-11,2021-09-04,2023-06-05,No,11,Early Intervention,Local
0000000376,000376,Child Care,2023-07-03,2023-07-14,2024-06-11,No,100,,Local
0000000377,000377,Early Intervention,2022-09-01,2022-09-19,2023-02-24,No,30,Early Intervention,State
0000000378,000378,First Steps,2021-04-16,2021-05-09,2022-07-05,No,46,Early Intervention,Private
0000000378,000378,Early Head Start,2022-07-20,2022-07-27,2024-04-24,No,91,,Local
0000000378,000378,Childcare Subsidy,2024-05-09,2024-06-08,2025-03-02,No,69,,Federal
0000000379,000379,Home Visiting,2021-06-30,2021-07-22,2022-06-12,Yes,25,,State
0000000379,000379,First Steps,2022-07-19,2022-08-01,2023-07-19,No,39,Early Intervention,Federal
0000000379,000379,First Steps,2023-10-20,2023-11-08,2025-08-09,No,40,Early Intervention,State
0000000380,000380,Child Care,2019-04-28,2019-05-28,2020-12-06,No,110,,Federal
0000000380,000380,Childcare Subsidy,2019-06-27,2019-07-12,2022-07-15,No,94,,Federal
0000000380,000380,State Pre-K,2022-08-13,2022-09-04,2023-10-16,No,82,Pre-K,Local
0000000380,000380,Childcare Subsidy,2019-07-10,2019-07-14,2020-10-17,No,77,,Private
0000000380,000380,Home Visiting,2020-10-22,2020-11-02,2021-08-20,Yes,4,,Local
0000000381,000381,Home Visiting,2018-12-21,2019-01-17,2019-08-28,Yes,6,,Local
0000000382,000382,Home Visiting,2018-12-20,2018-12-29,2019-11-08,Yes,21,,State
0000000382,000382,Early Intervention,2019-12-06,2019-12-13,2021-01-02,No,29,Early Intervention,Private
0000000383,000383,Childcare Subsidy,2021-06-05,2021-06-28,2023-05-21,No,169,,Federal
0000000383,000383,Childcare Subsidy,2023-06-06,2023-06-26,2025-12-17,No,143,,Private
0000000384,000384,Child Care,2020-10-05,2020-10-27,2021-10-25,No,154,,State
0000000384,000384,Early Head Start,2021-10-27,2021-11-06,2023-06-11,No,200,,Federal
0000000385,000385,Early Head Start,2018-12-28,2018-12-29,2021-01-14,No,119,,Federal
0000000385,000385,Child Care,2019-01-28,2019-02-12,2023-04-10,No,162,,Federal
0000000386,000386,Early Intervention,2019-12-03,2019-12-08,2022-03-04,No,16,Early Intervention,Private
0000000387,000387,Childcare Subsidy,2022-05-26,2022-06-14,2025-03-30,No,63,,State
0000000387,000387,Childcare Subsidy,2022-07-14,2022-07-29,2026-02-13,No,160,,State
0000000388,000388,Early Intervention,2022-06-24,2022-07-07,2024-10-31,No,17,Early Intervention,Federal
0000000388,000388,Head Start,2024-11-28,2024-12-01,2026-06-11,No,144,Pre-K,Federal
0000000388,000388,Home Visiting,2022-06-07,2022-07-03,2025-05-26,Yes,9,,Federal
0000000389,000389,Early Head Start,2021-02-05,2021-02-08,2021-12-14,No,90,,Private
0000000390,000390,Early Head Start,2021-01-31,2021-02-04,2023-07-01,No,64,,Local
0000000390,000390,Early Head Start,2023-07-23,2023-08-10,2025-05-14,No,88,,Federal
0000000390,000390,State Pre-K,2025-05-15,2025-06-12,2026-03-22,No,135,Pre-K,Private
0000000390,000390,Child Care,2021-09-22,2021-10-05,2023-07-27,No,116,,Local
0000000390,000390,Childcare Subsidy,2023-08-22,2023-09-05,2024-11-14,No,202,,Local
0000000391,000391,Early Intervention,2021-04-27,2021-05-03,2022-04-02,No,14,Early Intervention,Federal
0000000391,000391,First Steps,2022-04-03,2022-04-08,2023-02-08,No,20,Early Intervention,Federal
0000000392,000392,Home Visiting,2020-04-12,2020-04-26,2021-04-25,Yes,17,,Federal
0000000393,000393,Home Visiting,2022-02-22,2022-03-06,2022-11-05,Yes,6,,State
0000000393,000393,Early Head Start,2022-04-05,2022-04-20,2023-10-23,No,141,,Federal
0000000394,000394,Childcare Subsidy,2020-07-25,2020-08-14,2021-05-25,No,91,,Federal
0000000394,000394,First Steps,2021-06-06,2021-06-24,2022-01-01,No,36,Early Intervention,Private
0000000394,000394,Childcare Subsidy,2022-01-02,2022-01-31,2022-11-09,No,118,,Private
0000000395,000395,First Steps,2021-02-19,2021-03-17,2022-01-15,No,23,Early Intervention,Private
0000000395,000395,Home Visiting,2022-04-15,2022-04-30,2024-03-20,Yes,16,,Federal
0000000396,000396,Early Intervention,2022-02-28,2022-03-01,2023-10-20,No,34,Early Intervention,Private
0000000397,000397,Childcare Subsidy,2020-03-24,2020-04-05,2022-04-03,No,81,,Private
0000000397,000397,Childcare Subsidy,2022-05-04,2022-05-08,2024-01-22,No,53,,Local
0000000397,000397,Childcare Subsidy,2024-04-01,2024-04-15,2025-04-21,No,76,,State
0000000398,000398,Early Intervention,2022-11-26,2022-12-15,2024-07-21,No,48,Early Intervention,State
0000000398,000398,Childcare Subsidy,2024-08-24,2024-09-06,2025-08-27,No,101,,State
0000000399,000399,Early Head Start,2019-05-12,2019-05-19,2021-02-04,No,109,,Private
0000000399,000399,Early Intervention,2021-03-03,2021-03-29,2021-12-11,No,51,Early Intervention,Local
0000000399,000399,State Pre-K,2021-12-25,2022-01-06,2023-01-21,No,120,Pre-K,State
0000000400,000400,Early Intervention,2019-09-24,2019-10-21,2020-04-20,No,9,Early Intervention,Federal
0000000400,000400,Childcare Subsidy,2020-04-27,2020-05-24,2021-04-07,No,159,,Private
0000000401,000401,First Steps,2019-10-06,2019-11-03,2020-11-12,No,42,Early Intervention,Federal
0000000401,000401,Child Care,2020-12-18,2021-01-03,2021-10-17,No,101,,Private
0000000401,000401,State Pre-K,2022-02-04,2022-02-10,2022-12-22,No,126,Pre-K,Private
0000000402,000402,Home Visiting,2020-03-07,2020-04-06,2022-02-19,Yes,9,,Federal
0000000403,000403,First Steps,2023-03-21,2023-04-04,2023-12-03,No,19,Early Intervention,Private
0000000403,000403,Early Head Start,2023-12-12,2023-12-21,2024-06-21,No,128,,Federal
0000000404,000404,First Steps,2019-09-06,2019-09-30,2022-09-01,No,8,Early Intervention,Local
0000000405,000405,First Steps,2021-10-22,2021-11-17,2022-07-08,No,25,Early Intervention,Federal
0000000406,000406,Home Visiting,2020-09-05,2020-10-01,2020-12-23,Yes,13,,Federal
0000000407,000407,First Steps,2020-04-05,2020-04-11,2023-02-28,No,43,Early Intervention,Private
0000000407,000407,Childcare Subsidy,2023-03-12,2023-03-23,2023-12-22,No,133,,Local
0000000408,000408,Child Care,2021-03-31,2021-04-14,2023-04-03,No,109,,Local
0000000409,000409,Early Intervention,2020-09-26,2020-10-24,2022-08-25,No,22,Early Intervention,Federal
0000000410,000410,Early Intervention,2021-04-28,2021-05-07,2021-08-13,No,16,Early Intervention,Local
0000000410,000410,Childcare Subsidy,2021-08-21,2021-09-17,2022-03-14,No,90,,Federal
0000000410,000410,First Steps,2022-03-31,2022-04-07,2022-10-11,No,25,Early Intervention,State
0000000411,000411,Childcare Subsidy,2021-03-26,2021-03-30,2023-01-17,No,158,,Private
0000000411,000411,Childcare Subsidy,2023-02-14,2023-02-17,2024-03-07,No,145,,Federal
0000000411,000411,Child Care,2024-03-15,2024-04-01,2024-11-29,No,100,,Local
0000000412,000412,First Steps,2020-08-15,2020-09-03,2021-06-04,No,12,Early Intervention,Federal
0000000413,000413,Child Care,2021-09-20,2021-09-28,2022-08-26,No,162,,Local
0000000414,000414,Early Head Start,2023-05-07,2023-05-25,2026-02-18,No,101,,Local
0000000415,000415,Home Visiting,2023-03-26,2023-04-04,2024-02-10,Yes,8,,Private
0000000416,000416,Childcare Subsidy,2022-01-29,2022-02-14,2024-03-23,No,107,,Private
0000000416,000416,Early Head Start,2022-03-16,2022-03-31,2026-10-06,No,162,,Local
0000000416,000416,First Steps,2022-05-11,2022-05-30,2023-10-29,No,36,Early Intervention,Private
0000000417,000417,Early Head Start,2019-02-28,2019-03-26,2021-08-26,No,87,,Private
0000000417,000417,Child Care,2021-11-12,2021-12-06,2024-05-07,No,141,,Local
0000000418,000418,Childcare Subsidy,2018-09-12,2018-10-09,2019-04-16,No,83,,Federal
0000000418,000418,Childcare Subsidy,2019-05-01,2019-05-25,2019-08-18,No,63,,Private
0000000419,000419,Child Care,2021-06-12,2021-06-30,2024-02-10,No,149,,Local
0000000419,000419,Home Visiting,2021-07-30,2021-08-14,2026-01-27,Yes,16,,Local
0000000420,000420,First Steps,2019-08-05,2019-09-03,2020-04-03,No,11,Early Intervention,Local
0000000420,000420,Early Head Start,2020-05-02,2020-05-19,2021-01-19,No,149,,Local
0000000421,000421,Child Care,2023-08-17,2023-08-30,2024-08-16,No,96,,Federal
0000000422,000422,Child Care,2020-06-23,2020-06-25,2021-05-06,No,119,,Federal
0000000422,000422,Home Visiting,2021-05-24,2021-06-11,2023-03-24,Yes,23,,State
0000000423,000423,Child Care,2020-02-07,2020-03-07,2022-03-16,No,156,,State
0000000424,000424,Home Visiting,2021-07-12,2021-08-10,2023-02-05,Yes,6,,Private
0000000424,000424,Early Head Start,2023-02-13,2023-03-04,2024-12-07,No,111,,Private
0000000425,000425,Childcare Subsidy,2020-01-06,2020-01-29,2022-09-21,No,50,,Private
0000000426,000426,First Steps,2021-11-09,2021-11-28,2023-06-25,No,19,Early Intervention,State
0000000427,000427,Home Visiting,2019-04-30,2019-05-10,2019-08-07,Yes,10,,State
0000000427,000427,Child Care,2019-08-30,2019-09-29,2019-12-16,No,134,,Local
0000000428,000428,Childcare Subsidy,2022-04-01,2022-04-11,2023-08-16,No,80,,State
0000000429,000429,Child Care,2019-05-26,2019-06-05,2021-05-28,No,87,,State
0000000430,000430,Childcare Subsidy,2020-04-07,2020-04-20,2023-01-07,No,92,,State
0000000431,000431,Child Care,2020-07-17,2020-07-27,2021-06-26,No,120,,Federal
0000000431,000431,Childcare Subsidy,2021-09-18,2021-09-23,2022-05-30,No,40,,Private
0000000431,000431,Child Care,2022-11-18,2022-11-27,2023-09-22,No,114,,Private
0000000432,000432,Early Head Start,2021-02-08,2021-02-19,2021-09-10,No,70,,Local
0000000433,000433,First Steps,2020-03-02,2020-03-03,2020-08-04,No,38,Early Intervention,Private
0000000434,000434,Early Head Start,2019-07-15,2019-07-29,2022-04-30,No,142,,State
0000000434,000434,Child Care,2022-07-08,2022-07-21,2024-08-30,No,131,,Local
0000000435,000435,Early Head Start,2019-12-17,2020-01-12,2020-06-04,No,134,,Local
0000000436,000436,Childcare Subsidy,2022-08-19,2022-09-03,2025-04-28,No,71,,State
0000000437,000437,Early Intervention,2021-03-13,2021-03-26,2023-10-10,No,31,Early Intervention,Private
0000000438,000438,Child Care,2021-07-05,2021-07-20,2023-06-07,No,38,,Federal
0000000438,000438,Child Care,2023-09-18,2023-10-03,2025-02-10,No,123,,Local
0000000438,000438,First Steps,2021-02-16,2021-03-12,2022-08-07,No,37,Early Intervention,Federal
0000000439,000439,Home Visiting,2019-07-23,2019-08-13,2021-04-04,Yes,3,,State
0000000440,000440,Home Visiting,2021-03-17,2021-04-11,2022-04-09,Yes,15,,Private
0000000441,000441,Early Head Start,2022-01-12,2022-02-11,2023-04-09,No,139,,Federal
0000000442,000442,Child Care,2020-08-04,2020-08-14,2023-06-01,No,182,,Federal
0000000442,000442,Head Start,2020-09-13,2020-09-28,2024-12-09,No,126,Pre-K,State
0000000443,000443,Childcare Subsidy,2021-09-09,2021-09-23,2022-02-11,No,133,,Federal
0000000443,000443,Childcare Subsidy,2022-03-03,2022-03-24,2022-07-23,No,47,,Private
0000000444,000444,Childcare Subsidy,2019-07-29,2019-08-25,2020-06-16,No,38,,Local
0000000445,000445,Child Care,2020-08-19,2020-09-01,2022-01-07,No,82,,State
0000000445,000445,Early Intervention,2020-10-01,2020-10-16,2023-07-06,No,37,Early Intervention,State
0000000445,000445,State Pre-K,2023-10-26,2023-11-20,2024-11-05,No,115,Pre-K,Federal
0000000446,000446,Early Head Start,2020-01-18,2020-02-09,2022-09-30,No,171,,Private
0000000446,000446,Home Visiting,2022-10-03,2022-10-16,2024-09-29,Yes,27,,Private
0000000447,000447,Home Visiting,2022-09-01,2022-09-22,2023-09-27,Yes,19,,State
0000000447,000447,Childcare Subsidy,2023-10-06,2023-10-30,2025-03-09,No,129,,State
0000000448,000448,Home Visiting,2021-11-01,2021-11-26,2024-06-11,Yes,22,,Local
0000000449,000449,Child Care,2019-11-03,2019-11-15,2020-11-02,No,47,,Local
0000000450,000450,Early Intervention,2019-12-20,2020-01-18,2021-06-17,No,48,Early Intervention,Private
0000000450,000450,First Steps,2021-06-18,2021-07-07,2022-09-30,No,12,Early Intervention,Private
0000000450,000450,Head Start,2022-10-29,2022-11-26,2024-04-08,No,94,Pre-K,Private
0000000451,000451,Child Care,2021-11-05,2021-11-21,2024-07-13,No,177,,State
0000000451,000451,Childcare Subsidy,2021-12-21,2022-01-05,2025-11-13,No,62,,Local
0000000452,000452,First Steps,2022-09-27,2022-10-09,2025-08-14,No,39,Early Intervention,State
0000000452,000452,Childcare Subsidy,2025-09-12,2025-10-05,2027-05-03,No,76,,State
0000000453,000453,Early Intervention,2020-04-01,2020-04-17,2020-10-27,No,31,Early Intervention,State
0000000454,000454,First Steps,2023-07-01,2023-07-13,2026-01-24,No,27,Early Intervention,Private
0000000454,000454,Childcare Subsidy,2026-01-25,2026-02-08,2027-06-24,No,178,,Federal
0000000454,000454,Early Head Start,2022-12-25,2023-01-18,2024-10-28,No,131,,State
0000000455,000455,Childcare Subsidy,2020-02-12,2020-03-10,2020-11-26,No,92,,Local
0000000455,000455,Childcare Subsidy,2020-12-14,2020-12-27,2022-09-06,No,128,,State
0000000456,000456,Home Visiting,2022-06-12,2022-06-21,2024-03-06,Yes,25,,State
0000000456,000456,State Pre-K,2022-07-21,2022-08-05,2026-01-06,No,96,Pre-K,State
0000000457,000457,Early Intervention,2022-01-27,2022-02-12,2023-05-26,No,12,Early Intervention,State
0000000458,000458,Childcare Subsidy,2019-06-23,2019-07-11,2021-10-27,No,180,,Private
0000000458,000458,Head Start,2021-11-11,2021-11-25,2023-04-12,No,69,Pre-K,Private
0000000459,000459,Home Visiting,2020-09-18,2020-10-08,2021-10-04,Yes,11,,Federal
0000000460,000460,Early Intervention,2022-06-17,2022-07-16,2024-01-08,No,21,Early Intervention,Local
0000000460,000460,Early Intervention,2024-05-04,2024-05-05,2025-08-20,No,27,Early Intervention,Federal
0000000461,000461,Child Care,2021-10-02,2021-10-23,2022-01-06,No,61,,Local
0000000461,000461,Home Visiting,2022-06-23,2022-07-19,2022-10-17,Yes,21,,Private
0000000461,000461,Early Head Start,2023-03-01,2023-03-13,2023-10-06,No,62,,Local
0000000462,000462,Childcare Subsidy,2022-07-15,2022-08-10,2023-07-25,No,129,,Federal
0000000462,000462,Early Head Start,2023-07-27,2023-08-07,2024-04-12,No,95,,Private
0000000463,000463,First Steps,2021-04-19,2021-05-15,2023-04-23,No,25,Early Intervention,Private
0000000464,000464,Childcare Subsidy,2020-01-26,2020-01-31,2021-09-16,No,121,,Local
0000000464,000464,Child Care,2021-10-11,2021-10-26,2023-04-07,No,50,,Private
0000000464,000464,State Pre-K,2023-05-03,2023-05-12,2024-05-10,No,152,Pre-K,Private
0000000465,000465,Childcare Subsidy,2020-04-27,2020-05-13,2022-03-14,No,79,,Local
0000000465,000465,Head Start,2022-03-24,2022-04-14,2024-02-23,No,114,Pre-K,Local
0000000466,000466,Home Visiting,2018-11-20,2018-11-29,2020-01-26,Yes,19,,State
0000000466,000466,Early Head Start,2020-02-14,2020-02-25,2021-09-30,No,170,,Local
0000000466,000466,Head Start,2021-10-22,2021-10-24,2022-10-13,No,91,Pre-K,Federal
0000000467,000467,Child Care,2019-02-25,2019-03-03,2020-05-24,No,59,,Local
0000000468,000468,Early Intervention,2020-12-16,2021-01-07,2022-08-04,No,51,Early Intervention,Federal
0000000468,000468,Head Start,2022-08-08,2022-08-19,2023-12-09,No,147,Pre-K,Local
0000000468,000468,Childcare Subsidy,2023-12-17,2023-12-20,2024-07-31,No,60,,Local
0000000469,000469,First Steps,2020-04-05,2020-04-26,2020-10-24,No,27,Early Intervention,State
0000000469,000469,Home Visiting,2020-11-22,2020-12-08,2021-06-04,Yes,17,,Private
0000000470,000470,Child Care,2021-09-27,2021-10-19,2023-10-02,No,186,,Local
0000000471,000471,Early Intervention,2021-03-13,2021-03-18,2023-04-01,No,25,Early Intervention,State
0000000471,000471,State Pre-K,2023-06-05,2023-07-02,2024-09-19,No,84,Pre-K,Federal
0000000472,000472,Early Intervention,2022-02-19,2022-03-15,2022-11-02,No,21,Early Intervention,Private
0000000473,000473,First Steps,2019-06-05,2019-06-23,2020-03-05,No,30,Early Intervention,Local
0000000473,000473,Child Care,2020-03-23,2020-04-21,2020-07-16,No,167,,Local
0000000474,000474,Early Head Start,2021-08-28,2021-09-19,2023-04-30,No,162,,Private
0000000474,000474,Early Intervention,2021-10-19,2021-11-03,2025-07-20,No,48,Early Intervention,State
0000000475,000475,Home Visiting,2022-05-31,2022-06-15,2023-07-09,Yes,5,,State
0000000476,000476,Child Care,2022-09-13,2022-09-20,2023-11-08,No,167,,State
0000000476,000476,First Steps,2022-10-20,2022-11-04,2025-10-05,No,10,Early Intervention,Federal
0000000477,000477,Early Intervention,2020-01-11,2020-02-02,2021-11-24,No,21,Early Intervention,Federal
0000000477,000477,First Steps,2022-02-05,2022-02-22,2024-11-12,No,20,Early Intervention,State
0000000477,000477,Early Intervention,2020-10-27,2020-11-25,2022-12-23,No,31,Early Intervention,Private
0000000478,000478,Early Head Start,2022-10-19,2022-11-15,2023-07-15,No,65,,Federal
0000000478,000478,Child Care,2023-08-13,2023-08-22,2024-02-20,No,92,,Local
0000000478,000478,Child Care,2024-03-21,2024-04-18,2024-11-13,No,87,,Federal
0000000479,000479,Early Head Start,2020-06-13,2020-07-05,2022-01-22,No,208,,Private
0000000480,000480,Childcare Subsidy,2020-08-24,2020-09-08,2023-06-13,No,174,,Private
0000000480,000480,Head Start,2023-06-19,2023-06-21,2025-07-12,No,134,Pre-K,Federal
0000000480,000480,Childcare Subsidy,2021-01-12,2021-02-05,2022-12-18,No,163,,State
0000000481,000481,Early Intervention,2022-03-05,2022-03-14,2023-01-23,No,27,Early Intervention,State
0000000482,000482,First Steps,2020-10-05,2020-10-10,2021-01-26,No,14,Early Intervention,Federal
0000000482,000482,Home Visiting,2021-02-11,2021-02-17,2021-08-13,Yes,12,,Local
0000000482,000482,Early Intervention,2021-08-23,2021-08-28,2021-10-28,No,34,Early Intervention,State
0000000483,000483,First Steps,2021-12-25,2022-01-10,2023-08-31,No,20,Early Intervention,Private
0000000483,000483,Childcare Subsidy,2023-12-25,2024-01-12,2024-09-02,No,104,,Private
0000000483,000483,State Pre-K,2024-11-16,2024-12-09,2025-11-21,No,63,Pre-K,State
0000000483,000483,Early Intervention,2021-06-27,2021-07-24,2023-01-19,No,48,Early Intervention,Private
0000000484,000484,First Steps,2020-10-07,2020-10-22,2022-09-25,No,40,Early Intervention,Private
0000000485,000485,First Steps,2019-11-19,2019-12-18,2022-03-24,No,43,Early Intervention,Local
0000000485,000485,Childcare Subsidy,2022-04-23,2022-04-26,2023-08-23,No,187,,Federal
0000000486,000486,Early Intervention,2021-04-06,2021-04-17,2021-08-09,No,12,Early Intervention,State
0000000486,000486,First Steps,2021-11-20,2021-12-07,2022-08-08,No,23,Early Intervention,State
0000000486,000486,Child Care,2022-11-29,2022-12-26,2023-04-11,No,84,,Local
0000000487,000487,Early Head Start,2020-06-22,2020-07-02,2022-07-31,No,47,,Federal
0000000487,000487,State Pre-K,2022-08-14,2022-08-18,2024-04-27,No,90,Pre-K,Federal
0000000488,000488,Early Intervention,2023-07-08,2023-08-03,2024-05-13,No,12,Early Intervention,Local
0000000488,000488,Early Intervention,2024-06-08,2024-07-03,2024-10-18,No,39,Early Intervention,State
0000000489,000489,Child Care,2021-05-13,2021-06-05,2023-05-01,No,92,,Federal
0000000489,000489,Child Care,2021-07-05,2021-07-20,2025-03-27,No,163,,Local
0000000489,000489,Head Start,2025-04-08,2025-04-25,2025-12-06,No,92,Pre-K,Federal
0000000489,000489,Child Care,2021-06-08,2021-06-29,2023-01-25,No,68,,State
0000000489,000489,Child Care,2023-02-18,2023-02-28,2024-09-30,No,168,,Federal
0000000490,000490,Child Care,2020-12-25,2021-01-20,2022-04-22,No,39,,State
0000000491,000491,First Steps,2019-04-29,2019-04-30,2019-09-10,No,28,Early Intervention,State
0000000491,000491,Child Care,2019-05-30,2019-06-14,2020-09-05,No,63,,Private
0000000492,000492,Childcare Subsidy,2020-04-17,2020-05-07,2021-06-25,No,100,,Local
0000000493,000493,Child Care,2020-06-07,2020-07-07,2022-10-27,No,119,,Local
0000000494,000494,Early Intervention,2020-09-11,2020-09-13,2021-03-16,No,34,Early Intervention,Private
0000000495,000495,Early Head Start,2020-11-01,2020-11-12,2022-08-29,No,115,,Private
0000000496,000496,Childcare Subsidy,2019-05-18,2019-05-20,2022-01-28,No,58,,Federal
0000000497,000497,Early Head Start,2021-09-26,2021-10-23,2023-10-22,No,148,,Federal
0000000497,000497,First Steps,2023-11-30,2023-12-28,2025-11-22,No,37,Early Intervention,Local
0000000498,000498,Childcare Subsidy,2020-09-14,2020-10-12,2022-11-27,No,180,,Private
0000000499,000499,Child Care,2020-12-16,2021-01-12,2021-12-17,No,162,,State
0000000500,000500,First Steps,2020-12-11,2020-12-29,2021-11-23,No,17,Early Intervention,State
0000000500,000500,Home Visiting,2021-12-03,2021-12-22,2022-11-19,Yes,18,,Private
0000000501,000501,Childcare Subsidy,2021-09-27,2021-10-26,2022-04-07,No,65,,Private
0000000502,000502,First Steps,2020-06-01,2020-06-23,2022-02-02,No,34,Early Intervention,Private
0000000503,000503,Home Visiting,2021-12-18,2022-01-06,2024-09-03,Yes,25,,Local
0000000503,000503,State Pre-K,2022-02-05,2022-02-20,2025-10-11,No,112,Pre-K,State
0000000504,000504,Childcare Subsidy,2019-07-01,2019-07-23,2021-02-19,No,150,,Local
0000000504,000504,First Steps,2021-03-07,2021-03-29,2022-07-06,No,45,Early Intervention,Local
0000000505,000505,First Steps,2020-11-30,2020-12-05,2021-10-02,No,26,Early Intervention,State
0000000506,000506,Home Visiting,2019-10-28,2019-11-05,2020-04-03,Yes,3,,Local
0000000507,000507,Childcare Subsidy,2021-09-17,2021-09-27,2022-01-08,No,134,,Private
0000000507,000507,Early Intervention,2022-01-27,2022-02-12,2022-08-17,No,31,Early Intervention,State
0000000508,000508,First Steps,2018-07-21,2018-08-18,2020-05-18,No,28,Early Intervention,Federal
0000000508,000508,Early Head Start,2020-06-09,2020-06-22,2021-11-01,No,103,,Private
0000000508,000508,State Pre-K,2021-11-28,2021-12-06,2023-04-26,No,128,Pre-K,State
0000000508,000508,State Pre-K,2023-05-06,2023-05-30,2023-12-16,No,120,Pre-K,Federal
0000000509,000509,Early Intervention,2019-07-03,2019-07-26,2021-01-23,No,43,Early Intervention,State
0000000509,000509,Early Head Start,2021-02-22,2021-03-14,2023-04-20,No,98,,State
0000000510,000510,Early Intervention,2022-10-05,2022-10-07,2023-08-07,No,22,Early Intervention,Private
0000000511,000511,Early Head Start,2018-12-20,2019-01-12,2020-03-09,No,120,,Private
0000000512,000512,Early Head Start,2020-10-17,2020-10-31,2022-04-12,No,133,,Federal
0000000512,000512,State Pre-K,2020-11-30,2020-12-15,2022-11-06,No,69,Pre-K,Private
0000000513,000513,Home Visiting,2023-01-14,2023-01-28,2024-01-25,Yes,14,,Federal
0000000513,000513,Child Care,2024-05-21,2024-05-29,2024-11-11,No,96,,State
0000000513,000513,Childcare Subsidy,2025-03-01,2025-03-23,2025-11-11,No,94,,State
0000000514,000514,Early Head Start,2021-06-26,2021-07-12,2022-11-28,No,58,,Federal
0000000514,000514,Early Head Start,2022-12-20,2023-01-07,2025-07-13,No,191,,Federal
0000000514,000514,Early Intervention,2021-01-13,2021-02-11,2022-04-10,No,29,Early Intervention,Federal
0000000514,000514,First Steps,2022-04-21,2022-05-03,2024-10-24,No,30,Early Intervention,Federal
0000000514,000514,Head Start,2024-11-07,2024-11-30,2025-07-13,No,144,Pre-K,State
0000000515,000515,Childcare Subsidy,2019-12-04,2019-12-11,2021-08-05,No,149,,State
0000000516,000516,Home Visiting,2023-02-27,2023-03-10,2026-03-09,Yes,20,,Local
0000000517,000517,Home Visiting,2019-07-05,2019-07-21,2020-07-14,Yes,14,,Private
0000000517,000517,First Steps,2020-10-27,2020-10-29,2022-09-29,No,34,Early Intervention,State
0000000518,000518,Childcare Subsidy,2021-04-14,2021-05-14,2023-07-07,No,200,,Federal
0000000519,000519,Early Intervention,2023-02-04,2023-02-25,2024-03-08,No,47,Early Intervention,Local
0000000519,000519,Childcare Subsidy,2024-04-01,2024-04-15,2026-03-18,No,83,,State
0000000520,000520,First Steps,2019-06-29,2019-07-25,2022-03-15,No,11,Early Intervention,Federal
0000000521,000521,Home Visiting,2019-12-17,2019-12-25,2020-09-05,Yes,27,,Local
0000000521,000521,First Steps,2020-09-11,2020-09-14,2022-05-11,No,9,Early Intervention,State
0000000522,000522,Home Visiting,2023-06-17,2023-07-06,2025-07-02,Yes,15,,Local
0000000523,000523,Home Visiting,2021-09-27,2021-10-01,2023-07-03,Yes,14,,State
0000000523,000523,Childcare Subsidy,2023-07-20,2023-07-23,2026-01-01,No,64,,Private
0000000524,000524,Child Care,2020-10-21,2020-11-01,2021-07-30,No,107,,Local
0000000524,000524,Early Intervention,2021-11-14,2021-11-21,2022-09-12,No,47,Early Intervention,Private
0000000524,000524,Child Care,2022-12-08,2022-12-16,2024-12-02,No,76,,Local
0000000525,000525,Early Intervention,2018-07-16,2018-07-19,2018-10-10,No,24,Early Intervention,Private
0000000525,000525,First Steps,2018-10-14,2018-10-18,2019-08-28,No,21,Early Intervention,Local
0000000525,000525,Childcare Subsidy,2019-09-16,2019-09-17,2020-08-29,No,73,,Federal
0000000525,000525,Child Care,2020-09-28,2020-10-16,2021-05-24,No,118,,State
0000000525,000525,Head Start,2021-06-11,2021-06-24,2022-05-30,No,60,Pre-K,Private
0000000526,000526,Home Visiting,2020-08-11,2020-08-13,2021-06-16,Yes,11,,Local
0000000527,000527,Early Intervention,2019-11-26,2019-12-25,2020-02-25,No,19,Early Intervention,Private
0000000527,000527,Childcare Subsidy,2020-06-27,2020-07-17,2021-06-03,No,83,,State
0000000527,000527,Early Intervention,2021-08-26,2021-09-07,2022-06-12,No,5,Early Intervention,Local
0000000528,000528,First Steps,2021-10-07,2021-10-26,2023-05-26,No,12,Early Intervention,State
0000000529,000529,Home Visiting,2020-11-21,2020-11-26,2021-06-17,Yes,18,,State
0000000529,000529,Childcare Subsidy,2021-10-08,2021-11-06,2023-07-13,No,90,,State
0000000529,000529,Childcare Subsidy,2023-11-09,2023-12-03,2025-04-03,No,118,,State
0000000530,000530,First Steps,2022-12-05,2022-12-15,2024-11-25,No,35,Early Intervention,State
0000000531,000531,Early Head Start,2019-08-08,2019-09-07,2021-10-26,No,132,,Private
0000000531,000531,Childcare Subsidy,2021-11-07,2021-11-16,2023-10-04,No,188,,Local
0000000532,000532,Childcare Subsidy,2022-08-08,2022-08-16,2023-09-04,No,99,,Local
0000000533,000533,Early Intervention,2022-12-04,2023-01-01,2024-08-19,No,7,Early Intervention,Federal
0000000534,000534,Early Head Start,2021-01-20,2021-02-12,2021-09-12,No,118,,Private
0000000535,000535,Child Care,2021-08-23,2021-09-03,2022-03-26,No,72,,Federal
0000000535,000535,First Steps,2022-06-28,2022-07-24,2024-07-14,No,13,Early Intervention,State
0000000536,000536,Early Head Start,2021-07-13,2021-07-24,2024-06-06,No,107,,Local
0000000536,000536,Childcare Subsidy,2024-08-25,2024-09-08,2026-01-31,No,60,,Local
0000000536,000536,Early Intervention,2021-08-03,2021-08-20,2022-10-22,No,31,Early Intervention,Federal
0000000536,000536,First Steps,2023-01-22,2023-02-16,2024-09-10,No,58,Early Intervention,State
0000000537,000537,Child Care,2022-12-29,2023-01-06,2024-01-18,No,91,,Federal
0000000537,000537,Home Visiting,2023-02-05,2023-02-20,2025-05-20,Yes,7,,State
0000000537,000537,Child Care,2025-06-19,2025-07-14,2026-10-02,No,50,,Local
0000000537,000537,Early Intervention,2022-04-04,2022-04-10,2023-01-12,No,30,Early Intervention,Local
0000000537,000537,Child Care,2023-02-05,2023-02-14,2024-03-29,No,73,,State
0000000538,000538,Early Intervention,2019-07-06,2019-07-14,2021-03-11,No,14,Early Intervention,Federal
0000000538,000538,First Steps,2021-03-22,2021-04-12,2022-05-27,No,46,Early Intervention,State
0000000539,000539,Early Intervention,2021-08-22,2021-08-30,2022-12-27,No,48,Early Intervention,State
0000000539,000539,First Steps,2023-01-11,2023-02-02,2025-01-08,No,29,Early Intervention,Federal
0000000539,000539,State Pre-K,2025-01-28,2025-02-08,2026-02-18,No,100,Pre-K,State
0000000540,000540,Childcare Subsidy,2021-11-25,2021-12-09,2022-08-06,No,132,,Private
0000000540,000540,First Steps,2022-08-18,2022-08-26,2022-11-25,No,39,Early Intervention,Local
0000000540,000540,Home Visiting,2022-12-11,2023-01-01,2023-05-09,Yes,16,,State
0000000541,000541,Home Visiting,2020-02-14,2020-02-20,2020-12-02,Yes,8,,Federal
0000000541,000541,Early Intervention,2020-12-09,2020-12-27,2021-06-25,No,24,Early Intervention,Private
0000000541,000541,Early Head Start,2021-07-13,2021-08-03,2023-04-05,No,100,,State
0000000542,000542,Early Head Start,2021-08-20,2021-08-29,2022-08-25,No,97,,Local
0000000542,000542,First Steps,2022-09-02,2022-09-23,2023-03-27,No,16,Early Intervention,State
0000000543,000543,First Steps,2021-08-27,2021-08-29,2022-04-10,No,25,Early Intervention,State
0000000544,000544,Home Visiting,2020-05-26,2020-06-08,2020-09-19,Yes,17,,State
0000000544,000544,Early Head Start,2020-12-19,2020-12-25,2021-08-19,No,124,,Private
0000000545,000545,Early Head Start,2022-03-21,2022-04-10,2023-01-27,No,53,,Local
0000000546,000546,Childcare Subsidy,2019-10-25,2019-10-30,2021-05-17,No,80,,Local
0000000547,000547,Early Intervention,2020-08-25,2020-08-29,2022-01-03,No,30,Early Intervention,Local
0000000547,000547,State Pre-K,2020-09-28,2020-10-13,2023-08-16,No,108,Pre-K,Private
0000000548,000548,First Steps,2019-09-30,2019-10-04,2021-04-11,No,50,Early Intervention,Local
0000000548,000548,Childcare Subsidy,2021-05-24,2021-05-31,2022-06-18,No,83,,Federal
0000000549,000549,First Steps,2019-02-14,2019-02-25,2020-10-07,No,16,Early Intervention,Private
0000000549,000549,Early Head Start,2020-10-08,2020-10-23,2022-05-21,No,113,,State
0000000550,000550,Early Head Start,2022-11-26,2022-11-29,2024-06-23,No,154,,State
0000000551,000551,First Steps,2019-10-05,2019-10-13,2021-08-15,No,42,Early Intervention,Federal
0000000552,000552,First Steps,2018-10-21,2018-11-13,2020-11-01,No,55,Early Intervention,State
0000000552,000552,First Steps,2018-12-13,2018-12-28,2023-05-28,No,18,Early Intervention,State
0000000552,000552,State Pre-K,2023-05-31,2023-06-08,2023-12-13,No,162,Pre-K,State
0000000552,000552,First Steps,2019-06-15,2019-06-21,2020-08-04,No,40,Early Intervention,Local
0000000552,000552,Childcare Subsidy,2020-08-08,2020-08-19,2022-12-29,No,157,,Federal
0000000553,000553,First Steps,2019-10-22,2019-11-21,2020-09-21,No,22,Early Intervention,Federal
0000000554,000554,Child Care,2020-01-30,2020-02-03,2021-05-21,No,201,,Federal
0000000555,000555,Childcare Subsidy,2022-10-15,2022-11-06,2023-05-25,No,71,,Federal
0000000555,000555,Early Head Start,2023-05-29,2023-06-16,2024-02-20,No,103,,State
0000000555,000555,Childcare Subsidy,2024-03-05,2024-03-16,2024-10-31,No,99,,Local
0000000556,000556,Early Head Start,2021-09-19,2021-09-21,2023-08-11,No,104,,State
0000000556,000556,Head Start,2023-08-19,2023-09-04,2024-04-14,No,139,Pre-K,State
0000000557,000557,Home Visiting,2020-05-29,2020-06-15,2021-06-19,Yes,3,,State
0000000557,000557,Head Start,2021-07-08,2021-07-12,2023-01-24,No,142,Pre-K,Federal
0000000558,000558,Early Intervention,2018-12-16,2018-12-29,2020-11-05,No,31,Early Intervention,State
0000000558,000558,Childcare Subsidy,2020-11-06,2020-11-24,2023-09-15,No,135,,Local
0000000559,000559,Home Visiting,2020-06-03,2020-06-12,2021-11-19,Yes,21,,Federal
0000000559,000559,Home Visiting,2020-07-12,2020-07-27,2022-10-27,Yes,24,,Federal
0000000559,000559,Head Start,2022-11-15,2022-11-17,2023-12-27,No,162,Pre-K,Federal
0000000560,000560,Home Visiting,2021-09-18,2021-09-24,2023-04-20,Yes,11,,Local
0000000561,000561,First Steps,2022-08-14,2022-09-04,2024-05-17,No,49,Early Intervention,State
0000000562,000562,Home Visiting,2022-09-17,2022-09-25,2023-02-24,Yes,8,,Private
0000000562,000562,Child Care,2023-08-18,2023-08-29,2024-06-30,No,113,,Local
0000000563,000563,Early Head Start,2021-03-27,2021-04-11,2022-04-03,No,75,,Private
0000000563,000563,Child Care,2021-05-11,2021-05-26,2023-01-08,No,56,,Local
0000000564,000564,First Steps,2021-03-24,2021-03-25,2022-12-03,No,13,Early Intervention,Federal
0000000564,000564,Early Head Start,2022-12-15,2023-01-03,2024-01-29,No,204,,State
0000000564,000564,State Pre-K,2024-02-12,2024-02-14,2025-07-16,No,143,Pre-K,Local
0000000565,000565,Childcare Subsidy,2019-12-06,2019-12-16,2021-08-11,No,132,,Federal
0000000566,000566,Childcare Subsidy,2018-07-03,2018-07-10,2019-11-18,No,88,,State
0000000566,000566,Child Care,2019-12-18,2020-01-17,2021-10-02,No,143,,Private
0000000566,000566,Child Care,2021-10-18,2021-11-15,2023-08-05,No,150,,Private
0000000567,000567,First Steps,2018-06-18,2018-07-16,2019-07-31,No,16,Early Intervention,Federal
0000000568,000568,Early Intervention,2023-06-24,2023-07-08,2024-09-08,No,16,Early Intervention,Federal
0000000568,000568,Childcare Subsidy,2024-10-20,2024-10-23,2026-06-12,No,130,,Local
0000000568,000568,Early Head Start,2022-07-11,2022-07-12,2023-03-13,No,157,,Private
0000000569,000569,Child Care,2020-06-08,2020-07-07,2021-12-09,No,117,,Private
0000000570,000570,Early Intervention,2020-05-23,2020-06-20,2022-04-15,No,9,Early Intervention,State
0000000571,000571,Home Visiting,2022-08-12,2022-09-10,2024-05-03,Yes,10,,State
0000000572,000572,Early Head Start,2019-06-16,2019-06-24,2021-02-14,No,123,,Federal
0000000572,000572,Home Visiting,2021-02-23,2021-02-28,2021-10-22,Yes,11,,State
0000000573,000573,Early Head Start,2022-01-01,2022-01-23,2023-11-24,No,143,,Federal
0000000573,000573,Early Head Start,2023-12-07,2023-12-29,2024-07-28,No,62,,State
0000000573,000573,Head Start,2024-07-29,2024-08-21,2025-03-25,No,154,Pre-K,State
0000000574,000574,Child Care,2019-06-27,2019-07-01,2021-01-20,No,47,,Local
0000000574,000574,Early Head Start,2021-05-17,2021-05-28,2023-03-09,No,141,,Private
0000000574,000574,Head Start,2023-06-06,2023-06-14,2023-12-05,No,101,Pre-K,Private
0000000575,000575,Home Visiting,2019-08-30,2019-09-01,2020-11-10,Yes,18,,State
0000000575,000575,First Steps,2020-12-01,2020-12-09,2021-11-19,No,20,Early Intervention,Federal
0000000575,000575,Home Visiting,2021-11-23,2021-12-03,2023-03-06,Yes,5,,Local
0000000575,000575,Child Care,2023-03-12,2023-03-25,2024-02-14,No,138,,Local
0000000576,000576,Home Visiting,2020-08-31,2020-09-24,2022-09-05,Yes,29,,Federal
0000000577,000577,Early Intervention,2020-02-22,2020-03-09,2021-02-12,No,9,Early Intervention,Federal
0000000578,000578,Early Intervention,2020-06-09,2020-06-23,2022-02-18,No,42,Early Intervention,Private
0000000579,000579,Child Care,2018-09-01,2018-09-19,2021-04-01,No,119,,Federal
0000000579,000579,Childcare Subsidy,2021-05-18,2021-06-12,2023-10-29,No,174,,Local
0000000579,000579,Child Care,2019-05-01,2019-05-19,2020-06-19,No,52,,Local
0000000579,000579,Early Intervention,2020-10-03,2020-10-12,2023-08-19,No,30,Early Intervention,State
0000000579,000579,Child Care,2019-05-01,2019-05-14,2021-12-11,No,71,,Local
0000000580,000580,Child Care,2021-07-14,2021-08-10,2023-05-29,No,142,,State
0000000580,000580,Head Start,2023-09-19,2023-09-20,2024-11-03,No,73,Pre-K,Private
0000000580,000580,State Pre-K,2025-01-31,2025-02-16,2025-08-02,No,148,Pre-K,Private
0000000581,000581,Home Visiting,2018-05-21,2018-06-18,2019-10-09,Yes,19,,Private
0000000581,000581,Child Care,2019-10-14,2019-11-13,2021-02-11,No,104,,Federal
0000000582,000582,Home Visiting,2021-01-12,2021-01-17,2022-08-08,Yes,23,,State
0000000583,000583,Home Visiting,2023-02-20,2023-03-16,2025-01-04,Yes,25,,State
0000000584,000584,Early Intervention,2020-04-03,2020-04-21,2021-08-09,No,12,Early Intervention,State
0000000585,000585,First Steps,2020-08-10,2020-08-24,2022-02-03,No,27,Early Intervention,Federal
0000000586,000586,Early Intervention,2019-12-24,2020-01-19,2022-05-28,No,30,Early Intervention,Private
0000000587,000587,Childcare Subsidy,2020-06-28,2020-06-30,2020-12-31,No,158,,State
0000000588,000588,Early Intervention,2021-01-05,2021-01-22,2021-12-09,No,42,Early Intervention,Local
0000000588,000588,Childcare Subsidy,2021-02-21,2021-03-08,2023-06-25,No,133,,Local
0000000588,000588,Head Start,2023-09-21,2023-10-07,2024-08-30,No,58,Pre-K,State
0000000589,000589,Child Care,2020-05-08,2020-05-29,2021-06-06,No,82,,Local
0000000589,000589,Child Care,2021-07-01,2021-07-22,2023-10-14,No,186,,Federal
0000000590,000590,Early Head Start,2022-09-27,2022-09-29,2023-07-21,No,76,,State
0000000591,000591,First Steps,2019-05-10,2019-05-21,2020-09-19,No,24,Early Intervention,Private
0000000591,000591,Home Visiting,2020-09-28,2020-10-20,2022-05-22,Yes,7,,Private
0000000592,000592,Child Care,2019-03-04,2019-03-26,2021-12-16,No,156,,State
0000000593,000593,Early Intervention,2021-08-10,2021-08-20,2022-02-11,No,31,Early Intervention,Local
0000000593,000593,First Steps,2022-07-20,2022-08-03,2022-10-11,No,25,Early Intervention,Local
0000000594,000594,Home Visiting,2022-08-26,2022-09-03,2023-08-25,Yes,5,,Private
0000000594,000594,Early Intervention,2023-09-11,2023-09-24,2024-04-27,No,21,Early Intervention,State
0000000594,000594,Head Start,2024-05-27,2024-05-30,2024-12-22,No,70,Pre-K,Local
0000000595,000595,Home Visiting,2019-08-30,2019-09-03,2021-06-05,Yes,16,,Local
0000000595,000595,Home Visiting,2021-07-11,2021-07-19,2023-03-28,Yes,5,,Local
0000000596,000596,Early Head Start,2022-03-02,2022-03-27,2025-03-19,No,188,,State
0000000596,000596,Childcare Subsidy,2025-03-20,2025-04-19,2026-05-26,No,163,,Local
0000000596,000596,Head Start,2026-05-31,2026-06-25,2027-01-11,No,106,Pre-K,State
0000000597,000597,Child Care,2021-02-21,2021-02-25,2021-08-06,No,52,,Private
0000000597,000597,First Steps,2021-09-02,2021-09-26,2022-05-01,No,15,Early Intervention,Federal
0000000597,000597,Early Intervention,2022-05-07,2022-05-14,2023-05-08,No,25,Early Intervention,State
0000000598,000598,Child Care,2020-03-28,2020-04-25,2022-12-10,No,68,,State
0000000598,000598,State Pre-K,2022-12-30,2023-01-13,2024-08-26,No,126,Pre-K,Private
0000000599,000599,Early Intervention,2023-01-03,2023-01-05,2023-09-14,No,38,Early Intervention,Private
0000000599,000599,Home Visiting,2023-12-18,2024-01-10,2025-11-19,Yes,15,,Federal
0000000600,000600,Early Head Start,2020-09-03,2020-09-05,2021-01-08,No,38,,Local
0000000600,000600,Early Head Start,2020-10-05,2020-10-20,2021-09-11,No,82,,Local
0000000601,000601,Early Head Start,2020-01-09,2020-01-31,2021-03-24,No,58,,State
0000000601,000601,Child Care,2021-04-21,2021-05-17,2023-05-17,No,57,,Federal
0000000601,000601,Child Care,2023-06-03,2023-06-23,2024-05-19,No,130,,Local
0000000602,000602,Home Visiting,2021-03-24,2021-03-27,2022-08-24,Yes,6,,State
0000000602,000602,Child Care,2022-09-01,2022-09-20,2024-04-05,No,123,,Local
0000000603,000603,Child Care,2021-07-25,2021-08-10,2022-04-20,No,73,,State
0000000603,000603,Child Care,2022-09-22,2022-09-26,2023-04-28,No,130,,Private
0000000603,000603,Childcare Subsidy,2023-07-30,2023-08-26,2024-01-09,No,58,,Private
0000000604,000604,Early Head Start,2020-03-27,2020-04-22,2022-09-30,No,170,,State
0000000605,000605,Early Head Start,2023-03-24,2023-04-13,2024-02-11,No,149,,Federal
0000000605,000605,Childcare Subsidy,2024-02-23,2024-03-11,2025-06-24,No,62,,Local
0000000605,000605,Head Start,2025-07-22,2025-08-19,2026-08-14,No,157,Pre-K,Local
0000000606,000606,Home Visiting,2022-10-11,2022-11-06,2024-07-31,Yes,9,,Local
0000000606,000606,State Pre-K,2024-10-11,2024-10-17,2026-01-14,No,149,Pre-K,State
0000000607,000607,Child Care,2022-01-02,2022-01-03,2023-08-30,No,85,,State
0000000607,000607,State Pre-K,2023-09-24,2023-10-18,2024-12-04,No,97,Pre-K,Local
0000000608,000608,Early Head Start,2020-08-25,2020-09-05,2021-06-06,No,131,,Federal
0000000608,000608,Early Head Start,2021-07-05,2021-07-14,2022-06-09,No,44,,Private
0000000608,000608,Early Head Start,2022-06-24,2022-07-02,2023-07-07,No,99,,State
0000000609,000609,Home Visiting,2019-12-05,2019-12-22,2020-02-23,Yes,15,,Local
0000000610,000610,Early Intervention,2019-07-11,2019-07-17,2020-06-26,No,47,Early Intervention,Private
0000000610,000610,Home Visiting,2020-07-12,2020-07-29,2021-05-18,Yes,22,,Private
0000000610,000610,Early Intervention,2021-05-21,2021-06-09,2023-04-03,No,11,Early Intervention,State
0000000611,000611,Childcare Subsidy,2022-05-13,2022-05-19,2023-11-01,No,114,,Private
0000000611,000611,Early Head Start,2023-11-23,2023-12-19,2026-03-29,No,191,,Local
0000000611,000611,Child Care,2026-04-06,2026-04-18,2027-02-22,No,50,,Private
0000000612,000612,First Steps,2022-09-06,2022-09-26,2024-06-05,No,31,Early Intervention,Federal
0000000612,000612,Head Start,2024-09-08,2024-09-19,2026-05-05,No,130,Pre-K,Federal
0000000613,000613,First Steps,2022-02-06,2022-02-19,2022-10-28,No,44,Early Intervention,Federal
0000000613,000613,Home Visiting,2022-11-12,2022-12-03,2024-08-31,Yes,13,,State
0000000613,000613,State Pre-K,2024-09-16,2024-09-18,2025-12-15,No,58,Pre-K,Local
0000000613,000613,Child Care,2025-12-24,2026-01-20,2026-08-20,No,37,,Private
0000000613,000613,Home Visiting,2022-02-20,2022-03-17,2022-11-12,Yes,21,,Local
0000000614,000614,Home Visiting,2020-08-24,2020-09-23,2021-08-14,Yes,8,,Federal
0000000615,000615,Child Care,2021-08-15,2021-08-25,2024-07-06,No,178,,State
0000000615,000615,Childcare Subsidy,2024-07-24,2024-08-14,2026-04-09,No,119,,State
0000000616,000616,Child Care,2022-05-16,2022-06-02,2024-09-02,No,142,,State
0000000616,000616,Child Care,2024-09-06,2024-09-20,2026-01-03,No,78,,Private
0000000617,000617,Early Intervention,2021-06-17,2021-07-13,2022-03-12,No,26,Early Intervention,Federal
0000000617,000617,Early Head Start,2022-04-07,2022-04-17,2023-06-06,No,188,,Private
0000000617,000617,Head Start,2023-07-06,2023-08-03,2024-10-09,No,125,Pre-K,Private
0000000618,000618,Child Care,2020-09-11,2020-09-12,2021-10-31,No,189,,Private
0000000618,000618,Childcare Subsidy,2021-11-17,2021-11-29,2023-01-22,No,180,,State
0000000618,000618,First Steps,2023-01-25,2023-02-18,2024-05-02,No,33,Early Intervention,Local
0000000619,000619,Early Intervention,2022-08-03,2022-08-16,2023-10-01,No,40,Early Intervention,Local
0000000620,000620,First Steps,2021-12-28,2022-01-22,2022-09-09,No,5,Early Intervention,Private
0000000620,000620,Child Care,2022-10-07,2022-10-17,2023-07-31,No,102,,Federal
0000000620,000620,Early Head Start,2023-08-05,2023-08-16,2024-03-20,No,124,,Private
0000000621,000621,Childcare Subsidy,2018-12-02,2018-12-16,2021-12-12,No,75,,State
0000000622,000622,First Steps,2021-02-27,2021-03-11,2021-11-27,No,32,Early Intervention,Private
0000000622,000622,Early Intervention,2021-12-25,2022-01-22,2022-07-21,No,23,Early Intervention,State
0000000623,000623,Early Intervention,2019-09-24,2019-10-22,2020-05-21,No,24,Early Intervention,State
0000000623,000623,Home Visiting,2020-05-28,2020-06-09,2021-03-14,Yes,15,,Federal
0000000623,000623,First Steps,2021-04-10,2021-04-19,2021-07-05,No,32,Early Intervention,Local
0000000624,000624,Childcare Subsidy,2021-12-18,2022-01-11,2024-07-08,No,145,,State
0000000624,000624,State Pre-K,2024-07-22,2024-08-07,2026-11-02,No,131,Pre-K,State
0000000624,000624,Early Head Start,2022-07-17,2022-08-13,2025-04-23,No,193,,Private
0000000625,000625,Early Intervention,2020-04-17,2020-05-07,2020-11-30,No,10,Early Intervention,Federal
0000000626,000626,Child Care,2022-06-17,2022-07-08,2023-05-19,No,81,,Local
0000000626,000626,Early Head Start,2023-06-07,2023-06-25,2023-10-03,No,33,,State
0000000627,000627,Home Visiting,2019-06-29,2019-07-20,2022-01-20,Yes,16,,Federal
0000000628,000628,Home Visiting,2020-05-15,2020-05-17,2021-05-06,Yes,12,,Local
0000000629,000629,Early Intervention,2022-03-25,2022-04-12,2022-10-16,No,46,Early Intervention,Local
0000000629,000629,Early Head Start,2022-05-12,2022-05-27,2024-08-21,No,92,,Local
0000000629,000629,Child Care,2024-08-31,2024-09-10,2026-05-02,No,99,,State
0000000630,000630,First Steps,2020-11-08,2020-12-04,2022-08-10,No,44,Early Intervention,State
0000000631,000631,Early Head Start,2022-03-06,2022-03-10,2023-10-20,No,58,,Federal
0000000631,000631,Early Intervention,2023-11-16,2023-12-11,2025-08-01,No,9,Early Intervention,Private
0000000632,000632,Child Care,2022-09-24,2022-10-16,2024-10-20,No,47,,State
0000000632,000632,Child Care,2024-10-24,2024-10-27,2026-12-05,No,97,,State
0000000632,000632,Early Head Start,2022-06-07,2022-07-03,2024-04-07,No,126,,Local
0000000633,000633,Child Care,2020-03-03,2020-03-14,2023-02-07,No,70,,Private
0000000633,000633,State Pre-K,2023-02-20,2023-02-24,2024-04-05,No,107,Pre-K,Local
0000000634,000634,Child Care,2022-03-15,2022-03-28,2023-12-21,No,97,,Local
0000000634,000634,Early Head Start,2022-04-27,2022-05-12,2025-10-22,No,101,,Local
0000000635,000635,Early Intervention,2020-08-24,2020-09-10,2023-03-22,No,41,Early Intervention,Private
0000000636,000636,Early Head Start,2021-09-08,2021-09-21,2023-07-05,No,148,,Local
0000000636,000636,Childcare Subsidy,2023-08-20,2023-08-28,2024-03-21,No,111,,State
0000000637,000637,Childcare Subsidy,2021-02-22,2021-02-27,2021-10-14,No,166,,State
0000000637,000637,Child Care,2022-01-21,2022-02-04,2022-11-10,No,136,,Local
0000000638,000638,Early Intervention,2021-12-06,2021-12-21,2022-03-02,No,27,Early Intervention,State
0000000639,000639,First Steps,2022-06-07,2022-06-25,2022-09-19,No,20,Early Intervention,Federal
0000000639,000639,Childcare Subsidy,2022-10-07,2022-11-03,2023-09-15,No,145,,State
0000000639,000639,Child Care,2023-09-18,2023-10-09,2024-03-17,No,63,,Federal
0000000640,000640,Early Intervention,2020-11-01,2020-11-11,2023-06-01,No,19,Early Intervention,Private
0000000640,000640,Childcare Subsidy,2023-06-08,2023-06-27,2025-06-30,No,125,,Local
0000000641,000641,Childcare Subsidy,2022-02-22,2022-03-10,2023-01-03,No,168,,Local
0000000642,000642,Childcare Subsidy,2021-09-19,2021-10-11,2022-11-24,No,75,,State
0000000643,000643,Early Head Start,2019-03-14,2019-04-04,2021-04-13,No,56,,Federal
0000000644,000644,First Steps,2021-06-23,2021-07-15,2022-05-29,No,28,Early Intervention,State
0000000645,000645,Childcare Subsidy,2021-09-01,2021-09-19,2023-01-22,No,84,,Federal
0000000646,000646,Childcare Subsidy,2019-02-11,2019-02-20,2020-09-15,No,73,,Local
0000000646,000646,Childcare Subsidy,2020-09-16,2020-09-18,2021-11-14,No,135,,Federal
0000000646,000646,Child Care,2021-12-11,2022-01-03,2024-04-12,No,81,,Private
0000000647,000647,Home Visiting,2021-05-02,2021-05-05,2022-02-28,Yes,5,,Private
0000000648,000648,Child Care,2019-12-24,2020-01-19,2020-07-24,No,147,,Private
0000000648,000648,First Steps,2020-09-05,2020-09-29,2022-08-13,No,39,Early Intervention,Local
0000000648,000648,Childcare Subsidy,2022-09-22,2022-10-22,2024-03-10,No,169,,State
0000000649,000649,Early Head Start,2020-01-06,2020-02-01,2022-03-16,No,211,,Private
0000000650,000650,Early Head Start,2023-06-23,2023-07-11,2026-02-03,No,51,,State
0000000650,000650,Childcare Subsidy,2026-02-07,2026-02-10,2027-01-25,No,177,,Federal
0000000651,000651,Early Head Start,2019-02-01,2019-02-06,2019-09-10,No,82,,Private
0000000651,000651,First Steps,2019-09-30,2019-10-10,2019-12-24,No,19,Early Intervention,Private
0000000651,000651,Childcare Subsidy,2020-01-02,2020-01-23,2020-10-10,No,77,,State
0000000652,000652,Child Care,2018-07-09,2018-08-08,2019-03-12,No,100,,Federal
0000000652,000652,First Steps,2019-03-15,2019-04-09,2020-01-11,No,17,Early Intervention,Local
0000000653,000653,Child Care,2019-09-01,2019-09-15,2021-06-23,No,100,,Private
0000000653,000653,First Steps,2021-06-27,2021-07-23,2024-02-09,No,26,Early Intervention,Local
0000000654,000654,Childcare Subsidy,2023-03-06,2023-03-08,2024-06-13,No,60,,Local
0000000654,000654,Childcare Subsidy,2024-06-17,2024-06-19,2026-11-03,No,102,,Federal
0000000654,000654,Childcare Subsidy,2022-05-06,2022-05-13,2023-09-05,No,80,,Local
0000000654,000654,First Steps,2023-09-18,2023-09-21,2025-10-09,No,26,Early Intervention,Local
0000000655,000655,Child Care,2021-03-13,2021-03-27,2023-01-19,No,148,,Private
0000000656,000656,Early Head Start,2018-12-22,2018-12-25,2020-02-15,No,88,,Federal
0000000656,000656,Home Visiting,2020-03-04,2020-03-26,2021-07-30,Yes,19,,Local
0000000656,000656,State Pre-K,2021-08-07,2021-08-13,2022-04-10,No,128,Pre-K,Private
0000000657,000657,Early Intervention,2021-02-04,2021-02-19,2024-02-03,No,10,Early Intervention,Federal
0000000657,000657,Childcare Subsidy,2024-04-14,2024-04-22,2025-05-22,No,85,,Local
0000000657,000657,Early Intervention,2021-08-26,2021-08-27,2024-07-17,No,49,Early Intervention,Private
0000000658,000658,Childcare Subsidy,2021-05-25,2021-06-08,2022-08-08,No,131,,State
0000000658,000658,Child Care,2022-09-01,2022-09-30,2024-02-05,No,117,,Federal
0000000659,000659,Early Intervention,2020-12-16,2020-12-25,2021-03-19,No,29,Early Intervention,Federal
0000000659,000659,Early Intervention,2021-06-19,2021-06-29,2022-03-25,No,31,Early Intervention,Federal
0000000660,000660,First Steps,2018-11-30,2018-12-08,2019-10-14,No,52,Early Intervention,State
0000000660,000660,Child Care,2019-11-02,2019-11-09,2020-09-25,No,120,,Private
0000000660,000660,First Steps,2020-10-23,2020-10-25,2022-01-13,No,43,Early Intervention,Private
0000000660,000660,Childcare Subsidy,2022-01-19,2022-01-26,2023-08-15,No,118,,State
0000000660,000660,Child Care,2019-02-20,2019-03-06,2021-02-25,No,132,,State
0000000661,000661,Child Care,2021-07-27,2021-07-28,2022-06-24,No,62,,Federal
0000000661,000661,First Steps,2022-07-03,2022-07-25,2023-09-21,No,14,Early Intervention,Private
0000000661,000661,Head Start,2023-10-07,2023-11-03,2024-07-11,No,90,Pre-K,Federal
0000000662,000662,Early Intervention,2022-07-25,2022-08-23,2025-02-20,No,16,Early Intervention,Private
0000000662,000662,State Pre-K,2022-09-22,2022-10-07,2027-03-17,No,153,Pre-K,Private
0000000663,000663,First Steps,2020-07-01,2020-07-23,2022-02-27,No,43,Early Intervention,State
0000000663,000663,State Pre-K,2022-03-06,2022-04-04,2024-06-18,No,102,Pre-K,Local
0000000664,000664,Childcare Subsidy,2020-04-06,2020-05-05,2021-02-19,No,35,,Local
0000000664,000664,Childcare Subsidy,2021-07-11,2021-07-23,2022-02-26,No,55,,State
0000000664,000664,Child Care,2022-07-06,2022-08-01,2023-06-11,No,55,,Local
0000000665,000665,Childcare Subsidy,2020-09-19,2020-10-01,2022-05-22,No,77,,Federal
0000000665,000665,Early Intervention,2022-08-27,2022-08-30,2024-06-06,No,54,Early Intervention,Private
0000000666,000666,Childcare Subsidy,2021-04-10,2021-05-03,2023-02-23,No,45,,Private
0000000666,000666,Early Intervention,2023-03-12,2023-04-04,2024-06-13,No,13,Early Intervention,Federal
0000000667,000667,First Steps,2020-01-12,2020-01-20,2021-05-24,No,28,Early Intervention,Private
0000000667,000667,First Steps,2021-06-14,2021-07-12,2022-09-24,No,26,Early Intervention,Local
0000000668,000668,Child Care,2018-11-05,2018-11-29,2019-10-26,No,78,,Private
0000000669,000669,Early Intervention,2020-02-14,2020-02-22,2020-05-08,No,31,Early Intervention,Federal
0000000670,000670,Early Intervention,2020-01-28,2020-01-31,2021-12-26,No,56,Early Intervention,State
0000000670,000670,First Steps,2022-02-07,2022-02-09,2023-10-27,No,10,Early Intervention,State
0000000670,000670,Head Start,2024-01-20,2024-01-28,2025-04-14,No,107,Pre-K,Private
0000000671,000671,First Steps,2020-07-28,2020-08-13,2022-04-20,No,13,Early Intervention,Local
0000000671,000671,Child Care,2022-05-01,2022-05-21,2023-02-06,No,67,,Federal
0000000671,000671,State Pre-K,2023-02-18,2023-03-02,2024-02-29,No,135,Pre-K,Federal
0000000672,000672,Home Visiting,2019-08-15,2019-08-28,2020-10-06,Yes,10,,Local
0000000672,000672,Early Intervention,2020-10-25,2020-11-15,2022-04-07,No,11,Early Intervention,State
0000000672,000672,Childcare Subsidy,2022-04-26,2022-05-19,2023-07-17,No,88,,State
0000000673,000673,First Steps,2022-04-11,2022-04-14,2024-06-21,No,31,Early Intervention,Private
0000000674,000674,Home Visiting,2020-10-15,2020-10-17,2021-12-08,Yes,11,,Private
0000000674,000674,Home Visiting,2021-12-15,2021-12-30,2022-12-04,Yes,6,,State
0000000674,000674,Childcare Subsidy,2022-12-12,2022-12-16,2023-06-15,No,180,,Federal
0000000675,000675,First Steps,2019-02-11,2019-02-17,2019-11-01,No,23,Early Intervention,Federal
0000000675,000675,Home Visiting,2019-11-04,2019-11-12,2020-10-04,Yes,6,,Federal
0000000675,000675,Child Care,2020-10-27,2020-11-09,2021-12-02,No,70,,State
0000000676,000676,Child Care,2022-07-23,2022-08-03,2023-10-07,No,166,,Local
0000000677,000677,First Steps,2018-12-22,2019-01-13,2021-10-10,No,53,Early Intervention,Private
0000000678,000678,First Steps,2020-08-16,2020-08-29,2021-12-23,No,46,Early Intervention,Local
0000000678,000678,Home Visiting,2022-01-11,2022-01-28,2024-02-28,Yes,22,,Local
0000000678,000678,Child Care,2024-03-26,2024-04-02,2025-11-20,No,84,,Local
0000000678,000678,Early Intervention,2021-05-23,2021-06-01,2023-04-04,No,10,Early Intervention,Federal
0000000678,000678,Child Care,2023-04-27,2023-05-24,2024-06-15,No,199,,Local
0000000679,000679,Childcare Subsidy,2019-06-09,2019-07-01,2020-04-18,No,32,,Federal
0000000680,000680,Child Care,2021-10-11,2021-11-10,2022-07-28,No,125,,Local
0000000681,000681,First Steps,2020-04-09,2020-04-10,2021-05-11,No,28,Early Intervention,Federal
0000000682,000682,First Steps,2022-01-05,2022-02-02,2023-05-05,No,27,Early Intervention,Local
0000000682,000682,Early Intervention,2023-08-04,2023-08-13,2025-02-23,No,23,Early Intervention,Private
0000000682,000682,Head Start,2025-03-27,2025-03-30,2026-10-30,No,89,Pre-K,Federal
0000000683,000683,First Steps,2019-03-24,2019-04-09,2020-03-20,No,37,Early Intervention,Federal
0000000684,000684,Childcare Subsidy,2023-08-05,2023-08-28,2024-12-13,No,41,,Local
0000000684,000684,Childcare Subsidy,2025-03-22,2025-04-19,2027-03-09,No,54,,State
0000000685,000685,First Steps,2022-02-15,2022-03-09,2024-02-10,No,31,Early Intervention,Local
0000000686,000686,Child Care,2020-01-31,2020-02-04,2021-09-22,No,163,,State
0000000687,000687,First Steps,2021-05-28,2021-06-11,2023-03-04,No,34,Early Intervention,Federal
0000000688,000688,First Steps,2018-10-31,2018-11-11,2019-05-08,No,11,Early Intervention,Private
0000000688,000688,Early Head Start,2019-05-18,2019-06-04,2020-03-04,No,95,,Federal
0000000688,000688,Home Visiting,2020-03-16,2020-03-23,2021-01-06,Yes,9,,State
0000000689,000689,Childcare Subsidy,2021-03-12,2021-04-09,2023-02-11,No,155,,State
0000000689,000689,State Pre-K,2023-02-24,2023-03-20,2025-01-21,No,89,Pre-K,Federal
0000000689,000689,Early Head Start,2020-11-30,2020-12-13,2021-08-18,No,56,,Private
0000000689,000689,Child Care,2021-09-05,2021-09-15,2022-05-25,No,56,,Federal
0000000689,000689,Childcare Subsidy,2022-06-20,2022-07-20,2023-10-15,No,49,,Federal
0000000690,000690,Home Visiting,2019-07-06,2019-07-24,2022-04-05,Yes,20,,Local
0000000690,000690,Head Start,2022-05-07,2022-06-02,2024-01-06,No,137,Pre-K,Local
0000000690,000690,Early Head Start,2019-07-09,2019-07-20,2022-04-19,No,148,,Private
0000000691,000691,Child Care,2018-08-25,2018-09-19,2019-07-03,No,79,,Private
0000000691,000691,Home Visiting,2019-07-09,2019-07-25,2019-12-26,Yes,14,,State
0000000691,000691,Child Care,2020-01-12,2020-01-30,2020-04-01,No,139,,Federal
0000000692,000692,Childcare Subsidy,2022-07-07,2022-07-22,2025-02-13,No,116,,State
0000000692,000692,State Pre-K,2022-08-21,2022-09-05,2026-08-31,No,108,Pre-K,Federal
0000000692,000692,Home Visiting,2022-03-03,2022-03-09,2024-08-05,Yes,9,,State
0000000693,000693,Home Visiting,2022-01-31,2022-02-26,2024-01-24,Yes,7,,State
0000000693,000693,Childcare Subsidy,2024-02-05,2024-02-09,2025-05-14,No,78,,Federal
0000000694,000694,Home Visiting,2020-09-20,2020-09-29,2022-04-25,Yes,5,,Federal
0000000695,000695,Early Intervention,2019-06-12,2019-07-02,2021-04-06,No,40,Early Intervention,Federal
0000000696,000696,Home Visiting,2023-01-27,2023-02-18,2024-02-01,Yes,5,,Private
0000000696,000696,Child Care,2024-02-11,2024-02-25,2025-09-28,No,101,,Federal
0000000697,000697,Child Care,2022-05-09,2022-05-23,2023-04-29,No,103,,State
0000000698,000698,Child Care,2018-11-01,2018-11-07,2019-04-25,No,82,,Federal
0000000698,000698,Early Intervention,2019-05-18,2019-05-23,2019-12-29,No,5,Early Intervention,Federal
0000000698,000698,Early Intervention,2020-01-20,2020-01-21,2020-12-25,No,43,Early Intervention,State
0000000698,000698,Home Visiting,2021-01-17,2021-01-20,2021-09-03,Yes,7,,Private
0000000698,000698,State Pre-K,2021-09-23,2021-09-27,2022-05-15,No,72,Pre-K,State
0000000699,000699,First Steps,2018-10-19,2018-11-06,2020-02-09,No,26,Early Intervention,Local
0000000700,000700,Child Care,2020-04-29,2020-05-10,2020-10-22,No,137,,State
0000000700,000700,First Steps,2020-10-29,2020-11-19,2021-05-29,No,34,Early Intervention,State
0000000700,000700,Early Intervention,2021-06-07,2021-07-03,2022-01-08,No,16,Early Intervention,State
0000000701,000701,Childcare Subsidy,2021-06-17,2021-06-30,2021-12-31,No,113,,Local
0000000702,000702,Child Care,2021-08-09,2021-08-24,2022-07-02,No,49,,Federal
0000000703,000703,Early Head Start,2020-10-20,2020-11-17,2021-07-02,No,100,,Private
0000000703,000703,Childcare Subsidy,2021-07-21,2021-08-08,2022-06-26,No,116,,State
0000000703,000703,Child Care,2022-07-19,2022-08-10,2022-11-04,No,56,,Local
0000000704,000704,Early Head Start,2021-04-13,2021-04-20,2023-09-03,No,136,,Private
0000000704,000704,Head Start,2023-12-04,2023-12-30,2025-11-06,No,128,Pre-K,Federal
0000000704,000704,Early Head Start,2021-11-28,2021-12-14,2024-06-04,No,169,,State
0000000704,000704,Child Care,2024-07-23,2024-08-01,2026-05-28,No,120,,Local
0000000705,000705,Child Care,2021-08-24,2021-09-18,2024-04-24,No,86,,Federal
0000000706,000706,Home Visiting,2021-11-02,2021-11-12,2023-04-03,Yes,14,,Local
0000000706,000706,Child Care,2023-07-12,2023-07-23,2025-02-04,No,127,,Private
0000000707,000707,First Steps,2021-10-06,2021-11-04,2022-12-11,No,47,Early Intervention,State
0000000707,000707,Early Head Start,2023-03-15,2023-03-17,2025-08-04,No,49,,State
0000000708,000708,Early Intervention,2021-07-22,2021-08-15,2023-02-13,No,46,Early Intervention,State
0000000709,000709,Early Intervention,2019-12-19,2020-01-11,2022-02-08,No,34,Early Intervention,State
0000000710,000710,Home Visiting,2021-05-22,2021-06-14,2022-09-14,Yes,22,,Local
0000000710,000710,Home Visiting,2022-12-16,2022-12-20,2024-04-17,Yes,9,,State
0000000710,000710,Head Start,2024-06-09,2024-06-29,2026-03-01,No,66,Pre-K,State
0000000710,000710,Childcare Subsidy,2021-12-19,2021-12-27,2023-10-13,No,57,,State
0000000710,000710,Childcare Subsidy,2023-12-24,2024-01-23,2025-01-08,No,158,,Private
0000000711,000711,Home Visiting,2020-01-03,2020-01-22,2021-03-22,Yes,18,,Private
0000000712,000712,Childcare Subsidy,2022-01-10,2022-01-12,2023-12-07,No,71,,Local
0000000712,000712,Child Care,2024-01-13,2024-01-30,2025-06-11,No,102,,Local
0000000712,000712,First Steps,2021-02-13,2021-02-20,2022-07-31,No,22,Early Intervention,State
0000000713,000713,Child Care,2020-08-08,2020-08-18,2023-07-25,No,186,,State
0000000713,000713,Childcare Subsidy,2023-08-02,2023-08-13,2025-03-09,No,46,,Local
0000000713,000713,Child Care,2025-04-01,2025-04-06,2025-09-30,No,123,,State
0000000714,000714,Child Care,2021-09-19,2021-09-30,2022-11-04,No,152,,Private
0000000715,000715,First Steps,2020-12-21,2020-12-23,2021-07-10,No,34,Early Intervention,Federal
0000000716,000716,Early Intervention,2022-08-17,2022-09-16,2023-06-28,No,44,Early Intervention,Federal
0000000716,000716,Child Care,2023-07-16,2023-08-08,2024-12-13,No,187,,State
0000000716,000716,Head Start,2025-01-10,2025-01-31,2026-01-05,No,133,Pre-K,State
0000000717,000717,Home Visiting,2020-02-14,2020-03-01,2022-07-22,Yes,14,,State
0000000717,000717,Child Care,2022-11-19,2022-11-23,2023-10-22,No,63,,Local
0000000717,000717,Early Intervention,2019-04-24,2019-04-30,2020-06-27,No,50,Early Intervention,State
0000000718,000718,Home Visiting,2018-03-12,2018-04-05,2020-05-21,Yes,4,,Federal
0000000719,000719,Early Head Start,2022-12-17,2022-12-26,2023-08-31,No,61,,State
0000000719,000719,Early Intervention,2023-11-30,2023-12-02,2024-07-21,No,11,Early Intervention,State
0000000719,000719,First Steps,2024-08-26,2024-09-24,2026-04-16,No,11,Early Intervention,Federal
0000000719,000719,Head Start,2026-07-26,2026-08-08,2027-03-27,No,152,Pre-K,Private
0000000720,000720,Childcare Subsidy,2019-07-29,2019-08-08,2020-05-21,No,91,,Local
0000000721,000721,Early Intervention,2018-07-21,2018-08-01,2020-02-02,No,15,Early Intervention,Federal
0000000721,000721,Child Care,2020-02-27,2020-03-08,2021-09-19,No,110,,Federal
0000000722,000722,Child Care,2018-12-09,2018-12-30,2021-01-14,No,47,,Local
0000000722,000722,Childcare Subsidy,2019-01-29,2019-02-13,2022-12-25,No,163,,State
0000000722,000722,Childcare Subsidy,2023-01-15,2023-02-10,2023-08-06,No,170,,Private
0000000723,000723,Childcare Subsidy,2021-03-30,2021-04-14,2022-06-06,No,169,,Local
0000000723,000723,Head Start,2022-06-30,2022-07-27,2024-03-24,No,75,Pre-K,State
0000000724,000724,Childcare Subsidy,2020-08-27,2020-09-26,2022-12-15,No,136,,Local
0000000724,000724,Childcare Subsidy,2023-04-08,2023-04-21,2025-03-27,No,213,,State
0000000724,000724,Early Intervention,2020-09-27,2020-10-16,2023-04-19,No,19,Early Intervention,Private
0000000724,000724,Child Care,2023-07-17,2023-08-07,2025-03-27,No,109,,State
0000000725,000725,Early Intervention,2018-07-05,2018-07-12,2020-06-09,No,11,Early Intervention,Private
0000000726,000726,Early Head Start,2021-04-05,2021-04-11,2024-04-03,No,170,,Private
0000000726,000726,Childcare Subsidy,2024-04-05,2024-04-13,2026-03-12,No,140,,State
0000000726,000726,Child Care,2021-12-12,2021-12-13,2024-06-21,No,73,,Local
0000000727,000727,Early Head Start,2023-03-14,2023-03-24,2024-10-17,No,115,,Private
0000000727,000727,State Pre-K,2024-11-05,2024-11-26,2025-11-15,No,111,Pre-K,State
0000000727,000727,Head Start,2025-11-16,2025-11-21,2026-10-05,No,154,Pre-K,Private
0000000728,000728,Home Visiting,2021-09-16,2021-09-29,2022-06-13,Yes,17,,Local
0000000728,000728,First Steps,2022-06-27,2022-07-20,2023-05-15,No,17,Early Intervention,Private
0000000728,000728,Child Care,2023-06-10,2023-07-03,2024-05-03,No,99,,Private
0000000729,000729,Child Care,2018-05-01,2018-05-09,2019-08-08,No,179,,Federal
0000000729,000729,Childcare Subsidy,2019-08-25,2019-09-07,2020-11-06,No,164,,Local
0000000729,000729,Child Care,2020-11-21,2020-12-14,2023-08-26,No,158,,State
0000000729,000729,Child Care,2019-03-26,2019-03-30,2020-06-18,No,105,,State
0000000730,000730,Early Head Start,2022-06-09,2022-06-26,2023-06-09,No,147,,State
0000000731,000731,Early Intervention,2019-11-23,2019-12-23,2020-09-23,No,13,Early Intervention,State
0000000731,000731,Childcare Subsidy,2020-01-22,2020-02-06,2021-02-22,No,78,,State
0000000732,000732,Child Care,2022-11-20,2022-11-22,2024-11-11,No,171,,Federal
0000000732,000732,Child Care,2024-11-27,2024-12-14,2026-09-16,No,132,,State
0000000733,000733,Home Visiting,2020-01-17,2020-02-14,2020-04-14,Yes,4,,Federal
0000000734,000734,Home Visiting,2020-07-10,2020-07-29,2021-07-28,Yes,16,,Local
0000000734,000734,Early Intervention,2021-08-19,2021-08-28,2023-01-09,No,9,Early Intervention,Federal
0000000735,000735,Childcare Subsidy,2023-05-11,2023-06-08,2024-09-17,No,83,,State
0000000735,000735,Child Care,2024-09-30,2024-10-11,2027-04-05,No,77,,Private
0000000736,000736,Child Care,2018-12-10,2018-12-27,2019-11-11,No,85,,Private
0000000737,000737,Home Visiting,2020-09-28,2020-10-13,2021-11-07,Yes,10,,Local
0000000737,000737,First Steps,2022-02-08,2022-03-10,2023-05-16,No,15,Early Intervention,Federal
0000000737,000737,Head Start,2023-08-19,2023-09-06,2024-12-03,No,93,Pre-K,Private
0000000738,000738,Child Care,2023-03-20,2023-04-08,2024-08-13,No,136,,Local
0000000738,000738,Home Visiting,2023-05-08,2023-05-23,2026-02-11,Yes,9,,Local
0000000739,000739,Home Visiting,2022-08-17,2022-09-12,2023-09-29,Yes,10,,Local
0000000740,000740,Child Care,2023-04-11,2023-05-07,2025-02-05,No,116,,Private
0000000741,000741,Early Intervention,2021-02-23,2021-03-08,2021-11-11,No,13,Early Intervention,Private
0000000741,000741,Childcare Subsidy,2021-11-23,2021-12-17,2023-03-07,No,86,,Local
0000000741,000741,Early Intervention,2023-03-24,2023-03-25,2024-11-09,No,12,Early Intervention,Federal
0000000742,000742,First Steps,2019-01-29,2019-02-04,2020-02-07,No,23,Early Intervention,Federal
0000000742,000742,First Steps,2020-02-17,2020-03-14,2021-05-05,No,33,Early Intervention,Local
0000000742,000742,Child Care,2021-05-23,2021-06-13,2023-07-27,No,131,,Private
0000000742,000742,First Steps,2019-01-27,2019-02-17,2020-11-16,No,48,Early Intervention,Private
0000000742,000742,First Steps,2020-12-16,2020-12-17,2023-07-27,No,51,Early Intervention,Private
0000000743,000743,Child Care,2019-10-16,2019-11-11,2020-10-21,No,73,,Federal
0000000744,000744,Child Care,2022-10-26,2022-11-06,2024-06-04,No,69,,State
0000000745,000745,Home Visiting,2022-11-25,2022-12-10,2023-09-08,Yes,18,,State
0000000745,000745,Home Visiting,2023-10-01,2023-10-28,2024-11-20,Yes,27,,State
0000000746,000746,Home Visiting,2021-12-25,2022-01-09,2023-04-07,Yes,6,,Federal
0000000746,000746,Early Head Start,2023-08-02,2023-08-13,2026-01-05,No,193,,Local
0000000746,000746,Childcare Subsidy,2026-04-25,2026-05-06,2026-11-15,No,53,,Federal
0000000747,000747,Childcare Subsidy,2020-05-25,2020-06-05,2023-01-04,No,155,,Private
0000000748,000748,Home Visiting,2020-04-05,2020-04-27,2021-06-05,Yes,26,,Local
0000000749,000749,Early Intervention,2020-10-20,2020-10-31,2022-06-26,No,36,Early Intervention,Federal
0000000749,000749,Early Head Start,2022-07-26,2022-07-29,2024-06-15,No,96,,Federal
0000000749,000749,Childcare Subsidy,2024-06-25,2024-07-22,2025-08-26,No,78,,Private
0000000750,000750,Early Head Start,2022-12-23,2022-12-31,2023-11-17,No,128,,Local
0000000751,000751,Home Visiting,2018-06-14,2018-07-13,2019-03-24,Yes,14,,State
0000000751,000751,Early Intervention,2019-04-07,2019-05-06,2020-02-29,No,21,Early Intervention,Federal
0000000752,000752,Early Head Start,2021-03-01,2021-03-29,2023-06-02,No,81,,Federal
0000000752,000752,Childcare Subsidy,2023-08-05,2023-08-15,2024-08-29,No,173,,Federal
0000000752,000752,Child Care,2024-11-23,2024-12-20,2025-07-19,No,148,,State
0000000753,000753,Childcare Subsidy,2022-03-09,2022-03-10,2024-12-24,No,80,,State
0000000754,000754,Child Care,2019-02-21,2019-02-28,2020-02-02,No,68,,State
0000000754,000754,Early Intervention,2020-02-08,2020-03-08,2021-10-22,No,53,Early Intervention,State
0000000755,000755,Childcare Subsidy,2020-08-31,2020-09-29,2021-12-23,No,114,,State
0000000755,000755,Early Intervention,2022-03-25,2022-04-03,2023-12-25,No,36,Early Intervention,Federal
0000000755,000755,Child Care,2024-04-15,2024-05-14,2025-04-30,No,97,,Federal
0000000756,000756,Early Intervention,2021-07-26,2021-08-07,2023-03-26,No,28,Early Intervention,Local
0000000757,000757,Child Care,2021-04-09,2021-04-21,2022-04-22,No,169,,Local
0000000758,000758,Early Intervention,2023-02-14,2023-03-06,2023-12-21,No,25,Early Intervention,Federal
0000000759,000759,Child Care,2021-11-14,2021-12-09,2023-08-19,No,62,,Federal
0000000759,000759,Child Care,2023-09-01,2023-09-29,2024-12-18,No,65,,State
0000000760,000760,First Steps,2021-01-01,2021-01-06,2021-06-08,No,14,Early Intervention,State
0000000761,000761,Home Visiting,2019-08-10,2019-09-06,2020-04-03,Yes,13,,Federal
0000000762,000762,First Steps,2020-05-26,2020-06-08,2021-11-11,No,23,Early Intervention,Local
0000000762,000762,Childcare Subsidy,2021-12-02,2021-12-17,2023-07-25,No,142,,Local
0000000763,000763,Home Visiting,2019-07-01,2019-07-24,2020-02-10,Yes,19,,Local
0000000764,000764,Child Care,2020-01-17,2020-02-01,2022-11-10,No,160,,Private
0000000764,000764,State Pre-K,2023-02-12,2023-02-18,2024-04-02,No,165,Pre-K,State
0000000765,000765,Early Intervention,2021-08-26,2021-09-21,2022-12-30,No,30,Early Intervention,Private
0000000765,000765,Childcare Subsidy,2023-01-03,2023-01-16,2025-03-13,No,112,,Private
0000000766,000766,Childcare Subsidy,2021-10-26,2021-10-31,2023-07-01,No,76,,Private
0000000766,000766,Childcare Subsidy,2023-07-11,2023-07-23,2025-05-25,No,92,,Local
0000000767,000767,Early Head Start,2019-04-01,2019-04-10,2019-10-17,No,120,,Federal
0000000767,000767,First Steps,2020-02-10,2020-03-03,2021-04-09,No,38,Early Intervention,Federal
0000000768,000768,Early Intervention,2018-03-03,2018-03-09,2019-05-28,No,23,Early Intervention,Federal
0000000768,000768,Home Visiting,2019-06-16,2019-06-25,2020-03-05,Yes,11,,Federal
0000000769,000769,Early Intervention,2020-12-04,2020-12-19,2022-02-15,No,18,Early Intervention,Private
0000000769,000769,First Steps,2022-03-19,2022-04-11,2023-08-26,No,47,Early Intervention,Local
0000000770,000770,Early Intervention,2021-12-09,2021-12-22,2023-06-22,No,53,Early Intervention,State
0000000770,000770,Childcare Subsidy,2023-10-11,2023-10-28,2025-05-02,No,103,,Local
0000000771,000771,Early Head Start,2023-04-22,2023-05-03,2024-10-18,No,170,,State
0000000772,000772,Home Visiting,2023-01-24,2023-01-28,2024-07-04,Yes,25,,Federal
0000000772,000772,Head Start,2024-07-25,2024-07-26,2026-05-17,No,112,Pre-K,Federal
0000000773,000773,Childcare Subsidy,2020-10-22,2020-10-25,2022-06-01,No,88,,Federal
0000000773,000773,Child Care,2022-06-08,2022-06-21,2024-03-30,No,47,,Federal
0000000774,000774,Home Visiting,2019-04-26,2019-04-28,2021-03-27,Yes,6,,Federal
0000000774,000774,Head Start,2021-07-14,2021-08-02,2023-08-31,No,146,Pre-K,State
0000000775,000775,Child Care,2019-09-27,2019-10-19,2021-10-12,No,166,,Local
0000000775,000775,State Pre-K,2021-10-17,2021-11-09,2022-07-09,No,136,Pre-K,Federal
0000000776,000776,Early Intervention,2021-05-12,2021-05-14,2021-08-03,No,33,Early Intervention,Federal
0000000776,000776,Early Head Start,2021-08-28,2021-09-26,2022-04-15,No,38,,State
0000000777,000777,Early Head Start,2022-05-17,2022-05-24,2023-09-20,No,198,,Federal
0000000778,000778,Early Head Start,2020-08-10,2020-08-25,2021-03-19,No,60,,Local
0000000779,000779,Childcare Subsidy,2019-08-20,2019-09-02,2022-04-30,No,124,,Local
0000000780,000780,Home Visiting,2018-05-30,2018-06-28,2020-03-11,Yes,6,,Federal
0000000781,000781,Childcare Subsidy,2021-01-21,2021-01-22,2023-09-21,No,171,,Private
0000000781,000781,Head Start,2021-02-21,2021-03-08,2025-05-12,No,93,Pre-K,Federal
0000000781,000781,First Steps,2021-05-13,2021-05-30,2023-01-12,No,11,Early Intervention,Local
0000000782,000782,Child Care,2022-03-20,2022-04-03,2023-05-28,No,98,,State
0000000783,000783,Childcare Subsidy,2022-04-15,2022-05-12,2022-10-10,No,44,,State
0000000784,000784,Home Visiting,2022-01-30,2022-02-16,2023-02-15,Yes,14,,Private
0000000784,000784,Early Intervention,2023-02-28,2023-03-05,2024-01-03,No,37,Early Intervention,Private
0000000785,000785,Childcare Subsidy,2021-10-07,2021-10-09,2022-04-09,No,58,,State
0000000785,000785,Home Visiting,2021-11-08,2021-11-23,2023-06-21,Yes,13,,Private
0000000785,000785,Early Intervention,2023-07-16,2023-07-27,2024-09-27,No,36,Early Intervention,Local
0000000785,000785,Childcare Subsidy,2024-10-01,2024-10-17,2026-08-01,No,52,,Federal
0000000785,000785,Early Head Start,2022-04-01,2022-04-03,2023-12-09,No,174,,State
0000000786,000786,Early Intervention,2021-12-27,2021-12-30,2023-04-02,No,40,Early Intervention,State
0000000786,000786,First Steps,2023-04-12,2023-04-24,2025-11-04,No,9,Early Intervention,State
0000000786,000786,Childcare Subsidy,2021-05-07,2021-05-19,2022-12-03,No,103,,Private
0000000787,000787,Childcare Subsidy,2023-04-08,2023-04-16,2025-10-13,No,138,,State
0000000787,000787,Head Start,2026-01-23,2026-02-17,2027-03-27,No,134,Pre-K,Local
0000000788,000788,Early Head Start,2019-03-25,2019-03-28,2020-07-28,No,145,,Federal
0000000789,000789,Child Care,2022-12-28,2023-01-25,2024-07-31,No,158,,Local
0000000790,000790,Early Intervention,2022-02-16,2022-03-13,2023-10-21,No,32,Early Intervention,Private
0000000790,000790,Child Care,2022-04-12,2022-04-27,2025-04-12,No,87,,State
0000000790,000790,State Pre-K,2025-04-18,2025-04-30,2026-10-08,No,150,Pre-K,Federal
0000000791,000791,Early Intervention,2023-02-11,2023-03-13,2024-04-30,No,21,Early Intervention,State
0000000791,000791,Childcare Subsidy,2024-05-06,2024-05-20,2026-04-30,No,66,,Federal
0000000792,000792,Early Head Start,2019-11-17,2019-11-22,2020-02-24,No,113,,State
0000000792,000792,Early Intervention,2020-02-25,2020-03-16,2020-11-23,No,32,Early Intervention,Local
0000000793,000793,Child Care,2023-10-21,2023-10-26,2024-02-13,No,44,,Private
0000000794,000794,Early Intervention,2020-05-14,2020-05-22,2021-11-15,No,10,Early Intervention,Private
0000000794,000794,State Pre-K,2021-12-03,2021-12-16,2023-11-13,No,80,Pre-K,State
0000000795,000795,Home Visiting,2022-06-04,2022-06-23,2024-02-24,Yes,9,,State
0000000795,000795,First Steps,2024-03-09,2024-04-06,2026-01-15,No,12,Early Intervention,State
0000000795,000795,State Pre-K,2026-01-22,2026-01-23,2027-03-04,No,83,Pre-K,Private
0000000796,000796,Child Care,2021-12-01,2021-12-19,2023-06-10,No,155,,Federal
0000000796,000796,Child Care,2023-08-21,2023-08-23,2026-05-03,No,96,,State
0000000797,000797,Early Intervention,2019-02-12,2019-03-04,2021-04-07,No,52,Early Intervention,Local
0000000797,000797,Child Care,2021-04-09,2021-04-24,2023-09-16,No,58,,Federal
0000000798,000798,Childcare Subsidy,2022-12-22,2023-01-12,2024-11-26,No,68,,Private
0000000799,000799,Early Head Start,2020-12-24,2021-01-12,2021-09-16,No,72,,Private
0000000799,000799,Early Intervention,2021-09-17,2021-09-20,2022-07-13,No,7,Early Intervention,State
0000000800,000800,Early Intervention,2020-01-22,2020-02-19,2022-03-22,No,38,Early Intervention,State
0000000800,000800,Childcare Subsidy,2022-04-12,2022-04-25,2023-11-03,No,110,,Local
0000000800,000800,Child Care,2023-11-28,2023-12-19,2025-02-03,No,60,,Local
0000000800,000800,Home Visiting,2020-08-06,2020-08-07,2023-07-29,Yes,22,,Local
0000000800,000800,Child Care,2023-08-17,2023-09-09,2025-02-03,No,171,,Federal
0000000801,000801,Early Intervention,2021-01-11,2021-02-05,2023-09-06,No,27,Early Intervention,State
0000000802,000802,Childcare Subsidy,2018-05-21,2018-06-18,2020-01-05,No,50,,Federal
0000000802,000802,Early Head Start,2020-01-24,2020-02-23,2021-03-07,No,83,,Local
0000000802,000802,Head Start,2021-03-24,2021-04-15,2022-01-24,No,114,Pre-K,Local
0000000802,000802,Child Care,2022-02-17,2022-03-05,2022-10-23,No,55,,Private
0000000802,000802,Child Care,2022-11-18,2022-11-26,2023-07-14,No,82,,Federal
0000000803,000803,First Steps,2019-06-23,2019-07-11,2021-11-12,No,18,Early Intervention,Local
0000000803,000803,Childcare Subsidy,2022-02-14,2022-02-23,2023-08-16,No,193,,State
0000000804,000804,Early Intervention,2021-04-25,2021-04-26,2024-02-10,No,46,Early Intervention,State
0000000804,000804,First Steps,2024-03-08,2024-03-29,2025-10-16,No,40,Early Intervention,Local
0000000805,000805,Home Visiting,2021-10-02,2021-10-18,2023-09-23,Yes,13,,Local
0000000806,000806,Child Care,2022-01-31,2022-02-27,2023-02-08,No,124,,Local
0000000807,000807,First Steps,2020-01-24,2020-02-05,2021-06-28,No,19,Early Intervention,State
0000000808,000808,Home Visiting,2019-06-10,2019-07-08,2020-05-20,Yes,3,,Private
0000000809,000809,Early Intervention,2022-09-30,2022-10-24,2024-09-03,No,18,Early Intervention,Local
0000000809,000809,State Pre-K,2024-09-04,2024-09-15,2026-12-08,No,126,Pre-K,State
0000000810,000810,First Steps,2020-05-12,2020-05-13,2021-10-01,No,21,Early Intervention,Local
0000000810,000810,Home Visiting,2020-06-12,2020-06-27,2023-08-06,Yes,21,,Private
0000000811,000811,Child Care,2021-10-27,2021-11-08,2022-07-28,No,68,,Federal
0000000812,000812,Child Care,2021-12-09,2022-01-06,2022-09-05,No,112,,Private
0000000813,000813,Early Head Start,2021-01-13,2021-01-23,2021-09-04,No,48,,Private
0000000813,000813,Early Intervention,2021-02-22,2021-03-09,2022-08-14,No,16,Early Intervention,Private
0000000814,000814,Early Head Start,2022-12-12,2022-12-16,2024-04-01,No,66,,Local
0000000814,000814,State Pre-K,2023-01-15,2023-01-30,2025-01-08,No,154,Pre-K,Federal
0000000815,000815,Early Intervention,2023-01-05,2023-01-21,2024-06-13,No,39,Early Intervention,Private
0000000815,000815,Head Start,2024-08-30,2024-09-26,2026-03-04,No,131,Pre-K,Local
0000000815,000815,Childcare Subsidy,2022-03-27,2022-03-28,2022-10-05,No,149,,Federal
0000000815,000815,First Steps,2022-11-07,2022-11-20,2023-09-30,No,14,Early Intervention,Local
0000000815,000815,First Steps,2024-01-14,2024-02-07,2025-02-07,No,10,Early Intervention,State
0000000816,000816,Child Care,2020-02-29,2020-03-18,2021-10-06,No,168,,Local
0000000816,000816,Childcare Subsidy,2021-11-02,2021-11-09,2023-06-13,No,86,,Federal
0000000817,000817,Childcare Subsidy,2020-06-08,2020-06-18,2022-01-12,No,79,,Private
0000000817,000817,Child Care,2022-02-11,2022-02-27,2023-12-09,No,84,,Local
0000000818,000818,First Steps,2021-10-14,2021-10-22,2024-03-10,No,48,Early Intervention,State
0000000818,000818,Head Start,2021-11-21,2021-12-06,2025-11-01,No,131,Pre-K,Private
0000000818,000818,Home Visiting,2021-05-04,2021-05-07,2024-03-11,Yes,13,,State
0000000818,000818,State Pre-K,2024-04-04,2024-05-02,2025-11-01,No,132,Pre-K,State
0000000819,000819,Home Visiting,2021-10-11,2021-11-04,2024-08-12,Yes,10,,Private
0000000820,000820,Home Visiting,2020-12-04,2020-12-09,2022-01-05,Yes,25,,Local
0000000820,000820,Childcare Subsidy,2022-03-09,2022-03-11,2025-02-27,No,112,,State
0000000820,000820,Childcare Subsidy,2025-04-19,2025-04-22,2026-03-12,No,124,,State
0000000821,000821,First Steps,2021-02-19,2021-03-04,2022-07-21,No,15,Early Intervention,Private
0000000821,000821,Head Start,2022-08-20,2022-09-12,2023-07-09,No,104,Pre-K,State
0000000822,000822,First Steps,2020-10-10,2020-10-15,2021-01-29,No,13,Early Intervention,Federal
0000000822,000822,Childcare Subsidy,2021-02-21,2021-03-23,2021-08-03,No,80,,Federal
0000000822,000822,Early Head Start,2021-08-25,2021-09-09,2022-07-02,No,116,,Federal
0000000823,000823,Home Visiting,2020-10-23,2020-10-31,2022-01-18,Yes,20,,Private
0000000823,000823,First Steps,2022-02-01,2022-02-08,2025-01-30,No,36,Early Intervention,Local
0000000823,000823,Child Care,2025-02-13,2025-02-23,2025-11-30,No,92,,Federal
0000000824,000824,Early Head Start,2019-07-01,2019-07-29,2020-09-23,No,139,,State
0000000825,000825,First Steps,2023-04-18,2023-05-08,2024-02-23,No,23,Early Intervention,Local
0000000825,000825,Childcare Subsidy,2024-02-27,2024-03-17,2025-01-22,No,34,,Private
0000000826,000826,Home Visiting,2019-02-17,2019-02-24,2020-04-03,Yes,24,,Local
0000000826,000826,First Steps,2019-03-26,2019-04-10,2022-12-23,No,26,Early Intervention,Local
0000000826,000826,Childcare Subsidy,2022-12-30,2023-01-27,2023-08-13,No,102,,Federal
0000000827,000827,Early Head Start,2019-03-06,2019-03-27,2020-11-30,No,184,,Local
0000000827,000827,Early Intervention,2020-12-07,2021-01-01,2022-08-30,No,14,Early Intervention,State
0000000828,000828,Child Care,2020-07-06,2020-07-20,2021-11-17,No,73,,Private
0000000828,000828,State Pre-K,2021-12-27,2022-01-06,2023-02-03,No,166,Pre-K,State
0000000828,000828,State Pre-K,2023-05-24,2023-06-06,2023-12-06,No,82,Pre-K,Local
0000000829,000829,First Steps,2022-10-28,2022-11-02,2024-02-10,No,53,Early Intervention,State
0000000829,000829,Early Head Start,2024-04-04,2024-04-14,2026-12-08,No,188,,Federal
0000000830,000830,Childcare Subsidy,2023-04-16,2023-04-26,2024-02-28,No,105,,Private
0000000830,000830,Early Head Start,2024-08-11,2024-09-06,2024-11-23,No,79,,Federal
0000000830,000830,Head Start,2025-05-17,2025-06-05,2026-04-27,No,75,Pre-K,Federal
0000000831,000831,First Steps,2022-08-10,2022-08-13,2023-07-27,No,23,Early Intervention,Local
0000000831,000831,Early Intervention,2023-08-16,2023-08-25,2025-01-08,No,26,Early Intervention,Federal
0000000831,000831,Head Start,2025-01-29,2025-02-15,2025-12-25,No,99,Pre-K,Local
0000000832,000832,Home Visiting,2019-08-14,2019-08-31,2021-08-24,Yes,13,,State
0000000833,000833,Home Visiting,2018-07-18,2018-08-15,2020-12-10,Yes,17,,Federal
0000000833,000833,Home Visiting,2020-12-31,2021-01-28,2023-09-05,Yes,12,,Private
0000000833,000833,Childcare Subsidy,2019-03-08,2019-03-31,2022-03-02,No,63,,Private
0000000834,000834,First Steps,2023-01-05,2023-01-07,2024-06-29,No,34,Early Intervention,Private
0000000834,000834,State Pre-K,2024-07-10,2024-07-14,2026-01-14,No,90,Pre-K,State
0000000835,000835,Child Care,2019-12-20,2020-01-13,2020-10-16,No,111,,Federal
0000000836,000836,Early Intervention,2021-12-07,2021-12-31,2024-07-08,No,12,Early Intervention,Federal
0000000836,000836,Early Intervention,2022-01-30,2022-02-14,2025-09-05,No,23,Early Intervention,Private
0000000836,000836,Child Care,2025-10-05,2025-10-10,2027-04-18,No,52,,Local
0000000837,000837,Childcare Subsidy,2021-06-02,2021-06-05,2022-11-08,No,169,,Private
0000000837,000837,Home Visiting,2022-11-26,2022-12-11,2024-07-10,Yes,15,,Local
0000000838,000838,Early Head Start,2019-12-26,2020-01-19,2020-08-26,No,39,,State
0000000839,000839,Child Care,2020-02-14,2020-02-15,2021-03-11,No,124,,Local
0000000839,000839,Early Intervention,2021-03-30,2021-04-25,2022-11-16,No,14,Early Intervention,Private
0000000840,000840,Child Care,2020-03-07,2020-03-14,2020-10-29,No,72,,State
0000000841,000841,Early Intervention,2019-01-08,2019-02-02,2019-12-03,No,35,Early Intervention,Local
0000000842,000842,Child Care,2019-01-21,2019-02-16,2020-09-29,No,128,,Local
0000000843,000843,Early Head Start,2019-11-27,2019-12-17,2021-10-22,No,154,,Local
0000000843,000843,State Pre-K,2021-11-13,2021-12-11,2023-06-14,No,143,Pre-K,Federal
0000000844,000844,Child Care,2019-05-14,2019-06-07,2021-03-22,No,185,,State
0000000844,000844,Early Intervention,2021-04-17,2021-05-02,2023-02-21,No,49,Early Intervention,Federal
0000000845,000845,Early Intervention,2021-02-27,2021-03-20,2022-06-10,No,22,Early Intervention,State
0000000846,000846,Home Visiting,2020-12-09,2020-12-17,2022-11-29,Yes,21,,Private
0000000846,000846,Head Start,2023-01-04,2023-01-07,2024-01-23,No,124,Pre-K,Private
0000000846,000846,Child Care,2020-04-23,2020-04-29,2021-12-06,No,114,,Federal
0000000846,000846,Early Head Start,2022-02-27,2022-03-05,2023-01-05,No,135,,State
0000000846,000846,Childcare Subsidy,2023-04-27,2023-05-04,2024-10-19,No,173,,State
0000000847,000847,Home Visiting,2020-08-28,2020-09-12,2021-03-22,Yes,17,,Federal
0000000848,000848,Child Care,2022-02-13,2022-02-24,2024-10-02,No,124,,Private
0000000848,000848,Child Care,2025-01-22,2025-01-25,2027-04-29,No,72,,State
0000000848,000848,Child Care,2022-11-01,2022-11-15,2024-10-22,No,201,,Private
0000000849,000849,Home Visiting,2022-10-24,2022-11-03,2023-07-17,Yes,7,,Private
0000000849,000849,Childcare Subsidy,2023-08-14,2023-08-25,2024-01-01,No,143,,Private
0000000849,000849,First Steps,2024-01-23,2024-02-04,2024-08-15,No,18,Early Intervention,Private
0000000850,000850,First Steps,2022-05-03,2022-05-19,2023-12-31,No,58,Early Intervention,Local
0000000850,000850,State Pre-K,2024-03-29,2024-04-19,2026-05-16,No,112,Pre-K,Federal
0000000850,000850,Early Intervention,2022-01-12,2022-02-08,2024-06-20,No,52,Early Intervention,State
0000000851,000851,Early Head Start,2023-04-18,2023-05-13,2026-03-16,No,93,,Federal
0000000852,000852,First Steps,2022-08-24,2022-09-19,2024-01-25,No,16,Early Intervention,Private
0000000852,000852,State Pre-K,2024-02-25,2024-03-06,2024-12-13,No,120,Pre-K,Federal
0000000852,000852,State Pre-K,2025-02-06,2025-02-20,2025-09-16,No,122,Pre-K,State
0000000852,000852,Childcare Subsidy,2025-10-25,2025-10-27,2026-06-09,No,112,,State
0000000853,000853,Early Intervention,2019-04-21,2019-05-08,2021-03-27,No,22,Early Intervention,Local
0000000853,000853,First Steps,2021-04-20,2021-05-09,2023-01-16,No,11,Early Intervention,Local
0000000853,000853,Childcare Subsidy,2023-02-10,2023-03-07,2023-10-24,No,96,,Federal
0000000854,000854,First Steps,2019-12-23,2020-01-18,2021-12-11,No,15,Early Intervention,State
0000000854,000854,Child Care,2021-12-12,2021-12-24,2023-10-27,No,81,,Local
0000000855,000855,Early Head Start,2020-01-10,2020-01-14,2021-02-28,No,139,,Local
0000000855,000855,Early Head Start,2021-03-10,2021-03-11,2022-06-22,No,174,,Private
0000000856,000856,Home Visiting,2019-10-02,2019-10-09,2022-07-02,Yes,6,,Private
0000000856,000856,Head Start,2022-07-29,2022-08-02,2024-10-21,No,96,Pre-K,Private
0000000857,000857,Early Head Start,2019-09-08,2019-09-10,2021-02-25,No,190,,Local
0000000857,000857,State Pre-K,2021-06-17,2021-07-08,2023-09-25,No,154,Pre-K,Private
0000000857,000857,Home Visiting,2019-03-28,2019-04-08,2021-02-20,Yes,4,,Local
0000000857,000857,Head Start,2021-04-03,2021-04-22,2023-05-19,No,154,Pre-K,Private
0000000857,000857,Early Head Start,2019-03-28,2019-04-07,2021-05-17,No,66,,State
0000000858,000858,Home Visiting,2019-03-29,2019-04-28,2020-11-14,Yes,6,,Private
0000000859,000859,Early Intervention,2019-02-27,2019-03-25,2020-10-11,No,30,Early Intervention,Local
0000000859,000859,Early Head Start,2020-11-26,2020-12-14,2022-02-21,No,111,,State
0000000860,000860,First Steps,2019-02-16,2019-02-19,2021-02-02,No,34,Early Intervention,Local
0000000860,000860,Home Visiting,2021-04-21,2021-05-07,2023-03-29,Yes,11,,Federal
0000000861,000861,Home Visiting,2023-01-14,2023-01-31,2024-01-30,Yes,15,,State
0000000862,000862,Child Care,2023-09-27,2023-10-18,2024-06-24,No,60,,Local
0000000862,000862,Childcare Subsidy,2024-12-15,2024-12-17,2025-07-27,No,96,,State
0000000862,000862,Childcare Subsidy,2026-01-19,2026-01-24,2026-10-26,No,51,,Private
0000000863,000863,Early Intervention,2022-05-15,2022-06-04,2025-04-28,No,51,Early Intervention,Private
0000000863,000863,Childcare Subsidy,2025-05-16,2025-06-06,2026-01-01,No,121,,State
0000000863,000863,Childcare Subsidy,2021-07-04,2021-07-30,2023-11-30,No,120,,Federal
0000000863,000863,Child Care,2023-12-22,2023-12-23,2025-05-20,No,196,,Federal
0000000863,000863,Childcare Subsidy,2025-06-17,2025-07-06,2026-01-01,No,157,,Local
0000000864,000864,Child Care,2020-09-29,2020-10-19,2021-03-30,No,53,,Local
0000000864,000864,Early Head Start,2021-08-22,2021-09-21,2022-07-13,No,114,,Private
0000000865,000865,Early Head Start,2021-08-04,2021-08-05,2022-07-22,No,155,,Federal
0000000866,000866,Home Visiting,2021-12-31,2022-01-01,2024-08-27,Yes,26,,Federal
0000000866,000866,Childcare Subsidy,2024-09-22,2024-09-23,2026-04-06,No,111,,Federal
0000000867,000867,Childcare Subsidy,2021-12-12,2021-12-27,2024-06-28,No,69,,Federal
0000000868,000868,Childcare Subsidy,2019-08-04,2019-08-07,2020-07-14,No,101,,Local
0000000868,000868,Child Care,2020-07-20,2020-08-15,2021-02-18,No,65,,State
0000000869,000869,Home Visiting,2019-09-28,2019-10-06,2021-06-08,Yes,16,,Private
0000000869,000869,Home Visiting,2021-06-26,2021-07-15,2023-06-30,Yes,17,,Local
0000000870,000870,Early Head Start,2020-01-18,2020-01-23,2022-11-19,No,66,,Private
0000000870,000870,Child Care,2020-02-22,2020-03-08,2024-02-04,No,151,,Federal
0000000870,000870,Early Head Start,2019-08-07,2019-08-09,2021-08-01,No,141,,Federal
0000000870,000870,Childcare Subsidy,2021-08-25,2021-09-08,2023-03-02,No,191,,Local
0000000870,000870,Head Start,2023-03-26,2023-04-22,2024-02-04,No,142,Pre-K,Federal
0000000871,000871,Child Care,2019-06-19,2019-07-11,2020-04-22,No,124,,Federal
0000000872,000872,First Steps,2022-03-16,2022-03-21,2023-06-10,No,25,Early Intervention,State
0000000873,000873,Home Visiting,2022-01-28,2022-02-15,2024-02-06,Yes,19,,Local
0000000874,000874,Child Care,2020-02-02,2020-02-25,2021-03-28,No,159,,Private
0000000874,000874,First Steps,2021-04-14,2021-04-20,2022-10-20,No,22,Early Intervention,Federal
0000000874,000874,Child Care,2022-11-15,2022-11-27,2025-01-23,No,57,,Local
0000000875,000875,Childcare Subsidy,2022-10-28,2022-11-16,2025-10-07,No,142,,Federal
0000000875,000875,State Pre-K,2025-10-20,2025-10-25,2026-06-17,No,142,Pre-K,State
0000000876,000876,Child Care,2021-12-25,2022-01-18,2023-08-18,No,158,,Federal
0000000877,000877,Early Head Start,2019-05-25,2019-05-26,2021-01-11,No,71,,State
0000000877,000877,First Steps,2021-01-23,2021-02-17,2022-12-16,No,23,Early Intervention,State
0000000878,000878,Home Visiting,2020-04-30,2020-05-04,2021-07-18,Yes,7,,Federal
0000000878,000878,Home Visiting,2021-07-19,2021-08-10,2022-07-11,Yes,18,,State
0000000879,000879,Childcare Subsidy,2020-07-19,2020-07-22,2021-02-28,No,174,,Federal
0000000879,000879,Child Care,2020-08-21,2020-09-05,2022-03-29,No,159,,Private
0000000880,000880,Early Intervention,2021-04-08,2021-04-10,2022-02-14,No,14,Early Intervention,Federal
0000000881,000881,Early Intervention,2022-06-08,2022-06-22,2023-09-05,No,37,Early Intervention,State
0000000882,000882,First Steps,2023-04-09,2023-04-12,2023-12-16,No,40,Early Intervention,Federal
0000000882,000882,Childcare Subsidy,2023-12-30,2024-01-22,2025-01-25,No,57,,Local
0000000882,000882,Head Start,2025-01-31,2025-02-21,2026-10-23,No,123,Pre-K,Private
0000000883,000883,Early Head Start,2019-05-19,2019-05-27,2020-09-14,No,75,,Private
0000000883,000883,Early Intervention,2020-09-28,2020-10-11,2022-02-10,No,52,Early Intervention,Federal
0000000883,000883,First Steps,2022-03-10,2022-03-27,2024-02-26,No,23,Early Intervention,State
0000000884,000884,Childcare Subsidy,2020-12-11,2020-12-23,2023-05-24,No,134,,State
0000000884,000884,First Steps,2023-07-11,2023-08-01,2025-10-01,No,17,Early Intervention,Private
0000000884,000884,Home Visiting,2021-11-03,2021-11-17,2023-11-07,Yes,14,,Local
0000000885,000885,Early Intervention,2019-06-07,2019-06-12,2021-07-24,No,12,Early Intervention,Private
0000000886,000886,Early Intervention,2019-03-30,2019-04-17,2020-09-26,No,47,Early Intervention,Local
0000000887,000887,Childcare Subsidy,2022-12-11,2022-12-18,2023-06-19,No,83,,Federal
0000000888,000888,Early Intervention,2022-12-04,2022-12-05,2023-05-19,No,8,Early Intervention,State
0000000889,000889,Early Intervention,2021-04-02,2021-04-26,2024-04-09,No,39,Early Intervention,Private
0000000889,000889,Child Care,2024-04-18,2024-05-13,2025-07-05,No,170,,Federal
0000000890,000890,Child Care,2019-05-18,2019-05-19,2021-01-05,No,146,,Local
0000000890,000890,First Steps,2021-02-03,2021-03-05,2022-02-25,No,14,Early Intervention,Local
0000000891,000891,Early Intervention,2020-10-04,2020-10-23,2023-08-14,No,53,Early Intervention,Private
0000000892,000892,Home Visiting,2021-02-25,2021-03-25,2023-02-18,Yes,25,,Local
0000000893,000893,First Steps,2019-08-17,2019-09-11,2020-08-17,No,10,Early Intervention,Federal
0000000893,000893,Home Visiting,2020-08-26,2020-09-14,2021-05-06,Yes,15,,State
0000000893,000893,Home Visiting,2021-05-17,2021-05-23,2022-02-03,Yes,16,,State
0000000893,000893,Child Care,2022-02-07,2022-03-06,2022-11-30,No,52,,Local
0000000894,000894,First Steps,2020-08-12,2020-08-14,2021-02-06,No,30,Early Intervention,State
0000000894,000894,First Steps,2021-04-25,2021-05-16,2022-04-17,No,37,Early Intervention,State
0000000894,000894,Home Visiting,2022-08-25,2022-08-26,2023-08-26,Yes,16,,State
0000000895,000895,Child Care,2022-03-04,2022-03-29,2024-10-20,No,174,,Local
0000000895,000895,Child Care,2024-11-11,2024-12-02,2026-10-13,No,198,,Private
0000000895,000895,State Pre-K,2026-10-17,2026-10-26,2027-05-10,No,140,Pre-K,Local
0000000896,000896,Home Visiting,2022-02-20,2022-03-10,2023-08-11,Yes,21,,Private
0000000896,000896,Head Start,2023-11-20,2023-12-07,2025-07-26,No,167,Pre-K,Federal
0000000897,000897,Early Intervention,2021-07-27,2021-08-02,2024-04-29,No,11,Early Intervention,Federal
0000000898,000898,Early Head Start,2022-06-24,2022-07-24,2024-01-02,No,81,,Federal
0000000899,000899,Early Intervention,2019-11-08,2019-11-09,2021-10-09,No,11,Early Intervention,State
0000000899,000899,Childcare Subsidy,2021-10-10,2021-11-06,2024-07-31,No,169,,Local
0000000899,000899,First Steps,2020-05-18,2020-06-06,2022-06-01,No,39,Early Intervention,State
0000000900,000900,Childcare Subsidy,2019-04-27,2019-04-30,2020-12-15,No,160,,Federal
0000000901,000901,Early Intervention,2021-01-24,2021-02-15,2021-07-14,No,32,Early Intervention,Private
0000000901,000901,Early Intervention,2021-07-15,2021-08-04,2022-03-29,No,7,Early Intervention,State
0000000902,000902,Early Head Start,2021-12-10,2021-12-20,2023-06-14,No,208,,State
0000000903,000903,Early Intervention,2021-02-21,2021-02-24,2023-07-15,No,57,Early Intervention,State
0000000904,000904,Early Head Start,2018-02-27,2018-03-25,2018-08-25,No,75,,Private
0000000904,000904,Childcare Subsidy,2018-09-01,2018-09-10,2019-06-20,No,75,,Private
0000000904,000904,First Steps,2019-07-08,2019-07-16,2019-10-07,No,17,Early Intervention,Local
0000000904,000904,Child Care,2019-10-29,2019-10-30,2020-07-03,No,75,,State
0000000904,000904,Childcare Subsidy,2020-07-21,2020-08-16,2021-01-31,No,90,,State
0000000905,000905,Early Intervention,2021-04-07,2021-05-02,2023-05-02,No,13,Early Intervention,Federal
0000000905,000905,Child Care,2023-06-01,2023-06-28,2025-10-31,No,87,,Local
0000000905,000905,Head Start,2025-11-20,2025-12-09,2026-07-23,No,103,Pre-K,Federal
0000000906,000906,Early Intervention,2018-06-15,2018-07-04,2019-01-14,No,21,Early Intervention,Private
0000000907,000907,Childcare Subsidy,2019-02-02,2019-02-07,2020-03-20,No,159,,Private
0000000907,000907,First Steps,2020-03-21,2020-03-25,2020-11-19,No,14,Early Intervention,Local
0000000908,000908,Child Care,2021-11-16,2021-11-21,2023-08-07,No,152,,State
0000000909,000909,Home Visiting,2022-05-26,2022-06-13,2024-12-13,Yes,8,,Private
0000000909,000909,Child Care,2025-01-06,2025-01-14,2026-01-12,No,166,,Private
0000000910,000910,Early Intervention,2019-09-04,2019-09-22,2021-10-14,No,20,Early Intervention,Private
0000000910,000910,Early Intervention,2021-10-16,2021-10-19,2022-11-02,No,57,Early Intervention,State
0000000911,000911,Child Care,2019-12-21,2020-01-07,2021-02-05,No,122,,State
0000000911,000911,Head Start,2021-02-22,2021-03-16,2022-05-29,No,139,Pre-K,Private
0000000912,000912,Childcare Subsidy,2019-09-10,2019-09-19,2020-11-05,No,191,,Local
0000000912,000912,Early Intervention,2020-11-30,2020-12-25,2023-12-21,No,9,Early Intervention,Local
0000000912,000912,Child Care,2019-12-04,2020-01-01,2022-09-18,No,96,,State
0000000913,000913,Childcare Subsidy,2020-07-10,2020-07-11,2021-01-25,No,86,,State
0000000914,000914,Early Intervention,2020-07-02,2020-07-11,2022-10-09,No,21,Early Intervention,Private
0000000914,000914,State Pre-K,2022-11-08,2022-11-28,2024-07-12,No,127,Pre-K,Federal
0000000914,000914,Childcare Subsidy,2020-01-13,2020-02-07,2022-05-08,No,96,,Local
0000000914,000914,Child Care,2022-05-13,2022-06-02,2024-05-09,No,123,,Local
0000000915,000915,Child Care,2021-01-05,2021-01-21,2022-03-09,No,59,,Federal
0000000916,000916,Child Care,2021-05-06,2021-05-15,2024-04-18,No,90,,Federal
0000000917,000917,Early Head Start,2023-01-14,2023-02-07,2024-07-30,No,59,,Federal
0000000918,000918,Childcare Subsidy,2021-08-02,2021-08-15,2022-06-13,No,199,,Federal
0000000918,000918,Childcare Subsidy,2022-06-27,2022-07-27,2024-05-07,No,65,,Federal
0000000918,000918,Childcare Subsidy,2024-05-17,2024-05-21,2025-02-21,No,188,,Local
0000000919,000919,First Steps,2018-09-16,2018-10-11,2019-11-24,No,43,Early Intervention,State
0000000919,000919,First Steps,2020-01-26,2020-02-13,2022-02-08,No,36,Early Intervention,Federal
0000000920,000920,Childcare Subsidy,2019-10-18,2019-11-08,2020-04-26,No,38,,Local
0000000920,000920,Early Intervention,2020-05-10,2020-05-27,2021-01-26,No,30,Early Intervention,Local
0000000920,000920,Early Intervention,2021-02-14,2021-03-09,2021-12-12,No,14,Early Intervention,Local
0000000920,000920,Head Start,2022-01-09,2022-02-06,2022-09-11,No,109,Pre-K,State
0000000921,000921,Home Visiting,2021-11-22,2021-12-22,2024-02-04,Yes,10,,Private
0000000921,000921,Head Start,2024-05-14,2024-05-18,2026-01-20,No,134,Pre-K,Local
0000000922,000922,Home Visiting,2018-11-05,2018-11-12,2019-06-29,Yes,20,,Private
0000000922,000922,Early Head Start,2019-07-29,2019-08-23,2021-06-23,No,54,,State
0000000922,000922,State Pre-K,2021-09-22,2021-10-06,2023-04-11,No,113,Pre-K,Local
0000000922,000922,Home Visiting,2019-05-11,2019-05-16,2020-11-19,Yes,8,,Private
0000000923,000923,Child Care,2019-09-18,2019-09-29,2020-12-20,No,48,,Private
0000000923,000923,First Steps,2021-01-05,2021-01-11,2023-08-31,No,11,Early Intervention,Federal
0000000923,000923,Child Care,2023-09-11,2023-10-07,2024-04-04,No,157,,Local
0000000924,000924,Child Care,2021-06-14,2021-06-30,2022-07-20,No,103,,Private
0000000924,000924,Child Care,2021-07-30,2021-08-14,2024-11-05,No,70,,Local
0000000925,000925,Childcare Subsidy,2019-10-13,2019-11-09,2021-03-08,No,45,,State
0000000925,000925,Childcare Subsidy,2021-04-17,2021-04-19,2021-11-21,No,149,,Local
0000000925,000925,Early Intervention,2022-02-07,2022-02-23,2023-08-16,No,48,Early Intervention,Local
0000000926,000926,Childcare Subsidy,2019-05-20,2019-06-02,2021-08-17,No,123,,Federal
0000000926,000926,Childcare Subsidy,2021-12-05,2021-12-18,2023-02-22,No,104,,State
0000000926,000926,Early Intervention,2019-02-25,2019-03-15,2021-01-04,No,17,Early Intervention,Federal
0000000927,000927,Child Care,2020-09-21,2020-10-17,2021-05-12,No,146,,State
0000000928,000928,Childcare Subsidy,2020-08-31,2020-09-04,2020-12-27,No,127,,Local
0000000929,000929,First Steps,2021-10-29,2021-11-25,2023-09-30,No,9,Early Intervention,State
0000000930,000930,Home Visiting,2019-08-22,2019-09-19,2021-03-24,Yes,19,,Federal
0000000931,000931,First Steps,2020-10-30,2020-11-25,2021-05-12,No,34,Early Intervention,Private
0000000931,000931,Early Intervention,2021-09-08,2021-10-04,2022-06-23,No,8,Early Intervention,Federal
0000000932,000932,Early Head Start,2020-07-29,2020-08-07,2021-10-01,No,137,,Local
0000000932,000932,Early Head Start,2021-10-14,2021-11-10,2023-08-11,No,71,,Private
0000000933,000933,Home Visiting,2020-10-22,2020-11-06,2022-08-03,Yes,25,,Private
0000000933,000933,First Steps,2020-12-06,2020-12-21,2025-09-03,No,49,Early Intervention,Federal
0000000934,000934,Home Visiting,2019-12-31,2020-01-10,2022-01-13,Yes,19,,Federal
0000000935,000935,First Steps,2019-07-15,2019-08-02,2020-04-04,No,32,Early Intervention,Federal
0000000935,000935,Early Intervention,2020-04-14,2020-04-16,2020-10-18,No,38,Early Intervention,Local
0000000936,000936,Home Visiting,2020-03-29,2020-04-24,2021-07-30,Yes,8,,State
0000000936,000936,Child Care,2021-08-11,2021-09-02,2023-06-26,No,153,,Local
0000000937,000937,Child Care,2022-07-14,2022-07-27,2024-12-20,No,140,,Federal
0000000937,000937,Head Start,2025-04-01,2025-04-13,2026-12-16,No,116,Pre-K,Private
0000000938,000938,Home Visiting,2019-08-20,2019-09-04,2021-05-23,Yes,8,,Local
0000000938,000938,Child Care,2021-05-31,2021-06-30,2022-08-25,No,112,,Federal
0000000939,000939,Early Head Start,2018-06-18,2018-06-19,2018-12-28,No,77,,Local
0000000940,000940,Child Care,2022-02-18,2022-03-03,2023-05-15,No,190,,Local
0000000940,000940,Early Head Start,2023-05-19,2023-06-10,2025-02-24,No,126,,State
0000000941,000941,Early Head Start,2020-05-26,2020-05-31,2022-03-20,No,102,,Federal
0000000941,000941,Early Head Start,2022-04-11,2022-04-12,2023-09-09,No,79,,Local
0000000942,000942,Childcare Subsidy,2019-11-19,2019-12-17,2022-07-27,No,103,,Private
0000000943,000943,Early Head Start,2022-06-07,2022-07-06,2024-01-30,No,143,,State
0000000943,000943,State Pre-K,2024-02-03,2024-02-24,2024-08-26,No,133,Pre-K,Private
0000000944,000944,Child Care,2020-06-22,2020-07-15,2021-09-14,No,168,,Local
0000000945,000945,Home Visiting,2021-04-17,2021-05-01,2022-11-06,Yes,13,,Local
0000000946,000946,Early Head Start,2018-07-31,2018-08-30,2020-08-03,No,101,,Federal
0000000946,000946,Early Head Start,2020-08-11,2020-09-05,2021-07-17,No,69,,Federal
0000000947,000947,Home Visiting,2020-03-20,2020-04-05,2023-01-18,Yes,14,,Private
0000000948,000948,Early Intervention,2023-05-29,2023-05-30,2025-08-06,No,59,Early Intervention,State
0000000949,000949,First Steps,2021-03-07,2021-03-23,2022-05-10,No,15,Early Intervention,Private
0000000949,000949,Early Intervention,2022-05-12,2022-05-26,2024-01-17,No,17,Early Intervention,Local
0000000949,000949,Childcare Subsidy,2024-02-15,2024-02-20,2025-05-16,No,121,,Federal
0000000949,000949,Early Head Start,2020-11-16,2020-11-29,2021-12-27,No,153,,Local
0000000949,000949,Early Head Start,2022-01-21,2022-02-02,2024-11-22,No,97,,Federal
0000000950,000950,Childcare Subsidy,2021-06-28,2021-07-15,2024-02-07,No,196,,Federal
0000000951,000951,Child Care,2021-11-26,2021-12-02,2022-05-18,No,59,,Local
0000000951,000951,Childcare Subsidy,2022-06-03,2022-06-05,2022-11-21,No,97,,State
0000000952,000952,First Steps,2022-05-02,2022-05-22,2022-08-24,No,18,Early Intervention,State
0000000953,000953,Home Visiting,2020-03-10,2020-03-30,2021-05-24,Yes,4,,Local
0000000954,000954,Early Head Start,2022-02-06,2022-02-11,2022-12-20,No,116,,Federal
0000000954,000954,Childcare Subsidy,2023-01-17,2023-02-05,2023-08-20,No,44,,Federal
0000000955,000955,Child Care,2023-07-29,2023-08-27,2025-11-23,No,165,,State
0000000955,000955,Head Start,2025-11-27,2025-12-13,2027-03-16,No,101,Pre-K,Federal
0000000956,000956,Child Care,2022-12-05,2022-12-09,2024-10-01,No,181,,State
0000000956,000956,Home Visiting,2024-10-20,2024-11-10,2025-08-19,Yes,13,,Local
0000000957,000957,First Steps,2020-04-16,2020-04-29,2021-06-14,No,28,Early Intervention,Private
0000000958,000958,Child Care,2020-11-20,2020-12-16,2022-01-02,No,110,,Local
0000000958,000958,Childcare Subsidy,2022-01-11,2022-02-08,2022-11-03,No,58,,State
0000000958,000958,Early Head Start,2022-11-24,2022-12-17,2024-04-03,No,71,,Private
0000000959,000959,Childcare Subsidy,2019-09-10,2019-09-12,2021-09-13,No,118,,Private
0000000959,000959,Child Care,2021-09-25,2021-10-21,2023-12-06,No,70,,Private
0000000960,000960,First Steps,2019-10-28,2019-11-02,2020-01-11,No,10,Early Intervention,State
0000000960,000960,Home Visiting,2019-12-02,2019-12-17,2020-08-20,Yes,3,,Federal
0000000960,000960,Home Visiting,2020-11-26,2020-12-03,2021-10-26,Yes,16,,State
0000000961,000961,Childcare Subsidy,2022-04-19,2022-05-04,2025-04-29,No,173,,Local
0000000961,000961,State Pre-K,2025-06-11,2025-06-14,2027-05-10,No,80,Pre-K,Federal
0000000961,000961,Child Care,2022-11-10,2022-11-22,2025-10-03,No,158,,Federal
0000000962,000962,Child Care,2020-10-01,2020-10-25,2022-04-20,No,114,,Private
0000000962,000962,First Steps,2022-05-01,2022-05-17,2023-08-20,No,45,Early Intervention,Private
0000000963,000963,Early Head Start,2020-08-23,2020-09-19,2021-04-05,No,147,,Private
0000000963,000963,Childcare Subsidy,2020-10-19,2020-11-03,2023-04-21,No,96,,State
0000000963,000963,State Pre-K,2023-07-30,2023-08-13,2024-02-27,No,131,Pre-K,Federal
0000000964,000964,First Steps,2020-08-11,2020-08-27,2022-03-25,No,41,Early Intervention,Local
0000000964,000964,Child Care,2022-06-17,2022-06-23,2025-03-05,No,172,,Federal
0000000965,000965,Childcare Subsidy,2019-07-28,2019-08-07,2021-04-07,No,136,,Local
0000000966,000966,Early Head Start,2019-03-13,2019-03-23,2020-12-06,No,59,,Federal
0000000966,000966,Early Intervention,2019-04-22,2019-05-07,2022-05-11,No,17,Early Intervention,State
0000000967,000967,Home Visiting,2020-03-11,2020-04-01,2021-12-01,Yes,14,,State
0000000967,000967,Childcare Subsidy,2021-12-17,2022-01-11,2023-03-27,No,164,,Local
0000000967,000967,Child Care,2023-04-26,2023-05-26,2023-12-26,No,140,,State
0000000968,000968,Home Visiting,2018-08-08,2018-09-06,2019-10-06,Yes,4,,Local
0000000968,000968,Child Care,2019-10-13,2019-10-23,2022-05-27,No,149,,Local
0000000969,000969,Child Care,2021-09-02,2021-09-06,2024-06-25,No,138,,State
0000000969,000969,State Pre-K,2024-08-05,2024-09-04,2026-07-04,No,80,Pre-K,Local
0000000969,000969,Early Intervention,2022-01-04,2022-02-03,2024-12-11,No,38,Early Intervention,Local
0000000970,000970,Childcare Subsidy,2020-11-07,2020-11-22,2022-01-07,No,68,,Federal
0000000970,000970,Head Start,2022-02-02,2022-02-03,2023-01-31,No,151,Pre-K,Private
0000000971,000971,First Steps,2019-08-01,2019-08-28,2021-08-25,No,35,Early Intervention,Local
0000000971,000971,Early Intervention,2021-09-11,2021-10-11,2024-04-03,No,46,Early Intervention,State
0000000971,000971,Child Care,2019-11-22,2019-12-07,2022-02-26,No,148,,State
0000000972,000972,Childcare Subsidy,2022-09-03,2022-09-30,2024-06-30,No,70,,Federal
0000000972,000972,Childcare Subsidy,2024-07-30,2024-08-03,2025-06-10,No,183,,State
0000000973,000973,Early Intervention,2023-03-25,2023-04-24,2025-08-16,No,34,Early Intervention,State
0000000974,000974,Child Care,2018-09-12,2018-09-18,2020-05-14,No,98,,Federal
0000000975,000975,Early Head Start,2023-03-06,2023-04-02,2024-09-18,No,63,,State
0000000976,000976,Child Care,2019-05-01,2019-05-20,2020-05-11,No,150,,Local
0000000976,000976,Childcare Subsidy,2020-08-27,2020-09-14,2022-05-15,No,181,,Private
0000000976,000976,Child Care,2022-09-02,2022-09-21,2024-03-14,No,155,,Private
0000000976,000976,Childcare Subsidy,2019-09-15,2019-09-24,2021-05-12,No,159,,Private
0000000976,000976,Early Intervention,2021-07-26,2021-08-13,2022-12-22,No,15,Early Intervention,Federal
0000000977,000977,Childcare Subsidy,2019-09-26,2019-09-27,2020-07-20,No,118,,Private
0000000977,000977,Childcare Subsidy,2020-09-24,2020-09-28,2022-08-16,No,69,,Federal
0000000978,000978,Child Care,2019-05-13,2019-05-26,2020-10-10,No,169,,Private
0000000978,000978,Childcare Subsidy,2020-10-30,2020-11-27,2023-02-03,No,97,,Local
0000000978,000978,State Pre-K,2023-02-19,2023-03-05,2023-09-17,No,81,Pre-K,State
0000000979,000979,Childcare Subsidy,2018-09-14,2018-09-15,2019-12-22,No,120,,Private
0000000980,000980,Early Intervention,2020-04-08,2020-04-22,2022-02-25,No,49,Early Intervention,State
0000000980,000980,Child Care,2022-06-10,2022-06-22,2024-02-21,No,81,,Federal
0000000980,000980,Childcare Subsidy,2024-03-25,2024-03-27,2025-04-10,No,80,,Private
0000000980,000980,First Steps,2020-10-11,2020-10-28,2023-06-11,No,49,Early Intervention,Private
0000000980,000980,Child Care,2023-08-31,2023-09-09,2025-04-10,No,94,,Private
0000000981,000981,First Steps,2020-04-23,2020-05-19,2021-03-07,No,10,Early Intervention,Local
0000000981,000981,Home Visiting,2021-07-19,2021-08-06,2021-11-03,Yes,6,,Private
0000000981,000981,Child Care,2022-01-05,2022-01-24,2022-04-11,No,157,,Federal
0000000982,000982,Early Intervention,2020-07-18,2020-08-14,2022-05-07,No,51,Early Intervention,State
0000000982,000982,Early Intervention,2022-05-25,2022-06-18,2023-06-22,No,20,Early Intervention,State
0000000982,000982,Head Start,2023-07-11,2023-07-17,2025-04-27,No,88,Pre-K,State
0000000983,000983,First Steps,2021-02-21,2021-03-04,2022-01-22,No,44,Early Intervention,Local
0000000983,000983,Child Care,2022-02-11,2022-03-13,2023-08-26,No,119,,Private
0000000983,000983,Child Care,2023-08-30,2023-09-23,2025-02-16,No,109,,Private
0000000983,000983,First Steps,2020-12-03,2020-12-26,2021-07-01,No,12,Early Intervention,State
0000000984,000984,Child Care,2020-02-20,2020-03-01,2021-03-29,No,188,,State
0000000984,000984,Early Intervention,2020-03-31,2020-04-15,2024-02-02,No,13,Early Intervention,State
0000000985,000985,Childcare Subsidy,2018-07-15,2018-07-18,2021-06-19,No,199,,Private
0000000986,000986,Childcare Subsidy,2018-09-17,2018-10-17,2019-06-12,No,196,,Federal
0000000986,000986,Home Visiting,2019-07-10,2019-07-22,2021-03-11,Yes,17,,Federal
0000000986,000986,Child Care,2021-04-10,2021-05-01,2023-02-05,No,150,,Private
0000000986,000986,Childcare Subsidy,2023-02-06,2023-02-23,2023-10-13,No,75,,Local
0000000987,000987,Early Intervention,2023-11-17,2023-11-21,2026-09-08,No,24,Early Intervention,Private
0000000987,000987,Head Start,2026-09-17,2026-10-10,2027-06-12,No,114,Pre-K,Local
0000000988,000988,Home Visiting,2020-10-19,2020-11-10,2022-01-10,Yes,22,,State
0000000988,000988,First Steps,2020-12-10,2020-12-25,2023-06-10,No,25,Early Intervention,Local
0000000989,000989,First Steps,2021-06-07,2021-06-22,2023-08-24,No,31,Early Intervention,State
0000000990,000990,Early Intervention,2023-08-13,2023-09-11,2025-05-13,No,13,Early Intervention,Local
0000000991,000991,Childcare Subsidy,2022-05-28,2022-06-16,2024-01-24,No,48,,Local
0000000991,000991,Child Care,2024-01-31,2024-02-04,2024-12-25,No,169,,Federal
0000000992,000992,Early Intervention,2022-11-04,2022-11-22,2025-11-02,No,39,Early Intervention,Federal
0000000992,000992,State Pre-K,2025-12-02,2025-12-04,2026-12-12,No,123,Pre-K,Local
0000000993,000993,Early Intervention,2020-03-15,2020-03-23,2021-12-21,No,20,Early Intervention,Federal
0000000993,000993,Childcare Subsidy,2022-01-14,2022-01-30,2023-02-17,No,146,,Private
0000000993,000993,Child Care,2023-03-19,2023-03-22,2024-05-10,No,167,,Local
0000000994,000994,Early Intervention,2021-02-19,2021-02-22,2021-06-02,No,6,Early Intervention,Local
0000000995,000995,Early Head Start,2021-02-13,2021-03-11,2021-12-15,No,59,,Federal
0000000995,000995,Child Care,2022-03-08,2022-04-07,2022-10-11,No,112,,Federal
0000000995,000995,Child Care,2023-01-27,2023-02-20,2023-08-05,No,119,,Private
0000000996,000996,Early Head Start,2022-02-15,2022-03-05,2024-02-05,No,150,,Federal
0000000997,000997,Early Intervention,2023-01-27,2023-01-28,2023-11-25,No,33,Early Intervention,Local
0000000998,000998,Early Intervention,2021-07-13,2021-07-25,2024-03-03,No,40,Early Intervention,State
0000000998,000998,State Pre-K,2024-06-16,2024-07-11,2025-10-13,No,80,Pre-K,Federal
0000000999,000999,Childcare Subsidy,2020-11-27,2020-12-21,2022-10-22,No,91,,Private
0000000999,000999,Childcare Subsidy,2022-10-25,2022-11-03,2023-08-19,No,203,,Local
0000001000,001000,Home Visiting,2022-09-16,2022-09-23,2024-12-07,Yes,25,,Private
0000001000,001000,State Pre-K,2024-12-20,2024-12-24,2026-12-30,No,160,Pre-K,Local
0000001001,001001,Child Care,2020-11-05,2020-11-14,2022-10-09,No,82,,Federal
0000001002,001002,Home Visiting,2019-12-16,2020-01-09,2020-12-06,Yes,19,,State
0000001003,001003,Early Head Start,2021-01-08,2021-01-12,2022-09-27,No,125,,Local
0000001004,001004,Childcare Subsidy,2019-10-28,2019-11-23,2022-08-28,No,162,,Local
0000001004,001004,State Pre-K,2022-09-03,2022-09-17,2024-06-26,No,176,Pre-K,Local
0000001004,001004,Child Care,2019-12-28,2020-01-21,2023-01-10,No,116,,State
0000001005,001005,Early Head Start,2020-03-01,2020-03-03,2021-11-04,No,79,,Local
0000001005,001005,Childcare Subsidy,2021-12-30,2022-01-25,2023-10-27,No,139,,State
0000001005,001005,Head Start,2023-12-15,2023-12-22,2024-11-10,No,103,Pre-K,Private
0000001006,001006,Home Visiting,2019-03-13,2019-03-17,2019-10-19,Yes,19,,Local
0000001007,001007,Early Intervention,2021-06-25,2021-07-14,2023-10-08,No,34,Early Intervention,Local
0000001008,001008,Child Care,2020-10-16,2020-10-22,2022-09-14,No,80,,State
0000001008,001008,Early Head Start,2022-10-14,2022-11-13,2025-06-26,No,101,,State
0000001009,001009,Home Visiting,2021-11-06,2021-11-18,2023-05-10,Yes,21,,Private
0000001010,001010,Childcare Subsidy,2019-04-01,2019-04-25,2020-10-02,No,147,,State
0000001010,001010,Child Care,2020-10-06,2020-10-12,2021-10-16,No,148,,Federal
0000001011,001011,Home Visiting,2020-01-30,2020-02-08,2021-08-30,Yes,25,,Private
0000001011,001011,Home Visiting,2021-10-19,2021-11-12,2023-06-12,Yes,28,,Private
0000001012,001012,First Steps,2022-03-26,2022-04-15,2024-03-13,No,23,Early Intervention,State
0000001012,001012,State Pre-K,2024-07-05,2024-07-29,2025-12-04,No,92,Pre-K,Local
0000001013,001013,Childcare Subsidy,2023-05-10,2023-05-28,2025-06-25,No,134,,Private
0000001013,001013,State Pre-K,2025-09-06,2025-09-27,2026-10-16,No,133,Pre-K,State
0000001014,001014,Childcare Subsidy,2020-10-05,2020-10-11,2023-02-13,No,143,,Local
0000001014,001014,Child Care,2023-03-24,2023-04-10,2024-08-06,No,155,,Federal
0000001015,001015,Early Intervention,2019-10-19,2019-11-16,2022-04-24,No,22,Early Intervention,Local
0000001015,001015,State Pre-K,2022-06-18,2022-07-07,2024-06-22,No,106,Pre-K,Local
0000001016,001016,Early Head Start,2022-04-16,2022-05-15,2023-01-10,No,127,,State
0000001016,001016,Home Visiting,2023-02-02,2023-02-11,2023-09-11,Yes,3,,Private
0000001017,001017,First Steps,2020-09-21,2020-10-02,2021-07-03,No,11,Early Intervention,Local
0000001018,001018,First Steps,2022-11-24,2022-12-19,2024-03-05,No,59,Early Intervention,State
0000001018,001018,Child Care,2024-04-27,2024-05-26,2026-06-08,No,175,,Local
0000001018,001018,First Steps,2021-12-09,2021-12-18,2024-11-03,No,9,Early Intervention,Private
0000001019,001019,Early Head Start,2023-07-08,2023-07-21,2024-03-11,No,89,,State
0000001019,001019,First Steps,2024-04-03,2024-04-05,2025-04-02,No,36,Early Intervention,Private
0000001019,001019,State Pre-K,2025-04-30,2025-05-30,2025-11-27,No,76,Pre-K,Federal
0000001020,001020,Child Care,2020-11-05,2020-11-17,2022-04-27,No,114,,State
0000001020,001020,Home Visiting,2020-12-17,2021-01-01,2023-10-30,Yes,7,,State
0000001021,001021,Childcare Subsidy,2022-05-01,2022-05-25,2025-03-16,No,124,,State
0000001022,001022,Early Intervention,2018-11-29,2018-12-23,2021-09-29,No,11,Early Intervention,Private
0000001023,001023,Home Visiting,2021-06-21,2021-06-28,2022-08-06,Yes,5,,State
0000001024,001024,Early Head Start,2022-07-02,2022-07-03,2023-07-24,No,126,,Federal
0000001025,001025,Childcare Subsidy,2021-12-25,2021-12-29,2023-07-08,No,189,,State
0000001026,001026,Childcare Subsidy,2021-06-12,2021-07-07,2022-02-25,No,172,,Private
0000001026,001026,Child Care,2022-05-30,2022-06-06,2023-07-02,No,107,,State
0000001027,001027,Child Care,2021-04-10,2021-04-14,2023-04-12,No,137,,State
0000001028,001028,Early Intervention,2020-03-19,2020-04-17,2022-12-22,No,50,Early Intervention,Private
0000001029,001029,Childcare Subsidy,2022-07-24,2022-08-15,2024-02-18,No,171,,Private
0000001030,001030,First Steps,2022-06-23,2022-07-11,2023-01-07,No,27,Early Intervention,Federal
0000001030,001030,Childcare Subsidy,2023-02-04,2023-02-06,2023-11-11,No,142,,Local
0000001030,001030,Child Care,2023-11-25,2023-12-01,2025-09-16,No,166,,Federal
0000001031,001031,First Steps,2022-02-08,2022-02-24,2023-01-24,No,17,Early Intervention,Federal
0000001031,001031,First Steps,2023-01-26,2023-02-05,2024-07-18,No,16,Early Intervention,Private
0000001032,001032,Child Care,2021-01-30,2021-02-14,2022-02-15,No,202,,Federal
0000001032,001032,Early Intervention,2021-03-16,2021-03-31,2023-08-24,No,9,Early Intervention,Private
0000001032,001032,State Pre-K,2023-09-11,2023-10-07,2025-07-24,No,123,Pre-K,State
0000001032,001032,Early Intervention,2021-02-06,2021-03-08,2022-01-16,No,10,Early Intervention,Federal
0000001032,001032,Childcare Subsidy,2022-01-27,2022-02-10,2024-01-09,No,80,,Federal
0000001033,001033,Early Head Start,2018-10-11,2018-11-07,2020-01-23,No,137,,Local
0000001034,001034,Childcare Subsidy,2022-03-10,2022-04-08,2025-02-27,No,140,,Private
0000001034,001034,Childcare Subsidy,2025-03-09,2025-03-31,2026-05-16,No,162,,Federal
0000001035,001035,Early Head Start,2022-03-22,2022-04-20,2022-11-09,No,87,,Private
0000001035,001035,Child Care,2022-11-22,2022-11-27,2024-07-27,No,99,,Federal
0000001036,001036,Child Care,2020-09-15,2020-09-25,2022-03-02,No,156,,Federal
0000001036,001036,Child Care,2022-05-30,2022-06-29,2024-03-14,No,91,,Federal
0000001037,001037,Early Head Start,2018-11-15,2018-12-12,2019-03-06,No,41,,Local
0000001037,001037,Home Visiting,2019-03-11,2019-03-20,2019-06-13,Yes,6,,Private
0000001038,001038,First Steps,2022-06-30,2022-07-21,2023-04-23,No,12,Early Intervention,Federal
0000001038,001038,Home Visiting,2023-05-05,2023-05-16,2024-03-23,Yes,15,,Federal
0000001038,001038,Childcare Subsidy,2024-04-03,2024-04-08,2025-02-12,No,101,,Federal
0000001038,001038,State Pre-K,2025-03-13,2025-04-09,2025-12-05,No,70,Pre-K,Private
0000001039,001039,Early Intervention,2021-02-02,2021-02-10,2022-02-17,No,31,Early Intervention,Private
0000001039,001039,Childcare Subsidy,2022-03-13,2022-04-05,2024-02-02,No,92,,State
0000001039,001039,State Pre-K,2024-02-29,2024-03-05,2025-04-20,No,126,Pre-K,State
0000001040,001040,Early Intervention,2021-04-06,2021-05-01,2021-12-11,No,19,Early Intervention,Local
0000001040,001040,Childcare Subsidy,2022-02-01,2022-02-15,2022-09-06,No,92,,Private
0000001041,001041,Early Intervention,2022-03-13,2022-03-24,2023-06-15,No,55,Early Intervention,Private
0000001042,001042,Childcare Subsidy,2020-12-05,2020-12-11,2023-04-01,No,168,,Federal
0000001042,001042,Child Care,2023-05-03,2023-05-18,2024-09-30,No,63,,Local
0000001043,001043,Home Visiting,2022-11-13,2022-12-02,2024-02-12,Yes,24,,Federal
0000001043,001043,Head Start,2024-03-07,2024-03-15,2025-09-19,No,77,Pre-K,State
0000001043,001043,Childcare Subsidy,2025-09-23,2025-10-08,2026-07-11,No,104,,State
0000001043,001043,Early Head Start,2022-01-11,2022-02-03,2023-11-07,No,197,,Federal
0000001044,001044,Child Care,2019-09-21,2019-10-05,2021-01-16,No,198,,Local
0000001044,001044,Early Intervention,2019-11-04,2019-11-19,2022-01-10,No,35,Early Intervention,State
0000001044,001044,Early Intervention,2022-01-20,2022-02-17,2022-12-29,No,38,Early Intervention,Local
0000001045,001045,Child Care,2023-10-26,2023-10-27,2024-07-26,No,114,,Local
0000001045,001045,First Steps,2024-07-28,2024-08-19,2024-11-10,No,33,Early Intervention,Local
0000001046,001046,Home Visiting,2021-04-25,2021-04-28,2023-05-01,Yes,20,,State
0000001046,001046,First Steps,2023-05-20,2023-06-10,2026-01-08,No,46,Early Intervention,State
0000001046,001046,Home Visiting,2021-07-11,2021-08-04,2024-07-11,Yes,17,,Local
0000001047,001047,Childcare Subsidy,2020-06-24,2020-07-19,2021-12-17,No,86,,State
0000001048,001048,Childcare Subsidy,2018-12-02,2018-12-25,2020-02-17,No,105,,Federal
0000001049,001049,Child Care,2022-01-19,2022-02-02,2024-01-01,No,160,,Federal
0000001049,001049,First Steps,2022-03-04,2022-03-19,2025-03-12,No,23,Early Intervention,Private
0000001049,001049,Childcare Subsidy,2025-05-22,2025-05-31,2026-11-15,No,84,,Federal
0000001050,001050,Childcare Subsidy,2022-04-01,2022-04-24,2023-04-19,No,131,,Local
0000001051,001051,First Steps,2023-01-10,2023-01-15,2024-02-18,No,25,Early Intervention,Private
0000001051,001051,Early Head Start,2024-03-03,2024-03-22,2026-02-11,No,163,,Private
0000001052,001052,Home Visiting,2018-07-20,2018-08-13,2020-05-20,Yes,8,,State
0000001052,001052,First Steps,2020-06-11,2020-07-11,2022-03-20,No,25,Early Intervention,Federal
0000001053,001053,Early Head Start,2018-08-17,2018-09-11,2021-04-16,No,96,,Private
0000001054,001054,Home Visiting,2022-01-29,2022-02-11,2023-10-27,Yes,5,,Federal
0000001055,001055,Early Intervention,2021-04-27,2021-05-09,2021-09-23,No,27,Early Intervention,Local
0000001056,001056,Early Head Start,2020-12-03,2021-01-01,2023-03-15,No,162,,Local
0000001056,001056,Childcare Subsidy,2023-04-08,2023-04-28,2025-03-23,No,88,,Private
0000001057,001057,Early Head Start,2022-03-03,2022-04-02,2022-11-28,No,116,,State
0000001058,001058,Child Care,2022-02-22,2022-03-01,2023-05-13,No,105,,Local
0000001059,001059,Early Head Start,2018-09-14,2018-09-17,2021-08-23,No,153,,Private
0000001059,001059,Childcare Subsidy,2018-10-17,2018-11-01,2023-06-21,No,209,,Local
0000001059,001059,Home Visiting,2019-03-20,2019-04-12,2021-02-23,Yes,25,,Federal
0000001060,001060,Early Head Start,2020-06-14,2020-06-27,2021-11-11,No,122,,Federal
0000001061,001061,Early Intervention,2021-06-07,2021-06-26,2022-06-30,No,9,Early Intervention,Private
0000001062,001062,Early Intervention,2022-10-13,2022-10-23,2023-12-29,No,33,Early Intervention,Private
0000001063,001063,Early Head Start,2023-02-22,2023-03-06,2025-05-02,No,67,,Local
0000001064,001064,Childcare Subsidy,2020-05-03,2020-05-04,2021-03-12,No,110,,Private
0000001065,001065,Home Visiting,2018-09-15,2018-09-17,2020-02-26,Yes,12,,Local
0000001065,001065,Early Head Start,2020-03-26,2020-04-07,2021-01-08,No,178,,State
0000001065,001065,Early Intervention,2021-01-27,2021-02-01,2021-12-30,No,51,Early Intervention,State
0000001066,001066,First Steps,2021-02-24,2021-03-26,2024-01-16,No,55,Early Intervention,Private
0000001066,001066,Head Start,2024-02-08,2024-02-16,2025-05-14,No,133,Pre-K,State
0000001067,001067,Home Visiting,2022-03-12,2022-03-19,2022-12-18,Yes,12,,Local
0000001067,001067,Home Visiting,2023-01-09,2023-01-14,2023-06-14,Yes,4,,State
0000001068,001068,Early Intervention,2022-01-26,2022-02-22,2023-12-14,No,39,Early Intervention,State
0000001069,001069,Early Head Start,2021-12-01,2021-12-07,2022-10-31,No,127,,Federal
0000001070,001070,Early Head Start,2023-03-10,2023-04-06,2025-02-11,No,165,,Private
0000001071,001071,Childcare Subsidy,2022-05-31,2022-06-17,2023-11-30,No,116,,State
0000001071,001071,Childcare Subsidy,2023-12-07,2023-12-14,2025-05-24,No,185,,Local
0000001072,001072,Early Intervention,2019-10-17,2019-11-13,2021-06-12,No,10,Early Intervention,State
0000001072,001072,First Steps,2021-07-01,2021-07-29,2022-12-17,No,18,Early Intervention,Federal
0000001072,001072,Head Start,2022-12-23,2023-01-17,2024-03-05,No,120,Pre-K,Local
0000001072,001072,Child Care,2024-03-08,2024-03-24,2025-01-11,No,151,,Local
0000001072,001072,Early Intervention,2020-07-14,2020-07-24,2021-05-25,No,39,Early Intervention,State
0000001073,001073,Childcare Subsidy,2022-12-18,2023-01-12,2024-07-01,No,162,,Federal
0000001074,001074,Early Intervention,2019-10-29,2019-11-04,2021-05-28,No,18,Early Intervention,Private
0000001074,001074,Home Visiting,2021-06-02,2021-06-11,2022-11-16,Yes,8,,Local
0000001074,001074,Child Care,2022-11-20,2022-12-14,2024-07-27,No,173,,Federal
0000001075,001075,Early Intervention,2021-09-13,2021-09-27,2022-08-28,No,47,Early Intervention,State
0000001076,001076,Childcare Subsidy,2022-10-08,2022-10-14,2023-03-14,No,99,,State
0000001077,001077,First Steps,2018-10-22,2018-10-30,2019-10-21,No,18,Early Intervention,Local
0000001077,001077,Early Head Start,2019-10-29,2019-11-01,2020-04-20,No,110,,Federal
0000001077,001077,Early Intervention,2020-04-30,2020-05-08,2020-07-23,No,24,Early Intervention,Federal
0000001077,001077,Child Care,2020-08-05,2020-08-19,2021-01-12,No,74,,State
0000001078,001078,Childcare Subsidy,2022-03-25,2022-04-07,2022-11-14,No,79,,State
0000001078,001078,Child Care,2022-11-28,2022-12-20,2023-08-02,No,144,,State
0000001078,001078,Childcare Subsidy,2023-08-20,2023-08-22,2025-08-06,No,142,,Federal
0000001079,001079,Early Intervention,2021-07-17,2021-08-11,2023-01-14,No,39,Early Intervention,State
0000001079,001079,Child Care,2023-02-21,2023-03-02,2025-01-18,No,120,,Local
0000001079,001079,Early Intervention,2020-07-21,2020-08-02,2021-08-03,No,20,Early Intervention,Federal
0000001080,001080,Early Head Start,2020-07-03,2020-07-06,2021-11-22,No,100,,Federal
0000001081,001081,Home Visiting,2022-08-21,2022-08-26,2024-06-19,Yes,20,,Federal
0000001081,001081,Child Care,2024-06-21,2024-07-08,2026-01-03,No,189,,Private
0000001082,001082,Childcare Subsidy,2020-01-04,2020-01-25,2020-12-17,No,76,,State
0000001082,001082,Childcare Subsidy,2021-03-02,2021-03-04,2022-05-28,No,172,,Federal
0000001082,001082,Child Care,2022-08-28,2022-09-02,2024-02-21,No,118,,Private
0000001083,001083,Child Care,2018-09-25,2018-09-29,2019-08-03,No,156,,Federal
0000001083,001083,Early Head Start,2019-10-25,2019-11-22,2020-07-03,No,37,,Private
0000001083,001083,Childcare Subsidy,2020-09-17,2020-09-20,2021-03-03,No,51,,Federal
0000001084,001084,Early Head Start,2021-04-14,2021-05-06,2022-10-31,No,163,,State
0000001084,001084,First Steps,2022-11-13,2022-11-19,2023-12-06,No,49,Early Intervention,Federal
0000001084,001084,State Pre-K,2023-12-10,2023-12-24,2026-02-07,No,139,Pre-K,Federal
0000001085,001085,Early Intervention,2021-08-24,2021-08-26,2022-06-30,No,8,Early Intervention,Federal
0000001086,001086,Childcare Subsidy,2020-06-07,2020-07-03,2022-03-24,No,62,,Federal
0000001087,001087,Childcare Subsidy,2020-01-17,2020-02-05,2020-04-30,No,109,,Local
0000001088,001088,Child Care,2019-11-29,2019-12-26,2021-02-21,No,62,,Local
0000001088,001088,Early Intervention,2021-03-26,2021-04-02,2022-08-14,No,9,Early Intervention,Federal
0000001088,001088,Child Care,2022-10-20,2022-10-22,2023-12-25,No,78,,Federal
0000001088,001088,Head Start,2024-03-18,2024-03-30,2025-02-18,No,116,Pre-K,Private
0000001089,001089,Child Care,2019-08-31,2019-09-19,2019-12-19,No,70,,Local
0000001090,001090,Home Visiting,2020-07-06,2020-07-10,2022-03-16,Yes,14,,Federal
0000001090,001090,First Steps,2022-03-22,2022-04-04,2024-08-19,No,9,Early Intervention,Federal
0000001091,001091,Early Head Start,2023-01-07,2023-01-10,2025-01-05,No,117,,State
0000001092,001092,Childcare Subsidy,2022-10-23,2022-11-02,2023-01-15,No,69,,Local
0000001092,001092,Early Head Start,2023-04-17,2023-05-12,2023-08-09,No,43,,Private
0000001093,001093,Child Care,2020-04-16,2020-05-06,2022-05-16,No,68,,State
0000001094,001094,Childcare Subsidy,2019-05-12,2019-06-02,2021-11-14,No,82,,Federal
0000001095,001095,Early Head Start,2020-08-28,2020-09-18,2022-02-16,No,163,,Local
0000001095,001095,Childcare Subsidy,2022-03-14,2022-04-11,2023-03-08,No,111,,Local
0000001096,001096,First Steps,2021-09-11,2021-10-02,2023-10-23,No,18,Early Intervention,Federal
0000001097,001097,First Steps,2023-01-11,2023-01-28,2024-01-13,No,15,Early Intervention,Federal
0000001098,001098,Childcare Subsidy,2019-08-09,2019-08-16,2020-08-05,No,84,,State
0000001099,001099,Early Intervention,2019-07-01,2019-07-29,2021-05-15,No,34,Early Intervention,Local
0000001099,001099,Childcare Subsidy,2021-06-12,2021-06-29,2023-06-06,No,106,,Private
0000001099,001099,State Pre-K,2023-06-09,2023-06-17,2024-07-23,No,137,Pre-K,Federal
0000001100,001100,Home Visiting,2019-07-13,2019-07-20,2020-06-05,Yes,9,,Federal
0000001100,001100,Home Visiting,2020-08-02,2020-08-12,2022-05-19,Yes,14,,State
0000001100,001100,State Pre-K,2022-07-01,2022-07-05,2023-09-06,No,68,Pre-K,Private
0000001101,001101,Home Visiting,2018-09-01,2018-09-10,2020-07-22,Yes,21,,Federal
0000001101,001101,Home Visiting,2020-07-25,2020-08-01,2021-08-09,Yes,11,,Federal
0000001101,001101,Child Care,2021-08-27,2021-09-16,2023-05-09,No,156,,State
0000001101,001101,Childcare Subsidy,2019-01-12,2019-01-25,2021-01-17,No,100,,State
0000001102,001102,Early Intervention,2020-09-03,2020-09-07,2022-03-24,No,26,Early Intervention,Private
0000001102,001102,Home Visiting,2022-04-20,2022-05-07,2024-07-20,Yes,18,,Local
0000001103,001103,First Steps,2021-04-19,2021-04-24,2023-01-20,No,47,Early Intervention,Local
0000001103,001103,Childcare Subsidy,2023-04-18,2023-05-17,2025-07-31,No,172,,State
0000001104,001104,Home Visiting,2021-01-02,2021-01-22,2023-12-17,Yes,4,,Federal
0000001105,001105,Early Intervention,2021-03-12,2021-03-17,2023-07-28,No,27,Early Intervention,Local
0000001106,001106,Early Head Start,2022-10-10,2022-11-02,2025-01-13,No,167,,State
0000001106,001106,Head Start,2025-02-12,2025-03-09,2026-11-03,No,155,Pre-K,Private
0000001107,001107,First Steps,2019-07-26,2019-08-14,2021-04-23,No,20,Early Intervention,Local
0000001107,001107,Early Intervention,2021-04-30,2021-05-17,2021-12-19,No,12,Early Intervention,Local
0000001108,001108,Home Visiting,2020-12-01,2020-12-14,2021-10-27,Yes,20,,Federal
0000001108,001108,Child Care,2021-11-23,2021-12-05,2023-02-20,No,131,,Federal
0000001108,001108,Child Care,2023-02-23,2023-02-24,2025-01-28,No,150,,Federal
0000001109,001109,Early Head Start,2019-06-15,2019-06-27,2021-02-06,No,125,,Private
0000001110,001110,First Steps,2023-03-10,2023-03-22,2024-03-03,No,29,Early Intervention,State
0000001111,001111,First Steps,2022-02-15,2022-03-09,2023-12-28,No,46,Early Intervention,Local
0000001112,001112,Child Care,2022-05-05,2022-06-04,2024-09-11,No,82,,State
0000001112,001112,Head Start,2024-11-05,2024-11-26,2026-02-07,No,126,Pre-K,Private
0000001113,001113,Child Care,2019-03-12,2019-03-29,2020-01-03,No,67,,Local
0000001113,001113,Early Head Start,2020-01-14,2020-01-20,2020-10-29,No,51,,Federal
0000001113,001113,Early Intervention,2020-11-02,2020-11-09,2021-10-03,No,13,Early Intervention,Federal
0000001113,001113,Childcare Subsidy,2021-10-11,2021-10-24,2022-01-08,No,61,,State
0000001114,001114,Childcare Subsidy,2022-12-31,2023-01-08,2023-09-24,No,107,,Private
0000001114,001114,Home Visiting,2024-02-14,2024-02-24,2024-08-31,Yes,16,,Private
0000001115,001115,Early Intervention,2019-07-01,2019-07-22,2020-11-11,No,47,Early Intervention,State
0000001115,001115,Early Head Start,2020-11-19,2020-12-03,2023-09-01,No,47,,Local
0000001116,001116,Child Care,2019-04-05,2019-04-09,2020-07-10,No,71,,Private
0000001117,001117,First Steps,2019-08-08,2019-09-04,2020-10-20,No,34,Early Intervention,Local
0000001118,001118,First Steps,2020-10-13,2020-10-24,2021-12-06,No,17,Early Intervention,State
0000001119,001119,Early Head Start,2018-10-22,2018-10-28,2021-09-28,No,138,,Federal
0000001119,001119,State Pre-K,2018-11-27,2018-12-12,2023-10-17,No,132,Pre-K,Private
0000001120,001120,Early Head Start,2020-11-09,2020-12-04,2022-10-20,No,99,,State
0000001120,001120,Early Intervention,2022-11-05,2022-12-05,2024-03-23,No,20,Early Intervention,Local
0000001121,001121,Childcare Subsidy,2019-07-29,2019-07-30,2021-11-13,No,56,,Private
0000001121,001121,First Steps,2021-12-13,2022-01-07,2024-09-02,No,19,Early Intervention,Federal
0000001121,001121,Early Intervention,2020-03-05,2020-03-31,2021-10-02,No,45,Early Intervention,Private
0000001122,001122,Early Head Start,2021-06-16,2021-06-20,2022-06-27,No,54,,Local
0000001123,001123,First Steps,2021-06-02,2021-06-04,2023-04-09,No,17,Early Intervention,Private
0000001123,001123,Childcare Subsidy,2023-06-05,2023-06-11,2024-12-23,No,130,,State
0000001124,001124,Child Care,2020-09-11,2020-09-17,2021-10-10,No,54,,Private
0000001125,001125,Early Intervention,2019-11-24,2019-11-26,2021-09-06,No,39,Early Intervention,State
0000001125,001125,State Pre-K,2021-09-14,2021-09-19,2024-02-12,No,104,Pre-K,Federal
0000001125,001125,Home Visiting,2019-08-15,2019-08-19,2020-11-09,Yes,25,,Local
0000001126,001126,Home Visiting,2020-07-03,2020-07-25,2022-01-06,Yes,12,,Federal
0000001126,001126,State Pre-K,2022-01-14,2022-01-26,2024-02-15,No,109,Pre-K,State
0000001127,001127,Early Intervention,2021-07-11,2021-07-26,2022-07-10,No,49,Early Intervention,Federal
0000001128,001128,Early Intervention,2020-06-14,2020-07-11,2022-03-25,No,43,Early Intervention,Federal
0000001129,001129,Childcare Subsidy,2022-03-03,2022-03-16,2024-02-06,No,143,,Private
0000001129,001129,First Steps,2022-04-15,2022-04-30,2025-09-26,No,25,Early Intervention,Private
0000001130,001130,Child Care,2018-10-30,2018-11-10,2020-11-04,No,89,,State
0000001130,001130,Home Visiting,2018-12-10,2018-12-25,2023-08-06,Yes,7,,Local
0000001131,001131,Childcare Subsidy,2021-05-10,2021-05-30,2021-11-26,No,137,,State
0000001132,001132,Early Head Start,2021-05-10,2021-05-24,2022-02-19,No,104,,Private
0000001133,001133,Early Intervention,2020-11-19,2020-12-16,2022-07-20,No,46,Early Intervention,Private
0000001134,001134,Early Head Start,2021-08-19,2021-08-28,2022-12-16,No,150,,Local
0000001135,001135,Home Visiting,2021-05-04,2021-05-28,2022-02-22,Yes,11,,State
0000001136,001136,Child Care,2022-07-20,2022-07-23,2024-02-23,No,76,,Private
0000001137,001137,Child Care,2021-04-20,2021-05-04,2023-02-21,No,94,,Federal
0000001137,001137,Early Intervention,2023-02-22,2023-03-13,2023-12-11,No,41,Early Intervention,State
0000001137,001137,Child Care,2023-12-29,2024-01-07,2025-02-05,No,150,,Local
0000001137,001137,Child Care,2025-02-26,2025-03-06,2025-12-18,No,79,,State
0000001137,001137,Home Visiting,2021-06-20,2021-06-24,2022-06-14,Yes,13,,Federal
0000001138,001138,Home Visiting,2021-02-22,2021-03-12,2023-01-25,Yes,8,,State
0000001138,001138,First Steps,2023-02-03,2023-02-08,2024-03-19,No,28,Early Intervention,Private
0000001139,001139,First Steps,2021-09-02,2021-09-18,2022-09-03,No,8,Early Intervention,State
0000001140,001140,First Steps,2020-04-26,2020-04-28,2021-05-16,No,26,Early Intervention,Local
0000001141,001141,First Steps,2020-04-27,2020-05-10,2021-08-03,No,44,Early Intervention,Local
0000001142,001142,Childcare Subsidy,2022-01-29,2022-02-04,2022-12-08,No,62,,State
0000001142,001142,Early Intervention,2022-12-12,2023-01-11,2023-09-16,No,25,Early Intervention,Private
0000001142,001142,First Steps,2023-10-04,2023-11-03,2024-03-12,No,25,Early Intervention,Federal
0000001143,001143,Child Care,2021-03-24,2021-04-11,2023-04-04,No,158,,Private
0000001143,001143,Childcare Subsidy,2023-04-25,2023-05-09,2024-10-03,No,144,,Federal
0000001144,001144,Early Intervention,2020-11-10,2020-11-15,2022-05-10,No,19,Early Intervention,Federal
0000001144,001144,Head Start,2022-05-16,2022-06-01,2023-04-27,No,118,Pre-K,Federal
0000001144,001144,State Pre-K,2023-05-23,2023-06-22,2024-03-15,No,84,Pre-K,Local
0000001145,001145,First Steps,2019-10-14,2019-11-07,2021-01-26,No,10,Early Intervention,State
0000001146,001146,Child Care,2022-10-05,2022-11-03,2024-11-17,No,196,,Federal
0000001146,001146,Child Care,2024-12-05,2024-12-31,2026-04-18,No,105,,Local
0000001146,001146,First Steps,2021-10-19,2021-11-12,2023-10-08,No,16,Early Intervention,Local
0000001147,001147,Childcare Subsidy,2019-10-19,2019-11-10,2020-06-11,No,40,,Private
0000001147,001147,Early Intervention,2020-06-25,2020-07-22,2021-02-26,No,39,Early Intervention,Private
0000001148,001148,Early Head Start,2021-01-20,2021-01-24,2022-11-12,No,88,,Federal
0000001148,001148,Child Care,2022-12-21,2023-01-10,2024-11-21,No,85,,State
0000001149,001149,Childcare Subsidy,2019-10-14,2019-11-04,2021-04-24,No,50,,Private
0000001150,001150,First Steps,2020-07-06,2020-07-28,2021-04-09,No,42,Early Intervention,Private
0000001150,001150,First Steps,2021-04-27,2021-05-13,2022-06-01,No,21,Early Intervention,State
0000001151,001151,Home Visiting,2021-10-14,2021-10-30,2023-01-02,Yes,9,,Local
0000001152,001152,Early Intervention,2020-11-09,2020-12-04,2021-07-11,No,10,Early Intervention,Local
0000001153,001153,Home Visiting,2019-04-09,2019-04-12,2019-09-23,Yes,5,,Local
0000001154,001154,Home Visiting,2021-06-14,2021-06-17,2024-02-01,Yes,13,,Private
0000001155,001155,Childcare Subsidy,2022-05-11,2022-06-04,2022-12-06,No,99,,State
0000001155,001155,First Steps,2022-12-20,2023-01-11,2023-12-22,No,27,Early Intervention,State
0000001155,001155,Child Care,2024-01-12,2024-02-10,2025-09-03,No,75,,Private
0000001156,001156,Early Intervention,2020-01-01,2020-01-18,2021-06-06,No,18,Early Intervention,Federal
0000001156,001156,Child Care,2021-07-22,2021-08-01,2024-01-08,No,66,,Federal
0000001156,001156,First Steps,2019-07-11,2019-07-24,2021-10-28,No,14,Early Intervention,Local
0000001157,001157,First Steps,2021-11-18,2021-11-26,2023-10-12,No,41,Early Intervention,Private
0000001158,001158,Early Intervention,2018-08-03,2018-08-26,2019-11-13,No,9,Early Intervention,Local
0000001158,001158,Early Intervention,2018-09-25,2018-10-10,2021-10-09,No,46,Early Intervention,Private
0000001158,001158,Childcare Subsidy,2021-10-20,2021-10-22,2023-08-15,No,83,,Federal
0000001159,001159,Early Intervention,2021-03-19,2021-03-29,2022-11-19,No,21,Early Intervention,Federal
0000001159,001159,Early Intervention,2022-12-06,2022-12-14,2025-07-16,No,10,Early Intervention,State
0000001159,001159,First Steps,2021-01-16,2021-01-23,2023-08-26,No,33,Early Intervention,Private
0000001160,001160,Early Intervention,2020-04-30,2020-05-30,2021-12-02,No,9,Early Intervention,State
0000001160,001160,State Pre-K,2020-06-29,2020-07-14,2023-08-19,No,175,Pre-K,Local
0000001161,001161,First Steps,2022-08-12,2022-09-03,2025-04-03,No,59,Early Intervention,Local
0000001161,001161,State Pre-K,2022-10-03,2022-10-18,2026-04-11,No,86,Pre-K,Federal
0000001161,001161,Home Visiting,2021-10-12,2021-10-29,2024-08-02,Yes,9,,Local
0000001162,001162,First Steps,2020-03-27,2020-04-03,2022-12-21,No,51,Early Intervention,State
0000001162,001162,Child Care,2022-12-30,2023-01-20,2024-03-22,No,74,,Federal
0000001163,001163,Child Care,2021-05-28,2021-06-14,2021-12-12,No,84,,State
0000001163,001163,First Steps,2021-12-22,2022-01-18,2022-06-23,No,20,Early Intervention,Private
0000001163,001163,Child Care,2022-06-29,2022-07-17,2022-10-11,No,122,,State
0000001164,001164,Home Visiting,2023-07-07,2023-08-02,2024-07-11,Yes,8,,Local
0000001165,001165,Childcare Subsidy,2023-10-05,2023-10-24,2026-07-19,No,208,,State
0000001165,001165,Childcare Subsidy,2026-08-07,2026-08-11,2027-06-06,No,149,,Private
0000001165,001165,Early Intervention,2022-12-07,2022-12-15,2025-08-17,No,34,Early Intervention,Private
0000001166,001166,Early Head Start,2021-02-05,2021-02-23,2023-06-18,No,56,,Private
0000001166,001166,Early Head Start,2021-03-25,2021-04-09,2025-11-23,No,202,,Local
0000001166,001166,Child Care,2021-10-10,2021-10-20,2024-04-04,No,54,,Federal
0000001167,001167,Home Visiting,2020-03-22,2020-04-06,2020-08-12,Yes,14,,Federal
0000001167,001167,Early Head Start,2021-01-18,2021-02-01,2021-05-19,No,86,,Federal
0000001167,001167,Head Start,2021-11-12,2021-11-17,2022-06-17,No,61,Pre-K,State
0000001167,001167,State Pre-K,2022-09-12,2022-10-03,2023-06-07,No,123,Pre-K,State
0000001168,001168,Home Visiting,2018-11-24,2018-11-30,2019-07-06,Yes,20,,Local
0000001169,001169,Child Care,2022-02-09,2022-03-03,2022-11-19,No,131,,Local
0000001169,001169,Childcare Subsidy,2022-04-02,2022-04-17,2024-08-11,No,192,,State
0000001170,001170,Child Care,2023-03-04,2023-03-16,2024-09-27,No,102,,Private
0000001171,001171,Child Care,2020-05-01,2020-05-22,2022-03-17,No,166,,Federal
0000001171,001171,Child Care,2022-07-12,2022-07-16,2024-01-30,No,110,,Federal
0000001172,001172,Childcare Subsidy,2022-08-01,2022-08-31,2024-03-17,No,145,,Private
0000001173,001173,Home Visiting,2021-03-09,2021-04-07,2023-01-28,Yes,12,,Private
0000001173,001173,Child Care,2023-02-21,2023-03-05,2024-07-17,No,180,,Local
0000001174,001174,Childcare Subsidy,2021-10-08,2021-10-24,2022-12-16,No,38,,Federal
0000001175,001175,Home Visiting,2021-02-13,2021-02-17,2021-08-01,Yes,7,,Private
0000001176,001176,Childcare Subsidy,2020-10-11,2020-11-04,2022-09-23,No,71,,Federal
0000001176,001176,Child Care,2022-09-29,2022-09-30,2024-02-14,No,118,,Local
0000001176,001176,Head Start,2024-03-11,2024-04-08,2025-05-15,No,133,Pre-K,Private
0000001177,001177,Early Intervention,2020-01-10,2020-01-11,2021-05-17,No,21,Early Intervention,Federal
0000001177,001177,Home Visiting,2020-02-10,2020-02-25,2022-10-31,Yes,4,,Federal
0000001178,001178,Home Visiting,2021-01-23,2021-02-02,2023-01-05,Yes,14,,Federal
0000001179,001179,Home Visiting,2021-07-07,2021-07-22,2022-09-07,Yes,11,,Private
0000001180,001180,Home Visiting,2022-07-17,2022-07-27,2023-08-18,Yes,7,,Local
0000001180,001180,Head Start,2023-09-16,2023-10-02,2026-01-06,No,138,Pre-K,State
0000001181,001181,Early Head Start,2020-02-21,2020-03-21,2022-01-22,No,98,,Private
0000001181,001181,First Steps,2022-03-09,2022-03-30,2023-03-15,No,29,Early Intervention,Federal
0000001182,001182,Child Care,2023-03-15,2023-03-16,2025-01-27,No,133,,Private
0000001183,001183,First Steps,2022-02-27,2022-03-23,2023-05-31,No,15,Early Intervention,Local
0000001184,001184,First Steps,2020-03-13,2020-04-10,2020-10-19,No,29,Early Intervention,Federal
0000001184,001184,Childcare Subsidy,2020-11-25,2020-12-07,2022-04-07,No,132,,State
0000001184,001184,Home Visiting,2022-07-20,2022-07-24,2023-05-25,Yes,8,,State
0000001185,001185,Early Intervention,2020-07-09,2020-08-03,2022-01-12,No,14,Early Intervention,Federal
0000001185,001185,Childcare Subsidy,2022-02-08,2022-03-04,2023-04-30,No,122,,Federal
0000001185,001185,Child Care,2023-05-09,2023-05-30,2024-11-25,No,167,,State
0000001186,001186,First Steps,2019-05-24,2019-06-09,2021-07-20,No,29,Early Intervention,State
0000001186,001186,Child Care,2021-08-02,2021-08-20,2023-12-03,No,47,,State
0000001187,001187,Childcare Subsidy,2021-04-30,2021-05-09,2023-12-13,No,162,,Private
0000001187,001187,Head Start,2024-01-23,2024-02-01,2025-03-14,No,87,Pre-K,State
0000001187,001187,Home Visiting,2020-09-14,2020-09-25,2023-01-13,Yes,8,,Private
0000001188,001188,Child Care,2020-09-15,2020-10-10,2023-06-15,No,142,,Local
0000001188,001188,Childcare Subsidy,2023-06-29,2023-07-19,2025-06-17,No,166,,Local
0000001189,001189,First Steps,2021-02-10,2021-03-04,2022-06-26,No,25,Early Intervention,Local
0000001189,001189,Child Care,2022-06-27,2022-07-13,2024-05-08,No,113,,Private
0000001190,001190,Home Visiting,2019-10-09,2019-11-07,2021-10-08,Yes,16,,Federal
0000001191,001191,Early Intervention,2021-03-15,2021-04-10,2021-10-13,No,40,Early Intervention,Federal
0000001191,001191,Child Care,2021-11-17,2021-12-08,2023-11-20,No,141,,Private
0000001192,001192,Child Care,2022-05-12,2022-06-08,2023-12-14,No,123,,Local
0000001192,001192,Childcare Subsidy,2024-01-30,2024-02-20,2024-10-30,No,67,,Private
0000001192,001192,Child Care,2025-02-10,2025-03-01,2026-01-02,No,73,,Private
0000001192,001192,Home Visiting,2021-07-05,2021-07-18,2022-07-27,Yes,4,,Local
0000001193,001193,Early Head Start,2019-08-28,2019-09-16,2022-02-27,No,81,,Private
0000001193,001193,Childcare Subsidy,2022-03-16,2022-03-20,2024-03-02,No,96,,Federal
0000001193,001193,Childcare Subsidy,2019-09-03,2019-09-15,2021-08-29,No,139,,State
0000001193,001193,Head Start,2021-09-10,2021-09-30,2023-05-23,No,100,Pre-K,State
0000001193,001193,Child Care,2023-06-12,2023-06-17,2024-03-02,No,100,,State
0000001194,001194,Home Visiting,2023-02-11,2023-03-01,2024-11-26,Yes,22,,Private
0000001195,001195,Child Care,2018-12-23,2019-01-12,2019-09-22,No,42,,Federal
0000001196,001196,First Steps,2021-04-21,2021-05-20,2022-03-03,No,22,Early Intervention,Federal
0000001196,001196,Early Intervention,2022-03-25,2022-04-16,2022-09-25,No,23,Early Intervention,Local
0000001196,001196,Early Head Start,2022-10-05,2022-11-03,2023-10-29,No,53,,State
0000001197,001197,First Steps,2022-07-13,2022-07-26,2023-06-20,No,25,Early Intervention,State
0000001197,001197,State Pre-K,2023-08-14,2023-08-28,2024-09-10,No,87,Pre-K,Private
0000001198,001198,Childcare Subsidy,2019-11-11,2019-11-23,2020-03-11,No,71,,State
0000001198,001198,First Steps,2020-08-28,2020-09-10,2021-07-30,No,32,Early Intervention,Private
0000001198,001198,Head Start,2021-11-20,2021-11-29,2022-02-20,No,123,Pre-K,Federal
0000001199,001199,Home Visiting,2020-11-25,2020-12-04,2023-11-14,Yes,11,,Private
0000001200,001200,Child Care,2020-09-16,2020-09-30,2021-12-16,No,132,,State
0000001201,001201,Childcare Subsidy,2020-05-29,2020-06-06,2020-09-17,No,48,,Federal
0000001201,001201,Early Head Start,2020-10-06,2020-10-12,2021-02-25,No,56,,State
0000001201,001201,Home Visiting,2021-03-02,2021-03-24,2022-03-05,Yes,8,,Local
0000001201,001201,First Steps,2022-03-15,2022-04-04,2022-11-01,No,33,Early Intervention,Federal
0000001202,001202,Home Visiting,2020-09-25,2020-10-01,2021-11-10,Yes,12,,State
0000001202,001202,Childcare Subsidy,2021-11-25,2021-12-17,2023-09-10,No,145,,State
0000001203,001203,Home Visiting,2023-02-21,2023-03-21,2024-11-08,Yes,14,,State
0000001203,001203,Child Care,2024-11-09,2024-11-30,2025-06-12,No,95,,State
0000001203,001203,Child Care,2025-07-02,2025-07-20,2026-11-22,No,108,,Private
0000001204,001204,Home Visiting,2019-10-08,2019-10-13,2022-09-28,Yes,17,,Private
0000001204,001204,Child Care,2022-10-07,2022-10-28,2024-09-02,No,199,,Federal
0000001204,001204,First Steps,2020-05-10,2020-05-28,2022-10-12,No,53,Early Intervention,Federal
0000001204,001204,Head Start,2022-10-25,2022-10-26,2024-11-07,No,90,Pre-K,State
0000001205,001205,Home Visiting,2021-10-26,2021-11-14,2023-11-16,Yes,17,,Federal
0000001205,001205,Child Care,2023-12-09,2023-12-16,2025-06-11,No,197,,Federal
0000001206,001206,Childcare Subsidy,2022-12-20,2023-01-10,2023-12-27,No,111,,State
0000001207,001207,Childcare Subsidy,2021-12-25,2021-12-29,2023-02-18,No,96,,Private
0000001208,001208,Childcare Subsidy,2021-05-27,2021-06-16,2022-06-28,No,68,,State
0000001208,001208,Home Visiting,2022-07-18,2022-08-11,2023-06-28,Yes,15,,State
0000001209,001209,Early Head Start,2023-07-08,2023-07-14,2024-08-12,No,180,,Local
0000001209,001209,Home Visiting,2024-11-03,2024-11-24,2027-02-10,Yes,20,,Local
0000001210,001210,Home Visiting,2022-11-08,2022-11-16,2023-10-16,Yes,18,,State
0000001210,001210,Child Care,2023-11-11,2023-12-09,2024-05-02,No,127,,Federal
0000001211,001211,Early Intervention,2021-01-30,2021-02-04,2023-07-05,No,20,Early Intervention,Private
0000001212,001212,First Steps,2020-09-01,2020-09-22,2022-04-01,No,15,Early Intervention,State
0000001212,001212,Childcare Subsidy,2020-10-22,2020-11-06,2022-12-27,No,143,,Local
0000001212,001212,State Pre-K,2023-02-08,2023-02-16,2023-10-04,No,87,Pre-K,State
0000001213,001213,Child Care,2021-11-07,2021-12-02,2023-04-21,No,134,,Federal
0000001213,001213,Childcare Subsidy,2023-05-14,2023-05-31,2025-06-22,No,96,,Federal
0000001213,001213,Head Start,2025-07-20,2025-08-09,2026-09-13,No,125,Pre-K,Private
0000001213,001213,Childcare Subsidy,2022-03-16,2022-04-06,2024-01-11,No,136,,State
0000001213,001213,Home Visiting,2024-02-08,2024-02-15,2026-09-13,Yes,7,,Private
0000001214,001214,Childcare Subsidy,2020-01-29,2020-02-11,2020-10-10,No,138,,Private
0000001214,001214,Child Care,2020-12-27,2020-12-29,2021-09-25,No,76,,Federal
0000001215,001215,First Steps,2021-10-03,2021-10-10,2024-09-13,No,48,Early Intervention,Private
0000001216,001216,Early Intervention,2023-02-18,2023-03-19,2024-06-23,No,10,Early Intervention,State
0000001216,001216,State Pre-K,2024-07-13,2024-08-05,2026-05-13,No,72,Pre-K,Local
0000001217,001217,Home Visiting,2021-12-09,2021-12-16,2023-01-14,Yes,7,,Federal
0000001217,001217,Childcare Subsidy,2023-02-12,2023-03-14,2025-06-02,No,176,,Local
0000001218,001218,Early Intervention,2022-05-30,2022-06-11,2025-04-30,No,28,Early Intervention,State
0000001218,001218,Childcare Subsidy,2025-05-16,2025-05-17,2026-07-08,No,198,,Local
0000001218,001218,Head Start,2026-07-17,2026-08-04,2027-04-09,No,156,Pre-K,Private
0000001219,001219,Home Visiting,2021-11-24,2021-12-16,2022-06-29,Yes,20,,Federal
0000001219,001219,First Steps,2022-07-26,2022-08-24,2023-02-27,No,34,Early Intervention,Federal
0000001219,001219,Home Visiting,2023-03-11,2023-03-25,2023-12-19,Yes,10,,Federal
0000001220,001220,Childcare Subsidy,2021-05-16,2021-05-20,2022-03-12,No,49,,Private
0000001220,001220,First Steps,2022-05-14,2022-06-12,2024-04-17,No,30,Early Intervention,Private
0000001221,001221,Early Intervention,2018-11-01,2018-11-06,2019-11-03,No,17,Early Intervention,Federal
0000001222,001222,First Steps,2023-04-24,2023-05-21,2024-03-31,No,33,Early Intervention,Local
0000001222,001222,Childcare Subsidy,2024-09-18,2024-10-12,2025-08-23,No,155,,Private
0000001223,001223,Early Head Start,2021-08-05,2021-08-25,2023-01-09,No,200,,Private
0000001224,001224,Early Intervention,2020-12-31,2021-01-12,2022-02-15,No,8,Early Intervention,State
0000001224,001224,First Steps,2021-02-11,2021-02-26,2023-07-20,No,32,Early Intervention,Local
0000001225,001225,Childcare Subsidy,2018-06-17,2018-06-25,2019-05-08,No,114,,Private
0000001225,001225,Early Intervention,2018-07-25,2018-08-09,2020-05-19,No,8,Early Intervention,State
0000001226,001226,Early Head Start,2022-03-29,2022-04-20,2023-04-17,No,106,,Private
0000001226,001226,Early Head Start,2023-09-01,2023-09-26,2024-09-03,No,129,,State
0000001227,001227,Child Care,2022-09-25,2022-10-20,2023-07-21,No,101,,Federal
0000001228,001228,Child Care,2021-05-30,2021-05-31,2022-08-10,No,59,,Federal
0000001228,001228,Child Care,2021-06-30,2021-07-15,2024-04-17,No,133,,Federal
0000001228,001228,State Pre-K,2024-07-17,2024-07-28,2025-08-25,No,132,Pre-K,State
0000001229,001229,Early Intervention,2020-07-08,2020-08-07,2021-10-11,No,26,Early Intervention,Private
0000001230,001230,Child Care,2020-02-16,2020-03-01,2021-07-18,No,154,,Private
0000001230,001230,Early Intervention,2021-08-09,2021-09-04,2023-03-07,No,56,Early Intervention,State
0000001231,001231,Early Intervention,2020-08-01,2020-08-16,2020-12-06,No,35,Early Intervention,Local
0000001232,001232,Home Visiting,2019-06-08,2019-06-22,2020-10-23,Yes,14,,Federal
0000001233,001233,Early Head Start,2021-09-05,2021-09-25,2022-04-13,No,43,,Local
0000001233,001233,First Steps,2022-04-14,2022-04-28,2024-01-21,No,19,Early Intervention,State
0000001234,001234,Early Intervention,2022-08-07,2022-08-13,2023-11-29,No,44,Early Intervention,Private
0000001234,001234,Early Intervention,2023-11-30,2023-12-10,2025-10-17,No,17,Early Intervention,Federal
0000001235,001235,Home Visiting,2021-09-12,2021-09-29,2023-01-17,Yes,19,,State
0000001236,001236,Home Visiting,2019-10-14,2019-11-02,2020-05-25,Yes,18,,Private
0000001237,001237,Child Care,2018-10-24,2018-11-13,2019-04-16,No,52,,Federal
0000001237,001237,Childcare Subsidy,2018-12-13,2018-12-28,2020-04-18,No,89,,Local
0000001238,001238,Early Intervention,2021-01-23,2021-01-28,2021-09-13,No,23,Early Intervention,Local
0000001239,001239,Child Care,2021-05-28,2021-06-26,2023-04-01,No,123,,Private
0000001240,001240,Home Visiting,2020-02-28,2020-03-25,2020-07-18,Yes,4,,Private
0000001241,001241,Childcare Subsidy,2023-01-20,2023-02-13,2025-01-25,No,149,,State
0000001242,001242,Early Intervention,2021-08-29,2021-09-13,2024-02-04,No,34,Early Intervention,Private
0000001242,001242,Childcare Subsidy,2024-02-19,2024-03-15,2025-05-09,No,63,,Private
0000001242,001242,Childcare Subsidy,2025-05-24,2025-05-26,2026-01-24,No,55,,State
0000001243,001243,Child Care,2018-09-29,2018-10-28,2020-06-12,No,93,,Local
0000001243,001243,Childcare Subsidy,2020-06-19,2020-06-28,2021-11-06,No,213,,Local
0000001244,001244,First Steps,2021-11-30,2021-12-10,2023-04-27,No,34,Early Intervention,State
0000001244,001244,First Steps,2023-05-19,2023-06-08,2024-01-11,No,25,Early Intervention,Federal
0000001245,001245,First Steps,2020-06-05,2020-06-20,2020-11-18,No,21,Early Intervention,Federal
0000001245,001245,Child Care,2020-12-14,2021-01-12,2021-09-10,No,73,,Private
0000001246,001246,Childcare Subsidy,2022-01-23,2022-01-26,2023-08-01,No,83,,State
0000001246,001246,State Pre-K,2023-10-31,2023-11-18,2025-03-06,No,117,Pre-K,Private
0000001247,001247,Childcare Subsidy,2022-10-24,2022-11-20,2023-05-30,No,76,,Local
0000001247,001247,Child Care,2023-11-17,2023-11-19,2024-08-13,No,139,,Private
0000001248,001248,Child Care,2021-10-13,2021-11-03,2023-01-08,No,145,,Federal
0000001249,001249,Early Intervention,2019-12-02,2019-12-26,2020-09-08,No,20,Early Intervention,State
0000001249,001249,Child Care,2020-10-06,2020-10-15,2022-05-26,No,93,,Private
0000001249,001249,Head Start,2022-06-01,2022-06-02,2024-04-16,No,129,Pre-K,Federal
0000001250,001250,Childcare Subsidy,2020-02-19,2020-03-13,2020-07-07,No,34,,Federal
0000001250,001250,First Steps,2020-08-01,2020-08-28,2021-06-16,No,19,Early Intervention,Federal
0000001250,001250,First Steps,2021-07-02,2021-07-24,2022-02-03,No,16,Early Intervention,Private
0000001250,001250,Home Visiting,2022-03-03,2022-03-29,2023-01-04,Yes,14,,Federal
0000001250,001250,Childcare Subsidy,2023-01-22,2023-01-25,2023-08-24,No,86,,Local
0000001251,001251,Child Care,2023-05-30,2023-06-01,2024-10-26,No,98,,State
0000001252,001252,Child Care,2021-04-29,2021-05-15,2022-01-01,No,135,,Private
0000001252,001252,Childcare Subsidy,2022-03-20,2022-04-06,2023-05-18,No,139,,Private
0000001252,001252,Childcare Subsidy,2023-09-15,2023-09-22,2025-05-22,No,128,,Local
0000001253,001253,First Steps,2018-10-25,2018-11-17,2021-05-13,No,36,Early Intervention,Local
0000001253,001253,Early Head Start,2021-06-12,2021-07-11,2023-08-22,No,87,,Private
0000001253,001253,Childcare Subsidy,2019-06-23,2019-07-17,2021-01-17,No,119,,Private
0000001254,001254,Early Intervention,2020-07-17,2020-07-31,2021-01-19,No,33,Early Intervention,State
0000001254,001254,First Steps,2021-06-28,2021-07-07,2022-01-16,No,16,Early Intervention,Private
0000001255,001255,Childcare Subsidy,2021-11-17,2021-11-25,2022-07-31,No,50,,Local
0000001256,001256,First Steps,2019-09-28,2019-10-02,2021-05-17,No,16,Early Intervention,State
0000001256,001256,Child Care,2021-06-06,2021-06-28,2022-03-29,No,133,,Private
0000001256,001256,First Steps,2022-04-12,2022-05-09,2024-04-06,No,39,Early Intervention,Private
0000001257,001257,Childcare Subsidy,2019-11-09,2019-12-04,2022-07-04,No,178,,State
0000001257,001257,State Pre-K,2022-09-20,2022-10-09,2024-02-15,No,145,Pre-K,Local
0000001257,001257,Childcare Subsidy,2019-08-18,2019-09-04,2021-12-27,No,144,,State
0000001258,001258,Child Care,2020-06-07,2020-06-14,2021-11-18,No,68,,Federal
0000001259,001259,Early Head Start,2021-08-19,2021-08-24,2023-01-31,No,155,,Local
0000001260,001260,First Steps,2021-04-21,2021-05-13,2022-04-07,No,17,Early Intervention,State
0000001260,001260,Early Head Start,2022-07-21,2022-08-14,2023-05-07,No,130,,Local
0000001261,001261,Early Intervention,2021-02-21,2021-03-07,2021-06-15,No,15,Early Intervention,Local
0000001261,001261,Childcare Subsidy,2021-06-16,2021-07-03,2022-04-26,No,72,,Federal
0000001261,001261,Childcare Subsidy,2022-05-15,2022-06-13,2022-08-14,No,86,,State
0000001262,001262,Home Visiting,2019-10-23,2019-11-17,2020-09-12,Yes,9,,Local
0000001262,001262,Early Head Start,2019-12-17,2020-01-01,2022-09-12,No,70,,Private
0000001263,001263,First Steps,2021-05-04,2021-05-28,2022-03-11,No,23,Early Intervention,Federal
0000001263,001263,Early Intervention,2022-07-04,2022-07-29,2023-03-05,No,20,Early Intervention,Local
0000001263,001263,State Pre-K,2023-05-29,2023-06-26,2023-11-09,No,62,Pre-K,Local
0000001264,001264,First Steps,2018-07-21,2018-08-08,2019-08-08,No,27,Early Intervention,Federal
0000001265,001265,Early Intervention,2019-05-06,2019-05-17,2021-03-28,No,46,Early Intervention,Local
0000001265,001265,Childcare Subsidy,2021-04-20,2021-05-09,2022-05-06,No,63,,Private
0000001265,001265,State Pre-K,2022-05-11,2022-05-14,2023-01-17,No,85,Pre-K,Private
0000001265,001265,State Pre-K,2023-01-19,2023-02-09,2023-08-23,No,113,Pre-K,State
0000001265,001265,Early Intervention,2019-02-23,2019-03-18,2019-10-18,No,11,Early Intervention,Local
0000001266,001266,Childcare Subsidy,2020-08-17,2020-09-04,2021-08-26,No,61,,Local
0000001267,001267,Childcare Subsidy,2019-06-17,2019-07-02,2020-03-12,No,109,,Local
0000001268,001268,Early Intervention,2020-11-15,2020-12-15,2021-10-26,No,13,Early Intervention,Local
0000001268,001268,Home Visiting,2022-03-12,2022-03-21,2022-07-24,Yes,10,,Federal
0000001268,001268,Child Care,2022-12-31,2023-01-27,2023-05-03,No,44,,Federal
0000001269,001269,First Steps,2020-06-22,2020-07-02,2020-09-26,No,15,Early Intervention,State
0000001270,001270,Childcare Subsidy,2019-02-13,2019-02-14,2020-10-14,No,151,,Local
0000001271,001271,Early Head Start,2020-09-14,2020-09-15,2021-06-22,No,128,,Federal
0000001271,001271,First Steps,2021-06-25,2021-07-08,2022-12-12,No,24,Early Intervention,Local
0000001272,001272,Early Head Start,2023-02-21,2023-03-11,2024-04-21,No,43,,Private
0000001273,001273,Early Head Start,2019-07-14,2019-08-10,2021-11-27,No,77,,State
0000001273,001273,Child Care,2021-12-15,2022-01-14,2024-06-16,No,71,,Private
0000001274,001274,Child Care,2020-10-16,2020-11-06,2022-12-03,No,147,,Federal
0000001274,001274,Childcare Subsidy,2020-12-06,2020-12-21,2025-05-07,No,130,,State
0000001275,001275,First Steps,2022-01-11,2022-01-12,2024-05-11,No,9,Early Intervention,Private
0000001276,001276,Childcare Subsidy,2022-04-20,2022-05-01,2023-12-11,No,86,,State
0000001277,001277,Early Head Start,2019-09-13,2019-09-17,2020-10-01,No,68,,Federal
0000001278,001278,Childcare Subsidy,2021-07-01,2021-07-09,2021-11-03,No,42,,Private
0000001279,001279,Early Head Start,2021-05-15,2021-06-07,2024-02-05,No,173,,Federal
0000001280,001280,Early Intervention,2021-10-14,2021-10-31,2022-07-20,No,15,Early Intervention,State
0000001281,001281,Child Care,2022-10-16,2022-10-19,2025-02-01,No,120,,Private
0000001282,001282,Home Visiting,2020-06-15,2020-07-08,2021-06-16,Yes,9,,Local
0000001283,001283,Childcare Subsidy,2022-06-20,2022-07-11,2024-04-24,No,60,,State
0000001284,001284,Early Intervention,2019-01-01,2019-01-16,2021-01-19,No,19,Early Intervention,Private
0000001285,001285,Early Intervention,2019-02-02,2019-02-07,2022-01-19,No,33,Early Intervention,Federal
0000001286,001286,Child Care,2018-06-04,2018-06-13,2020-11-03,No,195,,Private
0000001286,001286,Early Intervention,2020-11-28,2020-12-19,2023-05-28,No,37,Early Intervention,State
0000001287,001287,First Steps,2023-01-28,2023-01-30,2023-09-05,No,26,Early Intervention,Federal
0000001287,001287,Childcare Subsidy,2023-11-09,2023-11-15,2025-11-13,No,66,,Local
0000001287,001287,State Pre-K,2026-02-13,2026-03-01,2027-06-14,No,128,Pre-K,State
0000001288,001288,Childcare Subsidy,2023-03-14,2023-03-15,2024-06-28,No,180,,State
0000001289,001289,Childcare Subsidy,2019-12-20,2020-01-14,2021-06-08,No,53,,Private
0000001290,001290,First Steps,2021-02-08,2021-03-07,2022-03-02,No,23,Early Intervention,State
0000001290,001290,Child Care,2022-05-04,2022-06-01,2023-04-17,No,58,,Private
0000001291,001291,First Steps,2022-02-19,2022-03-17,2023-09-24,No,46,Early Intervention,Local
0000001291,001291,First Steps,2022-04-16,2022-05-01,2025-04-24,No,19,Early Intervention,Local
0000001291,001291,Child Care,2025-04-30,2025-05-22,2025-11-24,No,54,,Federal
0000001292,001292,Early Intervention,2021-03-24,2021-04-04,2023-01-28,No,51,Early Intervention,Private
0000001293,001293,Home Visiting,2019-07-26,2019-07-31,2021-07-24,Yes,12,,State
0000001294,001294,Home Visiting,2022-01-23,2022-02-18,2023-08-08,Yes,28,,Private
0000001294,001294,Childcare Subsidy,2022-03-20,2022-04-04,2024-12-03,No,84,,Private
0000001294,001294,Childcare Subsidy,2024-12-09,2024-12-23,2026-07-10,No,118,,Private
0000001295,001295,Early Head Start,2022-06-29,2022-07-01,2023-04-02,No,148,,State
0000001296,001296,Early Intervention,2019-01-07,2019-01-08,2019-08-15,No,36,Early Intervention,Federal
0000001297,001297,First Steps,2019-04-13,2019-04-26,2020-10-19,No,26,Early Intervention,Federal
0000001298,001298,Childcare Subsidy,2018-12-09,2018-12-26,2020-11-08,No,150,,State
0000001298,001298,Early Head Start,2020-12-08,2020-12-31,2023-08-19,No,96,,Private
0000001298,001298,Childcare Subsidy,2019-05-28,2019-06-20,2022-02-18,No,113,,Local
0000001299,001299,Child Care,2023-04-03,2023-04-28,2024-09-24,No,99,,Federal
0000001299,001299,Home Visiting,2024-09-30,2024-10-19,2027-06-21,Yes,19,,Private
0000001300,001300,Home Visiting,2018-09-06,2018-09-20,2020-09-10,Yes,15,,Private
0000001300,001300,Child Care,2020-09-13,2020-10-10,2022-07-15,No,74,,State
0000001300,001300,Childcare Subsidy,2022-08-09,2022-08-30,2023-07-14,No,144,,State
0000001301,001301,Early Intervention,2018-09-28,2018-10-16,2020-02-05,No,46,Early Intervention,State
0000001302,001302,Childcare Subsidy,2022-12-21,2023-01-04,2024-07-21,No,179,,Private
0000001303,001303,Childcare Subsidy,2022-05-25,2022-06-18,2023-12-10,No,49,,Local
0000001303,001303,Childcare Subsidy,2024-01-08,2024-01-29,2025-12-01,No,54,,Local
0000001304,001304,Childcare Subsidy,2019-02-24,2019-03-02,2020-11-29,No,155,,Private
0000001304,001304,Early Head Start,2020-12-11,2021-01-09,2022-12-04,No,163,,State
0000001304,001304,Child Care,2022-12-12,2023-01-11,2023-09-04,No,106,,Local
0000001305,001305,Child Care,2020-05-06,2020-05-15,2022-05-13,No,185,,Federal
0000001305,001305,Home Visiting,2022-08-03,2022-08-25,2024-05-27,Yes,20,,Private
0000001306,001306,Early Intervention,2020-08-29,2020-09-15,2020-12-12,No,16,Early Intervention,Federal
0000001307,001307,First Steps,2021-01-01,2021-01-07,2021-09-23,No,32,Early Intervention,State
0000001307,001307,Child Care,2021-10-17,2021-10-24,2022-07-31,No,108,,State
0000001307,001307,Home Visiting,2022-08-23,2022-09-18,2023-06-30,Yes,2,,Local
0000001308,001308,Home Visiting,2021-04-13,2021-04-17,2022-04-03,Yes,3,,State
0000001308,001308,Head Start,2022-07-14,2022-08-05,2023-09-19,No,137,Pre-K,Private
0000001308,001308,Childcare Subsidy,2023-12-16,2024-01-01,2024-10-30,No,98,,Federal
0000001308,001308,Childcare Subsidy,2020-05-02,2020-05-25,2022-05-24,No,106,,Local
0000001309,001309,Home Visiting,2019-07-05,2019-07-17,2019-09-23,Yes,12,,Local
0000001310,001310,First Steps,2019-05-03,2019-05-29,2020-10-22,No,45,Early Intervention,State
0000001311,001311,First Steps,2021-03-14,2021-04-03,2022-06-11,No,21,Early Intervention,State
0000001312,001312,Home Visiting,2021-12-15,2022-01-06,2022-07-29,Yes,13,,Federal
0000001312,001312,Early Head Start,2022-08-22,2022-09-06,2023-12-25,No,73,,Local
0000001312,001312,Head Start,2024-01-02,2024-01-12,2026-01-02,No,110,Pre-K,Private
0000001313,001313,Early Intervention,2018-06-16,2018-06-18,2020-08-18,No,27,Early Intervention,Federal
0000001313,001313,First Steps,2018-07-18,2018-08-02,2023-08-02,No,33,Early Intervention,Private
0000001314,001314,Home Visiting,2021-04-01,2021-04-07,2022-09-19,Yes,20,,Federal
0000001314,001314,Head Start,2022-10-05,2022-10-22,2023-12-30,No,92,Pre-K,Local
0000001314,001314,Childcare Subsidy,2024-01-28,2024-01-30,2024-11-04,No,46,,State
0000001315,001315,Early Head Start,2020-06-06,2020-07-02,2022-04-22,No,133,,Private
0000001316,001316,Home Visiting,2020-10-23,2020-10-24,2021-04-22,Yes,11,,Federal
0000001316,001316,Home Visiting,2021-04-25,2021-05-07,2021-07-31,Yes,10,,Federal
0000001317,001317,Early Intervention,2022-12-28,2023-01-23,2023-09-26,No,21,Early Intervention,Private
0000001317,001317,Early Intervention,2023-10-08,2023-10-18,2024-08-29,No,36,Early Intervention,Federal
0000001317,001317,Head Start,2024-09-16,2024-10-14,2025-02-03,No,97,Pre-K,Federal
0000001318,001318,Early Intervention,2021-01-15,2021-01-31,2022-09-28,No,26,Early Intervention,Private
0000001319,001319,Early Intervention,2020-02-23,2020-03-21,2021-01-25,No,35,Early Intervention,Federal
0000001320,001320,First Steps,2021-12-07,2021-12-13,2022-06-16,No,17,Early Intervention,Local
0000001321,001321,Childcare Subsidy,2022-11-03,2022-11-08,2023-07-12,No,145,,State
0000001321,001321,Early Head Start,2022-12-08,2022-12-23,2024-09-23,No,71,,Private
0000001322,001322,Child Care,2021-02-22,2021-03-22,2024-02-03,No,153,,State
0000001323,001323,Early Head Start,2019-09-24,2019-09-27,2022-07-26,No,176,,Federal
0000001323,001323,State Pre-K,2022-11-05,2022-11-26,2023-10-01,No,88,Pre-K,State
0000001323,001323,Early Intervention,2019-04-03,2019-04-15,2021-03-20,No,25,Early Intervention,Local
0000001324,001324,First Steps,2022-01-27,2022-02-02,2024-03-30,No,12,Early Intervention,State
0000001325,001325,Childcare Subsidy,2022-07-29,2022-08-24,2023-10-09,No,54,,Federal
0000001326,001326,First Steps,2021-01-25,2021-02-22,2021-08-22,No,8,Early Intervention,Local
0000001326,001326,Home Visiting,2021-11-19,2021-12-07,2022-07-01,Yes,6,,Federal
0000001326,001326,First Steps,2022-12-16,2023-01-09,2023-10-22,No,25,Early Intervention,State
0000001327,001327,Home Visiting,2021-05-26,2021-06-04,2021-10-21,Yes,15,,Local
0000001328,001328,First Steps,2020-08-07,2020-09-01,2022-02-05,No,35,Early Intervention,State
0000001328,001328,Child Care,2022-04-12,2022-05-08,2024-08-26,No,82,,Local
0000001328,001328,Head Start,2024-12-01,2024-12-08,2025-07-16,No,88,Pre-K,State
0000001329,001329,Home Visiting,2022-01-07,2022-01-21,2023-10-03,Yes,23,,Federal
0000001329,001329,Childcare Subsidy,2023-12-19,2024-01-10,2025-11-29,No,158,,Federal
0000001330,001330,Child Care,2020-12-01,2020-12-05,2022-08-24,No,119,,Local
0000001330,001330,Head Start,2021-01-04,2021-01-19,2024-07-17,No,112,Pre-K,Federal
0000001330,001330,Early Head Start,2020-03-24,2020-03-29,2021-10-11,No,145,,Local
0000001331,001331,Early Intervention,2020-08-20,2020-09-11,2023-07-27,No,47,Early Intervention,Local
0000001331,001331,State Pre-K,2023-11-01,2023-11-13,2025-04-07,No,153,Pre-K,Federal
0000001331,001331,Home Visiting,2020-10-08,2020-10-19,2022-01-05,Yes,7,,Private
0000001332,001332,Early Intervention,2018-11-25,2018-12-10,2021-10-12,No,31,Early Intervention,Federal
0000001333,001333,Early Intervention,2021-08-19,2021-08-20,2024-01-14,No,31,Early Intervention,State
0000001333,001333,Childcare Subsidy,2024-01-29,2024-02-20,2025-12-22,No,87,,State
0000001333,001333,Child Care,2021-10-03,2021-10-29,2022-11-01,No,208,,Private
0000001334,001334,Childcare Subsidy,2022-08-22,2022-09-10,2024-02-27,No,204,,Private
0000001335,001335,Child Care,2023-04-15,2023-05-03,2025-04-30,No,121,,Private
0000001336,001336,Early Intervention,2021-03-08,2021-03-13,2021-11-10,No,33,Early Intervention,Federal
0000001337,001337,Early Head Start,2020-01-27,2020-02-10,2020-12-07,No,123,,State
0000001337,001337,Home Visiting,2020-12-12,2021-01-07,2022-02-25,Yes,14,,Federal
0000001337,001337,Home Visiting,2022-02-27,2022-03-19,2023-03-04,Yes,15,,State
0000001338,001338,Childcare Subsidy,2022-10-17,2022-10-31,2024-08-10,No,98,,Federal
0000001338,001338,Childcare Subsidy,2024-11-08,2024-12-04,2026-03-30,No,190,,Local
0000001339,001339,Childcare Subsidy,2022-03-30,2022-04-12,2023-12-31,No,109,,Private
0000001339,001339,Head Start,2022-05-12,2022-05-27,2025-08-02,No,89,Pre-K,Federal
0000001339,001339,State Pre-K,2025-08-07,2025-08-20,2026-04-12,No,108,Pre-K,Local
0000001339,001339,Child Care,2021-10-13,2021-10-31,2023-04-29,No,99,,State
0000001340,001340,Childcare Subsidy,2023-03-18,2023-04-12,2025-02-26,No,138,,Private
0000001341,001341,Childcare Subsidy,2020-05-24,2020-06-11,2021-04-07,No,108,,Local
0000001342,001342,Early Head Start,2020-02-23,2020-03-07,2022-03-28,No,66,,State
0000001342,001342,Childcare Subsidy,2022-04-22,2022-05-16,2023-08-18,No,201,,Local
0000001343,001343,First Steps,2020-06-27,2020-07-13,2021-11-30,No,47,Early Intervention,Local
0000001343,001343,Early Intervention,2021-12-21,2021-12-27,2022-08-17,No,37,Early Intervention,State
0000001343,001343,Childcare Subsidy,2022-08-31,2022-09-04,2024-06-03,No,127,,State
0000001344,001344,Child Care,2022-08-30,2022-08-31,2024-05-01,No,171,,Local
0000001344,001344,First Steps,2024-07-08,2024-07-20,2025-02-01,No,36,Early Intervention,State
0000001344,001344,Head Start,2025-03-31,2025-04-01,2026-01-01,No,72,Pre-K,Federal
0000001344,001344,State Pre-K,2026-03-17,2026-03-25,2027-04-25,No,129,Pre-K,Private
0000001344,001344,First Steps,2022-10-26,2022-11-09,2024-10-31,No,27,Early Intervention,Local
0000001345,001345,Early Intervention,2020-07-09,2020-07-29,2022-03-10,No,41,Early Intervention,Private
0000001345,001345,Head Start,2022-03-14,2022-03-18,2023-06-16,No,129,Pre-K,Federal
0000001345,001345,Head Start,2023-06-21,2023-07-20,2024-08-05,No,75,Pre-K,Federal
0000001345,001345,Early Intervention,2020-02-06,2020-02-19,2020-11-07,No,23,Early Intervention,Local
0000001345,001345,Early Intervention,2020-11-24,2020-12-23,2022-11-16,No,46,Early Intervention,Local
0000001346,001346,Early Intervention,2019-01-30,2019-02-02,2020-05-29,No,37,Early Intervention,Local
0000001347,001347,Child Care,2019-09-13,2019-09-25,2021-04-12,No,86,,State
0000001348,001348,First Steps,2019-05-07,2019-05-16,2021-07-09,No,40,Early Intervention,Federal
0000001349,001349,Early Intervention,2018-04-12,2018-05-08,2019-06-24,No,33,Early Intervention,Private
0000001349,001349,Child Care,2018-06-07,2018-06-22,2020-03-23,No,84,,Private
0000001349,001349,Early Head Start,2020-03-24,2020-04-05,2021-02-14,No,72,,Private
0000001350,001350,Home Visiting,2019-03-19,2019-03-30,2020-05-01,Yes,11,,Private
0000001350,001350,Early Head Start,2020-05-16,2020-05-25,2021-07-03,No,161,,Private
0000001350,001350,State Pre-K,2021-07-16,2021-08-07,2023-01-21,No,161,Pre-K,Private
0000001351,001351,Childcare Subsidy,2019-03-30,2019-04-11,2021-01-15,No,193,,State
0000001351,001351,Childcare Subsidy,2021-01-26,2021-02-03,2023-07-02,No,72,,State
0000001351,001351,Head Start,2023-07-10,2023-07-12,2024-03-20,No,97,Pre-K,Federal
0000001351,001351,Child Care,2019-09-21,2019-10-13,2020-11-23,No,142,,State
0000001352,001352,First Steps,2020-05-02,2020-05-08,2020-10-10,No,15,Early Intervention,Local
0000001352,001352,Child Care,2020-11-05,2020-11-12,2021-09-10,No,107,,Private
0000001352,001352,First Steps,2021-09-16,2021-10-03,2022-04-03,No,29,Early Intervention,Federal
0000001352,001352,Child Care,2022-05-02,2022-05-24,2023-04-11,No,51,,Local
0000001352,001352,State Pre-K,2023-04-24,2023-05-14,2023-09-13,No,98,Pre-K,State
0000001353,001353,Child Care,2019-05-14,2019-05-19,2021-06-25,No,87,,Local
0000001354,001354,Early Head Start,2018-09-26,2018-10-14,2020-12-07,No,124,,State
0000001354,001354,Child Care,2020-12-19,2020-12-21,2023-08-04,No,109,,State
0000001354,001354,Home Visiting,2019-02-04,2019-03-06,2021-12-01,Yes,7,,Federal
0000001354,001354,Childcare Subsidy,2021-12-19,2022-01-06,2023-08-04,No,133,,Local
0000001355,001355,Early Intervention,2020-12-21,2021-01-02,2022-03-04,No,19,Early Intervention,Local
0000001355,001355,Home Visiting,2021-02-01,2021-02-16,2024-01-29,Yes,25,,Local
0000001356,001356,Childcare Subsidy,2019-11-28,2019-11-30,2020-10-02,No,44,,Local
0000001356,001356,Home Visiting,2020-10-23,2020-11-15,2022-01-12,Yes,21,,Private
0000001356,001356,Early Intervention,2022-01-28,2022-01-31,2022-08-11,No,40,Early Intervention,State
0000001356,001356,Childcare Subsidy,2022-08-25,2022-09-17,2023-03-30,No,185,,State
0000001356,001356,Child Care,2023-04-27,2023-05-21,2025-02-02,No,52,,State
0000001357,001357,Early Head Start,2021-06-15,2021-07-02,2022-04-25,No,54,,State
0000001357,001357,Childcare Subsidy,2022-05-14,2022-05-29,2023-04-12,No,123,,Federal
0000001358,001358,Early Intervention,2021-01-22,2021-02-14,2022-12-18,No,37,Early Intervention,State
0000001359,001359,First Steps,2021-04-23,2021-05-05,2022-09-29,No,56,Early Intervention,Local
0000001359,001359,First Steps,2022-10-09,2022-10-24,2023-11-19,No,41,Early Intervention,Federal
0000001359,001359,Childcare Subsidy,2023-12-05,2023-12-12,2024-12-25,No,135,,Private
0000001360,001360,Childcare Subsidy,2022-05-11,2022-05-26,2024-02-20,No,188,,Private
0000001360,001360,Childcare Subsidy,2024-03-06,2024-03-09,2026-11-12,No,172,,State
0000001360,001360,First Steps,2022-11-20,2022-11-30,2025-06-17,No,41,Early Intervention,State
0000001361,001361,Home Visiting,2019-01-30,2019-02-17,2020-08-16,Yes,17,,Local
0000001362,001362,Home Visiting,2020-04-06,2020-04-24,2022-02-07,Yes,21,,Federal
0000001362,001362,State Pre-K,2022-05-11,2022-06-07,2023-07-28,No,123,Pre-K,Federal
0000001363,001363,Home Visiting,2020-12-12,2020-12-18,2022-03-30,Yes,17,,Local
0000001363,001363,Early Head Start,2022-04-11,2022-05-05,2023-11-11,No,109,,Private
0000001363,001363,Child Care,2023-11-12,2023-11-14,2025-10-26,No,162,,Private
0000001364,001364,Early Intervention,2021-07-11,2021-07-25,2022-05-28,No,22,Early Intervention,Private
0000001365,001365,Home Visiting,2022-02-11,2022-03-09,2023-03-28,Yes,13,,State
0000001365,001365,Early Intervention,2022-04-08,2022-04-23,2025-02-15,No,18,Early Intervention,State
0000001366,001366,First Steps,2020-02-26,2020-03-02,2021-12-17,No,27,Early Intervention,Private
0000001367,001367,First Steps,2022-03-10,2022-04-02,2023-01-24,No,25,Early Intervention,State
0000001368,001368,Home Visiting,2021-12-09,2021-12-24,2024-09-03,Yes,15,,Local
0000001368,001368,State Pre-K,2024-09-08,2024-09-30,2025-07-16,No,100,Pre-K,Private
0000001368,001368,Early Intervention,2021-01-16,2021-01-31,2023-03-05,No,35,Early Intervention,State
0000001369,001369,Early Head Start,2022-10-01,2022-10-10,2024-03-05,No,53,,Private
0000001369,001369,State Pre-K,2024-06-03,2024-06-05,2025-01-29,No,120,Pre-K,State
0000001370,001370,First Steps,2019-07-23,2019-08-14,2021-01-21,No,22,Early Intervention,State
0000001370,001370,First Steps,2021-02-01,2021-02-25,2023-07-31,No,26,Early Intervention,Federal
0000001370,001370,Head Start,2023-08-03,2023-08-18,2024-10-23,No,167,Pre-K,State
0000001371,001371,Early Head Start,2022-02-18,2022-03-19,2023-07-29,No,45,,Federal
0000001371,001371,Head Start,2023-08-25,2023-09-17,2024-12-20,No,105,Pre-K,Local
0000001372,001372,Childcare Subsidy,2023-01-15,2023-02-03,2025-01-13,No,132,,Private
0000001372,001372,Childcare Subsidy,2025-02-03,2025-02-19,2026-12-19,No,126,,State
0000001373,001373,Child Care,2020-06-09,2020-06-18,2022-08-15,No,148,,State
0000001373,001373,State Pre-K,2022-08-28,2022-09-06,2024-03-20,No,114,Pre-K,State
0000001373,001373,Early Intervention,2019-09-21,2019-10-10,2022-02-05,No,37,Early Intervention,Local
0000001374,001374,First Steps,2023-02-21,2023-03-08,2024-01-26,No,30,Early Intervention,Private
0000001374,001374,Home Visiting,2024-02-15,2024-02-27,2025-12-08,Yes,7,,Federal
0000001374,001374,Head Start,2025-12-16,2026-01-08,2026-10-26,No,76,Pre-K,Private
0000001375,001375,Childcare Subsidy,2019-09-20,2019-10-16,2021-08-07,No,130,,State
0000001375,001375,State Pre-K,2019-11-15,2019-11-30,2023-05-19,No,151,Pre-K,Local
0000001375,001375,State Pre-K,2023-06-21,2023-07-16,2024-03-19,No,107,Pre-K,State
0000001376,001376,Early Head Start,2019-10-16,2019-10-23,2021-11-08,No,159,,Local
0000001376,001376,Head Start,2021-11-30,2021-12-18,2023-09-29,No,134,Pre-K,Local
0000001376,001376,First Steps,2019-06-21,2019-06-26,2021-05-18,No,23,Early Intervention,Federal
0000001377,001377,Child Care,2021-09-09,2021-09-27,2023-06-20,No,187,,Federal
0000001377,001377,Childcare Subsidy,2023-10-08,2023-10-14,2026-03-25,No,87,,State
0000001378,001378,Early Intervention,2022-09-01,2022-09-10,2023-12-24,No,49,Early Intervention,State
0000001378,001378,State Pre-K,2024-01-08,2024-01-20,2026-04-18,No,148,Pre-K,Private
0000001379,001379,Child Care,2022-06-27,2022-07-25,2024-02-14,No,51,,State
0000001379,001379,Child Care,2024-03-11,2024-03-21,2025-10-19,No,78,,Federal
0000001379,001379,Child Care,2025-11-15,2025-11-30,2026-07-26,No,183,,Federal
0000001380,001380,First Steps,2019-12-06,2019-12-26,2022-11-27,No,9,Early Intervention,Local
0000001381,001381,Child Care,2019-07-24,2019-08-19,2020-09-30,No,93,,State
0000001381,001381,Childcare Subsidy,2019-09-18,2019-10-03,2022-09-08,No,73,,Private
0000001381,001381,Childcare Subsidy,2022-10-06,2022-10-25,2023-08-17,No,100,,State
0000001381,001381,Child Care,2023-09-07,2023-09-25,2024-06-15,No,63,,Federal
0000001381,001381,Child Care,2020-03-24,2020-04-06,2021-02-19,No,50,,State
0000001382,001382,Early Intervention,2020-11-23,2020-11-26,2021-06-26,No,11,Early Intervention,Federal
0000001383,001383,First Steps,2023-05-18,2023-06-13,2025-04-16,No,23,Early Intervention,Private
0000001383,001383,Child Care,2023-07-13,2023-07-28,2026-09-22,No,44,,State
0000001384,001384,Early Intervention,2022-02-02,2022-02-22,2024-11-04,No,49,Early Intervention,Private
0000001385,001385,Early Intervention,2019-05-14,2019-06-04,2020-04-08,No,21,Early Intervention,Private
0000001386,001386,Early Head Start,2021-01-11,2021-01-13,2021-09-29,No,139,,Local
0000001386,001386,Early Head Start,2021-10-28,2021-11-20,2023-02-02,No,36,,Federal
0000001387,001387,Child Care,2019-06-25,2019-07-03,2019-09-23,No,50,,State
0000001388,001388,Home Visiting,2022-08-06,2022-08-15,2024-06-03,Yes,26,,Federal
0000001389,001389,Home Visiting,2022-02-11,2022-02-24,2023-10-20,Yes,7,,Local
0000001390,001390,Early Head Start,2020-11-22,2020-12-21,2021-08-29,No,51,,Local
0000001390,001390,Childcare Subsidy,2021-11-06,2021-12-05,2023-05-21,No,170,,Local
0000001390,001390,State Pre-K,2023-07-10,2023-08-04,2024-07-22,No,100,Pre-K,State
0000001391,001391,Early Intervention,2022-09-08,2022-09-26,2024-06-08,No,13,Early Intervention,Federal
0000001392,001392,Child Care,2019-08-10,2019-08-27,2022-05-23,No,108,,Private
0000001392,001392,State Pre-K,2022-05-29,2022-06-21,2024-06-17,No,97,Pre-K,Federal
0000001393,001393,Childcare Subsidy,2022-08-16,2022-08-28,2025-07-27,No,64,,Local
0000001393,001393,Head Start,2025-07-31,2025-08-11,2026-08-18,No,85,Pre-K,Private
0000001394,001394,Childcare Subsidy,2020-04-18,2020-04-19,2021-09-30,No,125,,Private
0000001394,001394,Child Care,2021-10-10,2021-11-06,2022-09-26,No,140,,Local
0000001394,001394,Child Care,2022-10-10,2022-10-25,2024-05-08,No,59,,Federal
0000001395,001395,Early Intervention,2019-11-16,2019-12-13,2021-10-19,No,14,Early Intervention,Local
0000001395,001395,Early Head Start,2021-10-29,2021-11-05,2024-03-07,No,164,,Private
0000001395,001395,Early Intervention,2020-02-13,2020-02-21,2022-11-11,No,26,Early Intervention,Local
0000001396,001396,Home Visiting,2022-11-10,2022-11-18,2024-07-13,Yes,9,,Private
0000001396,001396,Head Start,2024-08-08,2024-09-03,2025-07-02,No,151,Pre-K,State
0000001397,001397,Early Head Start,2020-07-29,2020-08-01,2020-12-26,No,92,,Federal
0000001397,001397,Early Head Start,2021-01-08,2021-01-22,2022-01-21,No,64,,Federal
0000001397,001397,Child Care,2022-01-25,2022-02-05,2022-08-09,No,83,,Federal
0000001398,001398,First Steps,2019-11-01,2019-12-01,2020-12-09,No,35,Early Intervention,Federal
0000001399,001399,Early Intervention,2021-10-22,2021-10-30,2022-12-09,No,44,Early Intervention,Local
0000001399,001399,First Steps,2023-02-03,2023-02-24,2025-01-20,No,46,Early Intervention,State
0000001399,001399,Head Start,2025-03-06,2025-03-21,2026-07-21,No,150,Pre-K,Local
0000001400,001400,Child Care,2021-03-26,2021-04-23,2022-08-28,No,113,,Local
0000001401,001401,First Steps,2021-02-18,2021-03-11,2023-02-21,No,43,Early Intervention,State
0000001401,001401,Child Care,2023-03-16,2023-03-17,2024-09-01,No,130,,Private
0000001402,001402,Early Intervention,2020-11-01,2020-11-04,2022-10-05,No,9,Early Intervention,Federal
0000001403,001403,Early Head Start,2022-01-12,2022-01-20,2024-01-11,No,64,,State
0000001403,001403,State Pre-K,2024-01-16,2024-01-31,2024-12-18,No,113,Pre-K,Federal
0000001403,001403,Head Start,2025-01-08,2025-01-16,2025-09-21,No,147,Pre-K,Federal
0000001404,001404,Home Visiting,2022-06-04,2022-06-22,2024-11-05,Yes,7,,Federal
0000001405,001405,Child Care,2021-12-30,2022-01-28,2024-11-01,No,74,,Local
0000001405,001405,Child Care,2024-11-19,2024-11-23,2025-09-06,No,62,,Federal
0000001405,001405,Home Visiting,2021-03-09,2021-04-05,2022-07-02,Yes,17,,Federal
0000001406,001406,Early Intervention,2021-10-21,2021-10-28,2023-06-07,No,10,Early Intervention,Private
0000001406,001406,Early Head Start,2023-06-18,2023-07-05,2024-02-24,No,179,,State
0000001406,001406,Home Visiting,2024-03-19,2024-04-08,2025-01-10,Yes,8,,Federal
0000001407,001407,Early Intervention,2020-08-13,2020-08-26,2021-10-24,No,12,Early Intervention,Local
0000001407,001407,First Steps,2022-02-10,2022-03-04,2023-07-10,No,27,Early Intervention,Private
0000001407,001407,Child Care,2023-10-29,2023-11-11,2024-08-25,No,162,,State
0000001408,001408,Early Head Start,2021-07-27,2021-08-20,2023-04-21,No,109,,Federal
0000001409,001409,Early Head Start,2022-11-30,2022-12-08,2023-10-07,No,70,,Local
0000001409,001409,Early Head Start,2024-03-28,2024-04-27,2024-06-28,No,138,,Local
0000001410,001410,Early Head Start,2022-01-16,2022-01-27,2023-04-06,No,145,,Local
0000001410,001410,Child Care,2023-04-21,2023-05-21,2024-06-21,No,185,,State
0000001411,001411,Childcare Subsidy,2019-06-30,2019-07-19,2020-06-12,No,89,,Local
0000001412,001412,Childcare Subsidy,2022-02-26,2022-03-14,2025-02-10,No,194,,Private
0000001412,001412,Childcare Subsidy,2025-03-07,2025-03-23,2026-09-03,No,131,,Federal
0000001413,001413,Early Head Start,2020-12-11,2020-12-15,2023-01-31,No,141,,Private
0000001414,001414,First Steps,2018-11-01,2018-11-06,2021-01-16,No,15,Early Intervention,State
0000001414,001414,Early Head Start,2021-03-24,2021-03-27,2022-07-02,No,126,,Private
0000001415,001415,Child Care,2020-10-10,2020-10-20,2023-03-21,No,90,,Private
0000001416,001416,Early Intervention,2018-11-03,2018-11-21,2019-11-16,No,40,Early Intervention,State
0000001416,001416,Early Head Start,2020-04-29,2020-05-10,2020-12-12,No,114,,Private
0000001417,001417,Home Visiting,2020-03-18,2020-04-09,2022-09-11,Yes,19,,State
0000001417,001417,Child Care,2022-09-29,2022-10-14,2024-10-15,No,61,,State
0000001417,001417,Home Visiting,2020-04-17,2020-05-13,2022-12-08,Yes,5,,State
0000001417,001417,Child Care,2023-01-02,2023-01-07,2024-10-15,No,110,,Federal
0000001417,001417,Early Head Start,2020-04-17,2020-04-21,2022-10-28,No,48,,State
0000001418,001418,Childcare Subsidy,2019-10-29,2019-11-11,2021-02-14,No,154,,Federal
0000001418,001418,Child Care,2021-03-13,2021-03-18,2022-04-13,No,168,,Federal
0000001419,001419,First Steps,2020-03-31,2020-04-26,2021-05-23,No,21,Early Intervention,State
0000001419,001419,Child Care,2021-05-28,2021-06-27,2022-05-18,No,141,,Private
0000001420,001420,Early Head Start,2019-10-19,2019-10-25,2021-05-30,No,204,,Private
0000001421,001421,First Steps,2021-03-19,2021-03-22,2022-12-01,No,42,Early Intervention,Local
0000001421,001421,First Steps,2023-03-28,2023-04-15,2024-03-04,No,36,Early Intervention,State
0000001422,001422,Child Care,2022-03-21,2022-04-03,2023-08-11,No,60,,Federal
0000001423,001423,First Steps,2022-02-22,2022-03-21,2023-11-12,No,21,Early Intervention,Local
0000001423,001423,Early Intervention,2022-04-20,2022-05-05,2026-08-02,No,11,Early Intervention,Private
0000001423,001423,Childcare Subsidy,2022-08-02,2022-08-04,2024-02-19,No,143,,Federal
0000001423,001423,Early Head Start,2024-03-07,2024-03-30,2027-01-30,No,125,,Private
0000001423,001423,First Steps,2022-08-02,2022-08-27,2024-10-08,No,14,Early Intervention,Local
0000001424,001424,Childcare Subsidy,2023-03-11,2023-03-16,2023-07-20,No,90,,Local
0000001424,001424,Early Intervention,2023-10-28,2023-11-02,2024-06-09,No,27,Early Intervention,Federal
0000001425,001425,Home Visiting,2022-05-28,2022-06-04,2023-11-17,Yes,19,,Local
0000001425,001425,Childcare Subsidy,2023-11-28,2023-12-10,2025-10-21,No,183,,State
0000001426,001426,Early Intervention,2023-02-12,2023-02-14,2025-11-07,No,27,Early Intervention,Local
0000001426,001426,Child Care,2025-12-04,2025-12-26,2027-03-20,No,173,,Federal
0000001427,001427,Childcare Subsidy,2020-12-26,2020-12-30,2022-10-05,No,164,,Local
0000001428,001428,Home Visiting,2020-03-16,2020-04-03,2022-10-23,Yes,22,,Local
0000001429,001429,Child Care,2022-09-08,2022-09-11,2022-11-20,No,34,,State
0000001429,001429,Child Care,2022-11-30,2022-12-26,2023-08-31,No,102,,Federal
0000001430,001430,Early Head Start,2022-12-21,2023-01-10,2024-03-16,No,78,,Local
0000001430,001430,Home Visiting,2023-02-09,2023-02-24,2024-12-08,Yes,23,,Private
0000001430,001430,Home Visiting,2024-12-12,2025-01-04,2026-02-04,Yes,8,,Private
0000001431,001431,Child Care,2020-02-05,2020-02-06,2021-10-31,No,154,,Private
0000001432,001432,Home Visiting,2021-07-12,2021-07-22,2023-02-14,Yes,6,,Local
0000001432,001432,Head Start,2023-03-03,2023-03-11,2025-01-29,No,109,Pre-K,Federal
0000001433,001433,Early Head Start,2019-04-17,2019-04-25,2020-10-17,No,104,,Federal
0000001433,001433,Early Intervention,2020-11-02,2020-11-10,2023-03-16,No,38,Early Intervention,Federal
0000001434,001434,Early Intervention,2021-02-02,2021-03-03,2022-08-17,No,10,Early Intervention,Private
0000001435,001435,Childcare Subsidy,2021-12-08,2022-01-07,2023-11-08,No,113,,State
0000001436,001436,Home Visiting,2019-06-17,2019-07-01,2020-07-12,Yes,24,,Private
0000001437,001437,Early Intervention,2019-12-12,2019-12-18,2022-08-22,No,18,Early Intervention,Federal
0000001437,001437,Child Care,2022-08-27,2022-09-15,2023-12-15,No,98,,Local
0000001438,001438,Home Visiting,2020-05-24,2020-06-11,2023-02-27,Yes,25,,State
0000001439,001439,Child Care,2022-05-17,2022-05-27,2023-10-12,No,145,,Local
0000001440,001440,Early Head Start,2021-04-21,2021-05-09,2022-06-13,No,177,,Federal
0000001441,001441,Childcare Subsidy,2021-04-22,2021-05-15,2022-08-02,No,110,,State
0000001442,001442,Early Intervention,2019-10-13,2019-10-20,2021-03-19,No,8,Early Intervention,State
0000001442,001442,Childcare Subsidy,2021-04-02,2021-04-11,2022-03-03,No,47,,Local
0000001443,001443,Early Head Start,2022-01-13,2022-02-03,2022-09-05,No,56,,State
0000001443,001443,Home Visiting,2022-09-27,2022-10-20,2023-10-01,Yes,6,,Private
0000001444,001444,Child Care,2021-10-19,2021-11-10,2023-10-28,No,187,,Local
0000001445,001445,First Steps,2021-03-24,2021-04-01,2022-09-29,No,50,Early Intervention,Federal
0000001446,001446,Child Care,2021-05-11,2021-05-13,2022-02-07,No,82,,Federal
0000001446,001446,Childcare Subsidy,2022-03-06,2022-03-13,2023-11-20,No,132,,State
0000001446,001446,State Pre-K,2023-12-20,2024-01-02,2024-07-31,No,98,Pre-K,Local
0000001447,001447,Childcare Subsidy,2021-02-11,2021-02-22,2022-07-16,No,127,,Private
0000001448,001448,Childcare Subsidy,2019-06-20,2019-07-16,2022-04-16,No,108,,State
0000001449,001449,Early Intervention,2021-10-03,2021-10-09,2024-06-19,No,14,Early Intervention,Private
0000001450,001450,Childcare Subsidy,2022-07-14,2022-07-22,2024-02-23,No,135,,State
0000001450,001450,First Steps,2022-08-21,2022-09-05,2025-10-21,No,26,Early Intervention,State
0000001451,001451,First Steps,2020-02-18,2020-03-02,2020-09-19,No,16,Early Intervention,State
0000001452,001452,Home Visiting,2021-02-02,2021-02-03,2021-08-13,Yes,9,,Private
0000001453,001453,Early Intervention,2020-11-05,2020-11-23,2021-11-14,No,14,Early Intervention,Private
0000001454,001454,Early Head Start,2019-03-23,2019-04-13,2019-10-20,No,125,,Private
0000001454,001454,First Steps,2019-11-01,2019-11-18,2020-11-24,No,18,Early Intervention,Local
0000001454,001454,Home Visiting,2020-12-08,2020-12-18,2022-10-22,Yes,9,,Private
0000001454,001454,State Pre-K,2022-11-12,2022-11-13,2023-07-10,No,75,Pre-K,State
0000001454,001454,Head Start,2023-07-22,2023-08-19,2024-05-16,No,119,Pre-K,Local
0000001455,001455,Home Visiting,2018-12-22,2018-12-23,2020-06-13,Yes,10,,Private
0000001455,001455,Early Intervention,2020-06-26,2020-06-30,2022-07-29,No,35,Early Intervention,Private
0000001456,001456,Child Care,2021-05-06,2021-05-12,2023-11-02,No,100,,State
0000001457,001457,Child Care,2022-02-16,2022-02-20,2022-11-27,No,165,,Private
0000001457,001457,Child Care,2022-12-04,2022-12-11,2023-10-05,No,96,,State
0000001458,001458,Childcare Subsidy,2021-11-20,2021-11-24,2023-08-12,No,156,,Private
0000001458,001458,Child Care,2023-10-26,2023-10-30,2024-08-06,No,168,,Federal
0000001459,001459,First Steps,2021-02-09,2021-02-12,2022-10-31,No,12,Early Intervention,Federal
0000001459,001459,Early Head Start,2022-11-09,2022-11-23,2023-08-06,No,87,,State
0000001459,001459,Child Care,2023-08-25,2023-09-05,2025-04-03,No,195,,Federal
0000001459,001459,Child Care,2020-11-12,2020-12-01,2022-05-15,No,58,,Federal
0000001459,001459,Home Visiting,2022-06-11,2022-07-04,2024-06-30,Yes,11,,Federal
0000001460,001460,Early Intervention,2018-07-09,2018-08-06,2019-09-16,No,14,Early Intervention,Local
0000001460,001460,Early Intervention,2018-09-05,2018-09-20,2021-05-20,No,8,Early Intervention,Federal
0000001461,001461,Early Head Start,2023-08-11,2023-08-24,2024-01-17,No,85,,Private
0000001461,001461,Childcare Subsidy,2024-02-13,2024-03-12,2024-12-10,No,41,,State
0000001462,001462,Child Care,2020-01-04,2020-01-08,2021-12-15,No,41,,Private
0000001463,001463,Child Care,2021-11-19,2021-12-03,2023-12-12,No,133,,Local
0000001463,001463,State Pre-K,2024-03-17,2024-04-09,2026-08-16,No,126,Pre-K,Federal
0000001464,001464,Home Visiting,2021-05-15,2021-05-29,2021-11-26,Yes,4,,Local
0000001464,001464,Childcare Subsidy,2021-12-06,2021-12-20,2023-07-05,No,65,,State
0000001465,001465,First Steps,2021-03-15,2021-04-01,2022-02-03,No,17,Early Intervention,Federal
0000001465,001465,Childcare Subsidy,2022-03-02,2022-03-08,2023-02-23,No,141,,Federal
0000001466,001466,Childcare Subsidy,2020-08-29,2020-09-01,2020-11-16,No,69,,State
0000001467,001467,Childcare Subsidy,2021-05-18,2021-05-28,2024-02-20,No,121,,Private
0000001467,001467,Home Visiting,2024-03-12,2024-04-06,2025-04-22,Yes,25,,State
0000001468,001468,Early Intervention,2019-12-24,2020-01-10,2022-02-14,No,47,Early Intervention,State
0000001468,001468,State Pre-K,2022-02-16,2022-03-13,2023-11-09,No,101,Pre-K,Federal
0000001469,001469,Early Head Start,2021-03-09,2021-03-25,2021-10-20,No,59,,Federal
0000001470,001470,Early Head Start,2023-03-01,2023-03-24,2024-05-25,No,134,,Local
0000001471,001471,Early Head Start,2022-01-08,2022-02-05,2022-09-11,No,113,,Private
0000001472,001472,Home Visiting,2020-02-16,2020-03-05,2020-05-22,Yes,22,,Private
0000001472,001472,Early Intervention,2020-05-31,2020-06-23,2021-05-30,No,11,Early Intervention,Federal
0000001473,001473,Child Care,2021-11-03,2021-11-08,2022-04-30,No,91,,Private
0000001473,001473,Early Head Start,2022-05-20,2022-06-19,2023-06-09,No,48,,Private
0000001473,001473,Early Intervention,2023-06-27,2023-07-17,2024-03-22,No,11,Early Intervention,State
0000001473,001473,Home Visiting,2024-04-14,2024-04-15,2025-02-21,Yes,9,,Local
0000001473,001473,Child Care,2025-02-22,2025-03-07,2025-09-25,No,146,,State
0000001474,001474,Childcare Subsidy,2020-12-08,2021-01-05,2022-04-14,No,103,,Local
0000001474,001474,First Steps,2022-04-19,2022-04-29,2023-04-07,No,13,Early Intervention,State
0000001475,001475,First Steps,2020-07-07,2020-07-18,2021-12-07,No,40,Early Intervention,Private
0000001475,001475,Child Care,2022-01-05,2022-01-15,2023-12-29,No,61,,Federal
0000001475,001475,First Steps,2019-08-15,2019-09-10,2020-07-28,No,25,Early Intervention,State
0000001475,001475,Early Head Start,2020-08-24,2020-09-04,2021-06-23,No,118,,Private
0000001475,001475,Early Intervention,2021-06-24,2021-07-20,2022-05-17,No,39,Early Intervention,Private
0000001476,001476,Early Intervention,2022-10-06,2022-10-30,2024-03-16,No,51,Early Intervention,Local
0000001476,001476,Child Care,2024-05-25,2024-06-20,2025-10-25,No,150,,Private
0000001476,001476,Childcare Subsidy,2025-12-12,2025-12-29,2026-09-11,No,157,,State
0000001477,001477,Home Visiting,2020-05-21,2020-06-06,2021-05-18,Yes,3,,Federal
0000001478,001478,First Steps,2020-03-09,2020-03-16,2021-09-23,No,33,Early Intervention,Private
0000001479,001479,Childcare Subsidy,2021-08-17,2021-08-27,2023-01-13,No,67,,State
0000001479,001479,Early Intervention,2023-02-05,2023-02-18,2025-07-29,No,34,Early Intervention,Federal
0000001480,001480,First Steps,2023-12-16,2024-01-13,2026-09-02,No,17,Early Intervention,Local
0000001480,001480,Childcare Subsidy,2026-09-15,2026-09-28,2027-06-24,No,122,,State
0000001480,001480,Early Intervention,2022-12-25,2023-01-08,2025-07-15,No,48,Early Intervention,Federal
0000001480,001480,Child Care,2025-07-30,2025-08-06,2027-06-24,No,179,,State
0000001481,001481,Early Head Start,2020-04-04,2020-04-07,2022-05-06,No,112,,Private
0000001481,001481,Head Start,2020-05-07,2020-05-22,2024-09-17,No,81,Pre-K,Federal
0000001482,001482,Child Care,2019-09-13,2019-10-05,2022-04-29,No,119,,Private
0000001482,001482,Child Care,2022-05-24,2022-06-22,2024-05-13,No,90,,Local
0000001482,001482,Child Care,2020-03-09,2020-03-28,2023-01-19,No,50,,Private
0000001483,001483,Home Visiting,2021-03-28,2021-04-19,2023-04-09,Yes,20,,Federal
0000001484,001484,Child Care,2019-07-02,2019-07-19,2020-12-06,No,162,,Private
0000001484,001484,Child Care,2020-12-26,2021-01-07,2022-12-22,No,45,,Federal
0000001485,001485,Child Care,2023-03-26,2023-03-28,2024-06-17,No,147,,Local
0000001485,001485,First Steps,2024-06-18,2024-07-16,2027-01-26,No,48,Early Intervention,Private
0000001486,001486,Early Intervention,2022-09-29,2022-10-01,2023-11-30,No,40,Early Intervention,Local
0000001486,001486,Early Intervention,2023-12-01,2023-12-19,2025-06-14,No,45,Early Intervention,Federal
0000001487,001487,Early Intervention,2021-06-25,2021-07-01,2022-07-01,No,27,Early Intervention,Private
0000001488,001488,Child Care,2021-09-15,2021-10-03,2024-07-01,No,123,,State
0000001488,001488,Child Care,2024-07-30,2024-08-16,2025-10-24,No,202,,Federal
0000001489,001489,First Steps,2018-03-26,2018-04-22,2020-02-13,No,44,Early Intervention,Federal
0000001489,001489,Early Intervention,2020-05-28,2020-06-10,2022-09-08,No,30,Early Intervention,Local
0000001489,001489,State Pre-K,2022-10-30,2022-11-14,2023-07-19,No,151,Pre-K,Local
0000001489,001489,Home Visiting,2019-01-19,2019-02-08,2021-04-03,Yes,5,,Federal
0000001490,001490,Early Intervention,2020-03-04,2020-03-25,2020-11-21,No,8,Early Intervention,State
0000001490,001490,Child Care,2020-12-21,2021-01-17,2023-01-14,No,110,,Private
0000001491,001491,Early Intervention,2022-01-13,2022-01-16,2023-12-27,No,46,Early Intervention,Federal
0000001492,001492,First Steps,2020-08-04,2020-08-31,2023-06-14,No,18,Early Intervention,State
0000001492,001492,Childcare Subsidy,2023-06-19,2023-06-22,2024-07-06,No,134,,Local
0000001492,001492,Child Care,2020-01-07,2020-01-31,2022-06-13,No,195,,Federal
0000001493,001493,First Steps,2019-02-28,2019-03-24,2020-12-26,No,32,Early Intervention,Federal
0000001493,001493,Home Visiting,2021-01-09,2021-01-31,2023-02-08,Yes,8,,State
0000001494,001494,Early Intervention,2018-06-12,2018-07-02,2019-02-08,No,41,Early Intervention,Private
0000001495,001495,Child Care,2021-01-29,2021-01-31,2021-09-02,No,80,,Local
0000001496,001496,First Steps,2018-12-12,2019-01-06,2019-09-30,No,40,Early Intervention,State
0000001497,001497,Early Intervention,2022-12-20,2023-01-11,2023-05-13,No,10,Early Intervention,Private
0000001498,001498,Early Intervention,2019-07-17,2019-08-13,2020-05-07,No,23,Early Intervention,Private
0000001499,001499,Childcare Subsidy,2022-08-16,2022-09-01,2025-07-11,No,154,,Federal
0000001500,001500,Early Intervention,2022-01-25,2022-02-17,2022-08-17,No,46,Early Intervention,State
0000001500,001500,Home Visiting,2022-08-19,2022-08-25,2024-04-02,Yes,9,,Federal
0000001500,001500,State Pre-K,2024-04-10,2024-04-12,2025-06-04,No,141,Pre-K,Private
0000001501,001501,Early Head Start,2020-09-16,2020-10-09,2022-05-20,No,176,,Federal
0000001502,001502,Early Intervention,2020-04-08,2020-04-13,2021-07-02,No,40,Early Intervention,Local
0000001503,001503,Early Head Start,2022-08-04,2022-09-03,2023-06-06,No,113,,Federal
0000001503,001503,Child Care,2023-10-13,2023-11-04,2024-10-15,No,58,,Federal
0000001503,001503,Childcare Subsidy,2025-02-27,2025-03-21,2026-03-18,No,42,,State
0000001503,001503,Home Visiting,2022-08-04,2022-08-05,2022-10-20,Yes,12,,Local
0000001503,001503,Early Intervention,2023-04-08,2023-05-03,2024-01-28,No,38,Early Intervention,Private
0000001504,001504,Early Head Start,2021-05-11,2021-05-31,2022-12-02,No,203,,Private
0000001504,001504,Child Care,2023-02-16,2023-03-01,2023-08-30,No,53,,Private
0000001505,001505,Early Intervention,2020-10-24,2020-11-07,2022-07-05,No,53,Early Intervention,Local
0000001505,001505,Early Head Start,2022-07-25,2022-08-04,2023-08-24,No,92,,Private
0000001506,001506,Early Intervention,2022-11-02,2022-11-17,2023-05-27,No,17,Early Intervention,Federal
0000001506,001506,First Steps,2023-06-19,2023-07-12,2024-07-08,No,27,Early Intervention,Private
0000001507,001507,Early Head Start,2021-04-10,2021-04-30,2022-09-29,No,147,,Private
0000001507,001507,Home Visiting,2022-10-01,2022-10-27,2024-03-22,Yes,8,,Private
0000001507,001507,Head Start,2024-04-01,2024-04-24,2025-02-18,No,139,Pre-K,Federal
0000001508,001508,Early Head Start,2019-06-05,2019-06-11,2021-11-03,No,179,,Private
0000001509,001509,Childcare Subsidy,2021-01-03,2021-01-07,2022-02-22,No,118,,Local
0000001509,001509,Home Visiting,2022-06-21,2022-07-09,2025-01-28,Yes,21,,Local
0000001510,001510,Early Head Start,2022-12-26,2023-01-18,2024-03-06,No,191,,Federal
0000001510,001510,Home Visiting,2023-02-17,2023-03-04,2026-01-14,Yes,9,,State
0000001510,001510,Head Start,2026-02-03,2026-02-14,2027-03-20,No,160,Pre-K,Federal
0000001511,001511,Child Care,2021-07-03,2021-07-25,2022-05-28,No,163,,State
0000001511,001511,Home Visiting,2021-08-24,2021-09-08,2024-02-21,Yes,5,,Federal
0000001511,001511,Head Start,2024-03-03,2024-03-26,2025-10-20,No,86,Pre-K,Federal
0000001512,001512,Home Visiting,2019-01-17,2019-02-07,2019-11-24,Yes,14,,State
0000001512,001512,First Steps,2020-02-06,2020-03-05,2020-12-23,No,18,Early Intervention,Local
0000001513,001513,Early Intervention,2021-03-11,2021-03-25,2021-12-15,No,33,Early Intervention,Private
0000001513,001513,Home Visiting,2022-03-05,2022-03-10,2023-05-26,Yes,18,,Federal
0000001513,001513,Childcare Subsidy,2023-06-25,2023-07-04,2024-10-30,No,75,,Federal
0000001514,001514,Childcare Subsidy,2018-11-26,2018-12-04,2020-06-28,No,87,,Local
0000001514,001514,Early Intervention,2020-08-08,2020-08-19,2022-09-16,No,42,Early Intervention,State
0000001515,001515,Home Visiting,2020-07-29,2020-08-13,2021-04-23,Yes,20,,State
0000001515,001515,Early Head Start,2021-04-30,2021-05-19,2022-08-19,No,86,,Local
0000001515,001515,Childcare Subsidy,2022-09-15,2022-10-11,2024-08-18,No,165,,Local
0000001516,001516,Home Visiting,2019-10-22,2019-10-30,2021-09-21,Yes,16,,Local
0000001516,001516,Early Head Start,2021-10-13,2021-11-01,2022-06-06,No,78,,Private
0000001517,001517,Early Head Start,2021-09-10,2021-09-30,2023-02-10,No,201,,Local
0000001517,001517,Child Care,2023-03-08,2023-03-25,2023-09-25,No,200,,Federal
0000001518,001518,Child Care,2021-03-07,2021-03-24,2022-06-03,No,88,,Federal
0000001518,001518,Early Intervention,2022-08-27,2022-09-25,2024-06-15,No,40,Early Intervention,Local
0000001518,001518,Head Start,2024-08-02,2024-08-10,2025-08-22,No,110,Pre-K,State
0000001519,001519,Home Visiting,2019-03-27,2019-04-20,2021-08-19,Yes,15,,State
0000001520,001520,Early Intervention,2020-03-21,2020-04-17,2021-01-02,No,18,Early Intervention,State
0000001521,001521,Early Intervention,2022-08-05,2022-08-25,2023-03-29,No,9,Early Intervention,Local
0000001522,001522,Early Head Start,2020-03-17,2020-03-29,2021-05-19,No,116,,State
0000001522,001522,Childcare Subsidy,2021-07-28,2021-08-17,2022-10-24,No,45,,Federal
0000001522,001522,Child Care,2023-02-17,2023-03-18,2023-10-27,No,165,,Private
0000001523,001523,Child Care,2022-05-18,2022-06-01,2023-05-11,No,110,,State
0000001524,001524,Early Head Start,2019-02-25,2019-03-17,2020-09-01,No,90,,State
0000001524,001524,Child Care,2020-09-08,2020-09-17,2021-05-08,No,165,,State
0000001524,001524,Home Visiting,2021-05-19,2021-06-13,2022-01-05,Yes,13,,State
0000001524,001524,Childcare Subsidy,2022-01-07,2022-01-20,2023-10-31,No,89,,Private
0000001524,001524,Child Care,2019-08-05,2019-08-31,2020-06-09,No,53,,State
0000001525,001525,First Steps,2019-05-29,2019-06-15,2022-04-06,No,31,Early Intervention,Local
0000001525,001525,Child Care,2022-04-17,2022-04-25,2024-02-03,No,66,,Local
0000001525,001525,First Steps,2019-08-06,2019-09-01,2021-07-14,No,30,Early Intervention,State
0000001526,001526,First Steps,2022-12-13,2022-12-20,2025-05-04,No,29,Early Intervention,State
0000001526,001526,State Pre-K,2025-05-26,2025-06-05,2026-09-27,No,121,Pre-K,Local
0000001527,001527,Early Head Start,2022-03-02,2022-03-26,2023-09-08,No,110,,Local
0000001527,001527,Home Visiting,2023-10-03,2023-10-11,2024-06-28,Yes,7,,Federal
0000001528,001528,Early Intervention,2019-08-16,2019-08-24,2019-11-03,No,16,Early Intervention,State
0000001528,001528,Home Visiting,2019-09-23,2019-10-08,2020-10-10,Yes,3,,Private
0000001528,001528,First Steps,2020-10-14,2020-10-18,2021-05-30,No,34,Early Intervention,Federal
0000001529,001529,Early Intervention,2019-02-26,2019-03-07,2019-12-29,No,14,Early Intervention,Private
0000001529,001529,Early Intervention,2020-02-07,2020-02-16,2021-09-20,No,11,Early Intervention,Private
0000001530,001530,First Steps,2022-06-06,2022-06-14,2024-04-21,No,29,Early Intervention,Private
0000001530,001530,Child Care,2022-07-14,2022-07-29,2026-03-18,No,192,,State
0000001531,001531,Child Care,2020-08-11,2020-09-04,2022-10-25,No,129,,Private
0000001531,001531,Childcare Subsidy,2020-10-04,2020-10-19,2025-09-05,No,143,,Federal
0000001532,001532,First Steps,2020-09-15,2020-10-12,2022-05-18,No,12,Early Intervention,Federal
0000001533,001533,First Steps,2022-07-25,2022-07-29,2023-02-18,No,36,Early Intervention,Federal
0000001533,001533,Early Head Start,2023-03-18,2023-04-05,2025-02-15,No,131,,Private
0000001533,001533,Head Start,2025-02-21,2025-03-23,2026-04-21,No,74,Pre-K,Local
0000001534,001534,Childcare Subsidy,2021-11-08,2021-11-29,2023-08-02,No,139,,Local
0000001535,001535,Child Care,2018-05-27,2018-06-20,2020-12-16,No,217,,State
0000001535,001535,Home Visiting,2018-07-20,2018-08-04,2023-01-03,Yes,10,,Private
0000001535,001535,State Pre-K,2023-01-10,2023-02-09,2023-07-21,No,75,Pre-K,Local
0000001536,001536,Child Care,2020-09-11,2020-09-15,2021-01-23,No,76,,Local
0000001537,001537,Child Care,2022-12-08,2022-12-28,2024-06-10,No,123,,Federal
0000001537,001537,Head Start,2024-07-06,2024-08-03,2025-09-03,No,141,Pre-K,Private
0000001538,001538,Home Visiting,2020-12-29,2021-01-11,2022-06-06,Yes,20,,Private
0000001539,001539,Home Visiting,2021-03-30,2021-04-20,2022-08-29,Yes,13,,Federal
0000001540,001540,Early Intervention,2022-02-16,2022-02-28,2023-11-14,No,9,Early Intervention,Private
0000001540,001540,Early Head Start,2024-03-01,2024-03-23,2026-02-06,No,186,,Local
0000001540,001540,Childcare Subsidy,2026-03-14,2026-03-21,2027-04-02,No,49,,Local
0000001541,001541,Early Intervention,2021-11-01,2021-11-18,2024-09-28,No,42,Early Intervention,Federal
0000001541,001541,Childcare Subsidy,2025-01-06,2025-02-05,2026-04-09,No,121,,Local
0000001541,001541,Childcare Subsidy,2021-10-10,2021-10-12,2023-08-17,No,76,,Private
0000001542,001542,Early Intervention,2020-01-25,2020-02-15,2022-10-27,No,46,Early Intervention,Local
0000001542,001542,Child Care,2022-11-26,2022-12-17,2024-05-04,No,136,,Federal
0000001543,001543,Home Visiting,2020-12-31,2021-01-26,2022-08-20,Yes,9,,Federal
0000001544,001544,Child Care,2020-11-02,2020-11-26,2021-06-02,No,61,,Private
0000001545,001545,Home Visiting,2022-07-03,2022-08-02,2024-03-12,Yes,14,,State
0000001545,001545,State Pre-K,2024-04-01,2024-04-06,2025-08-18,No,158,Pre-K,State
0000001545,001545,Early Head Start,2021-08-26,2021-08-27,2023-06-17,No,161,,Federal
0000001546,001546,Childcare Subsidy,2018-11-14,2018-12-08,2020-08-03,No,160,,Local
0000001546,001546,Home Visiting,2020-08-26,2020-09-14,2023-06-13,Yes,23,,Federal
0000001547,001547,Child Care,2022-01-12,2022-01-19,2022-11-18,No,94,,State
0000001548,001548,First Steps,2022-08-18,2022-09-05,2023-08-27,No,7,Early Intervention,Local
0000001548,001548,First Steps,2023-09-11,2023-10-09,2025-01-03,No,51,Early Intervention,Private
0000001549,001549,Child Care,2021-07-22,2021-07-25,2022-07-26,No,69,,Federal
0000001549,001549,Child Care,2022-10-25,2022-11-22,2024-08-03,No,175,,State
0000001549,001549,Childcare Subsidy,2024-10-18,2024-10-22,2026-11-04,No,72,,Local
0000001549,001549,Child Care,2022-06-09,2022-06-15,2025-01-31,No,190,,Private
0000001549,001549,Childcare Subsidy,2025-05-19,2025-05-20,2026-11-15,No,94,,Federal
0000001550,001550,First Steps,2019-12-26,2020-01-13,2020-10-10,No,32,Early Intervention,Private
0000001550,001550,Early Intervention,2021-02-18,2021-03-12,2021-09-22,No,12,Early Intervention,Private
0000001551,001551,First Steps,2019-06-18,2019-07-04,2020-07-16,No,16,Early Intervention,Local
0000001551,001551,Early Head Start,2020-07-17,2020-07-26,2021-12-18,No,51,,State
0000001551,001551,Head Start,2021-12-19,2021-12-21,2022-11-04,No,109,Pre-K,Private
0000001552,001552,Early Head Start,2019-05-07,2019-05-09,2019-09-03,No,105,,Local
0000001553,001553,Early Head Start,2018-12-07,2019-01-06,2019-11-10,No,122,,Federal
0000001554,001554,Child Care,2022-01-08,2022-01-19,2022-10-30,No,149,,State
0000001554,001554,Childcare Subsidy,2022-02-18,2022-03-05,2024-10-01,No,98,,State
0000001555,001555,Child Care,2022-09-15,2022-09-25,2025-06-19,No,99,,Local
0000001555,001555,Head Start,2025-07-03,2025-07-14,2026-12-23,No,74,Pre-K,Local
0000001556,001556,Early Head Start,2019-10-20,2019-10-29,2021-06-01,No,121,,Local
0000001557,001557,Child Care,2021-01-16,2021-02-04,2021-05-08,No,33,,Federal
0000001557,001557,Childcare Subsidy,2021-05-31,2021-06-04,2022-04-12,No,93,,Local
0000001558,001558,Early Intervention,2020-07-06,2020-08-02,2020-11-03,No,45,Early Intervention,Private
0000001559,001559,Early Head Start,2020-02-17,2020-03-17,2020-10-25,No,83,,State
0000001559,001559,Home Visiting,2020-11-07,2020-11-11,2021-04-17,Yes,2,,State
0000001559,001559,Childcare Subsidy,2021-05-06,2021-05-30,2021-12-19,No,38,,Local
0000001559,001559,State Pre-K,2022-01-15,2022-01-29,2022-12-27,No,85,Pre-K,Private
0000001560,001560,Child Care,2020-09-19,2020-10-13,2021-09-19,No,68,,Federal
0000001560,001560,Early Intervention,2021-10-10,2021-11-06,2022-04-26,No,31,Early Intervention,Private
0000001561,001561,First Steps,2021-11-09,2021-11-26,2022-12-09,No,31,Early Intervention,Federal
0000001561,001561,Early Head Start,2022-12-10,2022-12-29,2024-12-17,No,82,,State
0000001561,001561,Head Start,2025-01-14,2025-01-15,2025-10-14,No,105,Pre-K,Local
0000001562,001562,Child Care,2020-07-15,2020-07-20,2022-03-10,No,90,,State
0000001562,001562,Child Care,2022-03-29,2022-04-23,2024-07-21,No,53,,Local
0000001563,001563,Child Care,2019-05-15,2019-06-13,2020-07-09,No,72,,Federal
0000001563,001563,Early Intervention,2020-07-18,2020-08-07,2022-11-26,No,33,Early Intervention,State
0000001564,001564,Home Visiting,2019-04-10,2019-04-27,2021-12-04,Yes,7,,Local
0000001565,001565,Early Intervention,2020-10-25,2020-10-26,2022-04-22,No,39,Early Intervention,Local
0000001565,001565,Child Care,2022-05-11,2022-06-04,2025-02-10,No,198,,Local
0000001565,001565,Early Head Start,2020-09-14,2020-10-02,2022-02-13,No,117,,Local
0000001566,001566,Home Visiting,2020-08-17,2020-08-20,2021-05-07,Yes,12,,Federal
0000001567,001567,Early Head Start,2020-07-08,2020-07-21,2023-05-10,No,173,,Federal
0000001568,001568,First Steps,2021-06-29,2021-06-30,2022-09-19,No,21,Early Intervention,State
0000001569,001569,Child Care,2020-10-01,2020-10-04,2021-08-04,No,120,,Local
0000001569,001569,Childcare Subsidy,2021-08-05,2021-08-23,2022-04-13,No,103,,Federal
0000001569,001569,Head Start,2022-05-13,2022-06-03,2022-09-25,No,49,Pre-K,Federal
0000001570,001570,Home Visiting,2020-06-09,2020-06-12,2022-12-27,Yes,4,,State
0000001571,001571,Childcare Subsidy,2020-05-02,2020-05-15,2021-07-07,No,134,,State
0000001571,001571,Child Care,2021-07-17,2021-07-31,2024-05-21,No,61,,Private
0000001571,001571,Child Care,2024-06-11,2024-06-28,2025-08-21,No,192,,Federal
0000001572,001572,Childcare Subsidy,2022-05-28,2022-06-07,2025-05-08,No,71,,Federal
0000001573,001573,Early Head Start,2020-06-09,2020-06-16,2021-02-18,No,163,,State
0000001574,001574,Child Care,2021-01-09,2021-01-31,2023-12-22,No,189,,Private
0000001575,001575,Home Visiting,2022-06-22,2022-06-24,2023-05-17,Yes,12,,Private
0000001575,001575,Early Head Start,2022-07-24,2022-08-08,2024-04-21,No,79,,State
0000001576,001576,First Steps,2020-08-25,2020-08-31,2021-05-09,No,39,Early Intervention,State
0000001577,001577,Early Head Start,2021-08-06,2021-08-08,2022-12-30,No,164,,Local
0000001578,001578,Child Care,2021-07-06,2021-07-29,2022-12-09,No,48,,Federal
0000001578,001578,Childcare Subsidy,2023-01-03,2023-01-04,2024-04-02,No,70,,Private
0000001578,001578,State Pre-K,2024-04-14,2024-04-28,2026-07-02,No,111,Pre-K,State
0000001578,001578,First Steps,2022-01-02,2022-01-03,2023-12-01,No,29,Early Intervention,Private
0000001578,001578,Child Care,2023-12-16,2024-01-08,2025-02-09,No,78,,Federal
0000001579,001579,Early Head Start,2020-01-31,2020-02-07,2020-09-15,No,125,,Federal
0000001579,001579,Home Visiting,2020-09-18,2020-10-11,2021-02-27,Yes,4,,Federal
0000001579,001579,First Steps,2021-03-13,2021-03-23,2021-07-20,No,27,Early Intervention,Local
0000001579,001579,Child Care,2021-08-12,2021-08-30,2022-08-11,No,49,,State
0000001580,001580,Childcare Subsidy,2022-07-03,2022-07-06,2024-07-04,No,50,,Local
0000001580,001580,Childcare Subsidy,2024-07-05,2024-08-04,2027-01-09,No,146,,Private
0000001580,001580,Home Visiting,2022-07-12,2022-07-27,2024-07-22,Yes,22,,State
0000001581,001581,First Steps,2021-02-02,2021-02-12,2022-09-03,No,55,Early Intervention,Private
0000001581,001581,Early Head Start,2021-03-14,2021-03-29,2025-08-02,No,122,,Private
0000001582,001582,Home Visiting,2021-11-10,2021-11-24,2022-08-26,Yes,11,,State
0000001583,001583,Home Visiting,2020-06-29,2020-07-11,2022-06-04,Yes,21,,Private
0000001583,001583,Home Visiting,2022-06-06,2022-06-22,2024-06-15,Yes,13,,Private
0000001584,001584,Child Care,2021-08-06,2021-08-26,2022-05-13,No,176,,Federal
0000001584,001584,First Steps,2022-09-05,2022-09-27,2023-10-01,No,10,Early Intervention,State
0000001584,001584,State Pre-K,2023-11-19,2023-12-05,2024-10-19,No,118,Pre-K,State
0000001585,001585,First Steps,2021-10-30,2021-11-08,2023-10-07,No,11,Early Intervention,Local
0000001586,001586,Childcare Subsidy,2023-10-18,2023-11-03,2025-06-12,No,143,,State
0000001586,001586,Child Care,2025-06-30,2025-07-30,2027-05-31,No,92,,Local
0000001586,001586,Child Care,2022-12-01,2022-12-22,2024-12-02,No,148,,Local
0000001587,001587,Childcare Subsidy,2018-06-20,2018-07-04,2021-05-24,No,109,,Federal
0000001587,001587,Childcare Subsidy,2021-07-13,2021-07-16,2023-08-06,No,107,,Local
0000001587,001587,Early Head Start,2019-02-06,2019-03-01,2020-09-02,No,180,,Federal
0000001588,001588,Early Head Start,2020-01-03,2020-01-11,2021-07-06,No,86,,State
0000001588,001588,Early Head Start,2021-07-29,2021-08-17,2023-10-02,No,153,,Local
0000001589,001589,Early Intervention,2021-02-28,2021-03-19,2023-12-23,No,38,Early Intervention,Private
0000001590,001590,Early Intervention,2021-04-12,2021-05-01,2023-04-04,No,13,Early Intervention,State
0000001590,001590,State Pre-K,2023-04-30,2023-05-27,2025-08-10,No,98,Pre-K,State
0000001590,001590,Early Head Start,2021-02-10,2021-02-26,2023-07-17,No,157,,Local
0000001590,001590,Child Care,2023-07-27,2023-07-30,2024-12-14,No,154,,Private
0000001591,001591,Home Visiting,2023-01-29,2023-02-16,2025-04-18,Yes,22,,State
0000001591,001591,Head Start,2023-03-18,2023-04-02,2026-08-20,No,135,Pre-K,Private
0000001592,001592,Child Care,2020-07-12,2020-07-29,2022-04-20,No,187,,State
0000001592,001592,Early Intervention,2020-08-28,2020-09-12,2024-06-19,No,14,Early Intervention,Private
0000001593,001593,Home Visiting,2020-10-02,2020-10-26,2022-06-16,Yes,22,,Private
0000001593,001593,Head Start,2022-09-24,2022-10-12,2023-08-11,No,130,Pre-K,Local
0000001594,001594,Early Head Start,2021-02-19,2021-02-20,2023-09-04,No,188,,Federal
0000001594,001594,Child Care,2023-09-27,2023-10-16,2025-12-20,No,183,,Federal
0000001595,001595,First Steps,2020-10-27,2020-11-06,2022-12-14,No,48,Early Intervention,Federal
0000001596,001596,Early Intervention,2019-08-18,2019-09-17,2020-05-01,No,24,Early Intervention,Private
0000001596,001596,Early Head Start,2020-05-27,2020-06-09,2022-01-04,No,68,,Local
0000001597,001597,First Steps,2019-06-05,2019-06-17,2021-02-06,No,20,Early Intervention,Local
0000001598,001598,Childcare Subsidy,2018-12-05,2018-12-07,2021-07-20,No,189,,State
0000001598,001598,Childcare Subsidy,2021-08-21,2021-08-23,2023-02-15,No,89,,Federal
0000001599,001599,First Steps,2022-04-08,2022-04-21,2022-11-14,No,12,Early Intervention,Federal
0000001599,001599,Home Visiting,2022-12-23,2023-01-22,2024-04-08,Yes,14,,Federal
0000001599,001599,First Steps,2024-05-22,2024-05-25,2026-02-22,No,36,Early Intervention,State
0000001600,001600,Home Visiting,2020-04-21,2020-05-20,2021-03-22,Yes,18,,Private
0000001600,001600,First Steps,2021-03-23,2021-04-14,2021-12-13,No,24,Early Intervention,Private
0000001600,001600,Home Visiting,2021-12-15,2022-01-07,2022-12-14,Yes,21,,Federal
0000001601,001601,Early Head Start,2019-09-02,2019-09-22,2022-07-25,No,170,,Private
0000001602,001602,Early Intervention,2020-12-19,2021-01-09,2023-06-08,No,36,Early Intervention,Federal
0000001602,001602,Childcare Subsidy,2023-07-07,2023-07-08,2025-07-18,No,159,,Federal
0000001602,001602,Child Care,2021-01-18,2021-02-14,2023-01-08,No,54,,State
0000001603,001603,Childcare Subsidy,2021-09-10,2021-09-24,2022-09-28,No,61,,State
0000001603,001603,Early Head Start,2022-10-17,2022-11-03,2024-02-01,No,37,,Private
0000001603,001603,Childcare Subsidy,2024-02-18,2024-03-03,2025-10-31,No,156,,State
0000001603,001603,Child Care,2021-07-24,2021-08-07,2023-08-02,No,91,,State
0000001604,001604,Early Head Start,2023-07-31,2023-08-06,2024-02-15,No,29,,Local
0000001604,001604,Early Head Start,2024-03-05,2024-03-29,2024-08-02,No,59,,Local
0000001604,001604,Early Head Start,2024-08-22,2024-08-28,2025-02-08,No,125,,State
0000001605,001605,Childcare Subsidy,2021-02-06,2021-02-12,2022-02-07,No,131,,Federal
0000001605,001605,Child Care,2022-03-07,2022-03-08,2022-06-03,No,39,,State
0000001606,001606,Child Care,2023-03-09,2023-03-12,2024-04-14,No,65,,Federal
0000001606,001606,First Steps,2024-04-26,2024-05-06,2025-07-12,No,18,Early Intervention,Local
0000001606,001606,Childcare Subsidy,2025-08-05,2025-08-10,2026-07-30,No,76,,Local
0000001607,001607,Early Head Start,2022-03-15,2022-03-26,2024-03-10,No,195,,State
0000001607,001607,State Pre-K,2024-05-13,2024-06-01,2025-10-21,No,156,Pre-K,Private
0000001607,001607,Early Intervention,2021-10-10,2021-11-04,2024-02-26,No,35,Early Intervention,Private
0000001607,001607,Child Care,2024-05-12,2024-06-09,2025-10-18,No,172,,Federal
0000001607,001607,Home Visiting,2021-10-10,2021-11-04,2024-06-02,Yes,14,,Federal
0000001608,001608,First Steps,2021-05-01,2021-05-11,2021-11-07,No,27,Early Intervention,Private
0000001608,001608,Childcare Subsidy,2021-11-24,2021-12-22,2023-01-27,No,121,,Local
0000001609,001609,Childcare Subsidy,2022-12-25,2023-01-15,2025-10-19,No,159,,State
0000001609,001609,State Pre-K,2025-11-02,2025-11-30,2026-09-15,No,104,Pre-K,State
0000001610,001610,Child Care,2021-03-28,2021-04-24,2022-06-14,No,71,,Private
0000001611,001611,Early Intervention,2018-11-15,2018-12-01,2019-09-23,No,20,Early Intervention,Private
0000001611,001611,Home Visiting,2019-10-09,2019-10-12,2020-09-09,Yes,12,,Private
0000001612,001612,Child Care,2019-12-14,2020-01-04,2020-11-11,No,98,,Local
0000001612,001612,First Steps,2021-01-11,2021-01-14,2021-08-15,No,35,Early Intervention,State
0000001612,001612,Early Head Start,2021-11-17,2021-11-29,2023-11-29,No,155,,Local
0000001612,001612,Home Visiting,2019-12-28,2020-01-27,2021-03-15,Yes,5,,State
0000001612,001612,Child Care,2021-04-17,2021-05-17,2022-06-24,No,129,,Local
0000001613,001613,Early Intervention,2021-11-02,2021-11-20,2024-01-22,No,28,Early Intervention,Local
0000001613,001613,Head Start,2024-01-28,2024-02-13,2026-01-02,No,92,Pre-K,Federal
0000001613,001613,Childcare Subsidy,2021-07-05,2021-08-02,2024-06-20,No,101,,Local
0000001613,001613,Child Care,2024-07-03,2024-08-02,2026-01-02,No,76,,Federal
0000001614,001614,Child Care,2021-10-31,2021-11-04,2023-07-27,No,121,,Federal
0000001614,001614,Child Care,2023-08-16,2023-09-02,2025-04-27,No,93,,Local
0000001615,001615,Early Intervention,2022-05-03,2022-05-10,2024-02-28,No,56,Early Intervention,Private
0000001616,001616,Early Head Start,2020-05-21,2020-06-20,2021-08-07,No,70,,Private
0000001616,001616,Childcare Subsidy,2021-08-29,2021-09-10,2024-02-01,No,197,,Federal
0000001616,001616,Child Care,2019-08-04,2019-08-13,2021-02-04,No,75,,State
0000001617,001617,Early Intervention,2022-02-09,2022-02-20,2023-03-08,No,16,Early Intervention,Local
0000001617,001617,Early Intervention,2023-03-23,2023-03-26,2024-09-20,No,10,Early Intervention,Federal
0000001618,001618,First Steps,2020-02-17,2020-02-18,2021-04-15,No,25,Early Intervention,Federal
0000001619,001619,Child Care,2019-11-07,2019-11-09,2021-10-23,No,77,,Private
0000001619,001619,Home Visiting,2021-11-26,2021-12-07,2023-03-25,Yes,21,,Private
0000001620,001620,Early Head Start,2020-04-26,2020-05-09,2020-11-12,No,129,,Federal
0000001620,001620,Childcare Subsidy,2020-12-06,2020-12-07,2021-11-30,No,152,,State
0000001620,001620,Home Visiting,2021-12-18,2022-01-15,2022-11-26,Yes,6,,Local
0000001621,001621,Early Head Start,2021-03-03,2021-03-23,2023-06-03,No,129,,Private
0000001621,001621,Head Start,2023-07-09,2023-07-17,2025-01-07,No,142,Pre-K,Local
0000001622,001622,Early Head Start,2022-10-07,2022-10-30,2025-05-31,No,82,,Federal
0000001622,001622,State Pre-K,2025-09-28,2025-10-25,2026-05-03,No,114,Pre-K,Local
0000001623,001623,Child Care,2020-04-03,2020-04-12,2022-05-27,No,162,,State
0000001624,001624,Early Intervention,2019-12-15,2019-12-18,2022-06-07,No,15,Early Intervention,Private
0000001625,001625,Childcare Subsidy,2020-06-12,2020-06-20,2022-03-27,No,93,,Local
0000001626,001626,Child Care,2022-05-13,2022-06-05,2023-04-29,No,79,,Federal
0000001627,001627,First Steps,2021-08-09,2021-08-16,2023-06-29,No,41,Early Intervention,State
0000001627,001627,Child Care,2023-07-23,2023-08-22,2024-11-11,No,154,,State
0000001628,001628,Early Head Start,2023-05-14,2023-06-02,2025-01-17,No,164,,Local
0000001629,001629,Child Care,2021-05-27,2021-06-13,2022-09-15,No,179,,State
0000001630,001630,Home Visiting,2021-03-23,2021-03-31,2022-10-30,Yes,5,,Local
0000001631,001631,Early Intervention,2021-06-23,2021-07-08,2022-04-02,No,11,Early Intervention,Federal
0000001631,001631,Child Care,2022-04-18,2022-05-18,2023-07-03,No,154,,State
0000001632,001632,Early Intervention,2019-03-08,2019-03-20,2021-01-06,No,23,Early Intervention,Local
0000001632,001632,Child Care,2021-01-22,2021-02-08,2021-09-05,No,46,,Local
0000001633,001633,Childcare Subsidy,2020-09-20,2020-10-05,2021-03-03,No,169,,Private
0000001633,001633,Home Visiting,2021-03-19,2021-04-02,2021-09-01,Yes,20,,Federal
0000001633,001633,Home Visiting,2021-09-13,2021-09-24,2022-03-21,Yes,11,,Federal
0000001634,001634,Early Intervention,2021-10-26,2021-10-27,2022-04-23,No,14,Early Intervention,Federal
0000001635,001635,Early Intervention,2022-07-05,2022-07-21,2024-06-20,No,33,Early Intervention,State
0000001635,001635,Early Head Start,2024-06-26,2024-06-28,2025-03-02,No,152,,Local
0000001636,001636,Childcare Subsidy,2021-10-15,2021-11-03,2022-07-20,No,129,,Federal
0000001636,001636,First Steps,2021-12-03,2021-12-18,2023-09-05,No,26,Early Intervention,Local
0000001636,001636,State Pre-K,2024-01-04,2024-01-20,2024-11-28,No,87,Pre-K,Local
0000001637,001637,Early Intervention,2020-11-25,2020-12-14,2022-03-17,No,10,Early Intervention,Local
0000001638,001638,First Steps,2019-09-08,2019-09-14,2021-09-14,No,33,Early Intervention,Federal
0000001639,001639,Child Care,2019-01-10,2019-01-29,2020-01-17,No,133,,Federal
0000001639,001639,Home Visiting,2020-04-05,2020-04-13,2020-12-21,Yes,18,,Federal
0000001639,001639,State Pre-K,2021-03-06,2021-04-02,2022-10-08,No,129,Pre-K,Federal
0000001640,001640,First Steps,2023-11-04,2023-11-06,2025-12-27,No,24,Early Intervention,Federal
0000001640,001640,Head Start,2026-04-03,2026-04-15,2027-06-05,No,118,Pre-K,Federal
0000001641,001641,Early Intervention,2019-11-16,2019-12-06,2021-05-10,No,30,Early Intervention,Private
0000001641,001641,Childcare Subsidy,2021-06-19,2021-06-23,2023-06-14,No,199,,Local
0000001642,001642,First Steps,2019-03-25,2019-04-13,2020-08-01,No,36,Early Intervention,Local
0000001643,001643,First Steps,2018-11-07,2018-11-30,2019-12-21,No,25,Early Intervention,Private
0000001643,001643,Early Intervention,2019-12-27,2020-01-13,2021-09-21,No,12,Early Intervention,Private
0000001643,001643,Child Care,2021-09-25,2021-10-19,2023-06-11,No,101,,Federal
0000001644,001644,Child Care,2020-04-25,2020-05-09,2021-01-28,No,75,,Local
0000001644,001644,Early Head Start,2021-02-27,2021-03-25,2021-11-16,No,98,,Local
0000001644,001644,Child Care,2021-12-14,2022-01-10,2022-03-18,No,75,,State
0000001644,001644,Early Head Start,2022-03-24,2022-04-19,2022-12-27,No,91,,Local
0000001644,001644,State Pre-K,2023-01-01,2023-01-24,2023-03-26,No,97,Pre-K,Local
0000001645,001645,Early Head Start,2019-04-25,2019-05-22,2021-04-04,No,169,,Local
0000001646,001646,Child Care,2020-05-08,2020-05-14,2021-01-23,No,102,,Private
0000001646,001646,Early Head Start,2021-02-11,2021-02-17,2023-01-08,No,64,,State
0000001647,001647,Early Head Start,2021-05-22,2021-06-03,2022-10-06,No,52,,Local
0000001648,001648,Child Care,2020-03-30,2020-04-12,2022-01-19,No,101,,Private
0000001649,001649,Child Care,2021-11-03,2021-11-09,2023-01-21,No,178,,Local
0000001649,001649,Early Intervention,2021-12-09,2021-12-24,2024-07-10,No,10,Early Intervention,State
0000001650,001650,Early Intervention,2020-10-31,2020-11-27,2021-09-08,No,23,Early Intervention,Federal
0000001650,001650,Home Visiting,2021-09-23,2021-10-16,2022-05-14,Yes,9,,Federal
0000001651,001651,Early Intervention,2019-07-08,2019-07-14,2020-10-04,No,29,Early Intervention,Private
0000001652,001652,Home Visiting,2019-12-01,2019-12-16,2021-12-14,Yes,21,,State
0000001652,001652,Early Head Start,2022-01-11,2022-02-03,2024-01-31,No,198,,Local
0000001653,001653,Early Intervention,2020-08-04,2020-08-19,2022-01-13,No,27,Early Intervention,State
0000001653,001653,First Steps,2022-02-22,2022-02-28,2024-12-22,No,23,Early Intervention,Local
0000001654,001654,First Steps,2022-01-12,2022-01-22,2024-06-22,No,33,Early Intervention,Local
0000001654,001654,Child Care,2024-09-03,2024-09-17,2026-01-06,No,142,,State
0000001654,001654,Child Care,2022-02-19,2022-03-07,2024-11-21,No,148,,Private
0000001655,001655,Child Care,2023-08-20,2023-08-24,2026-04-28,No,203,,Local
0000001655,001655,Head Start,2026-05-23,2026-05-24,2027-03-16,No,101,Pre-K,Private
0000001656,001656,Early Intervention,2020-03-04,2020-03-22,2021-11-23,No,33,Early Intervention,Private
0000001656,001656,Childcare Subsidy,2021-12-21,2022-01-20,2023-12-16,No,60,,Local
0000001656,001656,State Pre-K,2023-12-27,2024-01-08,2025-06-03,No,91,Pre-K,Federal
0000001657,001657,Child Care,2022-06-10,2022-06-23,2024-06-02,No,179,,Federal
0000001657,001657,Childcare Subsidy,2024-06-12,2024-06-14,2026-01-08,No,85,,Local
0000001658,001658,Child Care,2020-11-16,2020-12-05,2021-11-24,No,77,,State
0000001659,001659,Early Head Start,2019-05-06,2019-05-20,2020-06-05,No,86,,Federal
0000001659,001659,Early Head Start,2020-06-14,2020-06-29,2022-01-11,No,95,,Federal
0000001659,001659,Childcare Subsidy,2022-02-01,2022-03-02,2023-11-10,No,160,,Federal
0000001659,001659,Early Head Start,2019-05-13,2019-06-04,2022-03-12,No,165,,Private
0000001659,001659,State Pre-K,2022-03-18,2022-03-19,2023-05-02,No,79,Pre-K,Private
0000001660,001660,Early Intervention,2021-06-05,2021-06-06,2022-10-06,No,34,Early Intervention,State
0000001661,001661,Child Care,2021-07-16,2021-08-14,2022-06-20,No,112,,Private
0000001661,001661,Child Care,2022-08-22,2022-08-28,2023-04-18,No,125,,Local
0000001662,001662,First Steps,2021-09-11,2021-10-03,2022-08-09,No,24,Early Intervention,State
0000001663,001663,Childcare Subsidy,2022-02-24,2022-03-05,2024-05-04,No,82,,Federal
0000001663,001663,Early Intervention,2024-05-16,2024-06-10,2026-05-12,No,19,Early Intervention,Federal
0000001664,001664,Child Care,2020-06-24,2020-07-01,2022-05-30,No,38,,Federal
0000001665,001665,First Steps,2019-11-20,2019-11-23,2021-11-22,No,32,Early Intervention,Private
0000001666,001666,Home Visiting,2023-08-10,2023-08-15,2024-04-02,Yes,17,,Local
0000001667,001667,Home Visiting,2023-02-22,2023-03-23,2023-10-21,Yes,18,,Private
0000001667,001667,First Steps,2023-11-03,2023-12-01,2025-06-28,No,44,Early Intervention,Local
0000001668,001668,Childcare Subsidy,2021-03-23,2021-04-22,2023-02-01,No,86,,Federal
0000001669,001669,Home Visiting,2020-04-06,2020-04-27,2022-06-15,Yes,9,,Federal
0000001670,001670,Childcare Subsidy,2022-03-06,2022-03-20,2024-09-25,No,137,,State
0000001671,001671,Childcare Subsidy,2021-07-05,2021-07-21,2023-01-19,No,48,,Private
0000001672,001672,Early Head Start,2020-01-08,2020-01-18,2021-10-04,No,196,,State
0000001672,001672,Childcare Subsidy,2022-01-23,2022-02-15,2024-02-14,No,133,,Local
0000001673,001673,Childcare Subsidy,2019-02-15,2019-02-17,2020-02-13,No,70,,Federal
0000001673,001673,First Steps,2020-07-02,2020-07-13,2020-09-15,No,43,Early Intervention,Private
0000001674,001674,Early Intervention,2018-05-10,2018-06-08,2020-01-20,No,11,Early Intervention,State
0000001675,001675,Early Intervention,2020-09-15,2020-10-10,2022-05-09,No,36,Early Intervention,Local
0000001676,001676,First Steps,2021-12-14,2021-12-24,2022-09-19,No,39,Early Intervention,Local
0000001677,001677,Childcare Subsidy,2021-11-19,2021-12-02,2024-10-16,No,135,,Local
0000001678,001678,Early Intervention,2022-07-22,2022-08-06,2023-07-11,No,36,Early Intervention,State
0000001679,001679,Child Care,2022-10-03,2022-10-04,2024-05-22,No,61,,State
0000001680,001680,Early Intervention,2022-05-17,2022-06-13,2024-08-09,No,49,Early Intervention,Private
0000001680,001680,Head Start,2024-08-13,2024-09-12,2026-10-15,No,113,Pre-K,Local
0000001680,001680,Early Intervention,2022-04-17,2022-05-12,2024-10-17,No,8,Early Intervention,Private
0000001681,001681,Child Care,2018-11-26,2018-12-22,2019-07-24,No,130,,State
0000001682,001682,Early Head Start,2023-02-25,2023-03-23,2024-02-29,No,59,,State
0000001682,001682,Home Visiting,2024-05-01,2024-05-03,2024-08-13,Yes,10,,State
0000001683,001683,Child Care,2021-10-15,2021-10-24,2023-09-28,No,63,,Local
0000001683,001683,Early Intervention,2023-09-30,2023-10-13,2026-07-13,No,48,Early Intervention,State
0000001683,001683,Early Head Start,2022-05-06,2022-05-26,2024-01-27,No,53,,Local
0000001684,001684,Early Head Start,2020-04-07,2020-04-14,2023-01-25,No,164,,Federal
0000001684,001684,Child Care,2023-02-12,2023-02-24,2024-04-10,No,105,,Private
0000001684,001684,First Steps,2019-10-12,2019-11-07,2022-08-25,No,33,Early Intervention,Private
0000001684,001684,Head Start,2022-09-14,2022-10-11,2023-10-22,No,78,Pre-K,State
0000001685,001685,Child Care,2021-06-14,2021-06-26,2023-08-29,No,114,,Federal
0000001686,001686,First Steps,2019-10-07,2019-10-28,2021-12-14,No,40,Early Intervention,Federal
0000001687,001687,Child Care,2019-11-16,2019-12-01,2021-11-07,No,52,,Local
0000001687,001687,Childcare Subsidy,2021-11-30,2021-12-16,2024-03-15,No,151,,Local
0000001687,001687,Early Head Start,2019-09-16,2019-09-28,2022-04-26,No,54,,Federal
0000001688,001688,Childcare Subsidy,2020-11-14,2020-12-05,2022-11-21,No,141,,Private
0000001688,001688,Child Care,2021-01-04,2021-01-19,2024-08-31,No,64,,State
0000001689,001689,Early Head Start,2020-03-07,2020-03-30,2022-11-07,No,57,,Private
0000001689,001689,State Pre-K,2022-11-11,2022-11-25,2024-11-09,No,143,Pre-K,Private
0000001689,001689,Child Care,2020-05-12,2020-06-11,2022-11-15,No,60,,State
0000001690,001690,Early Intervention,2021-01-23,2021-02-09,2023-07-13,No,23,Early Intervention,State
0000001690,001690,First Steps,2023-08-25,2023-09-07,2026-04-08,No,21,Early Intervention,Private
0000001691,001691,Home Visiting,2022-05-28,2022-06-19,2023-03-11,Yes,5,,Federal
0000001691,001691,Early Intervention,2022-07-19,2022-08-03,2023-11-26,No,32,Early Intervention,State
0000001691,001691,Home Visiting,2023-11-28,2023-12-25,2024-10-01,Yes,18,,Federal
0000001692,001692,Early Head Start,2019-09-24,2019-10-14,2020-12-31,No,127,,Local
0000001693,001693,Childcare Subsidy,2020-05-01,2020-05-30,2020-10-11,No,35,,Local
0000001693,001693,Child Care,2020-10-13,2020-11-03,2021-02-02,No,79,,Local
0000001694,001694,Early Intervention,2023-01-11,2023-01-27,2024-11-02,No,46,Early Intervention,Local
0000001694,001694,Child Care,2024-12-01,2024-12-08,2026-09-14,No,90,,Federal
0000001695,001695,Child Care,2020-11-11,2020-11-18,2021-07-18,No,158,,Federal
0000001696,001696,Child Care,2020-12-03,2021-01-02,2022-03-09,No,62,,Local
0000001697,001697,Early Head Start,2019-08-30,2019-09-05,2020-12-16,No,107,,Local
0000001697,001697,Home Visiting,2020-12-31,2021-01-21,2022-10-31,Yes,17,,State
0000001698,001698,Childcare Subsidy,2020-10-01,2020-10-15,2021-10-25,No,147,,State
0000001698,001698,Early Head Start,2021-11-16,2021-11-26,2023-08-14,No,175,,Private
0000001699,001699,Early Intervention,2019-10-10,2019-11-06,2020-10-23,No,23,Early Intervention,Federal
0000001700,001700,Early Head Start,2020-01-01,2020-01-22,2020-09-20,No,132,,Federal
0000001700,001700,Early Intervention,2020-09-27,2020-10-18,2020-12-21,No,10,Early Intervention,Local
0000001700,001700,First Steps,2021-01-20,2021-02-04,2021-05-14,No,23,Early Intervention,State
0000001701,001701,Early Head Start,2019-06-18,2019-07-05,2022-06-05,No,99,,Private
0000001702,001702,Early Head Start,2020-03-04,2020-03-30,2021-08-31,No,183,,Federal
0000001702,001702,Childcare Subsidy,2021-10-27,2021-11-11,2023-01-06,No,155,,Local
0000001703,001703,First Steps,2022-06-10,2022-06-18,2025-05-11,No,31,Early Intervention,Local
0000001703,001703,Childcare Subsidy,2025-05-28,2025-06-23,2026-06-27,No,102,,State
0000001704,001704,Childcare Subsidy,2022-03-16,2022-04-04,2025-03-22,No,131,,Federal
0000001705,001705,Childcare Subsidy,2020-08-27,2020-09-06,2021-09-05,No,142,,State
0000001705,001705,Home Visiting,2021-09-11,2021-10-02,2022-12-01,Yes,21,,State
0000001705,001705,Home Visiting,2022-12-11,2022-12-12,2024-10-28,Yes,4,,Private
0000001706,001706,Childcare Subsidy,2022-10-12,2022-11-05,2024-05-12,No,70,,State
0000001707,001707,Child Care,2020-11-16,2020-11-21,2022-08-06,No,100,,Federal
0000001708,001708,Child Care,2020-07-19,2020-07-21,2021-12-23,No,156,,Local
0000001708,001708,Head Start,2022-02-06,2022-02-27,2023-10-01,No,171,Pre-K,Federal
0000001709,001709,Childcare Subsidy,2019-04-15,2019-04-16,2019-06-25,No,35,,Private
0000001709,001709,Early Intervention,2019-07-06,2019-07-20,2020-02-15,No,15,Early Intervention,Federal
0000001709,001709,First Steps,2020-03-12,2020-03-24,2021-01-01,No,8,Early Intervention,State
0000001710,001710,Early Head Start,2019-08-10,2019-08-16,2020-03-20,No,135,,Local
0000001710,001710,Home Visiting,2020-03-26,2020-03-31,2020-11-21,Yes,7,,Federal
0000001711,001711,Child Care,2020-10-19,2020-11-01,2021-06-16,No,164,,State
0000001712,001712,Early Head Start,2018-11-30,2018-12-30,2020-07-21,No,171,,Local
0000001713,001713,First Steps,2022-11-11,2022-11-18,2024-08-05,No,21,Early Intervention,Local
0000001713,001713,Child Care,2024-09-02,2024-09-14,2025-11-24,No,108,,State
0000001714,001714,Childcare Subsidy,2019-12-12,2019-12-13,2020-12-10,No,59,,Federal
0000001715,001715,Childcare Subsidy,2020-01-04,2020-01-31,2020-12-02,No,118,,Federal
0000001715,001715,Early Head Start,2021-02-09,2021-03-02,2022-02-25,No,127,,Local
0000001716,001716,First Steps,2020-09-22,2020-10-14,2023-09-16,No,32,Early Intervention,State
0000001717,001717,Child Care,2018-09-29,2018-10-10,2021-01-23,No,74,,Federal
0000001717,001717,Childcare Subsidy,2021-01-27,2021-02-22,2023-11-05,No,135,,Local
0000001718,001718,Home Visiting,2019-06-25,2019-07-23,2021-09-15,Yes,5,,State
0000001719,001719,Childcare Subsidy,2021-06-15,2021-06-20,2022-04-24,No,101,,Federal
0000001719,001719,Home Visiting,2022-05-16,2022-06-03,2022-10-03,Yes,10,,Federal
0000001720,001720,Home Visiting,2021-03-14,2021-03-20,2022-07-17,Yes,7,,Private
0000001721,001721,Childcare Subsidy,2021-01-31,2021-03-02,2022-09-05,No,201,,Federal
0000001722,001722,Child Care,2020-07-18,2020-07-20,2021-01-31,No,29,,Federal
0000001723,001723,Childcare Subsidy,2021-03-29,2021-04-17,2021-10-23,No,40,,Federal
0000001723,001723,Child Care,2021-11-06,2021-11-27,2022-10-25,No,30,,State
0000001724,001724,Child Care,2020-03-22,2020-04-13,2020-06-27,No,60,,Local
0000001724,001724,Childcare Subsidy,2020-09-20,2020-10-03,2021-07-26,No,58,,Local
0000001724,001724,Childcare Subsidy,2022-01-09,2022-01-24,2022-10-06,No,60,,Private
0000001725,001725,Child Care,2018-05-05,2018-05-26,2019-11-28,No,200,,Local
0000001725,001725,Child Care,2019-12-13,2019-12-18,2020-12-29,No,160,,Local
0000001726,001726,Early Intervention,2023-10-14,2023-11-09,2024-08-03,No,21,Early Intervention,State
0000001727,001727,First Steps,2021-04-03,2021-04-20,2021-12-22,No,11,Early Intervention,Federal
0000001728,001728,Early Head Start,2020-07-30,2020-08-20,2020-11-18,No,63,,State
0000001729,001729,Childcare Subsidy,2020-10-02,2020-10-04,2021-06-19,No,139,,Local
0000001729,001729,Early Head Start,2021-07-19,2021-07-29,2022-10-28,No,158,,Local
0000001729,001729,Child Care,2022-11-26,2022-12-02,2024-05-06,No,131,,Private
0000001730,001730,Child Care,2020-10-22,2020-11-01,2023-01-31,No,138,,Local
0000001730,001730,Head Start,2023-05-18,2023-06-12,2025-01-07,No,143,Pre-K,State
0000001731,001731,Early Intervention,2021-10-07,2021-10-31,2024-08-15,No,48,Early Intervention,Local
0000001731,001731,Head Start,2024-10-31,2024-11-25,2025-08-04,No,151,Pre-K,Private
0000001731,001731,Child Care,2021-02-04,2021-03-02,2024-01-27,No,98,,Private
0000001732,001732,Child Care,2021-11-27,2021-12-18,2023-02-24,No,46,,Private
0000001733,001733,Childcare Subsidy,2021-06-30,2021-07-20,2022-11-24,No,80,,Local
0000001733,001733,Early Head Start,2022-12-15,2022-12-25,2024-07-20,No,106,,Private
0000001734,001734,Childcare Subsidy,2020-08-10,2020-08-13,2021-12-04,No,110,,Local
0000001735,001735,Early Head Start,2019-09-13,2019-09-29,2020-08-03,No,132,,State
0000001735,001735,Childcare Subsidy,2020-08-09,2020-08-10,2022-01-14,No,133,,Private
0000001735,001735,Childcare Subsidy,2022-01-30,2022-02-07,2022-10-02,No,125,,State
0000001735,001735,Head Start,2022-10-27,2022-11-01,2023-09-07,No,130,Pre-K,State
0000001735,001735,Child Care,2019-03-27,2019-03-28,2020-06-25,No,190,,Local
0000001736,001736,Childcare Subsidy,2023-02-16,2023-03-03,2024-11-03,No,191,,Local
0000001736,001736,Head Start,2024-11-19,2024-12-12,2026-11-18,No,133,Pre-K,State
0000001737,001737,Early Intervention,2020-10-09,2020-10-19,2022-02-09,No,44,Early Intervention,Local
0000001737,001737,Early Head Start,2022-03-11,2022-03-16,2024-01-12,No,105,,Local
0000001738,001738,First Steps,2022-10-03,2022-11-02,2024-03-10,No,31,Early Intervention,State
0000001738,001738,Home Visiting,2024-03-23,2024-04-02,2025-11-18,Yes,11,,State
0000001739,001739,Childcare Subsidy,2020-07-05,2020-07-20,2021-10-19,No,97,,Private
0000001739,001739,First Steps,2021-11-13,2021-11-27,2023-10-29,No,9,Early Intervention,Private
0000001740,001740,Early Head Start,2019-08-23,2019-09-16,2020-08-26,No,70,,Local
0000001740,001740,Home Visiting,2020-08-27,2020-08-29,2021-10-17,Yes,14,,Local
0000001741,001741,Childcare Subsidy,2019-11-11,2019-12-10,2022-03-13,No,121,,Local
0000001741,001741,Child Care,2022-04-07,2022-04-30,2023-11-29,No,177,,Private
0000001742,001742,Childcare Subsidy,2019-11-11,2019-11-19,2020-10-07,No,68,,State
0000001742,001742,Home Visiting,2020-12-15,2020-12-17,2022-08-19,Yes,16,,Federal
0000001743,001743,First Steps,2019-11-25,2019-12-05,2020-09-16,No,24,Early Intervention,Private
0000001744,001744,Child Care,2018-10-16,2018-10-24,2020-05-22,No,148,,State
0000001744,001744,Home Visiting,2020-09-03,2020-10-03,2023-03-09,Yes,6,,State
0000001745,001745,Childcare Subsidy,2022-01-20,2022-02-03,2023-09-25,No,69,,State
0000001746,001746,Child Care,2020-10-16,2020-11-09,2022-09-10,No,149,,State
0000001746,001746,Childcare Subsidy,2020-12-09,2020-12-24,2024-04-01,No,148,,Federal
0000001747,001747,Early Head Start,2022-05-07,2022-05-31,2023-09-19,No,189,,State
0000001747,001747,Head Start,2023-10-08,2023-11-03,2025-11-04,No,111,Pre-K,Local
0000001747,001747,Home Visiting,2021-09-15,2021-10-05,2024-09-18,Yes,19,,State
0000001748,001748,First Steps,2020-10-02,2020-10-14,2023-07-07,No,42,Early Intervention,Private
0000001749,001749,Home Visiting,2021-11-29,2021-11-30,2022-07-25,Yes,13,,State
0000001749,001749,Child Care,2021-12-30,2022-01-14,2023-04-22,No,69,,Local
0000001750,001750,Home Visiting,2020-04-29,2020-05-17,2021-07-22,Yes,9,,State
0000001751,001751,Child Care,2019-08-23,2019-08-30,2022-05-24,No,191,,Local
0000001751,001751,Head Start,2022-09-13,2022-10-03,2024-02-17,No,98,Pre-K,Federal
0000001751,001751,Early Intervention,2019-08-20,2019-09-01,2022-07-28,No,34,Early Intervention,Local
0000001752,001752,Childcare Subsidy,2020-07-15,2020-08-14,2021-09-09,No,63,,Private
0000001752,001752,Child Care,2020-09-13,2020-09-28,2022-07-14,No,153,,Local
0000001752,001752,First Steps,2022-07-22,2022-07-23,2024-01-15,No,35,Early Intervention,State
0000001753,001753,Child Care,2020-08-14,2020-09-10,2022-08-24,No,64,,Local
0000001754,001754,First Steps,2019-07-31,2019-08-29,2021-03-24,No,25,Early Intervention,Private
0000001754,001754,Home Visiting,2021-04-23,2021-04-24,2022-03-13,Yes,12,,Local
0000001754,001754,Child Care,2022-03-29,2022-04-22,2023-11-04,No,128,,Federal
0000001755,001755,Home Visiting,2022-09-27,2022-10-14,2023-09-08,Yes,17,,Federal
0000001755,001755,Child Care,2023-09-27,2023-10-08,2025-04-28,No,73,,Private
0000001756,001756,Childcare Subsidy,2022-10-19,2022-10-26,2023-03-23,No,55,,Private
0000001756,001756,Child Care,2022-11-25,2022-12-10,2024-05-09,No,112,,Federal
0000001756,001756,Head Start,2024-05-24,2024-06-11,2025-05-19,No,85,Pre-K,Federal
0000001756,001756,Child Care,2025-06-17,2025-06-30,2025-11-28,No,159,,Local
0000001756,001756,State Pre-K,2025-12-15,2026-01-01,2026-08-10,No,112,Pre-K,Private
0000001757,001757,Home Visiting,2021-02-05,2021-02-28,2022-04-27,Yes,27,,Local
0000001757,001757,First Steps,2021-03-30,2021-04-14,2024-04-18,No,37,Early Intervention,Private
0000001758,001758,Home Visiting,2019-05-27,2019-06-19,2020-03-18,Yes,9,,Local
0000001759,001759,Child Care,2023-09-12,2023-10-01,2023-12-20,No,91,,Local
0000001760,001760,Early Intervention,2022-07-09,2022-08-02,2023-04-08,No,30,Early Intervention,State
0000001761,001761,Early Head Start,2019-04-20,2019-05-19,2021-05-25,No,150,,State
0000001762,001762,Childcare Subsidy,2020-12-21,2021-01-15,2021-11-15,No,62,,State
0000001763,001763,Childcare Subsidy,2019-05-07,2019-05-27,2021-12-16,No,54,,Federal
0000001763,001763,Child Care,2022-01-03,2022-01-30,2023-10-23,No,72,,Local
0000001764,001764,Early Head Start,2019-12-07,2019-12-18,2021-12-08,No,162,,Local
0000001765,001765,Child Care,2022-08-24,2022-09-02,2023-10-11,No,123,,Private
0000001766,001766,Childcare Subsidy,2020-12-29,2021-01-05,2021-04-15,No,139,,State
0000001766,001766,Early Head Start,2021-02-04,2021-02-19,2022-01-09,No,104,,Federal
0000001767,001767,Early Intervention,2019-12-03,2019-12-18,2021-03-24,No,36,Early Intervention,Private
0000001768,001768,Early Intervention,2021-11-10,2021-11-21,2023-09-19,No,20,Early Intervention,Local
0000001768,001768,Early Head Start,2024-01-03,2024-01-27,2024-11-29,No,75,,State
0000001769,001769,First Steps,2020-09-03,2020-09-05,2021-06-18,No,12,Early Intervention,State
0000001769,001769,Home Visiting,2021-07-04,2021-07-22,2022-12-11,Yes,18,,Local
0000001769,001769,Child Care,2022-12-23,2023-01-08,2024-04-20,No,78,,State
0000001770,001770,Early Head Start,2019-05-01,2019-05-07,2022-01-17,No,145,,State
0000001770,001770,Head Start,2019-06-06,2019-06-21,2024-06-02,No,151,Pre-K,Private
0000001770,001770,Early Intervention,2019-12-04,2019-12-24,2021-11-11,No,15,Early Intervention,Private
0000001771,001771,Early Intervention,2021-12-15,2022-01-13,2022-09-04,No,11,Early Intervention,Federal
0000001771,001771,Early Head Start,2022-11-27,2022-12-01,2023-08-15,No,108,,Private
0000001772,001772,First Steps,2020-11-27,2020-12-22,2022-06-01,No,47,Early Intervention,State
0000001773,001773,Childcare Subsidy,2022-05-25,2022-06-17,2025-02-27,No,127,,Local
0000001773,001773,Child Care,2025-03-05,2025-03-20,2026-07-12,No,148,,State
0000001773,001773,Early Intervention,2022-05-18,2022-05-22,2024-07-20,No,50,Early Intervention,Local
0000001774,001774,First Steps,2019-10-26,2019-10-28,2020-12-24,No,27,Early Intervention,Local
0000001774,001774,Childcare Subsidy,2021-01-09,2021-01-12,2023-01-12,No,100,,Federal
0000001775,001775,Childcare Subsidy,2022-06-23,2022-07-23,2023-04-26,No,40,,State
0000001776,001776,First Steps,2021-07-14,2021-08-06,2022-03-31,No,42,Early Intervention,Private
0000001777,001777,Early Head Start,2021-09-25,2021-10-11,2023-07-13,No,167,,Local
0000001777,001777,Childcare Subsidy,2023-08-11,2023-09-05,2024-12-27,No,79,,State
0000001778,001778,Early Intervention,2020-04-14,2020-05-12,2020-12-17,No,31,Early Intervention,Private
0000001779,001779,Child Care,2019-03-08,2019-03-20,2021-11-16,No,94,,Federal
0000001780,001780,Childcare Subsidy,2020-02-22,2020-03-10,2021-09-08,No,139,,Private
0000001781,001781,Home Visiting,2020-06-14,2020-07-06,2021-02-06,Yes,8,,State
0000001782,001782,Early Intervention,2021-10-22,2021-10-31,2023-03-28,No,45,Early Intervention,Federal
0000001782,001782,Home Visiting,2021-11-30,2021-12-15,2025-10-05,Yes,26,,Private
0000001782,001782,State Pre-K,2025-11-18,2025-12-14,2026-10-03,No,123,Pre-K,Federal
0000001783,001783,Home Visiting,2019-04-13,2019-05-02,2019-07-10,Yes,15,,Private
0000001784,001784,Early Intervention,2021-07-30,2021-08-01,2024-04-01,No,14,Early Intervention,Federal
0000001784,001784,State Pre-K,2024-05-01,2024-05-08,2025-11-02,No,133,Pre-K,State
0000001784,001784,Child Care,2021-06-22,2021-07-21,2024-02-04,No,174,,Local
0000001785,001785,Child Care,2022-03-27,2022-04-05,2023-08-16,No,74,,Local
0000001785,001785,Childcare Subsidy,2023-08-21,2023-09-03,2026-08-06,No,144,,Federal
0000001786,001786,Early Head Start,2019-11-23,2019-11-28,2020-10-04,No,35,,Local
0000001786,001786,First Steps,2020-10-13,2020-10-23,2021-04-30,No,42,Early Intervention,State
0000001787,001787,Early Head Start,2023-02-11,2023-03-09,2023-09-26,No,123,,Federal
0000001787,001787,Child Care,2024-01-03,2024-01-19,2024-10-21,No,110,,State
0000001787,001787,State Pre-K,2025-02-11,2025-02-20,2026-01-07,No,89,Pre-K,Local
0000001788,001788,Early Head Start,2020-09-20,2020-09-25,2021-05-27,No,32,,Private
0000001788,001788,First Steps,2021-06-26,2021-06-28,2022-06-01,No,26,Early Intervention,Private
0000001789,001789,Early Head Start,2021-02-28,2021-03-26,2023-08-05,No,172,,Federal
0000001789,001789,State Pre-K,2023-08-20,2023-09-01,2025-06-14,No,156,Pre-K,Local
0000001790,001790,Child Care,2021-02-08,2021-03-04,2022-02-20,No,168,,Federal
0000001791,001791,Early Intervention,2022-03-04,2022-03-30,2022-12-03,No,22,Early Intervention,Federal
0000001792,001792,Child Care,2020-11-14,2020-12-08,2022-05-31,No,156,,Private
0000001792,001792,First Steps,2022-09-02,2022-09-16,2025-04-19,No,19,Early Intervention,Federal
0000001792,001792,Home Visiting,2020-10-20,2020-11-07,2022-02-06,Yes,15,,Private
0000001793,001793,Childcare Subsidy,2020-11-14,2020-12-08,2022-07-08,No,52,,Private
0000001794,001794,Child Care,2019-05-29,2019-06-06,2021-11-01,No,194,,Private
0000001794,001794,Early Head Start,2021-11-13,2021-12-12,2024-08-23,No,101,,State
0000001795,001795,Early Head Start,2021-03-12,2021-03-17,2023-04-11,No,94,,Local
0000001795,001795,Head Start,2023-04-23,2023-04-30,2025-08-03,No,83,Pre-K,State
0000001796,001796,First Steps,2021-02-11,2021-03-04,2021-07-14,No,39,Early Intervention,Private
0000001797,001797,Early Intervention,2021-08-20,2021-08-30,2021-12-05,No,19,Early Intervention,Federal
0000001797,001797,Early Intervention,2022-01-01,2022-01-07,2022-04-02,No,28,Early Intervention,State
0000001797,001797,Home Visiting,2022-04-19,2022-05-13,2023-01-18,Yes,8,,Private
0000001798,001798,Child Care,2020-11-22,2020-12-07,2021-11-17,No,85,,Federal
0000001799,001799,Early Head Start,2021-03-01,2021-03-08,2023-05-09,No,198,,Private
0000001799,001799,Head Start,2021-04-07,2021-04-22,2024-10-19,No,134,Pre-K,Private
0000001799,001799,Early Intervention,2020-04-21,2020-05-05,2022-12-22,No,25,Early Intervention,Local
0000001800,001800,First Steps,2022-01-21,2022-02-19,2023-02-24,No,19,Early Intervention,State
0000001800,001800,Early Head Start,2023-03-25,2023-04-01,2024-06-12,No,207,,Local
0000001800,001800,Childcare Subsidy,2024-06-18,2024-06-30,2025-10-14,No,111,,Federal
0000001801,001801,Early Head Start,2019-10-19,2019-11-08,2020-03-20,No,92,,Federal
0000001802,001802,Home Visiting,2021-09-25,2021-10-10,2023-04-12,Yes,9,,State
0000001803,001803,First Steps,2021-03-20,2021-03-31,2022-01-07,No,19,Early Intervention,State
0000001804,001804,First Steps,2021-05-30,2021-06-28,2023-11-16,No,31,Early Intervention,Local
0000001804,001804,State Pre-K,2023-11-24,2023-11-28,2024-12-06,No,138,Pre-K,State
0000001805,001805,Early Intervention,2022-09-08,2022-09-27,2024-06-14,No,17,Early Intervention,Local
0000001805,001805,Head Start,2024-07-03,2024-07-23,2026-03-24,No,150,Pre-K,Local
0000001806,001806,Childcare Subsidy,2019-03-05,2019-03-18,2021-03-11,No,60,,Local
0000001806,001806,Childcare Subsidy,2021-04-07,2021-04-12,2023-04-11,No,195,,Private
0000001807,001807,Home Visiting,2020-01-06,2020-01-30,2020-08-11,Yes,24,,Local
0000001807,001807,Home Visiting,2020-09-10,2020-09-25,2021-06-27,Yes,18,,State
0000001808,001808,Early Intervention,2021-03-09,2021-04-03,2022-09-06,No,12,Early Intervention,Private
0000001808,001808,Home Visiting,2022-09-16,2022-10-16,2023-06-29,Yes,5,,State
0000001809,001809,First Steps,2020-05-08,2020-05-13,2022-07-24,No,46,Early Intervention,Federal
0000001810,001810,Child Care,2021-08-13,2021-08-29,2023-04-24,No,158,,State
0000001810,001810,Childcare Subsidy,2021-09-28,2021-10-13,2024-11-28,No,170,,Private
0000001810,001810,State Pre-K,2024-12-02,2024-12-29,2026-04-01,No,118,Pre-K,State
0000001811,001811,Early Head Start,2021-05-22,2021-06-19,2022-06-27,No,105,,Federal
0000001811,001811,First Steps,2021-07-19,2021-08-03,2023-11-12,No,37,Early Intervention,Local
0000001811,001811,Childcare Subsidy,2023-12-11,2023-12-13,2025-09-03,No,109,,State
0000001812,001812,Early Intervention,2020-06-06,2020-06-20,2021-07-05,No,25,Early Intervention,Private
0000001812,001812,Child Care,2021-10-05,2021-11-04,2022-08-07,No,86,,State
0000001812,001812,Childcare Subsidy,2022-09-25,2022-10-07,2023-06-14,No,133,,Local
0000001813,001813,Early Head Start,2019-12-09,2020-01-06,2021-12-07,No,166,,Federal
0000001813,001813,Home Visiting,2021-12-09,2021-12-21,2024-06-03,Yes,8,,Federal
0000001813,001813,Early Head Start,2019-12-12,2020-01-11,2021-11-30,No,121,,Private
0000001814,001814,Early Head Start,2020-10-02,2020-11-01,2021-01-08,No,77,,Federal
0000001815,001815,First Steps,2020-05-13,2020-05-22,2020-12-27,No,30,Early Intervention,Local
0000001815,001815,Early Intervention,2021-05-03,2021-06-01,2021-08-01,No,5,Early Intervention,Private
0000001815,001815,State Pre-K,2022-01-09,2022-01-20,2022-08-27,No,43,Pre-K,Local
0000001816,001816,First Steps,2021-02-28,2021-03-09,2021-09-18,No,6,Early Intervention,Private
0000001816,001816,Childcare Subsidy,2021-10-08,2021-10-10,2022-08-07,No,95,,Local
0000001817,001817,Home Visiting,2021-10-31,2021-11-15,2022-11-07,Yes,8,,State
0000001818,001818,Home Visiting,2021-03-09,2021-03-12,2022-10-04,Yes,12,,Local
0000001818,001818,Child Care,2022-10-26,2022-10-29,2025-05-07,No,143,,State
0000001819,001819,Early Intervention,2020-07-01,2020-07-02,2021-07-23,No,22,Early Intervention,Local
0000001819,001819,Child Care,2021-09-09,2021-09-27,2022-03-28,No,109,,Local
0000001820,001820,Home Visiting,2021-08-23,2021-09-21,2022-12-06,Yes,26,,Federal
0000001820,001820,First Steps,2022-12-18,2022-12-31,2025-02-03,No,40,Early Intervention,Private
0000001820,001820,Child Care,2025-02-10,2025-02-25,2025-12-05,No,52,,Federal
0000001821,001821,First Steps,2021-06-04,2021-06-07,2022-02-04,No,19,Early Intervention,Local
0000001822,001822,Home Visiting,2021-10-21,2021-10-31,2023-04-02,Yes,14,,Local
0000001822,001822,Child Care,2023-07-25,2023-08-12,2024-11-11,No,177,,Local
0000001823,001823,First Steps,2019-12-09,2019-12-24,2020-09-28,No,31,Early Intervention,Private
0000001823,001823,Early Intervention,2021-03-03,2021-03-17,2021-09-08,No,33,Early Intervention,Federal
0000001823,001823,First Steps,2022-01-03,2022-01-26,2022-05-14,No,36,Early Intervention,State
0000001824,001824,First Steps,2022-03-31,2022-04-08,2023-03-13,No,8,Early Intervention,Local
0000001825,001825,Early Intervention,2019-11-10,2019-11-11,2021-01-16,No,26,Early Intervention,Federal
0000001826,001826,Early Intervention,2021-03-19,2021-03-31,2022-02-19,No,14,Early Intervention,Local
0000001826,001826,Child Care,2022-02-28,2022-03-03,2023-11-05,No,123,,Federal
0000001827,001827,Early Head Start,2019-06-16,2019-06-18,2020-11-24,No,120,,Federal
0000001828,001828,Child Care,2019-01-29,2019-02-19,2020-01-13,No,80,,Private
0000001828,001828,Home Visiting,2020-01-15,2020-01-22,2021-01-26,Yes,7,,State
0000001829,001829,Early Intervention,2019-01-18,2019-02-04,2020-07-02,No,22,Early Intervention,State
0000001829,001829,Home Visiting,2020-07-08,2020-07-22,2021-03-27,Yes,18,,Private
0000001830,001830,Child Care,2021-09-12,2021-09-19,2022-12-03,No,152,,State
0000001830,001830,Head Start,2022-12-16,2022-12-27,2025-06-08,No,94,Pre-K,Local
0000001830,001830,Home Visiting,2020-12-09,2020-12-28,2023-05-06,Yes,22,,Federal
0000001830,001830,Head Start,2023-05-19,2023-05-31,2025-06-08,No,89,Pre-K,Federal
0000001830,001830,First Steps,2020-12-09,2020-12-13,2023-01-19,No,55,Early Intervention,State
0000001831,001831,Early Head Start,2020-03-27,2020-04-01,2021-06-25,No,79,,Local
0000001831,001831,Child Care,2021-07-10,2021-07-14,2023-05-05,No,186,,Private
0000001831,001831,Head Start,2023-05-08,2023-05-17,2024-07-14,No,128,Pre-K,Local
0000001832,001832,Early Intervention,2020-07-05,2020-07-24,2021-03-09,No,21,Early Intervention,Private
0000001832,001832,First Steps,2021-03-17,2021-04-07,2021-12-30,No,29,Early Intervention,Local
0000001833,001833,Early Intervention,2020-08-16,2020-08-24,2021-07-21,No,9,Early Intervention,Federal
0000001833,001833,Early Intervention,2021-08-08,2021-08-09,2023-08-08,No,34,Early Intervention,Federal
0000001834,001834,Early Head Start,2019-02-22,2019-03-15,2021-12-28,No,52,,Local
0000001834,001834,State Pre-K,2022-01-26,2022-02-17,2023-12-18,No,89,Pre-K,State
0000001834,001834,Early Head Start,2019-10-06,2019-10-21,2021-06-01,No,150,,State
0000001835,001835,Child Care,2022-09-30,2022-10-15,2024-05-28,No,159,,Local
0000001835,001835,State Pre-K,2024-06-25,2024-07-25,2025-10-18,No,118,Pre-K,Local
0000001836,001836,Home Visiting,2021-04-28,2021-05-13,2021-08-20,Yes,8,,Federal
0000001836,001836,Early Intervention,2021-12-23,2022-01-08,2022-04-19,No,23,Early Intervention,Local
0000001837,001837,Home Visiting,2019-11-20,2019-12-06,2020-10-23,Yes,10,,Local
0000001837,001837,First Steps,2020-11-06,2020-12-03,2022-07-06,No,18,Early Intervention,Private
0000001838,001838,Child Care,2019-04-20,2019-05-16,2019-09-05,No,87,,Local
0000001838,001838,Childcare Subsidy,2019-09-19,2019-10-07,2020-03-05,No,65,,State
0000001839,001839,Childcare Subsidy,2020-02-09,2020-03-08,2021-02-24,No,50,,Private
0000001840,001840,Early Head Start,2023-03-27,2023-04-01,2023-07-29,No,119,,Local
0000001840,001840,Early Intervention,2023-11-11,2023-12-11,2024-04-08,No,24,Early Intervention,State
0000001840,001840,Head Start,2024-09-18,2024-09-27,2025-09-10,No,102,Pre-K,Private
0000001841,001841,Child Care,2020-12-30,2021-01-10,2022-05-25,No,156,,Federal
0000001841,001841,Childcare Subsidy,2021-02-09,2021-02-24,2023-01-14,No,199,,State
0000001842,001842,Child Care,2020-06-04,2020-06-16,2023-05-02,No,110,,Private
0000001842,001842,Child Care,2023-07-01,2023-07-11,2025-08-19,No,135,,Private
0000001843,001843,First Steps,2022-04-02,2022-04-08,2022-08-05,No,7,Early Intervention,Federal
0000001844,001844,Early Head Start,2020-11-23,2020-12-04,2023-07-26,No,171,,Local
0000001844,001844,Childcare Subsidy,2023-08-15,2023-08-27,2025-05-19,No,72,,Local
0000001844,001844,Early Head Start,2020-12-07,2020-12-26,2022-11-26,No,175,,State
0000001845,001845,Home Visiting,2022-08-04,2022-08-30,2023-06-06,Yes,4,,Local
0000001845,001845,Early Intervention,2023-07-06,2023-07-08,2024-01-10,No,52,Early Intervention,Federal
0000001845,001845,Head Start,2024-01-17,2024-02-05,2024-09-28,No,100,Pre-K,State
0000001846,001846,Home Visiting,2021-10-28,2021-11-14,2023-09-15,Yes,26,,State
0000001847,001847,Early Head Start,2022-04-27,2022-05-19,2025-02-26,No,203,,State
0000001848,001848,Early Head Start,2019-11-07,2019-12-04,2021-06-22,No,148,,Private
0000001849,001849,First Steps,2022-08-03,2022-08-13,2025-06-11,No,46,Early Intervention,Local
0000001850,001850,Early Head Start,2021-06-08,2021-06-17,2021-10-03,No,137,,Federal
0000001851,001851,Child Care,2019-03-03,2019-03-29,2019-06-07,No,114,,State
0000001851,001851,Early Intervention,2019-06-16,2019-07-09,2020-02-26,No,22,Early Intervention,Local
0000001852,001852,Home Visiting,2021-01-14,2021-01-21,2022-06-27,Yes,7,,Local
0000001852,001852,Early Head Start,2021-02-20,2021-03-07,2023-11-25,No,113,,Local
0000001853,001853,First Steps,2023-04-12,2023-05-05,2024-04-30,No,10,Early Intervention,Local
0000001854,001854,Childcare Subsidy,2020-04-02,2020-05-01,2020-11-25,No,125,,Federal
0000001854,001854,First Steps,2020-12-05,2020-12-27,2021-11-27,No,21,Early Intervention,Federal
0000001855,001855,Child Care,2023-06-27,2023-07-10,2024-08-28,No,91,,State
0000001855,001855,State Pre-K,2024-08-31,2024-09-01,2025-09-24,No,91,Pre-K,Private
0000001855,001855,Childcare Subsidy,2025-09-26,2025-10-14,2026-06-20,No,119,,Private
0000001856,001856,Childcare Subsidy,2019-03-18,2019-03-23,2020-04-18,No,100,,Federal
0000001857,001857,First Steps,2019-01-12,2019-01-25,2019-08-17,No,10,Early Intervention,Federal
0000001858,001858,Child Care,2020-08-04,2020-08-21,2021-08-18,No,86,,Federal
0000001858,001858,First Steps,2021-09-06,2021-09-20,2022-05-23,No,8,Early Intervention,Local
0000001858,001858,Child Care,2022-06-12,2022-07-09,2024-07-04,No,158,,Local
0000001859,001859,First Steps,2019-01-02,2019-01-10,2021-09-02,No,53,Early Intervention,Federal
0000001860,001860,Early Intervention,2022-10-27,2022-11-18,2024-09-26,No,47,Early Intervention,Private
0000001861,001861,Early Intervention,2021-06-03,2021-06-12,2022-12-17,No,17,Early Intervention,Local
0000001861,001861,Home Visiting,2023-01-02,2023-01-21,2023-09-20,Yes,21,,Private
0000001862,001862,Childcare Subsidy,2019-07-15,2019-07-20,2021-09-28,No,138,,Local
0000001863,001863,Home Visiting,2018-06-25,2018-07-15,2018-09-16,Yes,2,,Private
0000001863,001863,Child Care,2018-10-16,2018-10-24,2019-06-20,No,147,,Federal
0000001864,001864,First Steps,2022-11-03,2022-11-11,2023-07-25,No,30,Early Intervention,Local
0000001865,001865,Childcare Subsidy,2018-10-01,2018-10-18,2020-06-29,No,141,,Private
0000001865,001865,Childcare Subsidy,2020-08-12,2020-09-02,2021-06-15,No,105,,Local
0000001866,001866,Early Head Start,2021-06-14,2021-06-21,2022-04-05,No,128,,Federal
0000001866,001866,Home Visiting,2022-04-06,2022-04-10,2023-01-29,Yes,5,,Federal
0000001867,001867,Early Intervention,2019-12-04,2019-12-22,2021-08-19,No,29,Early Intervention,Local
0000001867,001867,Early Head Start,2021-09-29,2021-10-16,2023-10-12,No,108,,Federal
0000001868,001868,Early Intervention,2022-01-12,2022-02-05,2023-03-21,No,39,Early Intervention,Private
0000001868,001868,Early Head Start,2023-04-16,2023-04-18,2024-02-01,No,167,,State
0000001868,001868,Child Care,2024-02-15,2024-02-24,2025-12-02,No,158,,State
0000001869,001869,Childcare Subsidy,2020-09-05,2020-09-16,2023-02-08,No,197,,Federal
0000001870,001870,Childcare Subsidy,2021-05-26,2021-06-07,2022-06-19,No,150,,Private
0000001870,001870,Child Care,2022-09-19,2022-10-08,2024-01-23,No,165,,State
0000001871,001871,Home Visiting,2020-07-06,2020-08-05,2021-12-02,Yes,3,,Local
0000001871,001871,Child Care,2021-12-14,2021-12-15,2022-12-20,No,131,,State
0000001871,001871,Child Care,2023-01-17,2023-01-30,2023-11-29,No,92,,State
0000001872,001872,Early Intervention,2022-06-20,2022-07-18,2024-02-05,No,45,Early Intervention,State
0000001873,001873,First Steps,2019-01-17,2019-02-05,2019-09-27,No,23,Early Intervention,Federal
0000001873,001873,Childcare Subsidy,2019-10-16,2019-11-09,2020-02-19,No,79,,Private
0000001874,001874,Childcare Subsidy,2021-10-30,2021-11-01,2024-07-25,No,131,,Local
0000001874,001874,Childcare Subsidy,2024-08-01,2024-08-05,2026-11-22,No,175,,Local
0000001875,001875,Home Visiting,2019-09-18,2019-10-02,2020-03-04,Yes,11,,State
0000001875,001875,Childcare Subsidy,2019-11-01,2019-11-16,2020-10-11,No,130,,Local
0000001875,001875,Early Head Start,2021-03-11,2021-03-22,2021-09-17,No,58,,Local
0000001876,001876,Early Intervention,2020-10-21,2020-10-28,2021-10-04,No,17,Early Intervention,State
0000001877,001877,Home Visiting,2019-08-17,2019-09-11,2020-04-09,Yes,20,,Local
0000001877,001877,Early Intervention,2020-05-03,2020-05-28,2021-03-04,No,13,Early Intervention,State
0000001877,001877,Home Visiting,2021-04-03,2021-04-27,2023-03-27,Yes,17,,Local
0000001877,001877,State Pre-K,2023-04-18,2023-05-18,2024-07-22,No,128,Pre-K,Local
0000001878,001878,Childcare Subsidy,2021-07-13,2021-07-18,2021-12-10,No,56,,Private
0000001878,001878,Early Intervention,2021-08-17,2021-09-01,2022-07-23,No,14,Early Intervention,Federal
0000001879,001879,Early Intervention,2022-05-09,2022-05-29,2024-02-16,No,36,Early Intervention,Federal
0000001880,001880,Child Care,2019-08-20,2019-09-01,2021-06-09,No,94,,State
0000001880,001880,Home Visiting,2021-07-31,2021-08-28,2022-08-16,Yes,18,,State
0000001880,001880,State Pre-K,2022-11-14,2022-11-27,2024-01-12,No,93,Pre-K,Private
0000001880,001880,Home Visiting,2020-04-04,2020-04-08,2021-11-16,Yes,13,,Private
0000001880,001880,First Steps,2021-12-27,2021-12-31,2023-12-08,No,46,Early Intervention,Private
0000001881,001881,Child Care,2022-06-25,2022-06-26,2022-12-06,No,95,,Federal
0000001882,001882,Home Visiting,2022-09-07,2022-09-08,2023-06-04,Yes,12,,State
0000001883,001883,Early Intervention,2019-04-01,2019-04-13,2021-12-08,No,49,Early Intervention,Private
0000001883,001883,Childcare Subsidy,2021-12-16,2022-01-11,2024-05-12,No,52,,Federal
0000001884,001884,Early Intervention,2022-01-30,2022-01-31,2023-11-03,No,39,Early Intervention,Private
0000001884,001884,Head Start,2024-02-10,2024-03-06,2024-12-10,No,69,Pre-K,Local
0000001884,001884,Head Start,2025-02-13,2025-02-28,2026-08-10,No,92,Pre-K,State
0000001885,001885,Home Visiting,2022-01-11,2022-01-22,2023-01-24,Yes,6,,Private
0000001886,001886,First Steps,2021-05-17,2021-05-22,2024-01-16,No,43,Early Intervention,Local
0000001886,001886,Child Care,2024-03-05,2024-03-24,2025-07-23,No,189,,State
0000001887,001887,Early Head Start,2020-08-29,2020-09-15,2021-04-24,No,165,,Private
0000001887,001887,Childcare Subsidy,2021-07-28,2021-08-02,2022-06-24,No,86,,State
0000001888,001888,First Steps,2021-06-28,2021-07-02,2022-10-29,No,30,Early Intervention,Local
0000001888,001888,Child Care,2022-10-31,2022-11-17,2023-11-26,No,93,,Private
0000001889,001889,Home Visiting,2021-05-01,2021-05-14,2021-10-04,Yes,11,,State
0000001889,001889,Early Intervention,2021-10-14,2021-10-31,2022-08-29,No,9,Early Intervention,State
0000001890,001890,Early Intervention,2022-04-09,2022-04-11,2023-02-23,No,24,Early Intervention,State
0000001891,001891,First Steps,2020-05-08,2020-05-23,2021-01-22,No,49,Early Intervention,Private
0000001891,001891,Early Intervention,2021-02-21,2021-03-15,2022-06-05,No,11,Early Intervention,Private
0000001892,001892,Home Visiting,2019-11-14,2019-11-27,2020-08-26,Yes,12,,State
0000001892,001892,Childcare Subsidy,2021-01-23,2021-02-08,2021-10-22,No,76,,Federal
0000001893,001893,Child Care,2021-08-22,2021-08-27,2022-09-15,No,174,,Federal
0000001893,001893,Home Visiting,2022-09-25,2022-10-07,2024-04-20,Yes,13,,State
0000001894,001894,Early Head Start,2021-01-20,2021-02-17,2023-06-12,No,165,,State
0000001895,001895,Child Care,2021-01-25,2021-02-07,2021-09-25,No,68,,Private
0000001895,001895,Home Visiting,2021-12-15,2021-12-25,2022-03-28,Yes,6,,Private
0000001896,001896,First Steps,2020-11-21,2020-12-15,2022-08-09,No,22,Early Intervention,Federal
0000001896,001896,Childcare Subsidy,2022-08-19,2022-09-15,2024-08-04,No,138,,State
0000001897,001897,Childcare Subsidy,2022-02-10,2022-03-05,2023-03-01,No,116,,Private
0000001897,001897,First Steps,2023-03-09,2023-04-01,2024-02-25,No,21,Early Intervention,Local
0000001898,001898,Early Intervention,2023-01-25,2023-02-15,2023-10-04,No,34,Early Intervention,Federal
0000001899,001899,Childcare Subsidy,2020-11-11,2020-12-02,2021-05-18,No,153,,State
0000001899,001899,Childcare Subsidy,2021-08-24,2021-08-27,2021-11-01,No,38,,Federal
0000001900,001900,Early Intervention,2022-11-27,2022-12-06,2024-03-25,No,16,Early Intervention,Federal
0000001900,001900,Child Care,2023-01-05,2023-01-20,2026-04-19,No,194,,Private
0000001901,001901,Home Visiting,2021-03-08,2021-04-01,2021-08-31,Yes,11,,Federal
0000001902,001902,Childcare Subsidy,2021-01-11,2021-02-02,2022-04-26,No,91,,State
0000001903,001903,Early Intervention,2019-08-18,2019-08-27,2020-04-13,No,16,Early Intervention,Local
0000001903,001903,Early Head Start,2020-04-21,2020-05-04,2021-05-04,No,99,,Federal
0000001903,001903,Childcare Subsidy,2021-05-05,2021-05-21,2021-09-08,No,138,,State
0000001904,001904,Child Care,2019-08-28,2019-09-11,2019-12-24,No,115,,Federal
0000001904,001904,Childcare Subsidy,2020-06-21,2020-07-13,2021-04-08,No,39,,Local
0000001905,001905,First Steps,2021-10-16,2021-10-29,2023-01-25,No,35,Early Intervention,Private
0000001905,001905,First Steps,2023-04-29,2023-05-18,2025-03-19,No,35,Early Intervention,State
0000001905,001905,Head Start,2025-05-21,2025-05-24,2026-05-24,No,107,Pre-K,Local
0000001905,001905,Home Visiting,2022-02-04,2022-02-20,2023-04-15,Yes,13,,Private
0000001905,001905,Childcare Subsidy,2023-06-10,2023-06-25,2024-02-14,No,199,,Local
0000001906,001906,Early Intervention,2023-07-12,2023-07-24,2024-05-21,No,31,Early Intervention,State
0000001906,001906,Early Intervention,2024-06-08,2024-07-01,2026-04-19,No,34,Early Intervention,Private
0000001906,001906,Childcare Subsidy,2026-05-06,2026-05-30,2027-01-14,No,127,,State
0000001907,001907,Early Head Start,2021-04-07,2021-04-11,2021-11-26,No,65,,State
0000001908,001908,Child Care,2022-09-28,2022-10-28,2024-06-02,No,184,,Private
0000001908,001908,Home Visiting,2024-06-03,2024-06-09,2027-01-13,Yes,15,,Local
0000001908,001908,Early Head Start,2022-07-16,2022-08-04,2023-09-24,No,206,,State
0000001908,001908,First Steps,2023-09-25,2023-10-15,2026-06-26,No,11,Early Intervention,Private
0000001909,001909,Child Care,2019-09-17,2019-10-02,2022-06-07,No,138,,Local
0000001909,001909,Childcare Subsidy,2022-06-16,2022-06-22,2023-07-17,No,160,,Federal
0000001909,001909,Childcare Subsidy,2019-01-17,2019-01-31,2020-12-15,No,128,,Federal
0000001910,001910,First Steps,2022-12-09,2023-01-04,2023-03-12,No,32,Early Intervention,Federal
0000001910,001910,Childcare Subsidy,2023-02-03,2023-02-18,2023-08-06,No,45,,Private
0000001910,001910,Early Intervention,2023-08-15,2023-09-14,2024-02-23,No,24,Early Intervention,Local
0000001911,001911,Childcare Subsidy,2022-12-02,2022-12-08,2024-02-15,No,64,,Local
0000001912,001912,First Steps,2019-11-19,2019-12-13,2020-07-29,No,9,Early Intervention,Local
0000001912,001912,Childcare Subsidy,2020-10-12,2020-11-06,2021-09-21,No,108,,Federal
0000001912,001912,Early Intervention,2022-02-02,2022-02-09,2022-11-22,No,17,Early Intervention,State
0000001913,001913,Early Head Start,2022-09-15,2022-10-06,2023-11-28,No,98,,Private
0000001913,001913,Early Head Start,2023-12-07,2023-12-13,2025-07-16,No,105,,State
0000001913,001913,Childcare Subsidy,2025-07-28,2025-08-18,2026-09-21,No,178,,State
0000001914,001914,First Steps,2021-12-05,2021-12-14,2022-08-13,No,24,Early Intervention,State
0000001914,001914,Home Visiting,2022-08-21,2022-09-08,2023-09-01,Yes,20,,Local
0000001914,001914,Early Head Start,2023-09-19,2023-09-21,2024-03-25,No,45,,Federal
0000001915,001915,Early Head Start,2022-10-03,2022-10-15,2024-02-08,No,74,,State
0000001915,001915,Early Intervention,2024-02-22,2024-03-20,2025-01-26,No,40,Early Intervention,State
0000001916,001916,Childcare Subsidy,2022-07-14,2022-07-30,2024-01-16,No,152,,Federal
0000001916,001916,Child Care,2024-02-04,2024-02-15,2025-08-31,No,90,,Local
0000001916,001916,State Pre-K,2025-09-30,2025-10-06,2026-10-02,No,91,Pre-K,Local
0000001917,001917,Child Care,2021-07-09,2021-07-14,2022-03-06,No,71,,Federal
0000001917,001917,Child Care,2022-05-04,2022-05-30,2023-08-02,No,135,,Private
0000001918,001918,Child Care,2020-06-27,2020-07-04,2020-12-21,No,122,,State
0000001918,001918,Child Care,2021-01-07,2021-01-16,2021-06-09,No,31,,Private
0000001918,001918,First Steps,2021-06-13,2021-06-18,2022-04-26,No,29,Early Intervention,Federal
0000001918,001918,Home Visiting,2022-05-06,2022-06-05,2022-12-30,Yes,14,,Local
0000001918,001918,Head Start,2023-01-17,2023-02-02,2023-06-26,No,140,Pre-K,Federal
0000001919,001919,First Steps,2022-10-25,2022-10-29,2025-05-08,No,44,Early Intervention,Private
0000001920,001920,Home Visiting,2021-11-08,2021-12-02,2024-01-06,Yes,19,,Federal
0000001920,001920,Early Head Start,2024-01-23,2024-02-07,2025-11-09,No,174,,Private
0000001921,001921,Home Visiting,2022-06-27,2022-07-19,2024-06-06,Yes,20,,Federal
0000001921,001921,State Pre-K,2022-08-18,2022-09-02,2026-01-22,No,86,Pre-K,Local
0000001921,001921,Childcare Subsidy,2026-01-27,2026-02-13,2026-10-11,No,48,,Private
0000001921,001921,Childcare Subsidy,2022-04-13,2022-04-21,2024-03-05,No,137,,Private
0000001921,001921,Childcare Subsidy,2024-03-25,2024-04-13,2025-09-18,No,128,,Private
0000001922,001922,First Steps,2019-08-09,2019-09-03,2021-05-03,No,10,Early Intervention,State
0000001922,001922,Early Head Start,2021-05-11,2021-06-02,2024-02-02,No,109,,Federal
0000001922,001922,Child Care,2019-08-05,2019-08-17,2022-04-30,No,150,,Federal
0000001923,001923,Child Care,2021-08-31,2021-09-27,2024-05-01,No,169,,Federal
0000001923,001923,Child Care,2024-05-12,2024-06-07,2026-03-31,No,187,,Local
0000001924,001924,Childcare Subsidy,2022-10-06,2022-11-05,2025-01-30,No,74,,State
0000001924,001924,Childcare Subsidy,2025-02-28,2025-03-11,2026-11-25,No,69,,Private
0000001924,001924,Child Care,2022-05-28,2022-06-21,2025-05-28,No,56,,Private
0000001924,001924,Child Care,2025-06-02,2025-06-13,2026-11-25,No,131,,Local
0000001925,001925,Early Intervention,2019-11-10,2019-11-13,2020-02-06,No,37,Early Intervention,Local
0000001926,001926,Childcare Subsidy,2020-02-01,2020-02-03,2020-10-19,No,106,,State
0000001926,001926,Child Care,2020-03-04,2020-03-19,2021-03-21,No,101,,Local
0000001927,001927,First Steps,2020-12-01,2020-12-30,2022-02-05,No,12,Early Intervention,Local
0000001928,001928,Early Intervention,2022-03-13,2022-04-05,2022-11-30,No,23,Early Intervention,Private
0000001928,001928,Early Intervention,2023-04-06,2023-04-28,2023-08-06,No,30,Early Intervention,Private
0000001928,001928,Early Intervention,2023-10-14,2023-11-13,2024-06-17,No,9,Early Intervention,Local
0000001929,001929,Early Head Start,2021-08-04,2021-09-01,2023-10-14,No,119,,Private
0000001929,001929,Childcare Subsidy,2023-11-01,2023-12-01,2026-04-04,No,69,,Private
0000001930,001930,Early Head Start,2021-07-05,2021-07-29,2023-07-16,No,158,,Private
0000001930,001930,Childcare Subsidy,2023-10-04,2023-10-20,2025-02-17,No,190,,State
0000001930,001930,First Steps,2020-08-20,2020-09-10,2021-09-17,No,58,Early Intervention,State
0000001930,001930,Early Head Start,2021-11-16,2021-11-23,2024-11-15,No,181,,State
0000001931,001931,Home Visiting,2020-03-01,2020-03-11,2021-10-09,Yes,7,,Federal
0000001932,001932,Early Intervention,2021-03-17,2021-03-27,2022-10-25,No,54,Early Intervention,Federal
0000001932,001932,Child Care,2022-11-10,2022-11-14,2024-10-25,No,166,,State
0000001932,001932,Childcare Subsidy,2024-10-27,2024-11-22,2025-10-13,No,48,,Federal
0000001933,001933,Child Care,2019-04-16,2019-04-19,2022-01-12,No,77,,Private
0000001934,001934,Home Visiting,2023-04-02,2023-04-03,2024-12-13,Yes,25,,State
0000001934,001934,Childcare Subsidy,2024-12-31,2025-01-21,2026-10-24,No,184,,Local
0000001935,001935,Early Intervention,2022-10-08,2022-10-22,2023-11-04,No,25,Early Intervention,Private
0000001936,001936,First Steps,2020-03-15,2020-03-29,2020-11-09,No,26,Early Intervention,Local
0000001937,001937,Childcare Subsidy,2022-03-27,2022-03-31,2023-07-01,No,104,,Federal
0000001937,001937,Childcare Subsidy,2023-07-02,2023-07-13,2024-12-10,No,57,,Local
0000001937,001937,State Pre-K,2024-12-29,2025-01-27,2026-04-19,No,83,Pre-K,Federal
0000001938,001938,Childcare Subsidy,2020-10-16,2020-10-20,2021-10-25,No,41,,State
0000001938,001938,Home Visiting,2021-11-04,2021-11-09,2023-06-18,Yes,14,,Private
0000001939,001939,Child Care,2019-08-20,2019-09-08,2021-03-15,No,79,,Federal
0000001940,001940,Early Intervention,2019-04-08,2019-04-29,2020-03-16,No,19,Early Intervention,Local
0000001940,001940,Early Intervention,2020-07-07,2020-07-19,2021-07-29,No,16,Early Intervention,Federal
0000001941,001941,Home Visiting,2021-06-04,2021-06-18,2023-07-28,Yes,18,,Private
0000001941,001941,Child Care,2023-08-04,2023-08-22,2025-09-07,No,176,,Private
0000001941,001941,Early Head Start,2021-03-17,2021-04-06,2022-08-15,No,87,,State
0000001942,001942,Early Intervention,2019-08-03,2019-08-11,2021-05-23,No,22,Early Intervention,Private
0000001942,001942,Head Start,2019-09-10,2019-09-25,2023-06-20,No,107,Pre-K,Local
0000001943,001943,Home Visiting,2021-10-20,2021-10-23,2024-09-24,Yes,25,,State
0000001944,001944,Childcare Subsidy,2019-11-02,2019-11-05,2020-08-16,No,45,,State
0000001945,001945,Early Intervention,2020-02-15,2020-03-03,2020-12-14,No,9,Early Intervention,Federal
0000001946,001946,Early Intervention,2020-10-27,2020-11-18,2021-11-25,No,48,Early Intervention,State
0000001947,001947,Childcare Subsidy,2019-07-03,2019-07-25,2020-03-26,No,160,,State
0000001948,001948,Child Care,2023-02-14,2023-03-15,2025-05-05,No,122,,State
0000001949,001949,Child Care,2022-06-09,2022-06-26,2023-06-28,No,155,,Local
0000001950,001950,First Steps,2021-08-11,2021-08-27,2022-06-29,No,8,Early Intervention,State
0000001950,001950,Early Head Start,2022-07-08,2022-07-29,2023-11-19,No,76,,Private
0000001951,001951,Early Intervention,2021-09-29,2021-09-30,2022-07-02,No,21,Early Intervention,Private
0000001951,001951,Early Intervention,2022-07-29,2022-08-22,2024-07-27,No,48,Early Intervention,Private
0000001951,001951,Head Start,2024-07-30,2024-08-16,2025-05-27,No,109,Pre-K,State
0000001952,001952,Early Intervention,2021-01-17,2021-01-19,2022-07-06,No,23,Early Intervention,Federal
0000001952,001952,Childcare Subsidy,2022-07-25,2022-08-08,2024-04-28,No,74,,Federal
0000001952,001952,Head Start,2024-05-22,2024-06-04,2025-01-24,No,136,Pre-K,Local
0000001953,001953,Early Head Start,2021-07-29,2021-08-11,2024-04-06,No,62,,State
0000001953,001953,Child Care,2024-05-09,2024-05-22,2025-08-26,No,131,,State
0000001953,001953,Home Visiting,2021-02-26,2021-03-10,2022-11-21,Yes,26,,Private
0000001954,001954,Childcare Subsidy,2021-01-15,2021-01-28,2022-08-28,No,105,,Federal
0000001955,001955,Early Intervention,2020-03-17,2020-04-09,2020-11-18,No,28,Early Intervention,Private
0000001955,001955,Home Visiting,2021-05-05,2021-06-01,2021-10-15,Yes,18,,State
0000001955,001955,Early Intervention,2022-01-03,2022-01-24,2022-11-29,No,22,Early Intervention,Private
0000001956,001956,Early Head Start,2021-01-10,2021-01-24,2021-10-21,No,147,,State
0000001957,001957,Early Head Start,2021-12-24,2022-01-03,2022-10-25,No,44,,Private
0000001957,001957,First Steps,2022-10-29,2022-11-07,2024-01-04,No,11,Early Intervention,State
0000001957,001957,Childcare Subsidy,2024-01-07,2024-02-01,2024-09-15,No,67,,Local
0000001958,001958,Child Care,2020-08-25,2020-09-20,2021-07-15,No,113,,State
0000001959,001959,Child Care,2022-05-01,2022-05-14,2024-08-20,No,70,,Local
0000001959,001959,Childcare Subsidy,2024-08-22,2024-08-28,2025-12-04,No,72,,Local
0000001960,001960,Early Head Start,2020-12-12,2021-01-04,2022-01-14,No,73,,Local
0000001960,001960,Child Care,2022-03-22,2022-04-11,2023-09-26,No,162,,Federal
0000001961,001961,Early Head Start,2021-07-31,2021-08-10,2022-03-23,No,61,,State
0000001961,001961,Early Head Start,2022-03-26,2022-04-01,2023-02-19,No,124,,Local
0000001962,001962,Childcare Subsidy,2019-12-21,2020-01-18,2021-07-12,No,165,,Local
0000001962,001962,First Steps,2021-07-22,2021-08-05,2023-07-03,No,22,Early Intervention,State
0000001963,001963,Child Care,2021-01-18,2021-01-19,2021-11-25,No,32,,Private
0000001963,001963,Childcare Subsidy,2022-02-21,2022-03-21,2022-10-24,No,139,,State
0000001963,001963,Home Visiting,2023-03-24,2023-03-27,2023-09-25,Yes,15,,Local
0000001964,001964,First Steps,2019-06-20,2019-07-20,2020-03-06,No,40,Early Intervention,State
0000001965,001965,Childcare Subsidy,2020-06-06,2020-06-08,2022-04-09,No,195,,Federal
0000001965,001965,Childcare Subsidy,2022-04-19,2022-05-13,2024-03-01,No,188,,Federal
0000001966,001966,First Steps,2019-10-05,2019-11-03,2021-09-14,No,19,Early Intervention,Federal
0000001966,001966,Childcare Subsidy,2021-09-20,2021-10-07,2023-04-08,No,48,,Private
0000001967,001967,Early Intervention,2021-01-29,2021-02-21,2021-08-28,No,22,Early Intervention,State
0000001968,001968,Childcare Subsidy,2023-04-21,2023-04-23,2024-10-20,No,178,,Local
0000001969,001969,Home Visiting,2023-07-28,2023-07-31,2024-04-22,Yes,15,,State
0000001970,001970,Childcare Subsidy,2022-07-17,2022-08-14,2023-09-29,No,150,,Federal
0000001971,001971,Childcare Subsidy,2019-10-13,2019-11-04,2021-06-22,No,126,,Federal
0000001972,001972,Early Intervention,2021-01-15,2021-01-27,2022-12-19,No,37,Early Intervention,State
0000001973,001973,Childcare Subsidy,2020-10-07,2020-11-04,2021-12-27,No,86,,Private
0000001973,001973,Child Care,2022-01-12,2022-01-22,2023-12-09,No,54,,State
0000001973,001973,State Pre-K,2023-12-31,2024-01-11,2024-07-14,No,118,Pre-K,State
0000001974,001974,Early Intervention,2023-04-21,2023-04-29,2024-01-25,No,23,Early Intervention,Federal
0000001974,001974,Home Visiting,2024-02-02,2024-02-04,2024-10-14,Yes,12,,State
0000001974,001974,State Pre-K,2024-10-23,2024-10-24,2026-04-12,No,145,Pre-K,Private
0000001975,001975,First Steps,2020-12-19,2021-01-06,2022-07-18,No,41,Early Intervention,Local
0000001975,001975,Home Visiting,2022-08-10,2022-08-19,2024-05-23,Yes,15,,Private
0000001975,001975,State Pre-K,2024-05-25,2024-06-24,2025-09-19,No,122,Pre-K,State
0000001976,001976,First Steps,2020-02-05,2020-02-18,2020-12-04,No,43,Early Intervention,Local
0000001976,001976,Home Visiting,2020-12-31,2021-01-24,2022-01-24,Yes,13,,Private
0000001977,001977,First Steps,2021-02-21,2021-03-07,2023-01-30,No,47,Early Intervention,Local
0000001977,001977,Child Care,2023-01-31,2023-02-19,2024-10-02,No,99,,Federal
0000001977,001977,Childcare Subsidy,2024-10-28,2024-11-24,2025-05-13,No,170,,Private
0000001978,001978,Early Head Start,2021-10-07,2021-10-26,2022-07-13,No,121,,Private
0000001979,001979,First Steps,2018-07-21,2018-08-20,2021-05-16,No,40,Early Intervention,Private
0000001980,001980,Early Intervention,2020-04-27,2020-05-06,2020-11-07,No,12,Early Intervention,State
0000001981,001981,Early Intervention,2020-06-13,2020-07-11,2020-10-17,No,9,Early Intervention,State
0000001982,001982,First Steps,2021-05-01,2021-05-07,2021-11-29,No,24,Early Intervention,State
0000001983,001983,Home Visiting,2020-05-15,2020-05-21,2021-09-13,Yes,12,,Local
0000001983,001983,Early Head Start,2021-10-10,2021-10-23,2023-11-09,No,167,,Private
0000001983,001983,Child Care,2023-12-03,2023-12-05,2025-03-24,No,203,,Private
0000001984,001984,Child Care,2022-06-21,2022-07-16,2024-02-01,No,143,,Local
0000001984,001984,Childcare Subsidy,2024-02-19,2024-03-03,2026-03-27,No,99,,Private
0000001984,001984,Childcare Subsidy,2021-09-27,2021-10-13,2023-10-06,No,194,,Local
0000001985,001985,Child Care,2019-05-25,2019-06-17,2020-01-03,No,74,,State
0000001985,001985,Early Head Start,2020-01-11,2020-01-18,2020-06-30,No,130,,Local
0000001986,001986,Child Care,2019-07-02,2019-07-09,2021-04-28,No,177,,Federal
0000001986,001986,Head Start,2021-07-13,2021-07-26,2023-04-28,No,155,Pre-K,State
0000001987,001987,Child Care,2019-07-08,2019-07-14,2019-11-20,No,83,,State
0000001987,001987,Home Visiting,2020-05-04,2020-06-03,2021-05-18,Yes,16,,State
0000001988,001988,Child Care,2019-11-09,2019-11-15,2021-02-12,No,61,,Private
0000001989,001989,Childcare Subsidy,2019-10-25,2019-11-13,2021-11-26,No,114,,Private
0000001989,001989,State Pre-K,2022-01-05,2022-01-10,2023-10-14,No,110,Pre-K,Local
0000001990,001990,Child Care,2023-08-12,2023-08-14,2024-06-06,No,154,,Federal
0000001990,001990,First Steps,2024-06-25,2024-07-23,2025-11-15,No,37,Early Intervention,State
0000001991,001991,Early Head Start,2021-10-14,2021-10-21,2022-12-05,No,50,,Local
0000001992,001992,Early Intervention,2020-12-16,2020-12-28,2023-12-08,No,32,Early Intervention,Federal
0000001992,001992,Childcare Subsidy,2023-12-22,2024-01-19,2025-02-21,No,166,,State
0000001993,001993,Early Head Start,2018-11-17,2018-12-15,2019-07-16,No,40,,Federal
0000001994,001994,Early Head Start,2020-08-06,2020-08-24,2022-07-04,No,129,,Federal
0000001995,001995,Early Head Start,2021-08-26,2021-09-03,2022-12-27,No,144,,Federal
0000001995,001995,Early Intervention,2023-04-05,2023-04-30,2024-06-20,No,56,Early Intervention,Local
0000001996,001996,Child Care,2019-05-23,2019-06-17,2020-12-05,No,165,,Private
0000001997,001997,Childcare Subsidy,2022-11-07,2022-12-04,2025-09-26,No,85,,State
0000001997,001997,Head Start,2025-10-13,2025-10-30,2026-11-24,No,117,Pre-K,Local
0000001998,001998,First Steps,2022-06-18,2022-07-10,2023-03-29,No,10,Early Intervention,State
0000001998,001998,First Steps,2022-08-09,2022-08-24,2024-10-24,No,48,Early Intervention,State
0000001999,001999,Early Head Start,2021-01-20,2021-01-28,2023-08-18,No,63,,Private
0000001999,001999,Head Start,2023-09-17,2023-09-27,2024-10-31,No,132,Pre-K,State
0000001999,001999,Early Intervention,2020-05-03,2020-05-12,2022-03-11,No,11,Early Intervention,Private
0000002000,002000,Home Visiting,2022-10-12,2022-10-20,2024-06-17,Yes,11,,Private
0000002001,002001,Childcare Subsidy,2021-09-07,2021-10-04,2023-10-01,No,106,,Local
0000002001,002001,Child Care,2023-10-11,2023-10-15,2025-04-12,No,129,,State
0000002001,002001,Child Care,2025-05-04,2025-05-27,2026-10-09,No,68,,State
0000002002,002002,Childcare Subsidy,2020-09-13,2020-09-17,2021-12-26,No,91,,State
0000002002,002002,Child Care,2022-02-20,2022-03-08,2023-09-11,No,119,,State
0000002003,002003,Early Intervention,2020-10-13,2020-10-22,2021-07-26,No,19,Early Intervention,Private
0000002004,002004,Child Care,2022-01-11,2022-02-01,2022-11-03,No,96,,Private
0000002004,002004,Child Care,2022-11-20,2022-12-03,2023-06-15,No,92,,Local
0000002004,002004,Early Head Start,2023-06-17,2023-07-13,2024-02-06,No,117,,Private
0000002005,002005,Early Head Start,2020-01-17,2020-01-19,2022-06-10,No,100,,Private
0000002005,002005,Early Intervention,2022-06-16,2022-07-01,2024-08-01,No,29,Early Intervention,Private
0000002005,002005,Head Start,2024-08-14,2024-09-06,2025-05-02,No,177,Pre-K,Private
0000002006,002006,Child Care,2019-06-19,2019-06-20,2020-10-14,No,141,,Private
0000002006,002006,Childcare Subsidy,2020-11-10,2020-11-22,2022-03-20,No,164,,Federal
0000002007,002007,Home Visiting,2019-11-13,2019-12-05,2020-08-28,Yes,21,,Federal
0000002008,002008,Early Head Start,2021-05-09,2021-05-11,2022-05-07,No,157,,Federal
0000002008,002008,Early Head Start,2022-08-24,2022-09-11,2023-07-11,No,124,,Private
0000002009,002009,Early Intervention,2020-02-14,2020-02-26,2021-04-28,No,29,Early Intervention,Local
0000002010,002010,Early Head Start,2021-06-17,2021-07-11,2022-12-19,No,185,,Private
0000002010,002010,Child Care,2023-03-17,2023-03-19,2024-11-17,No,105,,Local
0000002011,002011,Home Visiting,2021-04-04,2021-04-23,2023-09-09,Yes,6,,Private
0000002012,002012,First Steps,2019-05-20,2019-05-30,2021-08-01,No,33,Early Intervention,Federal
0000002013,002013,Child Care,2022-10-15,2022-10-28,2023-07-08,No,84,,State
0000002013,002013,Child Care,2023-07-19,2023-07-30,2024-03-17,No,36,,Federal
0000002014,002014,Early Head Start,2021-10-21,2021-11-07,2022-10-27,No,121,,Local
0000002015,002015,Childcare Subsidy,2022-10-11,2022-10-28,2023-05-21,No,53,,Federal
0000002016,002016,Childcare Subsidy,2019-12-08,2020-01-07,2021-11-11,No,155,,Private
0000002016,002016,Child Care,2022-02-05,2022-02-15,2023-02-14,No,149,,Local
0000002017,002017,Early Intervention,2022-07-31,2022-08-06,2025-04-14,No,15,Early Intervention,Private
0000002018,002018,First Steps,2021-05-03,2021-05-24,2023-06-15,No,11,Early Intervention,Local
0000002018,002018,Head Start,2023-06-20,2023-07-03,2025-07-12,No,108,Pre-K,Federal
0000002019,002019,Child Care,2020-12-03,2020-12-31,2021-08-10,No,67,,Federal
0000002019,002019,Child Care,2021-01-30,2021-02-14,2022-05-21,No,90,,State
0000002020,002020,Home Visiting,2020-12-17,2020-12-28,2021-05-15,Yes,4,,State
0000002021,002021,Home Visiting,2021-01-17,2021-01-24,2023-05-11,Yes,15,,Private
0000002022,002022,Early Intervention,2019-08-19,2019-09-04,2021-01-05,No,38,Early Intervention,Private
0000002023,002023,Early Head Start,2020-01-17,2020-01-24,2021-02-19,No,157,,Private
0000002024,002024,Early Head Start,2022-10-31,2022-11-01,2025-05-04,No,192,,Private
0000002025,002025,Home Visiting,2020-11-28,2020-12-02,2021-08-12,Yes,3,,Local
0000002026,002026,Childcare Subsidy,2022-10-22,2022-11-06,2025-06-05,No,95,,Local
0000002027,002027,Early Head Start,2022-04-08,2022-05-08,2023-12-03,No,148,,Private
0000002028,002028,First Steps,2019-10-10,2019-10-19,2020-06-29,No,12,Early Intervention,Private
0000002028,002028,Early Intervention,2020-07-24,2020-07-28,2021-07-14,No,23,Early Intervention,Local
0000002029,002029,Child Care,2018-03-18,2018-04-06,2020-12-30,No,133,,Private
0000002030,002030,First Steps,2021-02-13,2021-03-06,2022-03-31,No,36,Early Intervention,State
0000002030,002030,Childcare Subsidy,2022-06-05,2022-06-22,2023-10-20,No,154,,Federal
0000002030,002030,State Pre-K,2024-01-13,2024-01-30,2024-11-06,No,116,Pre-K,State
0000002031,002031,Early Head Start,2019-08-24,2019-09-19,2020-03-16,No,131,,State
0000002031,002031,Childcare Subsidy,2020-03-29,2020-04-16,2020-09-25,No,48,,Local
0000002031,002031,First Steps,2020-10-14,2020-11-09,2021-05-29,No,36,Early Intervention,State
0000002032,002032,Home Visiting,2020-01-14,2020-02-03,2020-08-19,Yes,11,,Private
0000002032,002032,Early Head Start,2020-08-29,2020-09-13,2021-12-29,No,76,,State
0000002033,002033,Childcare Subsidy,2022-01-25,2022-02-05,2024-01-24,No,135,,Federal
0000002034,002034,Early Intervention,2020-12-08,2020-12-23,2022-06-07,No,17,Early Intervention,Private
0000002035,002035,Early Intervention,2022-04-14,2022-04-25,2022-08-11,No,38,Early Intervention,Private
0000002036,002036,First Steps,2022-10-23,2022-10-30,2024-10-15,No,24,Early Intervention,Local
0000002037,002037,Early Intervention,2020-05-28,2020-06-26,2022-06-24,No,30,Early Intervention,Private
0000002037,002037,Child Care,2020-07-26,2020-08-10,2023-07-03,No,149,,State
0000002038,002038,Early Intervention,2020-02-22,2020-03-03,2021-12-02,No,34,Early Intervention,Private
0000002038,002038,Home Visiting,2021-12-19,2022-01-14,2023-04-14,Yes,13,,Private
0000002039,002039,Childcare Subsidy,2021-01-04,2021-01-26,2022-08-07,No,200,,Federal
0000002040,002040,Child Care,2021-12-29,2022-01-14,2023-08-18,No,121,,State
0000002040,002040,State Pre-K,2023-09-05,2023-09-21,2024-10-23,No,106,Pre-K,Local
0000002041,002041,Child Care,2020-11-18,2020-11-29,2022-04-17,No,187,,State
0000002041,002041,Home Visiting,2022-04-20,2022-05-10,2024-01-06,Yes,25,,Federal
0000002041,002041,State Pre-K,2024-01-11,2024-01-31,2026-03-14,No,161,Pre-K,State
0000002042,002042,Early Intervention,2022-02-23,2022-03-16,2023-09-07,No,14,Early Intervention,Local
0000002042,002042,Home Visiting,2023-09-12,2023-09-14,2025-06-27,Yes,15,,State
0000002043,002043,First Steps,2020-09-29,2020-10-29,2021-02-04,No,6,Early Intervention,Federal
0000002043,002043,Early Intervention,2020-11-28,2020-12-13,2022-01-30,No,19,Early Intervention,State
0000002043,002043,Child Care,2022-02-18,2022-03-16,2022-12-26,No,41,,Local
0000002044,002044,Home Visiting,2021-05-09,2021-05-17,2022-06-29,Yes,26,,Federal
0000002045,002045,Early Intervention,2022-07-30,2022-08-08,2025-06-14,No,40,Early Intervention,Federal
0000002045,002045,Head Start,2025-07-11,2025-07-20,2027-06-04,No,92,Pre-K,State
0000002046,002046,Childcare Subsidy,2020-05-12,2020-05-28,2021-04-13,No,57,,Private
0000002047,002047,Home Visiting,2018-11-16,2018-11-30,2020-02-02,Yes,24,,Private
0000002047,002047,Home Visiting,2020-02-14,2020-03-01,2021-12-06,Yes,4,,Federal
0000002048,002048,Early Head Start,2020-02-04,2020-03-04,2021-01-21,No,119,,Federal
0000002048,002048,Early Intervention,2021-02-17,2021-03-18,2023-03-05,No,25,Early Intervention,Federal
0000002048,002048,Child Care,2023-03-13,2023-03-28,2023-10-02,No,49,,State
0000002049,002049,First Steps,2023-03-11,2023-03-21,2024-10-30,No,23,Early Intervention,Federal
0000002050,002050,Childcare Subsidy,2020-05-17,2020-06-14,2022-03-12,No,90,,Local
0000002051,002051,Home Visiting,2019-09-27,2019-10-24,2021-07-24,Yes,4,,State
0000002052,002052,Child Care,2020-05-06,2020-06-05,2022-01-17,No,145,,Local
0000002053,002053,Childcare Subsidy,2020-07-19,2020-07-22,2022-01-15,No,119,,Federal
0000002053,002053,Child Care,2022-01-25,2022-02-03,2024-12-18,No,187,,Local
0000002054,002054,Early Head Start,2020-10-03,2020-10-23,2022-02-21,No,78,,Private
0000002055,002055,Child Care,2021-04-11,2021-04-20,2021-12-04,No,40,,Federal
0000002055,002055,Early Intervention,2021-05-20,2021-06-04,2022-04-22,No,39,Early Intervention,Federal
0000002056,002056,First Steps,2022-03-02,2022-03-09,2023-09-15,No,37,Early Intervention,Federal
0000002057,002057,Early Head Start,2019-07-24,2019-08-02,2020-08-27,No,90,,Federal
0000002057,002057,First Steps,2020-09-13,2020-09-24,2022-07-08,No,19,Early Intervention,Federal
0000002057,002057,Childcare Subsidy,2022-07-28,2022-08-24,2023-12-21,No,152,,Private
0000002058,002058,Home Visiting,2019-12-10,2019-12-27,2021-10-27,Yes,9,,Private
0000002059,002059,First Steps,2018-12-12,2019-01-07,2019-10-25,No,19,Early Intervention,Federal
0000002059,002059,Childcare Subsidy,2019-11-06,2019-11-29,2020-08-25,No,99,,Federal
0000002059,002059,Early Intervention,2020-09-14,2020-09-24,2021-07-28,No,12,Early Intervention,Private
0000002060,002060,Child Care,2020-03-11,2020-03-23,2021-03-07,No,73,,Private
0000002061,002061,Home Visiting,2019-10-19,2019-10-29,2020-07-17,Yes,9,,Federal
0000002061,002061,Child Care,2020-11-03,2020-11-08,2021-12-14,No,53,,Federal
0000002062,002062,Home Visiting,2020-01-13,2020-01-19,2021-12-16,Yes,22,,Federal
0000002062,002062,Head Start,2022-01-21,2022-02-06,2023-07-07,No,95,Pre-K,Local
0000002062,002062,Childcare Subsidy,2019-01-16,2019-02-05,2020-12-01,No,60,,State
0000002062,002062,First Steps,2021-01-07,2021-02-06,2021-12-08,No,37,Early Intervention,Local
0000002063,002063,First Steps,2018-05-24,2018-06-20,2020-06-20,No,25,Early Intervention,Local
0000002063,002063,Early Head Start,2020-08-13,2020-09-03,2023-01-12,No,53,,Federal
0000002064,002064,First Steps,2020-07-16,2020-07-20,2021-09-02,No,12,Early Intervention,State
0000002064,002064,Child Care,2021-11-25,2021-12-20,2022-12-28,No,119,,Federal
0000002065,002065,Home Visiting,2021-12-21,2022-01-19,2024-05-25,Yes,8,,Local
0000002065,002065,State Pre-K,2024-06-21,2024-07-09,2025-09-24,No,82,Pre-K,Private
0000002066,002066,Early Head Start,2022-04-20,2022-04-28,2023-09-09,No,45,,State
0000002066,002066,First Steps,2023-12-29,2023-12-31,2025-11-29,No,42,Early Intervention,Private
0000002067,002067,Early Head Start,2021-04-16,2021-04-21,2022-12-12,No,43,,Federal
0000002067,002067,Child Care,2023-01-10,2023-01-18,2024-06-25,No,176,,Private
0000002067,002067,Head Start,2024-07-22,2024-08-18,2025-09-11,No,126,Pre-K,State
0000002067,002067,Childcare Subsidy,2021-03-14,2021-03-15,2021-11-15,No,132,,Private
0000002068,002068,Child Care,2018-04-09,2018-04-25,2019-10-08,No,153,,Federal
0000002068,002068,First Steps,2020-01-22,2020-02-02,2020-12-22,No,24,Early Intervention,State
0000002069,002069,Early Head Start,2021-06-26,2021-07-03,2023-03-31,No,168,,Local
0000002070,002070,Child Care,2019-03-27,2019-04-16,2021-04-03,No,160,,Federal
0000002071,002071,Childcare Subsidy,2023-04-21,2023-05-16,2025-01-06,No,87,,State
0000002071,002071,Childcare Subsidy,2025-01-28,2025-02-19,2026-07-10,No,64,,Federal
0000002071,002071,Child Care,2022-07-24,2022-08-21,2023-05-12,No,97,,State
0000002071,002071,Childcare Subsidy,2023-05-16,2023-06-08,2025-01-08,No,65,,Federal
0000002071,002071,Head Start,2025-01-21,2025-02-14,2025-11-30,No,110,Pre-K,Federal
0000002072,002072,First Steps,2021-04-23,2021-05-11,2021-10-07,No,18,Early Intervention,Private
0000002073,002073,Home Visiting,2020-01-10,2020-01-16,2020-06-12,Yes,7,,Private
0000002074,002074,Childcare Subsidy,2021-08-25,2021-09-07,2022-01-01,No,130,,Federal
0000002074,002074,Early Intervention,2022-01-25,2022-02-10,2022-06-27,No,30,Early Intervention,Local
0000002075,002075,Child Care,2020-05-12,2020-05-28,2021-03-26,No,145,,Federal
0000002075,002075,Early Intervention,2021-04-18,2021-05-08,2022-08-28,No,11,Early Intervention,Federal
0000002076,002076,Child Care,2019-02-23,2019-03-23,2020-03-13,No,181,,Federal
0000002077,002077,Early Head Start,2020-08-17,2020-08-25,2021-09-06,No,170,,State
0000002077,002077,Early Intervention,2022-01-03,2022-01-28,2024-03-15,No,55,Early Intervention,Local
0000002078,002078,Childcare Subsidy,2022-03-07,2022-03-21,2024-02-11,No,84,,Local
0000002079,002079,Childcare Subsidy,2020-01-03,2020-01-09,2021-09-26,No,54,,Local
0000002079,002079,Early Head Start,2021-09-27,2021-09-30,2023-05-13,No,80,,Private
0000002079,002079,Child Care,2023-05-20,2023-06-01,2024-06-14,No,114,,Private
0000002080,002080,Early Intervention,2020-05-30,2020-06-22,2021-12-15,No,39,Early Intervention,State
0000002080,002080,Early Head Start,2022-01-26,2022-01-29,2024-07-19,No,152,,Federal
0000002081,002081,First Steps,2022-02-11,2022-02-25,2023-02-14,No,11,Early Intervention,Local
0000002081,002081,Child Care,2023-05-15,2023-05-26,2024-07-08,No,134,,Federal
0000002082,002082,First Steps,2019-01-05,2019-01-31,2020-04-11,No,16,Early Intervention,State
0000002082,002082,Childcare Subsidy,2020-04-17,2020-04-27,2023-02-01,No,125,,Private
0000002082,002082,State Pre-K,2023-02-17,2023-03-13,2023-12-18,No,149,Pre-K,State
0000002083,002083,Child Care,2020-08-26,2020-09-24,2023-01-17,No,153,,Private
0000002084,002084,Child Care,2020-12-17,2021-01-15,2023-07-26,No,181,,Private
0000002084,002084,First Steps,2023-10-12,2023-10-30,2025-02-08,No,25,Early Intervention,State
0000002085,002085,Child Care,2019-04-11,2019-05-02,2020-12-01,No,123,,Federal
0000002086,002086,Early Head Start,2020-05-03,2020-05-17,2021-12-25,No,100,,Private
0000002086,002086,Childcare Subsidy,2022-01-16,2022-02-14,2022-09-12,No,64,,State
0000002087,002087,First Steps,2020-10-15,2020-10-23,2022-08-25,No,46,Early Intervention,Private
0000002087,002087,Child Care,2022-10-17,2022-10-18,2024-01-04,No,201,,Federal
0000002088,002088,Childcare Subsidy,2019-06-20,2019-07-20,2021-04-30,No,151,,Local
0000002088,002088,Childcare Subsidy,2021-05-30,2021-06-19,2023-02-20,No,185,,Local
0000002089,002089,Child Care,2019-08-31,2019-09-22,2019-12-02,No,113,,State
0000002090,002090,First Steps,2021-10-14,2021-10-15,2023-01-19,No,44,Early Intervention,Local
0000002090,002090,Child Care,2023-02-14,2023-03-09,2025-03-22,No,49,,Private
0000002091,002091,First Steps,2018-12-28,2019-01-01,2021-03-08,No,24,Early Intervention,Private
0000002091,002091,Childcare Subsidy,2021-03-15,2021-04-14,2023-08-13,No,167,,Local
0000002092,002092,Early Head Start,2019-07-18,2019-07-30,2020-04-05,No,104,,Local
0000002092,002092,Child Care,2020-05-05,2020-05-12,2021-09-21,No,105,,Federal
0000002092,002092,Head Start,2021-09-22,2021-10-10,2022-11-27,No,107,Pre-K,Federal
0000002093,002093,Child Care,2022-07-31,2022-08-19,2023-05-25,No,49,,Local
0000002093,002093,Early Head Start,2023-06-01,2023-06-26,2025-05-22,No,96,,State
0000002094,002094,Childcare Subsidy,2019-03-04,2019-03-05,2020-04-12,No,68,,Federal
0000002094,002094,Early Intervention,2020-05-01,2020-05-24,2022-05-11,No,8,Early Intervention,State
0000002094,002094,Child Care,2022-06-07,2022-06-29,2023-10-18,No,48,,State
0000002095,002095,Child Care,2020-12-04,2020-12-07,2021-07-17,No,70,,State
0000002095,002095,Child Care,2021-07-22,2021-07-27,2022-02-01,No,76,,Federal
0000002096,002096,Early Head Start,2020-06-04,2020-06-14,2021-08-03,No,68,,Private
0000002097,002097,Childcare Subsidy,2020-05-07,2020-05-31,2022-02-12,No,163,,State
0000002098,002098,Childcare Subsidy,2020-11-02,2020-11-27,2021-06-04,No,96,,Federal
0000002098,002098,Early Head Start,2021-06-24,2021-07-02,2021-11-27,No,74,,State
0000002099,002099,Childcare Subsidy,2023-03-19,2023-04-15,2024-03-25,No,46,,Federal
0000002100,002100,Childcare Subsidy,2021-08-20,2021-09-08,2023-01-17,No,186,,State
0000002100,002100,Head Start,2023-03-20,2023-04-06,2024-11-02,No,94,Pre-K,State
0000002100,002100,Childcare Subsidy,2020-11-10,2020-12-05,2023-06-01,No,173,,State
0000002101,002101,Child Care,2023-11-11,2023-11-20,2025-01-25,No,164,,Private
0000002102,002102,First Steps,2021-09-23,2021-10-20,2023-06-02,No,45,Early Intervention,Private
0000002103,002103,Early Head Start,2021-01-14,2021-02-10,2021-12-20,No,105,,Private
0000002103,002103,Child Care,2022-01-16,2022-01-17,2022-10-26,No,143,,Local
0000002104,002104,Childcare Subsidy,2023-10-05,2023-10-13,2024-09-21,No,141,,Local
0000002105,002105,Early Intervention,2019-11-11,2019-12-01,2021-03-05,No,45,Early Intervention,Federal
0000002105,002105,Home Visiting,2021-03-23,2021-04-22,2022-07-13,Yes,17,,Local
0000002106,002106,First Steps,2021-09-27,2021-10-21,2022-12-24,No,27,Early Intervention,Local
0000002106,002106,Early Intervention,2023-01-02,2023-01-24,2023-08-07,No,9,Early Intervention,State
0000002106,002106,Home Visiting,2023-09-06,2023-09-16,2024-10-13,Yes,19,,State
0000002106,002106,State Pre-K,2024-11-10,2024-12-02,2026-01-05,No,119,Pre-K,Local
0000002107,002107,Childcare Subsidy,2019-10-22,2019-10-23,2020-05-13,No,66,,State
0000002108,002108,Childcare Subsidy,2020-07-01,2020-07-29,2020-11-23,No,102,,Federal
0000002108,002108,Childcare Subsidy,2020-12-14,2021-01-11,2021-04-27,No,78,,Local
0000002108,002108,Early Intervention,2021-05-20,2021-05-25,2022-03-30,No,30,Early Intervention,Private
0000002109,002109,Early Intervention,2023-05-28,2023-06-15,2025-02-01,No,9,Early Intervention,Private
0000002109,002109,Child Care,2025-02-25,2025-03-21,2026-12-18,No,162,,Private
0000002109,002109,Early Head Start,2022-07-28,2022-08-06,2024-12-28,No,86,,Local
0000002110,002110,Early Intervention,2019-07-18,2019-08-16,2020-02-26,No,30,Early Intervention,Private
0000002111,002111,Early Intervention,2023-12-05,2023-12-20,2025-03-13,No,22,Early Intervention,Federal
0000002111,002111,State Pre-K,2025-04-10,2025-04-23,2026-09-15,No,127,Pre-K,Federal
0000002111,002111,Child Care,2026-10-12,2026-11-09,2027-06-15,No,73,,Local
0000002112,002112,Home Visiting,2021-02-03,2021-02-10,2021-10-03,Yes,21,,Private
0000002112,002112,Early Head Start,2021-10-13,2021-11-03,2023-02-02,No,164,,Local
0000002112,002112,Early Intervention,2023-02-08,2023-02-14,2024-09-03,No,11,Early Intervention,State
0000002113,002113,First Steps,2019-12-06,2019-12-09,2021-04-28,No,13,Early Intervention,Local
0000002114,002114,Childcare Subsidy,2020-06-08,2020-06-29,2021-03-26,No,130,,Private
0000002114,002114,Childcare Subsidy,2021-07-12,2021-07-18,2022-02-04,No,62,,State
0000002115,002115,Child Care,2020-02-19,2020-03-07,2021-04-28,No,185,,Private
0000002116,002116,Early Head Start,2022-12-17,2023-01-11,2024-11-24,No,169,,Federal
0000002117,002117,Early Head Start,2021-12-06,2021-12-07,2024-07-07,No,97,,Local
0000002117,002117,State Pre-K,2024-07-23,2024-08-14,2025-08-18,No,149,Pre-K,State
0000002118,002118,Early Head Start,2020-09-13,2020-09-28,2021-12-22,No,119,,Local
0000002118,002118,Home Visiting,2021-12-27,2022-01-05,2023-04-26,Yes,10,,Private
0000002118,002118,Childcare Subsidy,2023-05-19,2023-05-31,2024-01-15,No,56,,State
0000002119,002119,First Steps,2022-03-21,2022-04-17,2024-05-19,No,45,Early Intervention,Local
0000002119,002119,Early Intervention,2024-06-03,2024-06-28,2026-10-09,No,29,Early Intervention,Federal
0000002119,002119,First Steps,2022-08-22,2022-09-20,2023-09-30,No,37,Early Intervention,Federal
0000002120,002120,Early Intervention,2020-02-13,2020-03-01,2021-12-28,No,26,Early Intervention,Federal
0000002121,002121,Home Visiting,2021-01-17,2021-01-21,2022-07-18,Yes,9,,State
0000002122,002122,Early Head Start,2022-01-10,2022-01-21,2023-10-30,No,45,,Private
0000002123,002123,Home Visiting,2022-10-08,2022-11-04,2025-01-16,Yes,8,,Private
0000002123,002123,Head Start,2025-01-26,2025-02-20,2026-06-11,No,140,Pre-K,State
0000002124,002124,Childcare Subsidy,2022-08-31,2022-09-09,2023-11-26,No,49,,Private
0000002124,002124,First Steps,2022-10-09,2022-10-24,2026-06-12,No,45,Early Intervention,Private
0000002125,002125,Early Intervention,2020-09-10,2020-09-22,2022-04-21,No,28,Early Intervention,Local
0000002126,002126,Childcare Subsidy,2022-01-11,2022-01-31,2022-04-12,No,71,,Local
0000002127,002127,Early Head Start,2018-08-24,2018-08-30,2019-10-17,No,131,,Local
0000002128,002128,First Steps,2019-02-04,2019-02-26,2020-02-14,No,40,Early Intervention,Local
0000002128,002128,Early Head Start,2020-06-02,2020-06-18,2022-05-05,No,60,,Federal
0000002129,002129,Childcare Subsidy,2023-05-19,2023-05-28,2024-10-27,No,118,,Private
0000002130,002130,Early Head Start,2020-03-27,2020-04-15,2021-06-22,No,95,,State
0000002130,002130,Early Head Start,2021-07-12,2021-07-18,2022-08-15,No,75,,Federal
0000002131,002131,Childcare Subsidy,2020-01-29,2020-02-06,2021-08-06,No,89,,Federal
0000002131,002131,First Steps,2021-08-17,2021-08-19,2023-05-08,No,21,Early Intervention,Federal
0000002132,002132,Early Head Start,2021-12-14,2022-01-11,2024-01-11,No,163,,Local
0000002132,002132,Head Start,2024-01-14,2024-02-12,2025-09-08,No,64,Pre-K,Federal
0000002132,002132,Home Visiting,2021-03-11,2021-03-13,2021-11-10,Yes,18,,Local
0000002133,002133,Child Care,2022-03-30,2022-04-05,2023-02-12,No,83,,Federal
0000002133,002133,Early Head Start,2023-02-19,2023-03-08,2024-01-02,No,118,,Local
0000002133,002133,Head Start,2024-01-28,2024-02-11,2024-11-05,No,105,Pre-K,State
0000002134,002134,Early Intervention,2022-10-29,2022-11-23,2024-06-30,No,17,Early Intervention,State
0000002135,002135,First Steps,2021-06-17,2021-07-08,2023-01-02,No,32,Early Intervention,Local
0000002135,002135,Early Intervention,2023-01-22,2023-02-17,2025-05-27,No,55,Early Intervention,Private
0000002135,002135,State Pre-K,2025-06-05,2025-06-12,2026-09-20,No,113,Pre-K,Local
0000002136,002136,Childcare Subsidy,2023-03-18,2023-04-11,2025-08-04,No,185,,State
0000002137,002137,Child Care,2021-09-17,2021-09-18,2024-01-15,No,148,,Private
0000002137,002137,Home Visiting,2024-03-31,2024-04-07,2025-07-08,Yes,12,,State
0000002138,002138,First Steps,2020-04-11,2020-04-15,2021-01-14,No,37,Early Intervention,Federal
0000002138,002138,First Steps,2021-02-02,2021-03-03,2022-02-20,No,33,Early Intervention,State
0000002139,002139,Childcare Subsidy,2021-10-28,2021-11-02,2023-02-11,No,66,,State
0000002140,002140,Early Head Start,2020-08-28,2020-09-23,2022-07-06,No,98,,Private
0000002140,002140,Early Head Start,2022-08-24,2022-08-25,2023-11-26,No,118,,Federal
0000002141,002141,Early Head Start,2022-09-25,2022-10-23,2024-06-29,No,48,,State
0000002142,002142,Early Intervention,2021-09-29,2021-10-20,2022-10-28,No,41,Early Intervention,Local
0000002143,002143,Early Head Start,2022-10-15,2022-11-09,2024-02-23,No,139,,State
0000002144,002144,Early Intervention,2020-12-27,2021-01-02,2023-11-30,No,29,Early Intervention,Private
0000002144,002144,Childcare Subsidy,2024-01-29,2024-02-19,2025-06-12,No,142,,Private
0000002144,002144,Early Head Start,2021-03-02,2021-03-15,2024-01-27,No,169,,Local
0000002145,002145,First Steps,2019-05-27,2019-06-14,2021-02-27,No,12,Early Intervention,State
0000002146,002146,Child Care,2020-02-11,2020-03-03,2023-01-19,No,147,,Federal
0000002147,002147,Childcare Subsidy,2019-07-18,2019-08-10,2022-05-31,No,85,,Federal
0000002147,002147,Childcare Subsidy,2022-07-04,2022-08-03,2023-08-18,No,195,,Local
0000002147,002147,Early Intervention,2019-04-04,2019-04-28,2022-01-17,No,47,Early Intervention,State
0000002147,002147,Head Start,2022-04-16,2022-04-22,2023-10-02,No,87,Pre-K,Federal
0000002147,002147,Early Intervention,2019-04-04,2019-05-03,2021-06-18,No,52,Early Intervention,State
0000002148,002148,Home Visiting,2020-02-15,2020-02-29,2021-03-04,Yes,21,,State
0000002148,002148,Home Visiting,2020-03-30,2020-04-14,2022-07-17,Yes,12,,State
0000002148,002148,State Pre-K,2022-08-27,2022-09-15,2024-03-31,No,109,Pre-K,Local
0000002149,002149,Early Intervention,2022-02-19,2022-03-20,2023-05-25,No,32,Early Intervention,State
0000002150,002150,Early Intervention,2021-12-26,2022-01-08,2024-01-04,No,34,Early Intervention,Private
0000002150,002150,First Steps,2024-01-21,2024-02-05,2026-07-11,No,10,Early Intervention,Private
0000002150,002150,Early Intervention,2022-04-24,2022-05-06,2024-01-15,No,16,Early Intervention,State
0000002150,002150,First Steps,2024-01-22,2024-01-30,2026-07-13,No,21,Early Intervention,Private
0000002150,002150,Home Visiting,2022-04-24,2022-05-14,2024-05-20,Yes,14,,Local
0000002151,002151,Early Head Start,2020-05-13,2020-05-25,2021-09-30,No,82,,Federal
0000002151,002151,Childcare Subsidy,2021-11-26,2021-12-11,2022-07-30,No,162,,Local
0000002151,002151,Head Start,2022-11-08,2022-11-27,2024-07-24,No,72,Pre-K,Local
0000002152,002152,Early Intervention,2020-07-14,2020-07-24,2021-12-15,No,10,Early Intervention,Federal
0000002153,002153,Childcare Subsidy,2021-09-17,2021-10-08,2024-01-21,No,122,,Private
0000002154,002154,Early Intervention,2021-06-10,2021-06-11,2022-12-21,No,22,Early Intervention,State
0000002154,002154,Childcare Subsidy,2023-01-24,2023-01-30,2024-05-13,No,64,,Local
0000002155,002155,Childcare Subsidy,2020-04-16,2020-04-24,2022-01-18,No,145,,State
0000002156,002156,Childcare Subsidy,2020-08-02,2020-08-13,2022-06-16,No,42,,Federal
0000002156,002156,Head Start,2022-07-13,2022-07-23,2024-07-19,No,84,Pre-K,Federal
0000002157,002157,Childcare Subsidy,2023-01-12,2023-01-17,2024-02-24,No,161,,State
0000002158,002158,Early Head Start,2022-08-28,2022-09-05,2025-05-04,No,164,,Private
0000002158,002158,Head Start,2025-05-09,2025-05-31,2026-10-23,No,121,Pre-K,State
0000002158,002158,Early Head Start,2022-04-25,2022-04-28,2023-09-02,No,154,,Federal
0000002159,002159,Home Visiting,2018-09-30,2018-10-06,2021-04-27,Yes,15,,Local
0000002159,002159,Head Start,2021-05-27,2021-06-01,2022-07-27,No,88,Pre-K,Federal
0000002159,002159,Child Care,2022-11-08,2022-11-09,2023-08-13,No,169,,State
0000002160,002160,Early Intervention,2021-11-20,2021-11-29,2022-06-15,No,42,Early Intervention,State
0000002160,002160,Early Head Start,2022-07-05,2022-07-27,2023-10-30,No,105,,Local
0000002161,002161,Early Intervention,2019-09-01,2019-09-26,2021-02-05,No,26,Early Intervention,Federal
0000002162,002162,First Steps,2021-01-22,2021-02-03,2023-05-17,No,20,Early Intervention,Local
0000002163,002163,Childcare Subsidy,2023-04-29,2023-05-11,2024-06-18,No,152,,Federal
0000002163,002163,First Steps,2023-06-10,2023-06-25,2027-01-17,No,24,Early Intervention,Local
0000002164,002164,Home Visiting,2020-05-23,2020-06-18,2021-07-10,Yes,14,,Local
0000002164,002164,Early Intervention,2021-07-20,2021-08-06,2024-06-11,No,37,Early Intervention,Federal
0000002165,002165,Home Visiting,2021-01-23,2021-02-17,2023-11-19,Yes,9,,State
0000002166,002166,Child Care,2019-12-03,2020-01-02,2020-06-09,No,92,,Federal
0000002166,002166,Early Head Start,2020-02-01,2020-02-16,2021-05-13,No,125,,State
0000002166,002166,Home Visiting,2021-06-11,2021-07-11,2022-01-24,Yes,17,,Private
0000002167,002167,Home Visiting,2019-11-17,2019-11-21,2020-10-10,Yes,11,,State
0000002168,002168,Childcare Subsidy,2021-01-15,2021-01-23,2021-12-28,No,92,,Local
0000002169,002169,Childcare Subsidy,2020-12-03,2020-12-06,2022-11-26,No,155,,Private
0000002170,002170,Home Visiting,2019-12-08,2019-12-24,2020-03-25,Yes,5,,State
0000002171,002171,Early Head Start,2020-10-27,2020-11-12,2022-01-12,No,158,,Federal
0000002171,002171,First Steps,2022-03-17,2022-03-27,2023-11-10,No,16,Early Intervention,Federal
0000002172,002172,First Steps,2019-02-01,2019-02-04,2020-01-15,No,37,Early Intervention,Local
0000002172,002172,Early Head Start,2020-01-18,2020-02-09,2020-08-31,No,114,,Federal
0000002172,002172,Home Visiting,2020-09-05,2020-09-13,2021-04-27,Yes,8,,Federal
0000002172,002172,First Steps,2021-05-21,2021-06-05,2022-02-11,No,14,Early Intervention,State
0000002172,002172,Childcare Subsidy,2022-03-12,2022-04-04,2022-09-04,No,42,,Federal
0000002173,002173,Child Care,2021-12-30,2022-01-12,2022-05-26,No,52,,Local
0000002174,002174,Home Visiting,2019-08-28,2019-09-08,2021-06-03,Yes,6,,Local
0000002174,002174,Head Start,2021-06-14,2021-06-20,2022-08-04,No,86,Pre-K,State
0000002174,002174,State Pre-K,2022-08-26,2022-09-05,2023-05-08,No,123,Pre-K,Local
0000002174,002174,First Steps,2019-03-07,2019-04-02,2020-12-10,No,29,Early Intervention,Private
0000002174,002174,Home Visiting,2021-01-03,2021-01-09,2021-11-16,Yes,7,,Private
0000002175,002175,First Steps,2021-05-12,2021-06-06,2022-04-06,No,9,Early Intervention,State
0000002175,002175,First Steps,2022-07-10,2022-07-15,2023-03-07,No,18,Early Intervention,Private
0000002175,002175,Head Start,2023-07-02,2023-07-29,2023-11-10,No,79,Pre-K,State
0000002176,002176,Early Head Start,2021-06-12,2021-07-02,2021-12-18,No,101,,Local
0000002176,002176,Childcare Subsidy,2021-12-23,2022-01-20,2022-04-07,No,91,,Local
0000002176,002176,Early Intervention,2022-04-15,2022-05-04,2023-01-21,No,21,Early Intervention,State
0000002177,002177,Childcare Subsidy,2022-01-14,2022-02-02,2022-12-31,No,81,,Private
0000002177,002177,Early Head Start,2023-01-10,2023-02-06,2023-08-10,No,59,,Federal
0000002178,002178,Childcare Subsidy,2023-03-14,2023-04-01,2023-09-22,No,85,,Local
0000002179,002179,Child Care,2022-06-11,2022-06-26,2024-05-24,No,115,,State
0000002180,002180,Child Care,2020-09-08,2020-09-26,2022-06-19,No,135,,Federal
0000002180,002180,Child Care,2022-07-19,2022-08-12,2023-02-17,No,112,,State
0000002181,002181,First Steps,2022-09-07,2022-10-01,2023-03-29,No,22,Early Intervention,State
0000002181,002181,Early Intervention,2023-09-12,2023-09-13,2024-03-21,No,16,Early Intervention,State
0000002182,002182,First Steps,2021-10-16,2021-10-31,2023-03-01,No,37,Early Intervention,Federal
0000002182,002182,Home Visiting,2023-03-21,2023-04-07,2024-07-23,Yes,10,,Federal
0000002182,002182,Childcare Subsidy,2024-08-06,2024-08-13,2026-05-02,No,87,,Federal
0000002183,002183,Child Care,2023-01-09,2023-01-30,2024-10-07,No,56,,Local
0000002183,002183,Childcare Subsidy,2023-03-01,2023-03-16,2026-06-27,No,137,,State
0000002184,002184,Early Intervention,2022-09-28,2022-10-26,2024-03-14,No,8,Early Intervention,Private
0000002185,002185,First Steps,2022-07-07,2022-07-31,2024-08-21,No,40,Early Intervention,State
0000002186,002186,Childcare Subsidy,2020-11-04,2020-11-21,2023-06-18,No,49,,Local
0000002187,002187,Child Care,2022-09-06,2022-09-16,2023-09-05,No,123,,Private
0000002187,002187,Early Intervention,2022-10-16,2022-10-31,2024-04-16,No,30,Early Intervention,Federal
0000002187,002187,State Pre-K,2024-04-21,2024-05-04,2025-03-30,No,62,Pre-K,State
0000002187,002187,Childcare Subsidy,2025-04-11,2025-05-09,2025-11-18,No,66,,State
0000002188,002188,Early Intervention,2019-03-19,2019-04-02,2021-03-06,No,22,Early Intervention,Local
0000002188,002188,Early Intervention,2021-03-19,2021-03-24,2022-04-06,No,17,Early Intervention,Local
0000002189,002189,Child Care,2019-12-20,2020-01-17,2021-02-16,No,113,,Local
0000002189,002189,First Steps,2021-03-24,2021-04-18,2022-12-30,No,27,Early Intervention,Federal
0000002190,002190,Home Visiting,2018-11-26,2018-12-12,2019-08-19,Yes,9,,State
0000002190,002190,First Steps,2019-09-04,2019-09-08,2020-01-30,No,27,Early Intervention,Private
0000002191,002191,Childcare Subsidy,2019-11-29,2019-12-07,2020-04-10,No,99,,Private
0000002192,002192,First Steps,2022-03-09,2022-03-18,2023-09-18,No,42,Early Intervention,Federal
0000002192,002192,Childcare Subsidy,2023-10-10,2023-11-06,2024-10-22,No,67,,Federal
0000002193,002193,Childcare Subsidy,2020-07-29,2020-08-03,2021-12-08,No,73,,Local
0000002194,002194,First Steps,2020-08-05,2020-08-22,2021-04-03,No,8,Early Intervention,Federal
0000002195,002195,Child Care,2022-03-11,2022-03-15,2023-08-03,No,129,,Federal
0000002196,002196,Early Head Start,2021-07-19,2021-07-26,2022-09-28,No,94,,Federal
0000002197,002197,Early Head Start,2023-04-08,2023-04-27,2025-07-12,No,214,,State
0000002197,002197,Child Care,2025-07-23,2025-08-03,2027-03-02,No,193,,Local
0000002198,002198,Home Visiting,2019-02-12,2019-02-16,2021-03-03,Yes,7,,Local
0000002199,002199,First Steps,2021-09-06,2021-09-23,2023-06-27,No,25,Early Intervention,State
0000002200,002200,Early Head Start,2020-01-06,2020-02-03,2020-07-29,No,69,,Local
0000002200,002200,First Steps,2020-08-14,2020-08-18,2021-01-04,No,20,Early Intervention,Federal
0000002201,002201,Early Intervention,2018-10-16,2018-10-28,2019-05-09,No,6,Early Intervention,Federal
0000002202,002202,First Steps,2022-11-25,2022-12-11,2023-12-10,No,16,Early Intervention,Private
0000002202,002202,Child Care,2024-01-02,2024-01-24,2024-09-18,No,63,,Private
0000002203,002203,Child Care,2020-11-02,2020-11-22,2022-07-18,No,146,,State
0000002204,002204,Early Intervention,2020-11-12,2020-12-09,2023-04-08,No,34,Early Intervention,Federal
0000002205,002205,Early Intervention,2020-04-15,2020-05-02,2021-02-11,No,28,Early Intervention,Local
0000002206,002206,Early Intervention,2020-03-19,2020-03-28,2022-12-27,No,32,Early Intervention,Federal
0000002207,002207,Early Intervention,2019-11-23,2019-12-22,2021-04-28,No,14,Early Intervention,Federal
0000002208,002208,Home Visiting,2018-07-26,2018-08-02,2020-05-26,Yes,10,,Federal
0000002208,002208,Child Care,2020-06-15,2020-06-29,2021-07-19,No,154,,Private
0000002209,002209,Home Visiting,2019-11-13,2019-11-14,2021-01-18,Yes,11,,Local
0000002209,002209,First Steps,2019-12-14,2019-12-29,2024-02-11,No,39,Early Intervention,Private
0000002209,002209,Childcare Subsidy,2024-03-27,2024-04-23,2025-01-01,No,169,,Federal
0000002210,002210,Home Visiting,2019-10-17,2019-10-23,2020-09-25,Yes,4,,Federal
0000002211,002211,Childcare Subsidy,2020-03-12,2020-03-26,2020-10-23,No,100,,Federal
0000002212,002212,Home Visiting,2021-10-11,2021-10-24,2022-09-15,Yes,19,,State
0000002212,002212,Early Intervention,2022-09-29,2022-10-22,2023-05-13,No,25,Early Intervention,Federal
0000002212,002212,First Steps,2023-06-05,2023-06-08,2023-09-12,No,45,Early Intervention,Local
0000002213,002213,First Steps,2021-04-06,2021-04-12,2022-03-24,No,31,Early Intervention,Federal
0000002213,002213,First Steps,2022-04-07,2022-04-22,2023-02-25,No,16,Early Intervention,State
0000002214,002214,Childcare Subsidy,2020-05-23,2020-05-29,2021-12-01,No,140,,Federal
0000002215,002215,Early Head Start,2022-02-05,2022-02-10,2023-07-06,No,182,,Private
0000002215,002215,Early Head Start,2022-03-12,2022-03-27,2025-06-25,No,61,,Federal
0000002216,002216,Early Head Start,2021-01-06,2021-01-08,2022-03-06,No,97,,Private
0000002216,002216,State Pre-K,2022-04-20,2022-04-27,2024-10-13,No,133,Pre-K,Private
0000002217,002217,Childcare Subsidy,2022-02-15,2022-02-19,2024-01-10,No,120,,Local
0000002217,002217,Childcare Subsidy,2024-02-01,2024-02-28,2025-05-10,No,103,,Local
0000002217,002217,Head Start,2025-06-02,2025-07-01,2027-02-17,No,69,Pre-K,Local
0000002218,002218,Home Visiting,2020-09-24,2020-10-05,2021-04-27,Yes,15,,State
0000002218,002218,Child Care,2021-05-27,2021-06-26,2022-05-09,No,96,,Federal
0000002218,002218,State Pre-K,2022-05-11,2022-05-21,2022-12-19,No,124,Pre-K,State
0000002219,002219,Early Intervention,2021-12-10,2021-12-14,2022-11-28,No,22,Early Intervention,Federal
0000002219,002219,Early Head Start,2023-03-27,2023-04-01,2023-12-23,No,106,,Local
0000002220,002220,Child Care,2021-01-22,2021-01-23,2022-11-28,No,151,,Local
0000002220,002220,Home Visiting,2022-12-02,2022-12-04,2023-10-20,Yes,14,,Federal
0000002221,002221,Childcare Subsidy,2020-03-13,2020-03-16,2021-04-11,No,81,,Federal
0000002222,002222,Childcare Subsidy,2021-12-01,2021-12-14,2024-04-20,No,207,,Federal
0000002223,002223,Early Intervention,2022-10-01,2022-10-11,2025-04-10,No,44,Early Intervention,State
0000002223,002223,Childcare Subsidy,2025-06-17,2025-07-11,2027-06-02,No,65,,State
0000002224,002224,Child Care,2020-06-05,2020-06-14,2022-07-07,No,200,,State
0000002224,002224,Early Head Start,2022-07-09,2022-07-18,2023-10-28,No,209,,Local
0000002225,002225,Early Intervention,2022-09-08,2022-10-07,2023-10-04,No,16,Early Intervention,Local
0000002225,002225,Child Care,2023-12-25,2024-01-23,2024-05-18,No,85,,State
0000002226,002226,First Steps,2018-10-22,2018-11-06,2019-02-13,No,37,Early Intervention,Private
0000002226,002226,First Steps,2019-02-21,2019-02-22,2019-10-06,No,11,Early Intervention,Private
0000002226,002226,Child Care,2019-10-27,2019-11-03,2020-02-15,No,119,,Federal
0000002227,002227,First Steps,2021-12-03,2021-12-04,2023-10-05,No,41,Early Intervention,Private
0000002227,002227,Home Visiting,2023-10-21,2023-11-15,2025-06-30,Yes,20,,State
0000002228,002228,Child Care,2020-05-04,2020-05-21,2023-04-25,No,105,,Local
0000002228,002228,Head Start,2023-05-23,2023-06-05,2025-02-05,No,93,Pre-K,Federal
0000002229,002229,Early Head Start,2021-11-21,2021-12-15,2024-11-04,No,73,,Private
0000002229,002229,State Pre-K,2022-01-14,2022-01-29,2026-11-13,No,136,Pre-K,State
0000002230,002230,Childcare Subsidy,2020-11-24,2020-12-07,2022-05-01,No,51,,Private
0000002230,002230,State Pre-K,2022-05-26,2022-06-25,2022-12-24,No,111,Pre-K,Federal
0000002230,002230,Child Care,2023-01-18,2023-01-24,2024-08-26,No,56,,State
0000002230,002230,Home Visiting,2020-02-27,2020-03-26,2021-09-11,Yes,15,,Federal
0000002231,002231,Early Intervention,2021-11-28,2021-12-23,2022-10-14,No,43,Early Intervention,Private
0000002231,002231,Early Intervention,2022-01-22,2022-02-06,2024-02-25,No,45,Early Intervention,State
0000002231,002231,State Pre-K,2024-03-09,2024-03-24,2025-08-15,No,118,Pre-K,State
0000002232,002232,Child Care,2018-09-11,2018-09-30,2019-07-27,No,56,,Local
0000002232,002232,Childcare Subsidy,2019-08-13,2019-09-12,2020-03-24,No,53,,Private
0000002233,002233,Early Head Start,2021-06-11,2021-06-22,2023-12-09,No,60,,Private
0000002234,002234,Home Visiting,2022-12-06,2023-01-04,2024-06-05,Yes,13,,Local
0000002234,002234,Childcare Subsidy,2024-07-19,2024-08-18,2026-01-02,No,139,,Federal
0000002234,002234,State Pre-K,2026-04-15,2026-05-06,2027-03-19,No,144,Pre-K,Federal
0000002235,002235,Home Visiting,2021-08-02,2021-08-10,2023-07-21,Yes,20,,Private
0000002235,002235,Childcare Subsidy,2023-10-23,2023-11-15,2025-08-23,No,200,,Private
0000002236,002236,Early Intervention,2023-02-16,2023-02-26,2024-08-01,No,23,Early Intervention,Federal
0000002237,002237,Child Care,2021-11-02,2021-11-21,2022-11-30,No,60,,Local
0000002238,002238,Home Visiting,2018-07-20,2018-07-27,2018-11-17,Yes,17,,State
0000002238,002238,Child Care,2018-08-26,2018-09-10,2019-08-27,No,79,,Federal
0000002239,002239,Early Intervention,2019-12-07,2019-12-17,2021-08-16,No,24,Early Intervention,Local
0000002240,002240,Early Intervention,2020-10-11,2020-10-31,2021-07-23,No,25,Early Intervention,Federal
0000002241,002241,First Steps,2023-07-30,2023-08-09,2025-07-30,No,28,Early Intervention,Private
0000002242,002242,Early Intervention,2020-12-15,2020-12-21,2021-10-12,No,47,Early Intervention,Federal
0000002242,002242,Early Intervention,2021-10-14,2021-10-29,2022-07-24,No,44,Early Intervention,State
0000002243,002243,Early Intervention,2020-03-02,2020-03-06,2022-01-11,No,30,Early Intervention,Local
0000002243,002243,Child Care,2022-03-17,2022-03-28,2023-09-03,No,123,,Federal
0000002244,002244,Early Intervention,2019-10-25,2019-11-04,2022-01-07,No,18,Early Intervention,Federal
0000002244,002244,First Steps,2022-02-08,2022-02-27,2024-12-17,No,40,Early Intervention,Federal
0000002244,002244,Home Visiting,2020-07-18,2020-07-23,2021-10-04,Yes,26,,State
0000002245,002245,First Steps,2021-10-19,2021-11-14,2022-06-17,No,31,Early Intervention,State
0000002246,002246,Home Visiting,2021-04-03,2021-04-29,2024-03-27,Yes,21,,State
0000002246,002246,Child Care,2024-04-30,2024-05-11,2025-05-31,No,173,,Private
0000002247,002247,Home Visiting,2021-09-23,2021-10-18,2023-12-05,Yes,18,,Federal
0000002248,002248,Childcare Subsidy,2019-03-17,2019-04-10,2020-12-08,No,180,,Private
0000002249,002249,Childcare Subsidy,2021-11-19,2021-12-08,2022-11-19,No,82,,Local
0000002249,002249,Early Intervention,2023-04-30,2023-05-26,2024-01-24,No,13,Early Intervention,State
0000002250,002250,Early Head Start,2022-01-01,2022-01-14,2024-01-05,No,55,,Local
0000002251,002251,Early Head Start,2022-10-10,2022-10-17,2023-07-27,No,162,,State
0000002252,002252,Early Head Start,2020-06-16,2020-06-28,2022-04-19,No,201,,State
0000002253,002253,Childcare Subsidy,2021-06-12,2021-07-05,2022-08-19,No,93,,State
0000002253,002253,Early Intervention,2022-08-25,2022-09-03,2023-11-03,No,45,Early Intervention,Federal
0000002253,002253,State Pre-K,2023-11-10,2023-11-20,2025-01-07,No,121,Pre-K,State
0000002254,002254,Home Visiting,2021-01-14,2021-02-13,2023-09-08,Yes,24,,Federal
0000002254,002254,Childcare Subsidy,2021-03-15,2021-03-30,2024-09-22,No,152,,State
0000002255,002255,Early Head Start,2021-03-17,2021-04-01,2023-06-30,No,150,,Local
0000002255,002255,Head Start,2023-07-07,2023-07-13,2025-01-21,No,136,Pre-K,Federal
0000002256,002256,First Steps,2019-03-05,2019-03-15,2021-04-03,No,19,Early Intervention,Federal
0000002256,002256,First Steps,2021-04-06,2021-05-02,2023-04-18,No,50,Early Intervention,Federal
0000002257,002257,Child Care,2020-11-20,2020-12-19,2022-02-09,No,162,,Federal
0000002257,002257,Child Care,2021-01-18,2021-02-02,2023-12-05,No,188,,Local
0000002258,002258,Home Visiting,2018-11-27,2018-12-18,2019-10-19,Yes,3,,State
0000002259,002259,Early Head Start,2020-11-24,2020-11-30,2023-02-04,No,62,,State
0000002259,002259,Child Care,2023-02-27,2023-03-08,2024-12-27,No,158,,Federal
0000002259,002259,Child Care,2024-12-29,2025-01-05,2025-10-31,No,109,,Local
0000002260,002260,Childcare Subsidy,2020-01-08,2020-01-31,2020-11-25,No,104,,Private
0000002261,002261,Home Visiting,2020-01-17,2020-02-07,2020-07-14,Yes,11,,Federal
0000002262,002262,Early Head Start,2022-05-23,2022-06-03,2023-05-11,No,41,,State
0000002263,002263,Early Head Start,2021-09-03,2021-09-25,2022-02-18,No,36,,State
0000002263,002263,Early Intervention,2022-02-23,2022-03-22,2022-08-12,No,38,Early Intervention,State
0000002264,002264,First Steps,2022-01-18,2022-02-10,2024-02-06,No,52,Early Intervention,Federal
0000002264,002264,Child Care,2024-02-22,2024-03-20,2025-08-07,No,181,,State
0000002265,002265,Childcare Subsidy,2022-01-08,2022-01-09,2022-10-30,No,97,,Federal
0000002265,002265,Home Visiting,2022-11-09,2022-11-27,2023-01-31,Yes,18,,State
0000002266,002266,Child Care,2022-08-28,2022-09-04,2025-04-10,No,176,,Federal
0000002267,002267,Childcare Subsidy,2022-03-16,2022-03-30,2022-12-16,No,123,,State
0000002267,002267,Early Intervention,2023-03-27,2023-04-01,2023-06-19,No,20,Early Intervention,State
0000002268,002268,Home Visiting,2020-04-17,2020-04-24,2021-03-30,Yes,15,,Federal
0000002269,002269,Home Visiting,2020-04-17,2020-05-11,2022-07-11,Yes,17,,Private
0000002270,002270,Child Care,2021-02-18,2021-02-28,2023-02-09,No,137,,Federal
0000002271,002271,Early Head Start,2018-04-26,2018-05-11,2020-06-21,No,166,,Local
0000002271,002271,Early Head Start,2020-06-25,2020-07-24,2022-12-24,No,190,,Private
0000002272,002272,Early Head Start,2019-12-19,2019-12-20,2021-06-09,No,163,,Federal
0000002272,002272,Early Head Start,2021-08-08,2021-09-02,2023-03-17,No,141,,Local
0000002273,002273,First Steps,2020-10-16,2020-10-29,2021-09-14,No,36,Early Intervention,State
0000002274,002274,Child Care,2021-06-25,2021-07-14,2023-08-05,No,191,,Federal
0000002274,002274,Early Intervention,2023-08-19,2023-09-16,2026-03-22,No,33,Early Intervention,Private
0000002275,002275,Early Intervention,2019-06-09,2019-06-10,2020-09-18,No,11,Early Intervention,Local
0000002275,002275,Childcare Subsidy,2020-10-07,2020-10-19,2022-07-24,No,157,,Private
0000002276,002276,Childcare Subsidy,2020-02-02,2020-02-09,2020-07-14,No,126,,Local
0000002276,002276,Childcare Subsidy,2020-11-29,2020-12-24,2021-10-18,No,93,,State
0000002276,002276,Head Start,2022-03-19,2022-03-21,2023-03-14,No,55,Pre-K,Local
0000002277,002277,Early Head Start,2020-10-14,2020-10-21,2022-01-14,No,69,,Federal
0000002277,002277,Childcare Subsidy,2022-02-11,2022-02-25,2025-02-07,No,87,,State
0000002278,002278,Early Head Start,2018-07-27,2018-08-21,2019-02-05,No,106,,Private
0000002278,002278,Child Care,2019-02-22,2019-02-26,2020-01-12,No,47,,Federal
0000002278,002278,Home Visiting,2020-01-15,2020-01-20,2021-01-06,Yes,4,,Federal
0000002279,002279,Home Visiting,2019-02-09,2019-03-07,2020-04-30,Yes,13,,Local
0000002279,002279,Early Intervention,2020-05-11,2020-05-13,2022-04-25,No,54,Early Intervention,Local
0000002280,002280,First Steps,2022-05-12,2022-05-15,2024-10-20,No,18,Early Intervention,Federal
0000002280,002280,Childcare Subsidy,2024-12-19,2025-01-13,2025-12-07,No,143,,Local
0000002280,002280,Early Head Start,2021-06-09,2021-07-03,2022-10-04,No,62,,Local
0000002281,002281,Home Visiting,2022-11-17,2022-12-14,2024-04-13,Yes,13,,State
0000002282,002282,Childcare Subsidy,2021-01-05,2021-01-14,2022-06-22,No,57,,Local
0000002282,002282,Child Care,2022-09-08,2022-10-07,2024-07-01,No,148,,Local
0000002283,002283,Early Intervention,2022-07-03,2022-07-06,2023-05-27,No,14,Early Intervention,State
0000002284,002284,Childcare Subsidy,2021-10-04,2021-10-14,2023-08-12,No,145,,Federal
0000002285,002285,Early Intervention,2020-03-23,2020-04-17,2021-08-04,No,55,Early Intervention,Federal
0000002286,002286,Early Intervention,2022-01-07,2022-01-08,2023-08-15,No,58,Early Intervention,Federal
0000002287,002287,Home Visiting,2021-09-22,2021-10-21,2023-01-12,Yes,6,,Local
0000002288,002288,Home Visiting,2020-02-21,2020-03-06,2021-11-19,Yes,12,,Private
0000002289,002289,Home Visiting,2020-11-07,2020-11-30,2023-02-01,Yes,12,,Federal
0000002290,002290,Home Visiting,2020-03-21,2020-03-25,2021-04-06,Yes,12,,Private
0000002291,002291,Home Visiting,2019-06-16,2019-06-30,2020-03-26,Yes,7,,State
0000002292,002292,Early Head Start,2018-06-14,2018-07-04,2020-08-25,No,85,,State
0000002293,002293,First Steps,2019-06-15,2019-06-21,2020-04-20,No,8,Early Intervention,Private
0000002294,002294,First Steps,2019-08-30,2019-09-25,2020-05-13,No,11,Early Intervention,State
0000002294,002294,Early Intervention,2020-08-31,2020-09-02,2022-05-26,No,45,Early Intervention,Local
0000002295,002295,Home Visiting,2019-03-17,2019-03-31,2021-01-14,Yes,27,,State
0000002296,002296,Home Visiting,2020-03-28,2020-04-07,2020-12-30,Yes,3,,Local
0000002296,002296,First Steps,2021-01-10,2021-02-07,2021-09-16,No,24,Early Intervention,State
0000002297,002297,First Steps,2019-11-03,2019-11-13,2021-05-31,No,32,Early Intervention,Federal
0000002297,002297,Child Care,2019-12-13,2019-12-28,2022-11-12,No,136,,Private
0000002298,002298,Childcare Subsidy,2020-11-14,2020-12-07,2022-04-11,No,151,,Private
0000002299,002299,Childcare Subsidy,2021-05-24,2021-06-17,2022-10-04,No,85,,Local
0000002299,002299,Early Head Start,2023-01-18,2023-02-08,2025-08-06,No,158,,Private
0000002300,002300,Early Head Start,2021-01-08,2021-01-24,2021-08-25,No,121,,Private
0000002301,002301,Early Head Start,2023-09-07,2023-09-11,2025-01-16,No,146,,State
0000002302,002302,Early Intervention,2022-03-04,2022-03-22,2023-06-19,No,29,Early Intervention,State
0000002302,002302,First Steps,2023-09-28,2023-10-26,2025-11-29,No,24,Early Intervention,Local
0000002302,002302,Childcare Subsidy,2021-10-21,2021-11-03,2024-09-12,No,156,,State
0000002302,002302,Head Start,2024-11-14,2024-12-13,2025-12-17,No,124,Pre-K,Private
0000002302,002302,Early Intervention,2021-10-21,2021-11-11,2024-03-22,No,48,Early Intervention,Federal
0000002303,002303,Childcare Subsidy,2021-11-13,2021-11-23,2023-09-28,No,67,,State
0000002304,002304,Early Intervention,2023-01-21,2023-02-04,2024-05-08,No,40,Early Intervention,Private
0000002305,002305,Childcare Subsidy,2020-05-28,2020-06-21,2022-05-19,No,158,,Private
0000002305,002305,Childcare Subsidy,2022-06-05,2022-06-14,2024-05-13,No,128,,Federal
0000002306,002306,Early Head Start,2020-06-08,2020-06-10,2021-11-17,No,203,,State
0000002306,002306,Child Care,2022-01-04,2022-01-11,2024-09-13,No,130,,Local
0000002306,002306,Childcare Subsidy,2020-08-20,2020-08-21,2022-06-27,No,76,,Local
0000002307,002307,Child Care,2021-11-12,2021-12-04,2023-04-13,No,130,,Private
0000002308,002308,Home Visiting,2019-08-21,2019-09-09,2020-11-28,Yes,14,,State
0000002308,002308,Childcare Subsidy,2019-10-09,2019-10-24,2022-06-28,No,89,,Federal
0000002308,002308,State Pre-K,2022-10-01,2022-10-16,2024-03-01,No,119,Pre-K,Local
0000002309,002309,Home Visiting,2021-04-20,2021-05-04,2022-04-12,Yes,12,,State
0000002309,002309,Early Intervention,2022-05-02,2022-05-19,2022-12-16,No,24,Early Intervention,Local
0000002309,002309,Head Start,2022-12-22,2023-01-05,2023-04-29,No,93,Pre-K,Private
0000002310,002310,Early Head Start,2021-08-19,2021-09-16,2022-11-28,No,65,,Federal
0000002311,002311,First Steps,2021-05-10,2021-06-08,2022-05-29,No,16,Early Intervention,State
0000002311,002311,Home Visiting,2022-06-08,2022-07-04,2023-03-10,Yes,11,,Local
0000002311,002311,First Steps,2023-04-08,2023-04-24,2024-11-24,No,20,Early Intervention,State
0000002312,002312,Childcare Subsidy,2019-09-09,2019-09-27,2020-09-22,No,88,,Federal
0000002312,002312,First Steps,2019-10-27,2019-11-11,2021-01-01,No,6,Early Intervention,State
0000002313,002313,Early Head Start,2021-08-13,2021-08-25,2023-04-01,No,76,,Federal
0000002314,002314,First Steps,2021-01-03,2021-01-15,2022-08-24,No,56,Early Intervention,Federal
0000002315,002315,Early Intervention,2020-06-18,2020-06-28,2023-03-13,No,12,Early Intervention,Private
0000002316,002316,Child Care,2020-08-04,2020-08-09,2021-06-16,No,35,,State
0000002317,002317,Childcare Subsidy,2021-03-13,2021-03-24,2021-10-31,No,133,,Private
0000002317,002317,Childcare Subsidy,2021-11-09,2021-11-12,2023-06-08,No,163,,State
0000002318,002318,Early Head Start,2019-10-29,2019-11-08,2020-12-06,No,170,,State
0000002318,002318,First Steps,2019-12-08,2019-12-23,2023-02-07,No,18,Early Intervention,Private
0000002319,002319,Childcare Subsidy,2022-03-09,2022-03-13,2024-02-19,No,67,,Federal
0000002319,002319,Early Head Start,2022-04-12,2022-04-27,2025-11-15,No,100,,Local
0000002319,002319,Head Start,2025-12-07,2025-12-21,2027-02-05,No,80,Pre-K,Federal
0000002320,002320,Childcare Subsidy,2021-02-07,2021-02-20,2022-01-22,No,172,,Private
0000002321,002321,Early Head Start,2020-06-10,2020-07-04,2021-02-07,No,139,,State
0000002322,002322,First Steps,2018-07-24,2018-08-02,2019-10-08,No,7,Early Intervention,Federal
0000002322,002322,First Steps,2019-10-18,2019-11-17,2020-09-15,No,26,Early Intervention,State
0000002322,002322,First Steps,2020-10-03,2020-10-20,2021-06-09,No,33,Early Intervention,Local
0000002323,002323,Early Intervention,2021-04-17,2021-04-19,2022-09-01,No,19,Early Intervention,Private
0000002323,002323,Home Visiting,2022-11-19,2022-11-29,2024-09-17,Yes,4,,Private
0000002323,002323,Child Care,2024-12-27,2025-01-09,2025-11-13,No,89,,State
0000002324,002324,Early Head Start,2021-03-22,2021-03-24,2023-01-24,No,50,,State
0000002324,002324,Home Visiting,2023-01-25,2023-02-21,2024-11-23,Yes,12,,Private
0000002325,002325,Early Head Start,2020-10-04,2020-10-05,2023-05-26,No,157,,Private
0000002325,002325,Head Start,2023-07-18,2023-07-27,2025-03-04,No,168,Pre-K,Local
0000002325,002325,Childcare Subsidy,2020-10-25,2020-11-16,2022-06-20,No,213,,Private
0000002326,002326,Early Intervention,2020-03-03,2020-03-31,2022-02-16,No,12,Early Intervention,Federal
0000002327,002327,Early Intervention,2020-12-07,2021-01-06,2022-03-29,No,25,Early Intervention,Local
0000002327,002327,Early Head Start,2022-04-12,2022-04-18,2023-04-04,No,182,,Private
0000002328,002328,Home Visiting,2022-07-28,2022-07-29,2024-05-30,Yes,6,,Local
0000002329,002329,Early Head Start,2022-09-17,2022-09-30,2024-03-16,No,120,,Local
0000002330,002330,Child Care,2020-11-04,2020-12-02,2021-11-21,No,159,,Local
0000002330,002330,First Steps,2021-12-02,2021-12-25,2023-12-07,No,22,Early Intervention,Local
0000002331,002331,Child Care,2021-11-12,2021-11-21,2022-03-03,No,45,,Local
0000002331,002331,Early Head Start,2022-03-25,2022-04-19,2023-04-17,No,123,,State
0000002332,002332,Home Visiting,2023-07-02,2023-07-14,2024-10-30,Yes,6,,Federal
0000002332,002332,Head Start,2024-11-18,2024-12-04,2026-02-02,No,117,Pre-K,Private
0000002332,002332,State Pre-K,2026-02-12,2026-02-15,2027-01-25,No,124,Pre-K,Federal
0000002332,002332,Early Head Start,2022-08-08,2022-08-24,2023-12-19,No,134,,Federal
0000002332,002332,Home Visiting,2024-01-04,2024-01-10,2025-12-22,Yes,27,,State
0000002333,002333,Early Head Start,2020-01-15,2020-02-10,2021-11-05,No,170,,State
0000002334,002334,Child Care,2020-07-25,2020-08-21,2022-01-13,No,140,,Federal
0000002334,002334,State Pre-K,2022-02-10,2022-02-27,2023-04-23,No,126,Pre-K,Local
0000002334,002334,Child Care,2023-05-03,2023-05-20,2024-05-14,No,67,,Private
0000002335,002335,Childcare Subsidy,2020-11-29,2020-12-01,2021-05-17,No,53,,State
0000002335,002335,Early Head Start,2020-12-31,2021-01-15,2022-04-11,No,106,,State
0000002336,002336,Early Head Start,2022-04-26,2022-05-02,2023-12-04,No,103,,Federal
0000002337,002337,First Steps,2022-09-18,2022-10-14,2025-02-06,No,47,Early Intervention,State
0000002338,002338,Home Visiting,2019-01-07,2019-01-19,2019-07-08,Yes,8,,State
0000002338,002338,Childcare Subsidy,2019-07-10,2019-07-21,2019-11-09,No,153,,Local
0000002338,002338,Early Head Start,2019-11-12,2019-11-21,2020-10-09,No,106,,Private
0000002339,002339,Early Intervention,2019-12-04,2019-12-27,2021-01-10,No,32,Early Intervention,Federal
0000002339,002339,First Steps,2021-01-27,2021-02-15,2022-12-23,No,22,Early Intervention,Federal
0000002340,002340,First Steps,2022-01-13,2022-01-15,2023-04-27,No,15,Early Intervention,Private
0000002340,002340,Child Care,2023-05-06,2023-05-11,2024-11-13,No,104,,Local
0000002340,002340,Childcare Subsidy,2024-11-16,2024-12-13,2027-03-09,No,50,,Federal
0000002340,002340,Child Care,2022-09-18,2022-10-02,2025-03-02,No,83,,Federal
0000002341,002341,Early Head Start,2021-05-31,2021-06-20,2022-08-06,No,76,,Federal
0000002342,002342,Home Visiting,2020-07-12,2020-08-06,2022-09-28,Yes,7,,State
0000002342,002342,Child Care,2022-10-16,2022-11-08,2024-05-16,No,93,,State
0000002342,002342,Head Start,2024-06-11,2024-07-06,2025-03-13,No,96,Pre-K,State
0000002343,002343,Home Visiting,2020-10-20,2020-10-30,2023-08-02,Yes,4,,State
0000002343,002343,Childcare Subsidy,2023-08-25,2023-09-16,2025-05-04,No,161,,Local
0000002344,002344,Early Intervention,2022-12-15,2023-01-11,2025-04-13,No,32,Early Intervention,State
0000002344,002344,Childcare Subsidy,2025-04-20,2025-05-10,2026-09-19,No,195,,State
0000002345,002345,Child Care,2021-10-04,2021-11-02,2023-06-27,No,86,,Local
0000002345,002345,Head Start,2023-09-09,2023-09-15,2024-07-25,No,97,Pre-K,Local
0000002346,002346,Child Care,2019-09-21,2019-10-01,2020-03-06,No,99,,Local
0000002347,002347,First Steps,2019-05-28,2019-06-13,2020-09-03,No,29,Early Intervention,Private
0000002348,002348,Early Head Start,2020-04-12,2020-05-10,2021-09-29,No,78,,Federal
0000002348,002348,Childcare Subsidy,2021-11-11,2021-11-13,2023-09-03,No,144,,Local
0000002349,002349,First Steps,2021-04-26,2021-05-21,2023-03-28,No,40,Early Intervention,Federal
0000002350,002350,Home Visiting,2021-04-03,2021-04-15,2022-06-27,Yes,11,,Federal
0000002350,002350,First Steps,2022-07-17,2022-07-29,2024-05-30,No,13,Early Intervention,Federal
0000002350,002350,Childcare Subsidy,2024-06-23,2024-07-19,2025-04-18,No,157,,Federal
0000002351,002351,Home Visiting,2020-11-06,2020-11-27,2021-12-30,Yes,21,,Federal
0000002352,002352,Child Care,2019-12-22,2020-01-05,2021-01-19,No,50,,Private
0000002353,002353,Home Visiting,2018-12-29,2019-01-23,2021-04-21,Yes,19,,Local
0000002354,002354,Child Care,2020-05-01,2020-05-16,2020-12-02,No,154,,State
0000002355,002355,Childcare Subsidy,2020-09-15,2020-10-05,2021-05-20,No,43,,Private
0000002355,002355,Home Visiting,2021-06-15,2021-07-01,2022-01-04,Yes,18,,Federal
0000002356,002356,Childcare Subsidy,2020-02-21,2020-03-10,2021-11-19,No,79,,State
0000002357,002357,Early Intervention,2022-12-23,2023-01-18,2025-03-17,No,28,Early Intervention,Private
0000002357,002357,Childcare Subsidy,2025-04-16,2025-04-19,2026-08-17,No,138,,Private
0000002357,002357,Early Head Start,2022-02-17,2022-03-16,2023-06-29,No,184,,Federal
0000002358,002358,Childcare Subsidy,2022-08-04,2022-08-23,2025-08-17,No,73,,Private
0000002358,002358,Childcare Subsidy,2022-09-22,2022-10-07,2026-10-13,No,100,,Local
0000002359,002359,First Steps,2019-01-11,2019-01-13,2019-06-02,No,31,Early Intervention,Private
0000002360,002360,Child Care,2021-03-30,2021-04-02,2021-06-01,No,85,,Private
0000002361,002361,Home Visiting,2020-01-12,2020-01-28,2022-05-06,Yes,18,,State
0000002361,002361,Childcare Subsidy,2022-05-28,2022-06-15,2023-08-04,No,116,,State
0000002361,002361,Early Head Start,2019-02-04,2019-02-17,2021-12-12,No,91,,Local
0000002362,002362,First Steps,2022-09-09,2022-09-20,2025-08-26,No,26,Early Intervention,Local
0000002362,002362,Head Start,2025-11-14,2025-12-13,2027-05-22,No,77,Pre-K,Federal
0000002362,002362,Home Visiting,2022-11-22,2022-12-16,2024-03-17,Yes,18,,Private
0000002363,002363,Early Intervention,2019-10-29,2019-11-06,2020-07-26,No,9,Early Intervention,State
0000002364,002364,First Steps,2022-03-23,2022-04-06,2022-07-28,No,19,Early Intervention,Local
0000002364,002364,Home Visiting,2022-08-05,2022-08-11,2023-05-03,Yes,15,,Federal
0000002365,002365,Child Care,2021-03-25,2021-03-31,2021-06-21,No,85,,Private
0000002365,002365,First Steps,2021-10-15,2021-10-28,2021-12-28,No,19,Early Intervention,State
0000002366,002366,Early Head Start,2020-12-08,2020-12-13,2022-10-11,No,96,,State
0000002367,002367,First Steps,2020-05-03,2020-05-27,2020-10-10,No,30,Early Intervention,Local
0000002368,002368,Early Head Start,2019-04-08,2019-04-30,2020-06-26,No,98,,Federal
0000002368,002368,Child Care,2020-07-11,2020-08-08,2021-08-25,No,103,,State
0000002369,002369,Early Head Start,2018-04-05,2018-04-11,2021-02-26,No,194,,Private
0000002369,002369,Child Care,2021-03-10,2021-04-05,2023-08-23,No,183,,Federal
0000002369,002369,Childcare Subsidy,2019-02-23,2019-03-18,2022-02-23,No,75,,Federal
0000002370,002370,Child Care,2019-03-16,2019-03-19,2020-03-02,No,137,,State
0000002371,002371,Early Intervention,2018-11-14,2018-11-22,2019-11-10,No,33,Early Intervention,Federal
0000002372,002372,Early Intervention,2020-05-21,2020-06-06,2021-09-03,No,33,Early Intervention,Private
0000002373,002373,Early Intervention,2023-02-04,2023-02-14,2023-09-15,No,46,Early Intervention,State
0000002373,002373,Early Head Start,2023-09-23,2023-10-19,2024-07-30,No,101,,Private
0000002373,002373,State Pre-K,2024-08-19,2024-08-20,2025-02-06,No,62,Pre-K,Federal
0000002374,002374,Childcare Subsidy,2022-09-10,2022-09-25,2024-01-13,No,175,,Private
0000002374,002374,Home Visiting,2024-03-23,2024-04-14,2025-06-30,Yes,20,,Private
0000002374,002374,Head Start,2025-10-03,2025-10-04,2026-12-14,No,67,Pre-K,Federal
0000002375,002375,Child Care,2019-03-20,2019-04-03,2021-11-06,No,110,,State
0000002375,002375,Child Care,2022-02-04,2022-02-13,2023-11-02,No,137,,State
0000002376,002376,Child Care,2021-07-11,2021-07-24,2022-02-03,No,149,,Local
0000002377,002377,Childcare Subsidy,2020-02-02,2020-02-22,2021-12-11,No,49,,Federal
0000002378,002378,Child Care,2021-12-21,2022-01-01,2022-09-25,No,136,,State
0000002379,002379,Home Visiting,2019-08-11,2019-08-19,2020-11-01,Yes,5,,State
0000002379,002379,Early Intervention,2020-12-28,2021-01-25,2022-12-08,No,31,Early Intervention,Local
0000002380,002380,Childcare Subsidy,2021-11-30,2021-12-18,2023-04-01,No,62,,Private
0000002380,002380,First Steps,2023-04-20,2023-05-08,2025-08-14,No,42,Early Intervention,Federal
0000002380,002380,Head Start,2025-08-25,2025-09-07,2026-04-21,No,150,Pre-K,Private
0000002381,002381,Child Care,2020-04-20,2020-04-27,2021-10-04,No,63,,Federal
0000002382,002382,Home Visiting,2020-07-29,2020-08-04,2022-11-23,Yes,21,,State
0000002382,002382,Childcare Subsidy,2020-09-03,2020-09-18,2024-03-09,No,188,,Federal
0000002383,002383,First Steps,2020-10-10,2020-11-04,2022-08-05,No,35,Early Intervention,Federal
0000002383,002383,First Steps,2022-12-01,2022-12-16,2025-06-23,No,13,Early Intervention,State
0000002384,002384,Early Intervention,2020-09-17,2020-10-15,2022-05-06,No,11,Early Intervention,Local
0000002385,002385,First Steps,2022-10-06,2022-10-22,2023-01-08,No,41,Early Intervention,State
0000002386,002386,Child Care,2022-08-15,2022-08-31,2023-09-17,No,144,,Federal
0000002386,002386,First Steps,2023-11-01,2023-11-03,2024-11-18,No,21,Early Intervention,Local
0000002387,002387,Early Head Start,2023-01-17,2023-01-18,2023-12-01,No,129,,Private
0000002387,002387,Early Intervention,2023-12-30,2024-01-23,2025-01-23,No,42,Early Intervention,Private
0000002388,002388,Early Head Start,2023-09-17,2023-10-03,2024-09-17,No,103,,Local
0000002388,002388,Child Care,2024-12-16,2024-12-25,2025-07-02,No,59,,Private
0000002389,002389,Home Visiting,2023-12-20,2024-01-09,2026-07-06,Yes,13,,Private
0000002389,002389,Childcare Subsidy,2026-08-12,2026-08-22,2027-06-20,No,70,,Private
0000002390,002390,Child Care,2019-07-25,2019-08-06,2022-06-19,No,144,,Local
0000002390,002390,Child Care,2022-06-26,2022-07-18,2023-09-10,No,130,,Local
0000002391,002391,Early Head Start,2022-01-30,2022-02-04,2024-06-08,No,165,,Private
0000002392,002392,Home Visiting,2020-01-24,2020-02-08,2021-01-10,Yes,7,,Federal
0000002392,002392,Early Head Start,2021-02-06,2021-02-22,2022-01-11,No,106,,State
0000002392,002392,Child Care,2022-01-19,2022-02-12,2022-08-20,No,111,,State
0000002392,002392,Childcare Subsidy,2022-09-09,2022-09-27,2023-06-20,No,126,,Private
0000002393,002393,Childcare Subsidy,2022-11-04,2022-12-04,2023-02-24,No,64,,Federal
0000002394,002394,Home Visiting,2021-09-20,2021-10-10,2022-04-12,Yes,15,,Private
0000002394,002394,Early Head Start,2022-04-20,2022-05-15,2023-05-29,No,127,,Federal
0000002395,002395,Home Visiting,2018-05-12,2018-05-21,2019-04-10,Yes,4,,Federal
0000002395,002395,Early Head Start,2019-05-09,2019-05-28,2019-10-14,No,31,,Local
0000002396,002396,First Steps,2022-01-14,2022-01-17,2022-04-26,No,24,Early Intervention,State
0000002397,002397,Early Intervention,2020-08-08,2020-08-25,2022-04-08,No,39,Early Intervention,State
0000002397,002397,Childcare Subsidy,2022-04-27,2022-04-30,2024-04-15,No,161,,Local
0000002397,002397,Child Care,2024-05-11,2024-06-07,2024-11-15,No,62,,Private
0000002398,002398,Childcare Subsidy,2022-06-21,2022-07-06,2024-01-18,No,128,,Local
0000002398,002398,Early Intervention,2022-08-05,2022-08-20,2026-07-26,No,18,Early Intervention,Federal
0000002399,002399,First Steps,2020-08-29,2020-09-27,2023-06-09,No,42,Early Intervention,Federal
0000002399,002399,Early Intervention,2023-06-17,2023-07-12,2025-02-26,No,47,Early Intervention,State
0000002399,002399,Child Care,2025-02-27,2025-03-11,2026-01-07,No,66,,Local
0000002400,002400,Early Head Start,2021-08-14,2021-08-15,2024-05-26,No,75,,Local
0000002400,002400,Child Care,2024-07-21,2024-08-20,2025-11-14,No,138,,Private
0000002400,002400,Childcare Subsidy,2021-07-14,2021-08-03,2022-09-08,No,87,,Private
0000002401,002401,First Steps,2022-02-10,2022-03-01,2022-05-10,No,18,Early Intervention,Federal
0000002401,002401,Early Head Start,2022-06-09,2022-06-21,2022-11-26,No,75,,Private
0000002401,002401,Early Head Start,2022-12-12,2022-12-24,2023-04-15,No,59,,Local
0000002402,002402,First Steps,2022-06-08,2022-06-09,2023-08-24,No,25,Early Intervention,Private
0000002402,002402,First Steps,2022-07-09,2022-07-24,2025-03-09,No,15,Early Intervention,Private
0000002402,002402,State Pre-K,2025-03-18,2025-04-03,2026-03-21,No,78,Pre-K,Federal
0000002403,002403,Home Visiting,2019-01-03,2019-01-11,2020-07-09,Yes,10,,Private
0000002403,002403,Early Intervention,2020-09-18,2020-10-01,2021-11-14,No,13,Early Intervention,State
0000002403,002403,Child Care,2021-12-25,2022-01-10,2022-10-31,No,129,,Private
0000002404,002404,First Steps,2018-12-02,2018-12-11,2020-10-01,No,19,Early Intervention,Federal
0000002405,002405,First Steps,2022-07-04,2022-07-09,2024-01-28,No,20,Early Intervention,Private
0000002405,002405,Home Visiting,2024-01-30,2024-02-25,2026-11-25,Yes,11,,Federal
0000002405,002405,Early Intervention,2022-05-28,2022-06-21,2024-02-28,No,19,Early Intervention,Private
0000002406,002406,Early Head Start,2019-03-10,2019-04-09,2020-09-07,No,98,,Federal
0000002407,002407,Childcare Subsidy,2023-08-09,2023-08-17,2025-04-21,No,148,,State
0000002407,002407,Childcare Subsidy,2025-05-04,2025-06-03,2026-11-11,No,43,,Local
0000002407,002407,Home Visiting,2022-10-19,2022-10-28,2023-12-19,Yes,8,,Private
0000002408,002408,Early Head Start,2020-05-30,2020-06-29,2023-05-03,No,64,,Local
0000002408,002408,Childcare Subsidy,2023-06-01,2023-06-30,2024-10-21,No,85,,Local
0000002409,002409,Child Care,2021-08-28,2021-09-13,2023-07-28,No,107,,Local
0000002409,002409,Home Visiting,2023-08-13,2023-08-25,2024-07-20,Yes,5,,State
0000002409,002409,Child Care,2024-08-11,2024-08-26,2026-05-15,No,74,,Private
0000002410,002410,Home Visiting,2022-03-11,2022-04-03,2025-02-25,Yes,16,,Federal
0000002411,002411,Home Visiting,2018-11-13,2018-11-21,2019-10-10,Yes,9,,Federal
0000002412,002412,Early Head Start,2019-10-08,2019-10-26,2020-11-27,No,80,,Federal
0000002412,002412,First Steps,2020-12-15,2020-12-16,2022-10-04,No,36,Early Intervention,Federal
0000002412,002412,Head Start,2022-11-01,2022-11-30,2023-08-17,No,128,Pre-K,State
0000002412,002412,Head Start,2023-08-20,2023-08-30,2024-08-26,No,159,Pre-K,Local
0000002412,002412,Early Head Start,2020-02-27,2020-03-28,2021-02-03,No,46,,Local
0000002413,002413,Home Visiting,2021-03-05,2021-03-20,2022-08-17,Yes,14,,Private
0000002413,002413,Early Intervention,2022-09-11,2022-09-23,2023-08-13,No,11,Early Intervention,Local
0000002414,002414,Early Head Start,2022-02-14,2022-02-26,2024-03-04,No,83,,Local
0000002414,002414,Childcare Subsidy,2024-03-11,2024-03-16,2025-10-26,No,134,,Private
0000002415,002415,Early Intervention,2021-02-21,2021-03-22,2022-07-09,No,26,Early Intervention,Local
0000002415,002415,Early Intervention,2022-07-15,2022-07-26,2024-05-12,No,12,Early Intervention,State
0000002416,002416,Childcare Subsidy,2021-07-06,2021-07-14,2022-05-18,No,50,,Private
0000002417,002417,Early Head Start,2019-03-16,2019-03-19,2021-05-09,No,51,,Private
0000002417,002417,Childcare Subsidy,2021-08-18,2021-08-30,2022-09-03,No,93,,State
0000002417,002417,State Pre-K,2022-11-29,2022-12-15,2024-03-14,No,107,Pre-K,Private
0000002418,002418,First Steps,2021-12-21,2021-12-31,2022-04-15,No,28,Early Intervention,State
0000002419,002419,Early Intervention,2019-12-19,2020-01-13,2021-03-20,No,11,Early Intervention,State
0000002419,002419,Home Visiting,2021-04-09,2021-04-28,2023-12-31,Yes,19,,Private
0000002420,002420,Childcare Subsidy,2021-08-10,2021-09-07,2024-05-09,No,115,,Private
0000002420,002420,Child Care,2024-05-17,2024-05-18,2026-09-23,No,174,,Private
0000002421,002421,Early Head Start,2019-12-29,2020-01-28,2020-06-27,No,130,,Federal
0000002422,002422,Child Care,2021-12-31,2022-01-29,2022-05-31,No,56,,State
0000002423,002423,Childcare Subsidy,2020-03-16,2020-04-14,2022-05-26,No,182,,Local
0000002424,002424,Home Visiting,2020-11-20,2020-11-22,2021-09-01,Yes,5,,State
0000002424,002424,Early Intervention,2021-12-08,2021-12-17,2022-11-29,No,29,Early Intervention,Federal
0000002425,002425,Home Visiting,2019-02-01,2019-02-25,2021-10-20,Yes,8,,Private
0000002425,002425,Child Care,2021-10-21,2021-11-12,2023-09-21,No,167,,State
0000002426,002426,Early Head Start,2020-12-28,2021-01-13,2021-09-15,No,54,,Private
0000002426,002426,Early Head Start,2022-01-01,2022-01-22,2022-10-27,No,29,,Private
0000002427,002427,Early Intervention,2020-04-10,2020-05-07,2022-01-01,No,36,Early Intervention,State
0000002428,002428,Child Care,2022-01-31,2022-02-12,2022-10-14,No,75,,Private
0000002428,002428,Childcare Subsidy,2022-10-31,2022-11-11,2023-02-14,No,162,,Federal
0000002428,002428,Childcare Subsidy,2023-03-07,2023-03-17,2024-02-13,No,165,,State
0000002428,002428,Home Visiting,2024-02-26,2024-03-07,2025-01-02,Yes,23,,Private
0000002428,002428,Child Care,2025-01-21,2025-01-23,2025-08-24,No,130,,State
0000002429,002429,Home Visiting,2021-12-13,2021-12-14,2023-08-10,Yes,6,,State
0000002429,002429,Child Care,2023-09-02,2023-09-13,2025-08-22,No,70,,State
0000002430,002430,Child Care,2020-12-30,2021-01-05,2022-06-23,No,146,,State
0000002430,002430,Home Visiting,2021-02-04,2021-02-19,2023-09-21,Yes,12,,Private
0000002430,002430,State Pre-K,2023-09-24,2023-09-30,2024-05-09,No,75,Pre-K,Private
0000002431,002431,Child Care,2019-10-04,2019-11-02,2021-06-24,No,184,,Private
0000002432,002432,Early Head Start,2020-12-09,2020-12-15,2023-08-04,No,84,,Federal
0000002432,002432,Early Head Start,2023-08-17,2023-09-06,2025-11-07,No,95,,Private
0000002432,002432,First Steps,2021-09-06,2021-09-10,2023-11-28,No,44,Early Intervention,State
0000002433,002433,Early Head Start,2019-12-16,2019-12-21,2021-05-29,No,121,,Private
0000002434,002434,Child Care,2021-01-25,2021-02-16,2022-10-12,No,110,,Federal
0000002435,002435,Childcare Subsidy,2020-11-22,2020-12-20,2023-12-20,No,161,,Private
0000002436,002436,Childcare Subsidy,2019-01-30,2019-02-18,2021-09-09,No,192,,Private
0000002437,002437,Child Care,2021-02-14,2021-02-28,2021-06-25,No,117,,Local
0000002437,002437,First Steps,2021-12-04,2021-12-28,2022-08-14,No,21,Early Intervention,Federal
0000002437,002437,Head Start,2023-02-07,2023-03-06,2023-09-03,No,135,Pre-K,Private
0000002437,002437,Child Care,2024-01-07,2024-01-27,2024-09-23,No,79,,Private
0000002437,002437,First Steps,2020-07-26,2020-07-27,2020-10-07,No,7,Early Intervention,Local
0000002438,002438,First Steps,2021-06-04,2021-07-01,2023-04-26,No,49,Early Intervention,State
0000002438,002438,Home Visiting,2023-07-09,2023-07-14,2024-06-21,Yes,21,,Federal
0000002438,002438,Head Start,2024-09-26,2024-10-05,2026-03-02,No,131,Pre-K,Local
0000002439,002439,Home Visiting,2022-06-14,2022-07-01,2023-03-01,Yes,6,,Federal
0000002439,002439,Child Care,2022-07-31,2022-08-15,2024-05-10,No,111,,Local
0000002440,002440,Childcare Subsidy,2022-03-30,2022-04-22,2023-01-25,No,125,,Local
0000002441,002441,Child Care,2020-08-24,2020-09-22,2023-05-25,No,192,,Local
0000002441,002441,Head Start,2023-06-09,2023-06-27,2025-08-23,No,138,Pre-K,State
0000002442,002442,Childcare Subsidy,2020-07-01,2020-07-04,2022-01-25,No,140,,Federal
0000002443,002443,First Steps,2021-10-27,2021-11-08,2022-12-04,No,10,Early Intervention,Private
0000002444,002444,Home Visiting,2020-03-03,2020-03-31,2021-05-06,Yes,18,,Private
0000002445,002445,Child Care,2021-08-11,2021-08-26,2022-06-21,No,50,,Local
0000002446,002446,Home Visiting,2019-04-19,2019-04-24,2021-05-17,Yes,24,,State
0000002447,002447,First Steps,2022-08-16,2022-08-30,2024-04-06,No,34,Early Intervention,Federal
0000002448,002448,Home Visiting,2022-03-23,2022-04-19,2024-12-14,Yes,25,,Private
0000002448,002448,Child Care,2025-01-08,2025-02-02,2026-03-16,No,162,,Federal
0000002448,002448,Head Start,2026-04-05,2026-04-13,2026-10-19,No,74,Pre-K,State
0000002449,002449,First Steps,2021-03-21,2021-04-19,2024-01-22,No,30,Early Intervention,State
0000002450,002450,Childcare Subsidy,2022-02-25,2022-03-11,2024-01-12,No,193,,Local
0000002450,002450,State Pre-K,2024-04-16,2024-05-12,2025-05-29,No,117,Pre-K,State
0000002451,002451,Home Visiting,2019-10-29,2019-10-30,2021-04-14,Yes,12,,Federal
0000002451,002451,Home Visiting,2021-07-21,2021-08-10,2022-12-17,Yes,6,,State
0000002452,002452,Child Care,2023-09-14,2023-10-07,2025-07-31,No,92,,Local
0000002452,002452,Head Start,2025-08-01,2025-08-14,2027-01-19,No,82,Pre-K,Federal
0000002453,002453,First Steps,2021-06-24,2021-07-04,2023-06-28,No,20,Early Intervention,Private
0000002453,002453,Childcare Subsidy,2023-07-21,2023-08-04,2025-02-10,No,154,,State
0000002453,002453,Child Care,2025-02-21,2025-03-12,2026-01-20,No,173,,Local
0000002454,002454,Child Care,2018-05-22,2018-06-01,2018-12-23,No,42,,Private
0000002454,002454,Child Care,2018-07-01,2018-07-16,2019-10-19,No,102,,Private
0000002455,002455,First Steps,2022-06-01,2022-06-30,2023-10-04,No,32,Early Intervention,Local
0000002455,002455,Home Visiting,2023-10-26,2023-11-24,2024-12-05,Yes,17,,Private
0000002456,002456,Early Intervention,2019-10-12,2019-10-14,2020-05-31,No,19,Early Intervention,Federal
0000002456,002456,Early Intervention,2020-06-30,2020-07-12,2021-04-06,No,35,Early Intervention,Private
0000002457,002457,Early Head Start,2022-08-17,2022-09-11,2023-08-05,No,80,,Local
0000002458,002458,Child Care,2019-06-19,2019-06-29,2019-11-14,No,139,,Federal
0000002459,002459,Child Care,2022-09-22,2022-09-26,2023-01-23,No,114,,State
0000002459,002459,Child Care,2023-01-31,2023-02-04,2023-07-14,No,128,,Federal
0000002460,002460,Early Head Start,2019-01-10,2019-01-25,2019-06-12,No,102,,Local
0000002460,002460,Early Head Start,2019-09-25,2019-10-25,2020-05-26,No,36,,Federal
0000002461,002461,Early Head Start,2022-08-29,2022-09-14,2024-06-13,No,142,,Private
0000002461,002461,Head Start,2024-09-25,2024-10-19,2027-02-18,No,155,Pre-K,Local
0000002462,002462,Early Head Start,2022-10-29,2022-11-10,2023-08-29,No,200,,Federal
0000002462,002462,Early Intervention,2023-09-19,2023-10-08,2024-08-21,No,52,Early Intervention,Federal
0000002462,002462,Head Start,2024-09-03,2024-09-15,2025-10-29,No,104,Pre-K,Local
0000002463,002463,Early Head Start,2022-02-22,2022-03-03,2025-02-02,No,153,,Federal
0000002463,002463,Child Care,2025-02-10,2025-02-20,2026-02-24,No,152,,Federal
0000002464,002464,Childcare Subsidy,2019-05-23,2019-06-04,2021-05-21,No,108,,Private
0000002465,002465,Early Head Start,2022-04-29,2022-05-02,2022-12-11,No,81,,Private
0000002465,002465,Childcare Subsidy,2022-12-22,2023-01-07,2023-12-17,No,68,,Private
0000002465,002465,Child Care,2024-01-10,2024-01-20,2024-04-10,No,80,,Federal
0000002466,002466,Early Intervention,2019-10-28,2019-11-22,2020-01-28,No,10,Early Intervention,Private
0000002466,002466,Child Care,2020-05-08,2020-05-23,2021-04-17,No,94,,Federal
0000002467,002467,Home Visiting,2023-06-04,2023-06-13,2024-09-22,Yes,21,,Local
0000002468,002468,Early Head Start,2018-06-29,2018-07-24,2019-07-20,No,62,,State
0000002468,002468,Early Head Start,2019-08-11,2019-09-05,2021-01-27,No,72,,State
0000002468,002468,First Steps,2021-02-01,2021-02-08,2022-08-06,No,37,Early Intervention,Federal
0000002469,002469,Child Care,2020-05-26,2020-06-06,2022-05-01,No,66,,Federal
0000002470,002470,Childcare Subsidy,2020-01-16,2020-01-20,2021-01-26,No,121,,State
0000002470,002470,Child Care,2020-02-19,2020-03-05,2022-08-31,No,173,,State
0000002471,002471,Early Intervention,2020-04-15,2020-05-02,2021-12-25,No,52,Early Intervention,Private
0000002472,002472,Early Head Start,2022-04-12,2022-04-20,2024-08-28,No,84,,Local
0000002473,002473,Childcare Subsidy,2019-07-23,2019-08-04,2019-12-03,No,94,,Local
0000002473,002473,Early Intervention,2019-12-23,2020-01-10,2020-10-31,No,30,Early Intervention,Federal
0000002474,002474,Early Intervention,2020-05-31,2020-06-02,2022-12-19,No,37,Early Intervention,Local
0000002474,002474,Childcare Subsidy,2023-02-08,2023-02-23,2024-04-06,No,169,,State
0000002475,002475,Child Care,2020-11-28,2020-12-28,2021-08-19,No,127,,Private
0000002475,002475,First Steps,2021-09-16,2021-09-21,2022-06-27,No,54,Early Intervention,Private
0000002476,002476,Early Intervention,2021-12-23,2022-01-08,2024-10-27,No,29,Early Intervention,Local
0000002477,002477,Childcare Subsidy,2020-12-10,2020-12-21,2023-04-04,No,156,,Federal
0000002478,002478,Child Care,2022-04-29,2022-05-10,2023-06-21,No,146,,Private
0000002478,002478,Home Visiting,2023-07-29,2023-08-22,2024-12-09,Yes,16,,Private
0000002479,002479,Home Visiting,2022-08-14,2022-09-11,2025-05-02,Yes,9,,Private
0000002480,002480,Early Head Start,2019-06-07,2019-06-13,2021-05-04,No,144,,Private
0000002480,002480,Child Care,2019-07-13,2019-07-28,2022-02-15,No,179,,State
0000002481,002481,Early Intervention,2021-07-20,2021-08-11,2023-05-31,No,20,Early Intervention,Federal
0000002481,002481,Early Intervention,2023-06-10,2023-06-11,2026-01-18,No,29,Early Intervention,Federal
0000002482,002482,Childcare Subsidy,2019-10-21,2019-10-23,2022-05-20,No,184,,Local
0000002482,002482,Child Care,2022-07-19,2022-08-09,2023-12-05,No,127,,Federal
0000002482,002482,Early Head Start,2019-06-07,2019-07-02,2021-01-25,No,89,,Federal
0000002483,002483,First Steps,2020-01-23,2020-02-02,2021-11-23,No,29,Early Intervention,Private
0000002483,002483,Child Care,2021-12-22,2021-12-30,2022-07-15,No,88,,Federal
0000002483,002483,Early Head Start,2022-08-11,2022-08-31,2023-10-10,No,117,,State
0000002484,002484,First Steps,2023-02-02,2023-02-11,2023-06-17,No,16,Early Intervention,Local
0000002484,002484,First Steps,2023-11-27,2023-11-28,2024-07-01,No,27,Early Intervention,Federal
0000002484,002484,Childcare Subsidy,2024-11-04,2024-11-24,2025-05-23,No,38,,Local
0000002485,002485,Child Care,2023-01-22,2023-02-17,2025-11-28,No,51,,State
0000002485,002485,Child Care,2025-12-23,2025-12-24,2026-09-04,No,134,,Federal
0000002485,002485,Early Head Start,2022-03-07,2022-03-15,2023-04-28,No,89,,State
0000002486,002486,Child Care,2022-07-22,2022-08-11,2024-09-08,No,60,,Private
0000002487,002487,Childcare Subsidy,2023-05-20,2023-05-29,2026-01-08,No,175,,Federal
0000002488,002488,Childcare Subsidy,2022-12-06,2022-12-24,2024-04-05,No,131,,State
0000002488,002488,Early Head Start,2024-05-01,2024-05-31,2026-08-09,No,49,,Local
0000002489,002489,Child Care,2021-07-21,2021-08-18,2022-09-07,No,132,,Federal
0000002490,002490,First Steps,2022-05-08,2022-05-20,2024-03-26,No,33,Early Intervention,State
0000002491,002491,Home Visiting,2022-12-12,2022-12-21,2024-03-16,Yes,13,,Local
0000002491,002491,Home Visiting,2023-01-20,2023-02-04,2026-10-12,Yes,5,,Federal
0000002491,002491,Head Start,2026-10-22,2026-10-31,2027-05-18,No,142,Pre-K,Federal
0000002492,002492,Child Care,2019-11-05,2019-11-11,2021-02-10,No,104,,Federal
0000002492,002492,Childcare Subsidy,2021-02-19,2021-02-21,2023-01-18,No,183,,Federal
0000002492,002492,Child Care,2023-02-01,2023-03-02,2023-12-24,No,121,,Private
0000002493,002493,Home Visiting,2020-12-14,2020-12-17,2022-01-23,Yes,7,,Federal
0000002494,002494,Child Care,2020-04-05,2020-05-01,2021-05-12,No,57,,State
0000002494,002494,Home Visiting,2021-05-25,2021-05-28,2021-12-17,Yes,18,,State
0000002495,002495,First Steps,2020-10-07,2020-11-01,2022-04-28,No,29,Early Intervention,Local
0000002495,002495,Early Intervention,2022-05-10,2022-05-27,2024-04-24,No,41,Early Intervention,State
0000002495,002495,Childcare Subsidy,2024-04-26,2024-05-06,2025-11-09,No,57,,State
0000002495,002495,Home Visiting,2021-05-12,2021-05-15,2024-02-23,Yes,21,,Local
0000002496,002496,Child Care,2019-07-04,2019-07-22,2020-08-09,No,58,,Federal
0000002496,002496,Child Care,2020-11-18,2020-12-11,2022-05-18,No,47,,Private
0000002497,002497,Early Intervention,2020-04-18,2020-05-14,2022-03-26,No,29,Early Intervention,Private
0000002497,002497,Child Care,2022-04-15,2022-04-20,2023-05-21,No,99,,Local
0000002498,002498,Early Intervention,2019-12-29,2020-01-18,2020-07-10,No,30,Early Intervention,State
0000002498,002498,Early Head Start,2020-07-29,2020-08-10,2021-04-05,No,100,,Local
0000002498,002498,Early Head Start,2021-04-18,2021-05-12,2022-02-24,No,42,,State
0000002499,002499,Child Care,2021-01-22,2021-02-12,2022-01-13,No,115,,Federal
0000002499,002499,Child Care,2022-01-21,2022-01-30,2023-06-05,No,79,,Federal
0000002499,002499,Childcare Subsidy,2023-06-25,2023-06-28,2024-09-20,No,82,,State
0000002500,002500,Home Visiting,2021-11-03,2021-12-01,2022-08-31,Yes,11,,State
0000002500,002500,Early Head Start,2022-09-18,2022-10-04,2023-02-10,No,108,,Federal
0000002501,002501,Childcare Subsidy,2021-10-03,2021-10-07,2023-02-10,No,69,,Private
0000002502,002502,Child Care,2021-05-23,2021-05-30,2022-07-16,No,141,,Federal
0000002502,002502,Home Visiting,2021-06-29,2021-07-14,2023-07-03,Yes,22,,Local
0000002502,002502,Early Intervention,2023-07-13,2023-07-31,2024-05-28,No,19,Early Intervention,Local
0000002503,002503,Childcare Subsidy,2020-10-20,2020-11-01,2022-10-16,No,57,,Local
0000002503,002503,Child Care,2022-11-03,2022-11-17,2023-09-04,No,104,,State
0000002504,002504,Early Intervention,2020-12-02,2020-12-25,2022-02-08,No,23,Early Intervention,Private
0000002504,002504,Childcare Subsidy,2022-03-06,2022-03-27,2024-10-08,No,133,,State
0000002504,002504,Home Visiting,2020-10-01,2020-10-22,2023-08-14,Yes,24,,Federal
0000002505,002505,Early Head Start,2020-03-04,2020-03-30,2021-07-04,No,66,,Federal
0000002505,002505,Home Visiting,2021-07-30,2021-07-31,2022-09-30,Yes,19,,Private
0000002506,002506,Home Visiting,2019-04-09,2019-04-11,2019-11-05,Yes,7,,Federal
0000002506,002506,Child Care,2019-11-20,2019-12-06,2020-11-19,No,97,,Local
0000002506,002506,Early Intervention,2020-12-12,2020-12-29,2021-06-06,No,23,Early Intervention,State
0000002507,002507,Early Intervention,2023-07-11,2023-08-05,2025-01-20,No,29,Early Intervention,Private
0000002508,002508,First Steps,2021-12-17,2022-01-12,2024-09-22,No,43,Early Intervention,Private
0000002509,002509,First Steps,2021-09-15,2021-09-17,2023-08-18,No,50,Early Intervention,Private
0000002509,002509,Childcare Subsidy,2023-10-13,2023-10-29,2025-10-07,No,69,,Federal
0000002509,002509,Early Head Start,2021-04-09,2021-04-16,2022-12-10,No,77,,Local
0000002510,002510,Childcare Subsidy,2021-04-26,2021-04-28,2022-11-21,No,165,,Federal
0000002510,002510,First Steps,2022-12-16,2022-12-18,2024-07-05,No,38,Early Intervention,State
0000002511,002511,Early Intervention,2019-04-29,2019-05-26,2020-03-18,No,9,Early Intervention,State
0000002512,002512,First Steps,2023-07-27,2023-08-04,2024-11-25,No,10,Early Intervention,State
0000002513,002513,Early Head Start,2021-07-06,2021-07-10,2022-12-08,No,93,,Federal
0000002513,002513,First Steps,2023-01-01,2023-01-24,2024-08-24,No,15,Early Intervention,State
0000002514,002514,First Steps,2020-08-05,2020-08-29,2023-03-29,No,32,Early Intervention,State
0000002514,002514,Childcare Subsidy,2023-04-15,2023-04-16,2024-12-21,No,169,,State
0000002514,002514,Child Care,2020-06-23,2020-07-23,2022-10-17,No,152,,State
0000002515,002515,Childcare Subsidy,2019-09-23,2019-10-13,2021-02-20,No,87,,Private
0000002516,002516,Early Intervention,2022-01-03,2022-01-06,2023-05-09,No,25,Early Intervention,Local
0000002517,002517,Early Intervention,2021-02-04,2021-02-19,2021-10-08,No,20,Early Intervention,Local
0000002517,002517,Child Care,2021-10-14,2021-10-29,2022-09-04,No,129,,Federal
0000002518,002518,Childcare Subsidy,2020-02-14,2020-02-17,2022-09-03,No,98,,Private
0000002518,002518,Early Intervention,2022-09-24,2022-09-26,2024-06-01,No,48,Early Intervention,Federal
0000002519,002519,Child Care,2022-01-17,2022-01-26,2023-08-13,No,118,,State
0000002519,002519,Home Visiting,2023-10-23,2023-11-20,2024-09-13,Yes,15,,State
0000002520,002520,Early Head Start,2020-12-17,2021-01-10,2021-09-16,No,93,,Federal
0000002520,002520,Early Intervention,2021-09-24,2021-09-27,2022-09-01,No,22,Early Intervention,Private
0000002521,002521,Child Care,2020-01-11,2020-02-05,2021-10-18,No,62,,Local
0000002522,002522,Home Visiting,2022-01-21,2022-02-01,2022-09-01,Yes,21,,Federal
0000002522,002522,Child Care,2022-09-06,2022-09-11,2023-10-31,No,80,,Local
0000002522,002522,Early Head Start,2023-11-07,2023-11-25,2025-07-23,No,168,,Local
0000002523,002523,Child Care,2021-09-19,2021-10-10,2023-05-18,No,75,,Federal
0000002523,002523,Home Visiting,2023-06-07,2023-06-24,2024-12-30,Yes,16,,Local
0000002524,002524,First Steps,2019-05-27,2019-06-20,2020-10-12,No,43,Early Intervention,Federal
0000002524,002524,Childcare Subsidy,2020-11-08,2020-11-30,2022-01-06,No,215,,Local
0000002525,002525,Home Visiting,2020-11-04,2020-11-23,2023-02-20,Yes,23,,Private
0000002526,002526,Child Care,2022-01-27,2022-02-26,2024-02-16,No,176,,Local
0000002527,002527,Childcare Subsidy,2022-02-18,2022-02-28,2022-08-28,No,76,,State
0000002527,002527,Home Visiting,2022-09-20,2022-09-27,2023-04-11,Yes,17,,Private
0000002528,002528,Childcare Subsidy,2020-04-24,2020-05-18,2021-09-11,No,117,,Private
0000002528,002528,Early Head Start,2021-09-27,2021-10-24,2023-04-10,No,60,,Federal
0000002529,002529,Early Intervention,2021-02-19,2021-03-10,2022-12-24,No,42,Early Intervention,Federal
0000002529,002529,Child Care,2023-01-20,2023-02-07,2024-09-12,No,109,,Local
0000002529,002529,Early Head Start,2020-08-13,2020-09-07,2022-05-10,No,126,,Local
0000002530,002530,Early Intervention,2022-04-22,2022-04-28,2024-01-13,No,14,Early Intervention,Local
0000002530,002530,State Pre-K,2024-05-10,2024-06-08,2025-08-05,No,81,Pre-K,Federal
0000002531,002531,Home Visiting,2020-12-05,2020-12-17,2022-05-20,Yes,4,,Federal
0000002532,002532,Early Head Start,2021-02-09,2021-02-13,2023-09-25,No,181,,Local
0000002533,002533,Child Care,2020-01-03,2020-01-29,2021-01-15,No,139,,Private
0000002533,002533,Childcare Subsidy,2021-02-05,2021-02-28,2022-08-21,No,45,,Private
0000002533,002533,State Pre-K,2022-09-19,2022-10-17,2023-07-24,No,63,Pre-K,Private
0000002534,002534,Home Visiting,2021-08-28,2021-08-29,2022-01-29,Yes,11,,Federal
0000002535,002535,Early Head Start,2021-12-11,2022-01-08,2023-05-22,No,146,,State
0000002536,002536,Early Head Start,2022-07-07,2022-08-01,2023-11-26,No,118,,Federal
0000002537,002537,Early Head Start,2023-05-16,2023-06-11,2024-03-08,No,36,,Local
0000002537,002537,Early Head Start,2024-03-10,2024-04-06,2025-03-07,No,85,,Federal
0000002538,002538,Early Intervention,2021-06-09,2021-06-24,2022-08-14,No,20,Early Intervention,Private
0000002539,002539,Early Head Start,2020-09-15,2020-09-18,2021-04-15,No,71,,Private
0000002540,002540,Early Head Start,2023-05-16,2023-06-01,2024-11-23,No,53,,Local
0000002540,002540,Head Start,2024-12-22,2025-01-21,2026-04-23,No,111,Pre-K,State
0000002540,002540,Childcare Subsidy,2026-05-10,2026-06-02,2027-01-06,No,112,,State
0000002541,002541,Child Care,2022-12-22,2023-01-17,2025-02-28,No,44,,Local
0000002542,002542,Home Visiting,2021-06-20,2021-07-01,2022-03-18,Yes,22,,Local
0000002542,002542,Early Head Start,2022-04-07,2022-04-21,2024-03-10,No,54,,Federal
0000002543,002543,First Steps,2019-02-11,2019-03-11,2021-05-26,No,19,Early Intervention,State
0000002544,002544,Home Visiting,2022-08-04,2022-08-19,2024-03-13,Yes,26,,Federal
0000002545,002545,Early Head Start,2019-10-08,2019-10-16,2020-05-29,No,110,,Private
0000002545,002545,First Steps,2020-06-02,2020-06-27,2021-04-26,No,40,Early Intervention,Private
0000002546,002546,Early Intervention,2019-11-18,2019-11-27,2020-03-24,No,38,Early Intervention,Local
0000002546,002546,Early Intervention,2020-07-13,2020-07-17,2021-06-03,No,43,Early Intervention,Private
0000002546,002546,Child Care,2021-10-30,2021-11-25,2022-05-14,No,156,,Federal
0000002546,002546,State Pre-K,2022-09-30,2022-10-17,2023-03-20,No,71,Pre-K,Local
0000002547,002547,First Steps,2018-05-29,2018-06-11,2020-02-04,No,42,Early Intervention,State
0000002548,002548,Early Intervention,2020-11-08,2020-11-19,2023-03-12,No,43,Early Intervention,Local
0000002548,002548,Childcare Subsidy,2023-03-15,2023-04-02,2024-06-16,No,64,,Local
0000002548,002548,Early Intervention,2020-05-21,2020-06-16,2023-06-02,No,36,Early Intervention,State
0000002548,002548,Head Start,2023-06-05,2023-07-05,2024-11-18,No,98,Pre-K,Federal
0000002549,002549,Early Intervention,2021-07-02,2021-07-18,2022-03-17,No,10,Early Intervention,Federal
0000002550,002550,Early Head Start,2019-04-12,2019-05-06,2020-01-01,No,104,,Private
0000002551,002551,Home Visiting,2020-04-30,2020-05-29,2022-02-20,Yes,22,,Federal
0000002551,002551,Early Head Start,2020-06-28,2020-07-13,2024-07-08,No,147,,Private
0000002552,002552,Early Head Start,2020-03-13,2020-04-04,2022-02-20,No,58,,Local
0000002552,002552,Early Intervention,2022-03-16,2022-04-07,2024-11-14,No,12,Early Intervention,Private
0000002553,002553,Early Head Start,2022-03-21,2022-03-30,2023-04-08,No,113,,Federal
0000002553,002553,Early Head Start,2023-04-29,2023-05-23,2025-07-13,No,111,,State
0000002554,002554,First Steps,2019-11-27,2019-11-29,2021-07-17,No,39,Early Intervention,Local
0000002554,002554,State Pre-K,2021-08-12,2021-09-09,2022-05-24,No,136,Pre-K,Local
0000002555,002555,Early Intervention,2022-09-26,2022-09-29,2025-03-29,No,49,Early Intervention,Private
0000002556,002556,Home Visiting,2020-08-15,2020-08-28,2021-10-17,Yes,28,,State
0000002557,002557,Child Care,2022-03-22,2022-03-28,2023-03-15,No,145,,Private
0000002558,002558,Early Intervention,2021-11-11,2021-12-01,2022-12-19,No,30,Early Intervention,Federal
0000002558,002558,Home Visiting,2023-01-15,2023-01-26,2024-12-04,Yes,6,,Federal
0000002559,002559,Child Care,2021-04-08,2021-05-03,2022-07-10,No,110,,Private
0000002560,002560,Early Head Start,2021-08-20,2021-09-10,2023-09-26,No,192,,Federal
0000002560,002560,Child Care,2021-10-10,2021-10-25,2024-11-19,No,204,,State
0000002561,002561,Early Head Start,2019-12-30,2020-01-23,2020-08-09,No,79,,State
0000002561,002561,Early Head Start,2020-10-08,2020-11-07,2021-04-30,No,140,,Local
0000002562,002562,Child Care,2022-06-26,2022-07-13,2023-05-28,No,76,,State
0000002562,002562,Early Intervention,2022-08-12,2022-08-27,2023-10-01,No,38,Early Intervention,Local
0000002562,002562,Early Intervention,2023-10-14,2023-11-09,2024-07-26,No,28,Early Intervention,Local
0000002563,002563,Childcare Subsidy,2022-10-15,2022-10-31,2024-12-10,No,97,,Federal
0000002563,002563,Child Care,2025-03-17,2025-04-12,2026-08-23,No,171,,Federal
0000002564,002564,Childcare Subsidy,2022-02-19,2022-03-07,2023-07-17,No,211,,Federal
0000002564,002564,Early Head Start,2023-08-04,2023-08-12,2026-05-04,No,123,,Private
0000002564,002564,Early Head Start,2021-11-08,2021-11-25,2024-08-25,No,55,,Private
0000002565,002565,First Steps,2022-10-07,2022-10-26,2024-07-06,No,10,Early Intervention,State
0000002565,002565,Childcare Subsidy,2024-07-18,2024-08-04,2025-12-19,No,84,,State
0000002566,002566,First Steps,2022-02-16,2022-02-21,2023-08-03,No,23,Early Intervention,Federal
0000002567,002567,Early Head Start,2021-08-08,2021-08-24,2023-06-08,No,133,,State
0000002568,002568,Childcare Subsidy,2022-02-27,2022-03-01,2023-09-04,No,195,,State
0000002568,002568,Childcare Subsidy,2023-09-24,2023-09-27,2025-02-23,No,46,,Private
0000002569,002569,Childcare Subsidy,2021-07-04,2021-07-27,2022-06-20,No,119,,Local
0000002570,002570,Child Care,2020-08-18,2020-09-05,2022-07-01,No,125,,Private
0000002570,002570,Child Care,2022-07-16,2022-07-18,2023-08-14,No,141,,Private
0000002570,002570,Child Care,2023-08-23,2023-09-17,2024-08-12,No,104,,Local
0000002571,002571,Early Head Start,2021-06-14,2021-07-06,2023-11-03,No,208,,Private
0000002571,002571,State Pre-K,2023-12-01,2023-12-12,2025-04-30,No,138,Pre-K,Federal
0000002571,002571,Early Head Start,2020-10-31,2020-11-18,2023-04-25,No,183,,State
0000002572,002572,First Steps,2022-11-12,2022-11-29,2023-12-11,No,14,Early Intervention,Federal
0000002572,002572,Child Care,2024-02-29,2024-03-29,2025-05-01,No,64,,Local
0000002572,002572,Childcare Subsidy,2025-06-27,2025-07-15,2026-08-05,No,129,,State
0000002573,002573,First Steps,2019-12-27,2020-01-02,2020-06-25,No,32,Early Intervention,Private
0000002574,002574,Childcare Subsidy,2022-08-09,2022-08-29,2024-02-08,No,60,,State
0000002574,002574,Early Head Start,2024-02-10,2024-02-21,2025-08-02,No,112,,Local
0000002575,002575,Early Intervention,2020-06-21,2020-07-06,2021-11-27,No,59,Early Intervention,State
0000002575,002575,Early Intervention,2020-08-05,2020-08-20,2024-07-02,No,32,Early Intervention,Private
0000002576,002576,First Steps,2020-01-17,2020-02-16,2020-10-17,No,27,Early Intervention,Local
0000002576,002576,Home Visiting,2020-11-02,2020-11-04,2021-11-22,Yes,14,,Federal
0000002577,002577,Child Care,2022-03-01,2022-03-24,2023-10-22,No,93,,Private
0000002578,002578,Child Care,2020-07-05,2020-07-30,2022-04-28,No,121,,Federal
0000002578,002578,Child Care,2022-05-26,2022-06-13,2023-03-16,No,43,,Federal
0000002578,002578,Childcare Subsidy,2023-04-11,2023-04-13,2024-01-20,No,51,,Local
0000002579,002579,First Steps,2022-09-20,2022-09-21,2024-01-13,No,29,Early Intervention,State
0000002579,002579,Childcare Subsidy,2022-10-21,2022-11-05,2025-06-01,No,168,,Local
0000002579,002579,State Pre-K,2025-06-05,2025-06-22,2026-03-31,No,102,Pre-K,Private
0000002580,002580,Early Intervention,2020-06-02,2020-06-15,2021-11-18,No,15,Early Intervention,State
0000002581,002581,First Steps,2023-01-22,2023-01-29,2024-07-07,No,12,Early Intervention,Private
0000002582,002582,Early Head Start,2022-12-11,2022-12-28,2024-06-09,No,184,,State
0000002583,002583,Childcare Subsidy,2021-06-01,2021-06-13,2024-03-09,No,136,,Federal
0000002583,002583,Child Care,2024-07-03,2024-07-28,2025-05-04,No,66,,Federal
0000002584,002584,First Steps,2021-06-05,2021-06-29,2021-09-18,No,19,Early Intervention,Private
0000002584,002584,First Steps,2021-10-18,2021-10-21,2022-06-07,No,42,Early Intervention,Federal
0000002585,002585,First Steps,2023-11-19,2023-12-05,2024-08-26,No,10,Early Intervention,Local
0000002586,002586,First Steps,2023-07-07,2023-07-16,2024-07-14,No,29,Early Intervention,State
0000002586,002586,Head Start,2023-08-15,2023-08-30,2025-07-14,No,68,Pre-K,State
0000002587,002587,Early Head Start,2020-12-11,2021-01-08,2021-07-06,No,81,,Federal
0000002587,002587,Early Head Start,2021-09-26,2021-10-16,2022-01-19,No,42,,State
0000002587,002587,State Pre-K,2022-04-12,2022-04-15,2022-12-29,No,95,Pre-K,Federal
0000002587,002587,Childcare Subsidy,2023-04-06,2023-04-08,2023-07-02,No,81,,Local
0000002588,002588,Childcare Subsidy,2021-02-26,2021-03-25,2022-04-22,No,118,,Private
0000002589,002589,Child Care,2021-02-02,2021-02-22,2023-01-04,No,176,,Local
0000002590,002590,Home Visiting,2021-05-01,2021-05-12,2022-12-30,Yes,11,,State
0000002590,002590,Child Care,2023-03-06,2023-03-15,2023-11-26,No,103,,Private
0000002591,002591,Early Head Start,2020-12-31,2021-01-06,2022-08-22,No,119,,Local
0000002591,002591,Childcare Subsidy,2022-09-15,2022-09-18,2023-10-05,No,58,,Federal
0000002591,002591,State Pre-K,2023-10-26,2023-11-14,2025-02-03,No,139,Pre-K,State
0000002591,002591,First Steps,2020-08-06,2020-08-26,2023-06-06,No,23,Early Intervention,Local
0000002592,002592,Childcare Subsidy,2022-05-28,2022-06-04,2023-03-02,No,134,,Federal
0000002593,002593,Child Care,2021-02-16,2021-03-02,2022-02-08,No,50,,Local
0000002593,002593,Early Head Start,2022-03-07,2022-03-10,2023-11-13,No,131,,Private
0000002593,002593,Head Start,2023-11-30,2023-12-16,2024-11-11,No,129,Pre-K,Federal
0000002594,002594,Child Care,2020-07-28,2020-07-30,2021-04-30,No,155,,Local
0000002594,002594,Home Visiting,2021-05-21,2021-05-27,2021-11-20,Yes,13,,Federal
0000002594,002594,State Pre-K,2021-12-14,2021-12-18,2022-03-11,No,67,Pre-K,Private
0000002595,002595,Early Intervention,2020-04-07,2020-04-22,2023-02-26,No,36,Early Intervention,State
0000002595,002595,State Pre-K,2023-03-09,2023-03-13,2024-11-12,No,81,Pre-K,State
0000002596,002596,Childcare Subsidy,2020-11-23,2020-11-28,2021-03-25,No,73,,State
0000002596,002596,Early Head Start,2021-07-05,2021-07-22,2022-02-11,No,99,,Local
0000002596,002596,Home Visiting,2022-07-18,2022-08-09,2023-01-02,Yes,16,,State
0000002597,002597,Early Intervention,2019-05-06,2019-05-07,2021-11-18,No,21,Early Intervention,Local
0000002598,002598,Early Intervention,2022-03-30,2022-04-24,2024-08-24,No,48,Early Intervention,Federal
0000002598,002598,Head Start,2024-08-25,2024-08-29,2025-10-29,No,153,Pre-K,Local
0000002599,002599,Childcare Subsidy,2022-09-18,2022-09-29,2025-03-09,No,93,,Local
0000002599,002599,Child Care,2025-03-17,2025-04-07,2026-09-13,No,170,,Federal
0000002600,002600,Child Care,2022-12-15,2023-01-08,2023-11-26,No,40,,Local
0000002601,002601,Early Intervention,2021-12-05,2021-12-29,2024-07-29,No,9,Early Intervention,Federal
0000002601,002601,Childcare Subsidy,2024-08-14,2024-09-07,2027-03-25,No,63,,State
0000002601,002601,Child Care,2022-09-25,2022-10-09,2025-08-05,No,104,,Private
0000002602,002602,Home Visiting,2019-10-13,2019-10-26,2022-01-25,Yes,14,,Private
0000002602,002602,State Pre-K,2019-11-25,2019-12-10,2024-01-18,No,159,Pre-K,Private
0000002602,002602,Early Intervention,2019-07-21,2019-07-26,2021-07-16,No,13,Early Intervention,State
0000002603,002603,Child Care,2020-10-08,2020-11-06,2021-10-11,No,118,,Private
0000002604,002604,First Steps,2021-09-02,2021-09-19,2022-06-16,No,25,Early Intervention,Private
0000002605,002605,First Steps,2021-07-07,2021-08-05,2023-12-10,No,22,Early Intervention,Private
0000002605,002605,State Pre-K,2021-09-04,2021-09-19,2026-01-04,No,130,Pre-K,State
0000002605,002605,Early Intervention,2021-08-12,2021-09-11,2024-06-09,No,55,Early Intervention,State
0000002606,002606,Child Care,2020-04-19,2020-04-24,2023-04-02,No,65,,Private
0000002606,002606,State Pre-K,2023-07-22,2023-07-27,2024-10-19,No,121,Pre-K,Local
0000002607,002607,Child Care,2020-02-13,2020-02-17,2021-04-07,No,143,,Private
0000002607,002607,Childcare Subsidy,2021-04-28,2021-05-06,2024-01-11,No,191,,Local
0000002608,002608,First Steps,2020-09-03,2020-09-19,2021-12-14,No,27,Early Intervention,Federal
0000002608,002608,Childcare Subsidy,2022-03-17,2022-03-27,2023-05-04,No,98,,Local
0000002609,002609,First Steps,2022-02-11,2022-02-27,2022-09-14,No,21,Early Intervention,Local
0000002610,002610,Early Intervention,2022-07-17,2022-07-30,2023-02-02,No,34,Early Intervention,Local
0000002611,002611,Childcare Subsidy,2019-01-16,2019-02-08,2019-04-20,No,91,,State
0000002611,002611,Early Intervention,2019-03-10,2019-03-25,2019-07-31,No,36,Early Intervention,Private
0000002612,002612,Home Visiting,2021-12-19,2022-01-17,2024-08-04,Yes,5,,Private
0000002612,002612,First Steps,2024-08-28,2024-09-21,2026-08-02,No,37,Early Intervention,Local
0000002612,002612,Child Care,2026-08-21,2026-09-12,2027-04-07,No,180,,Local
0000002613,002613,Child Care,2021-06-25,2021-07-18,2023-06-13,No,142,,Federal
0000002613,002613,State Pre-K,2023-10-05,2023-10-31,2025-01-21,No,110,Pre-K,Federal
0000002614,002614,Early Head Start,2022-01-06,2022-01-28,2023-07-08,No,203,,Federal
0000002614,002614,Early Head Start,2023-10-05,2023-10-06,2025-12-02,No,160,,State
0000002615,002615,Early Intervention,2023-05-01,2023-05-31,2025-03-23,No,15,Early Intervention,Private
0000002615,002615,Child Care,2023-06-30,2023-07-15,2027-01-09,No,102,,Local
0000002615,002615,Home Visiting,2022-07-12,2022-08-03,2023-09-13,Yes,17,,Private
0000002615,002615,First Steps,2024-01-11,2024-02-10,2027-01-10,No,41,Early Intervention,State
0000002615,002615,Home Visiting,2022-07-12,2022-07-28,2024-02-17,Yes,27,,Private
0000002616,002616,First Steps,2022-10-10,2022-10-14,2023-06-18,No,8,Early Intervention,State
0000002616,002616,Early Intervention,2023-06-22,2023-07-03,2023-12-03,No,26,Early Intervention,State
0000002616,002616,Head Start,2023-12-31,2024-01-24,2024-11-23,No,42,Pre-K,Federal
0000002616,002616,Child Care,2024-11-25,2024-12-19,2025-05-14,No,99,,Local
0000002616,002616,Child Care,2025-05-28,2025-06-10,2025-11-23,No,146,,State
0000002617,002617,Childcare Subsidy,2021-01-10,2021-02-02,2022-05-30,No,75,,Local
0000002617,002617,First Steps,2022-06-22,2022-06-23,2024-04-23,No,21,Early Intervention,State
0000002618,002618,Child Care,2020-04-20,2020-05-07,2023-01-03,No,146,,Federal
0000002618,002618,Head Start,2023-01-12,2023-02-11,2023-10-31,No,150,Pre-K,State
0000002619,002619,Early Head Start,2022-12-23,2022-12-29,2023-11-28,No,133,,Local
0000002619,002619,First Steps,2023-12-01,2023-12-20,2024-07-28,No,26,Early Intervention,Private
0000002619,002619,Childcare Subsidy,2024-08-27,2024-09-13,2025-01-17,No,99,,State
0000002620,002620,Child Care,2022-10-09,2022-10-26,2024-10-04,No,102,,State
0000002620,002620,Childcare Subsidy,2025-01-30,2025-02-17,2026-09-13,No,57,,Federal
0000002620,002620,First Steps,2022-07-10,2022-07-15,2023-12-03,No,42,Early Intervention,Local
0000002621,002621,Early Head Start,2020-11-15,2020-12-11,2022-11-07,No,128,,Private
0000002621,002621,Home Visiting,2022-11-24,2022-12-15,2023-07-04,Yes,11,,Local
0000002622,002622,First Steps,2021-04-28,2021-05-15,2022-01-09,No,17,Early Intervention,Local
0000002623,002623,Child Care,2022-01-01,2022-01-28,2024-05-18,No,155,,Federal
0000002624,002624,Early Intervention,2023-01-16,2023-02-13,2024-08-31,No,35,Early Intervention,Local
0000002624,002624,First Steps,2023-03-15,2023-03-30,2027-05-02,No,53,Early Intervention,Local
0000002624,002624,First Steps,2022-12-18,2023-01-11,2025-11-26,No,25,Early Intervention,Local
0000002625,002625,Early Head Start,2022-04-22,2022-05-03,2024-06-13,No,180,,State
0000002625,002625,Childcare Subsidy,2024-06-22,2024-07-05,2026-02-12,No,100,,Local
0000002625,002625,Childcare Subsidy,2026-02-28,2026-03-28,2027-06-06,No,65,,Local
0000002625,002625,Early Intervention,2022-12-07,2022-12-30,2025-01-23,No,29,Early Intervention,Private
0000002625,002625,Head Start,2025-02-05,2025-02-17,2026-05-12,No,71,Pre-K,Federal
0000002626,002626,Home Visiting,2018-07-25,2018-08-18,2019-07-28,Yes,9,,Local
0000002626,002626,Home Visiting,2019-09-18,2019-10-09,2021-04-13,Yes,14,,State
0000002627,002627,Early Intervention,2021-12-09,2021-12-14,2024-08-23,No,40,Early Intervention,Federal
0000002627,002627,Childcare Subsidy,2024-11-13,2024-12-10,2026-09-21,No,59,,Private
0000002627,002627,Child Care,2022-03-24,2022-04-13,2024-01-05,No,96,,Local
0000002628,002628,Early Intervention,2020-08-24,2020-08-28,2022-07-23,No,35,Early Intervention,Private
0000002629,002629,Childcare Subsidy,2022-09-28,2022-10-13,2023-07-19,No,33,,Federal
0000002629,002629,Home Visiting,2022-11-12,2022-11-27,2023-11-17,Yes,16,,Local
0000002630,002630,Childcare Subsidy,2021-10-10,2021-10-14,2022-09-21,No,79,,Federal
0000002631,002631,First Steps,2021-08-27,2021-09-05,2022-10-19,No,49,Early Intervention,State
0000002632,002632,First Steps,2021-05-30,2021-06-22,2022-03-23,No,28,Early Intervention,State
0000002632,002632,Child Care,2022-03-27,2022-04-25,2023-11-24,No,159,,Local
0000002633,002633,Childcare Subsidy,2021-11-02,2021-11-12,2023-04-06,No,98,,Federal
0000002633,002633,Home Visiting,2023-07-05,2023-07-27,2025-11-23,Yes,23,,State
0000002634,002634,Early Intervention,2019-11-14,2019-12-07,2020-12-17,No,18,Early Intervention,Private
0000002635,002635,Home Visiting,2022-03-04,2022-03-16,2024-12-09,Yes,16,,State
0000002635,002635,State Pre-K,2025-03-31,2025-04-19,2026-09-27,No,101,Pre-K,State
0000002636,002636,Childcare Subsidy,2020-11-02,2020-11-22,2021-03-16,No,36,,Federal
0000002636,002636,Childcare Subsidy,2021-04-04,2021-04-12,2021-09-01,No,51,,State
0000002636,002636,Childcare Subsidy,2021-09-11,2021-10-10,2022-04-03,No,39,,Private
0000002637,002637,Early Intervention,2020-02-18,2020-03-08,2021-02-23,No,43,Early Intervention,Local
0000002637,002637,Child Care,2021-03-06,2021-03-25,2021-06-17,No,72,,Local
0000002638,002638,Childcare Subsidy,2019-12-04,2019-12-11,2021-10-14,No,122,,State
0000002638,002638,Home Visiting,2020-01-10,2020-01-25,2023-06-20,Yes,10,,Federal
0000002638,002638,Child Care,2023-07-09,2023-07-22,2024-07-11,No,131,,Federal
0000002639,002639,First Steps,2021-12-15,2022-01-09,2022-08-17,No,13,Early Intervention,State
0000002639,002639,Early Intervention,2022-09-07,2022-09-15,2024-05-09,No,54,Early Intervention,Federal
0000002639,002639,First Steps,2024-05-31,2024-06-13,2025-10-16,No,26,Early Intervention,State
0000002639,002639,Childcare Subsidy,2025-11-13,2025-12-10,2026-08-22,No,41,,Federal
0000002640,002640,Home Visiting,2022-02-18,2022-02-22,2023-04-05,Yes,20,,Local
0000002641,002641,Early Intervention,2019-03-09,2019-03-26,2020-01-27,No,31,Early Intervention,Private
0000002642,002642,First Steps,2021-11-25,2021-12-08,2023-03-16,No,44,Early Intervention,Federal
0000002642,002642,Early Intervention,2023-04-11,2023-05-01,2026-04-02,No,46,Early Intervention,State
0000002643,002643,Child Care,2019-01-10,2019-02-09,2020-07-22,No,51,,Federal
0000002643,002643,Child Care,2020-08-07,2020-08-21,2021-05-15,No,72,,Federal
0000002644,002644,First Steps,2021-05-15,2021-05-27,2024-03-12,No,22,Early Intervention,Private
0000002644,002644,Child Care,2024-03-16,2024-04-10,2025-06-20,No,53,,State
0000002644,002644,Child Care,2025-06-27,2025-07-21,2026-01-24,No,90,,State
0000002645,002645,Childcare Subsidy,2020-11-10,2020-11-14,2022-03-25,No,138,,State
0000002646,002646,Early Intervention,2020-01-18,2020-02-10,2021-01-09,No,23,Early Intervention,Local
0000002647,002647,Early Head Start,2022-11-05,2022-11-06,2025-10-24,No,204,,Local
0000002647,002647,Child Care,2025-11-06,2025-11-16,2027-01-14,No,89,,Federal
0000002647,002647,Home Visiting,2022-07-17,2022-07-20,2023-12-23,Yes,17,,Private
0000002648,002648,Early Head Start,2022-05-24,2022-06-19,2023-05-05,No,37,,Federal
0000002648,002648,First Steps,2023-05-31,2023-06-13,2023-09-19,No,40,Early Intervention,Private
0000002648,002648,First Steps,2023-10-12,2023-10-23,2024-06-04,No,8,Early Intervention,Private
0000002649,002649,Home Visiting,2021-11-07,2021-11-28,2024-08-08,Yes,9,,State
0000002649,002649,Head Start,2024-08-29,2024-09-06,2026-03-14,No,171,Pre-K,Local
0000002650,002650,Childcare Subsidy,2019-10-12,2019-11-07,2022-02-02,No,97,,Local
0000002650,002650,Head Start,2022-04-22,2022-05-06,2023-05-14,No,158,Pre-K,Private
0000002651,002651,Child Care,2020-01-15,2020-01-16,2021-08-22,No,92,,Federal
0000002651,002651,Childcare Subsidy,2021-10-28,2021-11-25,2024-05-24,No,190,,Private
0000002651,002651,Child Care,2020-03-14,2020-04-01,2022-06-11,No,133,,Private
0000002652,002652,Child Care,2019-12-25,2020-01-19,2021-11-15,No,123,,State
0000002653,002653,First Steps,2022-05-16,2022-06-08,2023-04-02,No,37,Early Intervention,Federal
0000002653,002653,First Steps,2023-04-11,2023-04-26,2024-10-18,No,43,Early Intervention,Local
0000002654,002654,Home Visiting,2020-06-12,2020-06-17,2021-02-10,Yes,3,,Federal
0000002654,002654,Childcare Subsidy,2021-02-18,2021-03-03,2022-12-25,No,166,,Federal
0000002655,002655,Home Visiting,2022-10-18,2022-10-21,2023-08-30,Yes,7,,State
0000002655,002655,Home Visiting,2023-12-17,2023-12-21,2024-08-13,Yes,6,,State
0000002656,002656,First Steps,2020-02-17,2020-03-12,2021-09-18,No,42,Early Intervention,State
0000002657,002657,Home Visiting,2018-12-01,2018-12-02,2019-03-21,Yes,16,,State
0000002657,002657,Child Care,2019-04-16,2019-05-03,2020-05-01,No,79,,Private
0000002657,002657,Home Visiting,2020-05-31,2020-06-30,2021-03-14,Yes,17,,Local
0000002658,002658,Child Care,2020-08-16,2020-08-18,2023-01-31,No,92,,Local
0000002658,002658,Childcare Subsidy,2023-02-03,2023-02-28,2025-02-16,No,115,,Federal
0000002658,002658,Head Start,2025-02-22,2025-03-05,2025-09-16,No,142,Pre-K,Private
0000002659,002659,Home Visiting,2019-09-30,2019-10-28,2021-02-16,Yes,4,,Local
0000002659,002659,Home Visiting,2021-04-22,2021-05-14,2023-02-02,Yes,22,,Federal
0000002660,002660,First Steps,2019-06-12,2019-06-18,2020-03-27,No,36,Early Intervention,Private
0000002660,002660,Early Head Start,2020-05-31,2020-06-02,2022-04-02,No,65,,State
0000002661,002661,Child Care,2019-10-20,2019-11-19,2022-09-30,No,51,,Local
0000002661,002661,Head Start,2022-12-05,2022-12-20,2025-01-26,No,113,Pre-K,State
0000002661,002661,Home Visiting,2020-09-01,2020-09-22,2022-01-05,Yes,5,,Federal
0000002662,002662,Home Visiting,2022-12-20,2022-12-29,2024-03-21,Yes,25,,Private
0000002662,002662,Head Start,2024-04-13,2024-04-16,2025-10-29,No,162,Pre-K,Local
0000002662,002662,Child Care,2025-11-16,2025-12-10,2026-09-18,No,61,,Federal
0000002663,002663,First Steps,2022-07-31,2022-08-02,2024-06-23,No,18,Early Intervention,Private
0000002663,002663,Childcare Subsidy,2024-07-09,2024-07-21,2025-12-22,No,142,,Private
0000002664,002664,First Steps,2020-07-22,2020-08-07,2022-06-23,No,7,Early Intervention,Local
0000002665,002665,First Steps,2019-12-19,2019-12-31,2022-08-15,No,20,Early Intervention,Local
0000002666,002666,Home Visiting,2019-04-07,2019-04-16,2019-12-10,Yes,13,,Private
0000002667,002667,First Steps,2019-09-09,2019-10-01,2022-06-25,No,19,Early Intervention,Federal
0000002667,002667,Childcare Subsidy,2019-10-31,2019-11-15,2024-03-13,No,82,,Private
0000002668,002668,Early Intervention,2019-07-21,2019-07-23,2021-06-22,No,12,Early Intervention,State
0000002669,002669,Early Head Start,2019-12-25,2020-01-22,2020-07-23,No,158,,Federal
0000002670,002670,Childcare Subsidy,2019-07-01,2019-07-31,2022-05-01,No,45,,Private
0000002670,002670,First Steps,2022-05-21,2022-05-30,2024-05-28,No,31,Early Intervention,Private
0000002671,002671,Home Visiting,2022-09-04,2022-09-24,2024-03-28,Yes,4,,Federal
0000002672,002672,Child Care,2023-01-08,2023-01-28,2025-12-28,No,122,,Federal
0000002672,002672,Head Start,2026-01-11,2026-02-10,2026-08-14,No,81,Pre-K,Local
0000002672,002672,Early Head Start,2022-02-14,2022-02-20,2024-11-12,No,51,,State
0000002673,002673,Childcare Subsidy,2021-05-30,2021-06-01,2022-07-27,No,42,,Private
0000002674,002674,Early Intervention,2022-03-14,2022-03-28,2023-07-09,No,14,Early Intervention,State
0000002674,002674,Early Head Start,2023-10-31,2023-11-22,2026-05-13,No,57,,Local
0000002674,002674,First Steps,2022-07-01,2022-07-29,2024-12-23,No,11,Early Intervention,Local
0000002675,002675,First Steps,2022-04-07,2022-05-02,2023-01-15,No,30,Early Intervention,State
0000002676,002676,Home Visiting,2022-12-14,2022-12-25,2024-05-05,Yes,9,,State
0000002676,002676,Childcare Subsidy,2024-05-28,2024-06-07,2026-04-29,No,124,,Private
0000002676,002676,State Pre-K,2026-05-07,2026-05-13,2027-05-17,No,149,Pre-K,Private
0000002676,002676,Childcare Subsidy,2022-11-17,2022-11-29,2024-08-28,No,135,,Private
0000002677,002677,First Steps,2022-04-14,2022-05-14,2024-12-04,No,19,Early Intervention,State
0000002677,002677,State Pre-K,2024-12-06,2024-12-29,2026-07-01,No,142,Pre-K,State
0000002678,002678,Childcare Subsidy,2021-04-24,2021-05-23,2022-07-01,No,74,,Federal
0000002679,002679,Early Intervention,2023-06-06,2023-06-26,2024-06-24,No,13,Early Intervention,Federal
0000002679,002679,Childcare Subsidy,2024-07-19,2024-08-10,2025-12-03,No,115,,Federal
0000002680,002680,Child Care,2021-04-05,2021-04-26,2023-04-15,No,55,,Federal
0000002681,002681,Early Head Start,2022-03-06,2022-03-12,2023-11-21,No,118,,Federal
0000002681,002681,Early Intervention,2023-12-21,2024-01-01,2025-11-11,No,9,Early Intervention,Private
0000002681,002681,Head Start,2025-11-24,2025-11-30,2027-03-25,No,92,Pre-K,State
0000002682,002682,First Steps,2022-11-01,2022-11-26,2023-04-30,No,23,Early Intervention,Local
0000002682,002682,Childcare Subsidy,2023-05-12,2023-05-23,2023-12-23,No,103,,Federal
0000002682,002682,Early Intervention,2024-01-22,2024-01-23,2024-05-31,No,18,Early Intervention,Federal
0000002683,002683,First Steps,2022-02-08,2022-03-05,2023-01-05,No,33,Early Intervention,Local
0000002683,002683,Early Intervention,2023-01-07,2023-01-23,2023-12-26,No,22,Early Intervention,Local
0000002684,002684,Early Head Start,2020-09-13,2020-09-20,2022-11-26,No,162,,Local
0000002684,002684,Childcare Subsidy,2022-12-21,2023-01-19,2025-04-09,No,55,,State
0000002685,002685,Child Care,2019-02-15,2019-03-09,2021-01-24,No,114,,Local
0000002686,002686,First Steps,2023-05-15,2023-05-18,2025-02-11,No,37,Early Intervention,Local
0000002686,002686,Child Care,2025-05-26,2025-06-22,2026-01-14,No,114,,Private
0000002686,002686,Childcare Subsidy,2026-03-05,2026-03-29,2027-02-22,No,172,,Federal
0000002687,002687,Home Visiting,2021-08-10,2021-09-01,2024-02-24,Yes,22,,Private
0000002688,002688,Early Head Start,2023-03-19,2023-03-31,2023-12-20,No,76,,State
0000002688,002688,Early Intervention,2024-01-16,2024-02-07,2025-02-05,No,22,Early Intervention,Private
0000002689,002689,Childcare Subsidy,2022-08-08,2022-08-21,2023-12-21,No,196,,Federal
0000002690,002690,First Steps,2019-11-28,2019-12-25,2021-03-20,No,34,Early Intervention,Federal
0000002690,002690,Child Care,2021-06-02,2021-06-17,2022-04-09,No,44,,Federal
0000002690,002690,Head Start,2022-08-01,2022-08-07,2024-03-04,No,87,Pre-K,Local
0000002691,002691,Childcare Subsidy,2023-11-13,2023-12-06,2025-08-03,No,120,,State
0000002691,002691,Child Care,2025-10-21,2025-11-06,2027-06-10,No,178,,Federal
0000002692,002692,Child Care,2018-06-22,2018-07-05,2021-06-14,No,117,,State
0000002692,002692,Childcare Subsidy,2021-07-06,2021-07-16,2023-07-25,No,175,,Federal
0000002693,002693,First Steps,2019-08-27,2019-09-17,2022-01-27,No,32,Early Intervention,Local
0000002693,002693,Childcare Subsidy,2019-10-17,2019-11-01,2023-04-05,No,112,,Local
0000002694,002694,Child Care,2021-04-02,2021-04-06,2022-02-10,No,79,,Local
0000002695,002695,Early Intervention,2022-05-13,2022-05-14,2023-05-16,No,35,Early Intervention,Private
0000002695,002695,Early Intervention,2023-06-23,2023-07-11,2024-11-25,No,41,Early Intervention,Private
0000002696,002696,Childcare Subsidy,2020-09-28,2020-10-17,2021-06-29,No,178,,State
0000002696,002696,Early Intervention,2021-07-09,2021-07-17,2022-12-29,No,31,Early Intervention,Private
0000002696,002696,State Pre-K,2023-01-15,2023-01-28,2023-12-20,No,120,Pre-K,Private
0000002697,002697,Early Intervention,2020-09-15,2020-09-28,2022-09-19,No,47,Early Intervention,Private
0000002698,002698,Early Head Start,2020-05-06,2020-06-03,2020-11-02,No,108,,Federal
0000002698,002698,Child Care,2020-07-03,2020-07-18,2021-06-20,No,79,,Private
0000002698,002698,Home Visiting,2021-09-25,2021-10-01,2022-09-16,Yes,18,,State
0000002699,002699,Early Head Start,2020-03-01,2020-03-20,2021-02-01,No,126,,Private
0000002700,002700,Early Intervention,2021-06-11,2021-06-23,2023-06-17,No,53,Early Intervention,Local
0000002700,002700,Child Care,2023-07-08,2023-07-11,2025-11-16,No,113,,State
0000002701,002701,First Steps,2021-02-25,2021-03-11,2022-11-16,No,21,Early Intervention,Private
0000002701,002701,State Pre-K,2023-01-11,2023-02-02,2023-12-12,No,102,Pre-K,State
0000002702,002702,First Steps,2022-12-07,2023-01-02,2024-02-08,No,26,Early Intervention,Local
0000002702,002702,Home Visiting,2024-02-15,2024-02-28,2024-09-26,Yes,12,,Local
0000002703,002703,Home Visiting,2019-12-02,2019-12-24,2022-05-16,Yes,21,,State
0000002704,002704,Early Head Start,2021-08-22,2021-09-08,2022-10-03,No,111,,Local
0000002704,002704,Child Care,2022-10-26,2022-10-31,2024-09-21,No,129,,State
0000002705,002705,Childcare Subsidy,2021-11-13,2021-11-20,2022-09-05,No,50,,Local
0000002705,002705,Early Intervention,2022-10-03,2022-10-05,2023-07-08,No,37,Early Intervention,State
0000002706,002706,Early Intervention,2019-11-26,2019-12-26,2021-08-12,No,31,Early Intervention,State
0000002706,002706,Home Visiting,2021-11-27,2021-12-04,2023-12-09,Yes,25,,State
0000002707,002707,First Steps,2020-01-10,2020-01-17,2020-12-18,No,31,Early Intervention,State
0000002707,002707,Home Visiting,2021-05-01,2021-05-09,2021-08-11,Yes,13,,State
0000002708,002708,Home Visiting,2018-11-16,2018-12-16,2021-06-29,Yes,26,,Private
0000002708,002708,Child Care,2021-09-14,2021-10-06,2022-10-20,No,56,,Private
0000002709,002709,Early Head Start,2022-04-26,2022-05-23,2023-07-13,No,145,,State
0000002709,002709,Early Intervention,2023-10-17,2023-10-22,2025-04-21,No,28,Early Intervention,Federal
0000002710,002710,Childcare Subsidy,2020-03-04,2020-03-08,2020-07-17,No,92,,Federal
0000002711,002711,First Steps,2023-04-21,2023-05-04,2025-12-02,No,55,Early Intervention,Federal
0000002711,002711,Childcare Subsidy,2026-02-07,2026-03-06,2026-12-29,No,53,,State
0000002711,002711,Home Visiting,2022-07-01,2022-07-27,2023-11-16,Yes,8,,State
0000002712,002712,Child Care,2018-08-21,2018-09-02,2020-02-25,No,92,,Federal
0000002712,002712,Home Visiting,2020-04-26,2020-05-24,2021-09-24,Yes,21,,Private
0000002713,002713,First Steps,2022-04-28,2022-05-22,2024-08-01,No,45,Early Intervention,Private
0000002714,002714,Home Visiting,2021-03-06,2021-04-01,2022-08-08,Yes,8,,Federal
0000002714,002714,Home Visiting,2022-08-25,2022-08-30,2024-04-04,Yes,8,,Private
0000002714,002714,Child Care,2024-04-19,2024-05-10,2025-06-25,No,198,,State
0000002715,002715,Childcare Subsidy,2021-04-17,2021-04-20,2021-12-22,No,132,,Local
0000002716,002716,Early Head Start,2021-02-10,2021-02-12,2022-01-19,No,64,,Private
0000002716,002716,First Steps,2022-02-16,2022-02-27,2023-01-22,No,5,Early Intervention,State
0000002717,002717,Early Head Start,2019-08-25,2019-09-21,2020-07-06,No,194,,Local
0000002718,002718,Child Care,2021-11-08,2021-11-27,2023-11-28,No,108,,Federal
0000002718,002718,Childcare Subsidy,2024-01-10,2024-01-25,2026-02-07,No,64,,State
0000002719,002719,Home Visiting,2020-06-16,2020-07-09,2021-09-16,Yes,9,,State
0000002719,002719,Child Care,2021-09-26,2021-10-18,2024-03-03,No,85,,Private
0000002719,002719,Childcare Subsidy,2024-03-13,2024-04-09,2025-06-21,No,85,,Federal
0000002720,002720,Childcare Subsidy,2022-05-23,2022-05-28,2022-09-23,No,123,,State
0000002721,002721,First Steps,2019-01-18,2019-02-08,2021-01-10,No,40,Early Intervention,State
0000002721,002721,First Steps,2021-04-23,2021-04-24,2022-06-13,No,46,Early Intervention,Federal
0000002722,002722,Home Visiting,2020-06-07,2020-06-17,2022-10-13,Yes,6,,State
0000002722,002722,Childcare Subsidy,2020-07-17,2020-08-01,2024-03-22,No,158,,Federal
0000002723,002723,Childcare Subsidy,2020-02-27,2020-03-05,2020-12-16,No,49,,State
0000002724,002724,First Steps,2021-04-05,2021-04-16,2024-02-02,No,12,Early Intervention,Local
0000002724,002724,Childcare Subsidy,2024-02-27,2024-03-10,2024-10-18,No,115,,Private
0000002725,002725,Home Visiting,2021-06-05,2021-06-18,2023-07-22,Yes,6,,Private
0000002725,002725,Early Intervention,2023-08-04,2023-08-30,2026-01-30,No,42,Early Intervention,Local
0000002726,002726,First Steps,2022-09-27,2022-10-27,2023-07-04,No,44,Early Intervention,Private
0000002727,002727,Home Visiting,2019-12-02,2019-12-31,2020-03-12,Yes,17,,Federal
0000002727,002727,First Steps,2020-04-04,2020-05-04,2021-02-17,No,19,Early Intervention,Federal
0000002728,002728,Home Visiting,2020-04-10,2020-05-10,2021-07-24,Yes,17,,State
0000002728,002728,Child Care,2021-08-17,2021-09-03,2023-06-04,No,87,,Local
0000002729,002729,Home Visiting,2020-07-21,2020-08-08,2021-07-22,Yes,17,,Federal
0000002730,002730,Early Intervention,2020-10-09,2020-10-11,2022-04-12,No,52,Early Intervention,Local
0000002730,002730,State Pre-K,2020-11-10,2020-11-25,2024-07-14,No,139,Pre-K,Federal
0000002731,002731,Early Intervention,2020-09-24,2020-09-27,2022-01-15,No,47,Early Intervention,Private
0000002731,002731,Childcare Subsidy,2022-02-12,2022-02-16,2022-08-24,No,54,,Private
0000002731,002731,Child Care,2022-09-16,2022-09-29,2024-05-03,No,61,,Private
0000002732,002732,Child Care,2019-10-19,2019-11-15,2021-07-20,No,89,,Local
0000002732,002732,Child Care,2021-07-26,2021-07-30,2022-07-25,No,176,,Private
0000002733,002733,Home Visiting,2020-02-05,2020-03-06,2020-10-04,Yes,16,,Private
0000002733,002733,Child Care,2021-02-25,2021-03-24,2021-12-10,No,51,,State
0000002733,002733,First Steps,2022-02-27,2022-03-17,2022-11-08,No,40,Early Intervention,Local
0000002734,002734,Home Visiting,2022-08-13,2022-08-17,2023-08-31,Yes,7,,Local
0000002734,002734,Early Head Start,2023-09-12,2023-09-30,2024-08-31,No,57,,Local
0000002734,002734,Head Start,2024-09-06,2024-09-08,2025-04-14,No,101,Pre-K,State
0000002734,002734,Head Start,2025-04-22,2025-05-08,2025-12-16,No,106,Pre-K,Federal
0000002735,002735,First Steps,2020-04-25,2020-05-18,2021-06-27,No,18,Early Intervention,Federal
0000002735,002735,First Steps,2021-07-13,2021-07-21,2022-02-26,No,24,Early Intervention,Private
0000002736,002736,Child Care,2022-05-14,2022-05-17,2023-07-19,No,55,,Private
0000002736,002736,Early Head Start,2023-08-17,2023-09-10,2025-05-01,No,87,,State
0000002737,002737,Home Visiting,2020-10-08,2020-10-21,2022-09-29,Yes,20,,Private
0000002737,002737,Childcare Subsidy,2020-11-20,2020-12-05,2023-08-09,No,81,,Private
0000002738,002738,Home Visiting,2021-08-07,2021-08-24,2023-04-01,Yes,16,,Private
0000002739,002739,Early Head Start,2022-07-08,2022-07-26,2023-11-08,No,184,,Federal
0000002739,002739,Childcare Subsidy,2023-11-18,2023-11-27,2025-04-28,No,86,,State
0000002740,002740,Early Intervention,2019-07-31,2019-08-05,2020-02-18,No,40,Early Intervention,Private
0000002741,002741,Child Care,2019-12-13,2020-01-09,2021-01-20,No,161,,State
0000002742,002742,Childcare Subsidy,2022-09-27,2022-10-09,2023-12-07,No,90,,State
0000002743,002743,Early Intervention,2021-01-17,2021-01-23,2021-07-24,No,11,Early Intervention,Private
0000002744,002744,First Steps,2023-05-18,2023-05-21,2025-03-07,No,53,Early Intervention,State
0000002744,002744,Head Start,2025-03-12,2025-03-31,2026-05-09,No,133,Pre-K,Federal
0000002745,002745,Child Care,2019-11-23,2019-12-21,2021-03-16,No,156,,Local
0000002745,002745,Early Head Start,2021-03-17,2021-04-09,2023-08-28,No,120,,Federal
0000002746,002746,First Steps,2020-11-30,2020-12-26,2022-11-14,No,21,Early Intervention,Private
0000002746,002746,Head Start,2022-11-19,2022-12-03,2024-01-19,No,85,Pre-K,Local
0000002746,002746,Childcare Subsidy,2024-02-02,2024-02-21,2025-01-14,No,56,,State
0000002747,002747,Early Intervention,2019-07-12,2019-08-07,2021-07-10,No,35,Early Intervention,Local
0000002747,002747,State Pre-K,2021-07-30,2021-08-28,2023-02-10,No,116,Pre-K,State
0000002747,002747,State Pre-K,2023-02-14,2023-03-05,2024-01-21,No,174,Pre-K,Local
0000002748,002748,Early Intervention,2019-11-17,2019-11-21,2020-11-19,No,27,Early Intervention,Federal
0000002748,002748,Home Visiting,2020-12-09,2020-12-11,2022-02-25,Yes,7,,Federal
0000002749,002749,Early Head Start,2023-03-29,2023-04-24,2024-03-03,No,68,,Federal
0000002749,002749,Early Intervention,2024-03-19,2024-03-25,2025-01-07,No,44,Early Intervention,Federal
0000002750,002750,Home Visiting,2019-05-28,2019-06-22,2021-02-23,Yes,13,,Local
0000002750,002750,Childcare Subsidy,2019-07-22,2019-08-06,2022-07-26,No,90,,Local
0000002750,002750,State Pre-K,2022-10-11,2022-10-18,2023-08-24,No,103,Pre-K,Local
0000002751,002751,Early Head Start,2022-01-06,2022-01-13,2022-11-18,No,44,,State
0000002751,002751,First Steps,2022-12-17,2023-01-05,2024-04-06,No,46,Early Intervention,Federal
0000002752,002752,Childcare Subsidy,2020-07-21,2020-08-17,2021-05-17,No,123,,Federal
0000002753,002753,Childcare Subsidy,2021-06-23,2021-06-28,2021-08-30,No,32,,Private
0000002753,002753,Home Visiting,2021-11-03,2021-11-24,2022-10-15,Yes,10,,Federal
0000002754,002754,First Steps,2020-07-08,2020-07-12,2022-08-28,No,23,Early Intervention,Local
0000002755,002755,Childcare Subsidy,2020-03-16,2020-04-10,2021-04-24,No,187,,Federal
0000002755,002755,Early Intervention,2021-04-25,2021-05-10,2023-12-22,No,38,Early Intervention,Local
0000002756,002756,Child Care,2021-11-25,2021-12-23,2023-01-23,No,101,,State
0000002756,002756,Early Head Start,2023-01-31,2023-02-01,2023-11-09,No,144,,Local
0000002756,002756,State Pre-K,2023-11-10,2023-12-10,2024-07-13,No,85,Pre-K,State
0000002757,002757,Early Head Start,2020-05-12,2020-06-02,2021-12-25,No,143,,State
0000002757,002757,Head Start,2022-01-16,2022-01-30,2022-12-11,No,122,Pre-K,Private
0000002758,002758,Childcare Subsidy,2022-03-14,2022-03-19,2023-11-12,No,114,,Local
0000002759,002759,Childcare Subsidy,2020-09-05,2020-09-10,2021-04-08,No,125,,Local
0000002759,002759,Child Care,2021-05-04,2021-05-28,2023-03-17,No,91,,Local
0000002760,002760,Child Care,2021-01-21,2021-01-25,2023-03-21,No,82,,Private
0000002761,002761,Childcare Subsidy,2020-08-05,2020-08-20,2022-08-11,No,111,,State
0000002762,002762,Early Head Start,2022-05-11,2022-05-29,2023-03-19,No,92,,Private
0000002762,002762,Child Care,2023-05-16,2023-05-22,2024-03-14,No,199,,Federal
0000002763,002763,Home Visiting,2020-04-19,2020-05-11,2020-11-25,Yes,8,,Federal
0000002763,002763,Childcare Subsidy,2020-12-01,2020-12-16,2021-04-21,No,95,,Local
0000002764,002764,Early Intervention,2020-12-29,2021-01-12,2022-01-18,No,23,Early Intervention,State
0000002765,002765,Early Intervention,2021-07-06,2021-08-05,2023-01-22,No,19,Early Intervention,Private
0000002766,002766,Early Head Start,2021-08-11,2021-08-26,2023-01-31,No,112,,Federal
0000002767,002767,Child Care,2022-03-18,2022-04-01,2022-10-09,No,111,,Federal
0000002767,002767,Early Intervention,2022-11-06,2022-11-13,2023-08-26,No,54,Early Intervention,State
0000002768,002768,First Steps,2020-03-28,2020-04-05,2021-09-09,No,49,Early Intervention,Private
0000002768,002768,Head Start,2021-09-27,2021-10-03,2023-09-20,No,76,Pre-K,Federal
0000002768,002768,Early Head Start,2019-04-13,2019-04-24,2020-04-28,No,176,,Private
0000002768,002768,Childcare Subsidy,2020-05-13,2020-06-06,2022-03-04,No,175,,Private
0000002769,002769,First Steps,2020-04-26,2020-05-23,2023-03-18,No,49,Early Intervention,Federal
0000002769,002769,Child Care,2023-04-15,2023-04-18,2024-07-28,No,90,,State
0000002769,002769,Childcare Subsidy,2020-04-20,2020-05-03,2021-05-05,No,157,,State
0000002770,002770,Child Care,2021-04-22,2021-05-12,2021-09-29,No,44,,Federal
0000002770,002770,First Steps,2021-10-01,2021-10-07,2022-01-01,No,37,Early Intervention,Private
0000002771,002771,Early Intervention,2020-10-05,2020-10-27,2022-09-06,No,29,Early Intervention,Federal
0000002772,002772,Early Intervention,2019-01-04,2019-01-20,2020-08-19,No,53,Early Intervention,Private
0000002772,002772,Home Visiting,2020-08-21,2020-09-01,2023-08-14,Yes,10,,Federal
0000002772,002772,Early Head Start,2019-06-14,2019-06-16,2020-08-05,No,70,,Federal
0000002773,002773,Childcare Subsidy,2020-06-04,2020-06-24,2021-01-12,No,150,,Federal
0000002773,002773,Childcare Subsidy,2021-01-31,2021-02-03,2022-01-26,No,54,,Local
0000002773,002773,Childcare Subsidy,2022-02-19,2022-03-02,2022-09-05,No,131,,State
0000002773,002773,State Pre-K,2022-09-22,2022-09-23,2023-08-23,No,70,Pre-K,Federal
0000002774,002774,Child Care,2021-07-19,2021-07-24,2022-08-02,No,157,,Private
0000002774,002774,Home Visiting,2022-09-28,2022-10-01,2024-09-07,Yes,23,,Federal
0000002775,002775,Home Visiting,2020-10-06,2020-11-03,2022-07-04,Yes,10,,State
0000002775,002775,Childcare Subsidy,2022-07-29,2022-08-05,2023-02-19,No,112,,Federal
0000002776,002776,Early Head Start,2019-10-23,2019-10-30,2020-12-24,No,99,,Local
0000002777,002777,Early Intervention,2018-10-19,2018-11-08,2020-10-19,No,45,Early Intervention,Private
0000002777,002777,Child Care,2020-11-11,2020-12-10,2022-10-03,No,177,,State
0000002778,002778,Childcare Subsidy,2019-09-25,2019-09-26,2020-11-30,No,84,,Private
0000002779,002779,Early Intervention,2020-09-27,2020-10-12,2021-08-13,No,9,Early Intervention,State
0000002779,002779,Home Visiting,2021-11-18,2021-12-06,2023-05-24,Yes,22,,State
0000002780,002780,Childcare Subsidy,2022-05-30,2022-06-09,2022-09-15,No,92,,State
0000002781,002781,Home Visiting,2021-12-13,2022-01-05,2023-08-26,Yes,6,,Private
0000002782,002782,Early Head Start,2022-02-10,2022-02-27,2022-09-01,No,61,,Private
0000002783,002783,Child Care,2021-11-19,2021-12-15,2022-10-18,No,113,,State
0000002783,002783,Child Care,2022-11-12,2022-11-14,2023-02-20,No,36,,Local
0000002783,002783,Early Intervention,2023-03-05,2023-03-23,2023-06-23,No,10,Early Intervention,Federal
0000002784,002784,Childcare Subsidy,2022-04-17,2022-05-06,2024-04-25,No,42,,Local
0000002784,002784,Head Start,2024-05-25,2024-06-16,2026-08-21,No,138,Pre-K,Private
0000002785,002785,Child Care,2019-12-18,2020-01-13,2021-10-04,No,47,,Federal
0000002785,002785,Home Visiting,2021-11-03,2021-11-23,2023-10-12,Yes,27,,Private
0000002786,002786,Early Intervention,2023-02-12,2023-03-14,2025-11-02,No,33,Early Intervention,Local
0000002787,002787,Child Care,2021-10-03,2021-10-06,2021-12-19,No,114,,Private
0000002787,002787,Early Head Start,2022-01-06,2022-01-22,2022-11-02,No,31,,Federal
0000002787,002787,Child Care,2022-11-22,2022-12-14,2023-07-29,No,70,,Federal
0000002788,002788,Early Intervention,2020-11-13,2020-12-05,2022-05-27,No,25,Early Intervention,State
0000002788,002788,Child Care,2022-06-03,2022-06-29,2023-08-14,No,59,,Private
0000002788,002788,State Pre-K,2023-08-16,2023-08-26,2024-07-22,No,111,Pre-K,Private
0000002789,002789,First Steps,2020-12-14,2021-01-01,2021-04-10,No,18,Early Intervention,State
0000002790,002790,Childcare Subsidy,2020-10-14,2020-10-19,2021-02-04,No,65,,Local
0000002791,002791,Early Head Start,2019-10-24,2019-11-05,2020-03-17,No,123,,State
0000002792,002792,Home Visiting,2019-11-23,2019-12-21,2022-12-01,Yes,17,,State
0000002792,002792,Childcare Subsidy,2023-01-07,2023-01-27,2024-04-24,No,128,,Federal
0000002792,002792,Home Visiting,2019-10-26,2019-11-22,2021-06-29,Yes,23,,State
0000002793,002793,Home Visiting,2020-07-19,2020-07-23,2021-08-30,Yes,21,,Federal
0000002793,002793,Child Care,2021-10-31,2021-11-25,2023-03-05,No,96,,Federal
0000002793,002793,State Pre-K,2023-06-19,2023-07-03,2024-05-05,No,75,Pre-K,Federal
0000002794,002794,Childcare Subsidy,2020-11-24,2020-12-19,2023-09-10,No,48,,Federal
0000002795,002795,Early Head Start,2018-09-16,2018-10-02,2020-06-01,No,170,,Private
0000002795,002795,Early Intervention,2020-06-27,2020-07-20,2021-08-07,No,15,Early Intervention,State
0000002796,002796,Child Care,2022-11-16,2022-12-11,2024-06-22,No,60,,State
0000002796,002796,Childcare Subsidy,2024-07-18,2024-08-04,2025-08-09,No,96,,State
0000002796,002796,State Pre-K,2025-08-18,2025-08-26,2026-09-05,No,115,Pre-K,Private
0000002797,002797,Early Head Start,2022-03-13,2022-04-11,2023-02-14,No,168,,Private
0000002797,002797,Childcare Subsidy,2023-05-03,2023-05-09,2025-02-26,No,110,,Private
0000002797,002797,Head Start,2025-06-01,2025-06-09,2026-07-01,No,96,Pre-K,Private
0000002798,002798,Early Intervention,2022-04-30,2022-05-02,2023-02-25,No,26,Early Intervention,State
0000002798,002798,Early Intervention,2023-05-26,2023-06-23,2024-07-28,No,18,Early Intervention,Private
0000002799,002799,Early Head Start,2021-05-12,2021-06-11,2023-02-13,No,44,,Local
0000002800,002800,Early Intervention,2021-01-28,2021-02-16,2022-08-27,No,16,Early Intervention,Federal
0000002800,002800,Child Care,2022-08-30,2022-09-26,2024-10-11,No,96,,State
0000002800,002800,First Steps,2020-04-13,2020-04-19,2023-03-19,No,55,Early Intervention,State
0000002800,002800,Childcare Subsidy,2023-03-31,2023-04-30,2024-10-11,No,77,,Local
0000002800,002800,Early Intervention,2020-04-13,2020-04-17,2023-02-15,No,23,Early Intervention,State
0000002801,002801,Early Head Start,2023-01-08,2023-01-24,2025-12-27,No,134,,Local
0000002802,002802,Child Care,2023-07-19,2023-07-24,2024-04-09,No,111,,Local
0000002802,002802,Early Head Start,2024-04-25,2024-05-11,2025-08-19,No,126,,Local
0000002803,002803,Home Visiting,2022-04-20,2022-04-30,2023-09-25,Yes,11,,Private
0000002804,002804,First Steps,2019-09-15,2019-09-27,2022-08-28,No,50,Early Intervention,Private
0000002805,002805,Early Head Start,2022-02-16,2022-03-03,2024-11-13,No,54,,Local
0000002805,002805,Childcare Subsidy,2024-11-16,2024-12-03,2025-09-22,No,107,,Local
0000002806,002806,Childcare Subsidy,2019-07-29,2019-08-02,2020-07-07,No,108,,Federal
0000002806,002806,Child Care,2020-07-20,2020-08-19,2021-02-27,No,57,,Federal
0000002807,002807,Child Care,2021-04-25,2021-05-19,2024-04-01,No,116,,Private
0000002808,002808,Early Intervention,2022-03-23,2022-04-18,2023-07-12,No,35,Early Intervention,Private
0000002808,002808,Early Intervention,2023-09-03,2023-10-01,2024-12-03,No,18,Early Intervention,Local
0000002808,002808,Head Start,2025-02-20,2025-03-22,2026-03-16,No,134,Pre-K,Private
0000002809,002809,Child Care,2022-05-30,2022-06-06,2023-06-25,No,183,,Private
0000002809,002809,Early Intervention,2023-08-30,2023-09-23,2025-07-30,No,30,Early Intervention,Local
0000002809,002809,State Pre-K,2025-10-20,2025-11-15,2026-10-26,No,148,Pre-K,Federal
0000002810,002810,First Steps,2022-11-13,2022-11-18,2025-07-22,No,49,Early Intervention,Private
0000002811,002811,Child Care,2021-01-07,2021-01-13,2022-11-08,No,130,,State
0000002811,002811,State Pre-K,2022-11-25,2022-12-23,2024-07-09,No,111,Pre-K,Local
0000002812,002812,Child Care,2020-11-03,2020-11-10,2022-11-09,No,77,,Local
0000002812,002812,Child Care,2022-11-22,2022-12-13,2023-09-20,No,66,,Private
0000002812,002812,Child Care,2023-09-21,2023-09-30,2024-10-30,No,55,,State
0000002813,002813,Child Care,2021-05-22,2021-06-05,2022-04-21,No,131,,Federal
0000002813,002813,Early Intervention,2022-05-03,2022-05-15,2022-10-11,No,6,Early Intervention,State
0000002813,002813,Childcare Subsidy,2022-11-03,2022-12-02,2023-03-22,No,145,,State
0000002814,002814,Early Head Start,2021-01-11,2021-01-13,2021-12-09,No,108,,Federal
0000002814,002814,Early Intervention,2021-12-18,2021-12-27,2022-07-03,No,15,Early Intervention,Private
0000002815,002815,Child Care,2020-12-10,2020-12-20,2021-07-03,No,41,,Private
0000002815,002815,Child Care,2021-07-12,2021-08-09,2022-02-10,No,116,,State
0000002815,002815,Child Care,2022-02-23,2022-03-17,2023-03-09,No,50,,Federal
0000002816,002816,Childcare Subsidy,2019-12-23,2020-01-07,2020-10-22,No,108,,Federal
0000002817,002817,Child Care,2022-12-12,2022-12-27,2023-07-07,No,123,,Federal
0000002818,002818,Early Head Start,2022-07-25,2022-08-20,2024-08-06,No,204,,Federal
0000002818,002818,Head Start,2024-09-17,2024-10-17,2026-01-13,No,159,Pre-K,Private
0000002819,002819,Early Head Start,2019-10-18,2019-11-06,2022-02-02,No,67,,Local
0000002820,002820,Childcare Subsidy,2019-12-16,2019-12-24,2021-09-15,No,148,,State
0000002820,002820,Childcare Subsidy,2021-10-06,2021-10-16,2024-01-22,No,196,,Local
0000002821,002821,Home Visiting,2022-01-29,2022-02-19,2023-10-30,Yes,11,,Local
0000002822,002822,Childcare Subsidy,2019-03-19,2019-03-22,2020-08-19,No,149,,Federal
0000002822,002822,Child Care,2020-12-10,2021-01-03,2022-12-11,No,54,,Private
0000002822,002822,Child Care,2023-03-02,2023-03-30,2023-11-09,No,107,,Local
0000002823,002823,Child Care,2022-01-21,2022-02-06,2022-04-10,No,44,,State
0000002824,002824,Home Visiting,2022-01-08,2022-01-11,2023-08-06,Yes,18,,Private
0000002824,002824,State Pre-K,2023-11-16,2023-11-24,2025-11-18,No,153,Pre-K,Private
0000002825,002825,Early Intervention,2019-09-28,2019-10-09,2020-01-25,No,35,Early Intervention,Local
0000002826,002826,Early Intervention,2018-07-07,2018-07-11,2020-12-04,No,35,Early Intervention,Private
0000002827,002827,Early Intervention,2021-10-06,2021-10-23,2022-06-28,No,15,Early Intervention,Local
0000002828,002828,First Steps,2022-07-25,2022-08-07,2025-01-20,No,31,Early Intervention,State
0000002829,002829,Home Visiting,2022-09-20,2022-10-14,2024-08-31,Yes,18,,Private
0000002830,002830,Childcare Subsidy,2021-07-01,2021-07-16,2022-09-02,No,71,,State
0000002831,002831,First Steps,2022-01-30,2022-02-15,2023-04-22,No,10,Early Intervention,Federal
0000002832,002832,First Steps,2022-03-31,2022-04-14,2023-03-08,No,38,Early Intervention,Local
0000002832,002832,Early Head Start,2023-03-24,2023-04-06,2023-08-19,No,132,,Private
0000002833,002833,First Steps,2020-07-25,2020-08-15,2023-07-01,No,45,Early Intervention,Private
0000002834,002834,Home Visiting,2020-07-08,2020-07-25,2021-06-24,Yes,7,,Federal
0000002834,002834,Child Care,2021-07-20,2021-07-21,2022-11-18,No,63,,Private
0000002835,002835,Early Intervention,2020-04-30,2020-05-19,2022-01-08,No,45,Early Intervention,Federal
0000002835,002835,Early Head Start,2022-05-07,2022-06-03,2023-07-25,No,128,,State
0000002835,002835,Childcare Subsidy,2023-11-19,2023-12-12,2025-06-18,No,46,,Local
0000002836,002836,First Steps,2020-11-07,2020-11-29,2021-08-29,No,9,Early Intervention,Local
0000002837,002837,Childcare Subsidy,2022-02-04,2022-02-05,2024-11-02,No,173,,Local
0000002837,002837,Childcare Subsidy,2024-11-18,2024-11-23,2025-09-30,No,64,,Private
0000002837,002837,Early Head Start,2021-04-02,2021-04-15,2023-09-14,No,159,,Federal
0000002838,002838,Early Head Start,2023-01-21,2023-01-30,2024-09-02,No,171,,Local
0000002839,002839,Early Head Start,2020-01-30,2020-02-11,2021-01-05,No,60,,Federal
0000002839,002839,Early Head Start,2021-01-23,2021-02-17,2021-09-08,No,26,,Local
0000002839,002839,Early Head Start,2021-10-07,2021-10-29,2022-09-21,No,131,,Local
0000002840,002840,Early Head Start,2019-03-29,2019-04-27,2020-03-31,No,174,,Local
0000002841,002841,Early Intervention,2019-09-16,2019-09-17,2022-08-20,No,21,Early Intervention,State
0000002841,002841,State Pre-K,2022-09-16,2022-09-30,2023-10-26,No,85,Pre-K,Local
0000002842,002842,Early Head Start,2021-06-29,2021-07-17,2024-04-17,No,83,,Local
0000002842,002842,Child Care,2021-08-16,2021-08-31,2024-12-28,No,93,,State
0000002842,002842,First Steps,2020-06-30,2020-07-30,2023-06-12,No,30,Early Intervention,Federal
0000002843,002843,Early Head Start,2020-09-17,2020-10-12,2023-08-22,No,99,,Federal
0000002844,002844,Childcare Subsidy,2020-09-14,2020-10-03,2020-12-04,No,95,,Local
0000002844,002844,Early Head Start,2021-03-05,2021-03-10,2021-12-23,No,28,,Local
0000002845,002845,Home Visiting,2020-07-02,2020-07-22,2021-05-06,Yes,20,,Private
0000002845,002845,Early Head Start,2021-05-25,2021-06-03,2023-03-11,No,148,,Federal
0000002845,002845,State Pre-K,2023-04-06,2023-04-26,2024-08-20,No,65,Pre-K,Local
0000002846,002846,Early Intervention,2022-08-10,2022-08-14,2023-04-10,No,44,Early Intervention,Local
0000002846,002846,First Steps,2023-06-11,2023-06-19,2024-08-20,No,8,Early Intervention,Private
0000002847,002847,Child Care,2021-01-19,2021-02-04,2022-02-13,No,206,,Federal
0000002848,002848,Early Head Start,2021-07-13,2021-07-26,2022-04-14,No,98,,Private
0000002848,002848,Early Head Start,2022-04-29,2022-05-07,2022-11-11,No,60,,State
0000002848,002848,Childcare Subsidy,2022-12-09,2022-12-28,2023-10-22,No,43,,State
0000002849,002849,Early Head Start,2022-03-29,2022-04-16,2023-10-20,No,192,,Local
0000002850,002850,Child Care,2020-07-29,2020-08-24,2021-03-09,No,46,,Local
0000002851,002851,First Steps,2020-12-21,2021-01-10,2022-01-27,No,18,Early Intervention,Federal
0000002852,002852,Early Head Start,2020-05-17,2020-05-19,2022-11-10,No,43,,Private
0000002852,002852,State Pre-K,2022-11-19,2022-12-16,2023-12-04,No,131,Pre-K,Local
0000002853,002853,Childcare Subsidy,2020-03-01,2020-03-20,2021-11-21,No,124,,Private
0000002853,002853,Early Intervention,2021-12-14,2021-12-31,2022-09-11,No,19,Early Intervention,State
0000002854,002854,Child Care,2020-11-17,2020-11-22,2021-09-02,No,60,,Local
0000002855,002855,Childcare Subsidy,2019-10-23,2019-11-03,2021-06-17,No,157,,Local
0000002855,002855,Home Visiting,2021-10-08,2021-10-14,2022-12-11,Yes,10,,Federal
0000002855,002855,Head Start,2023-03-24,2023-04-08,2025-02-06,No,91,Pre-K,Federal
0000002856,002856,Early Intervention,2020-11-01,2020-11-11,2022-10-02,No,35,Early Intervention,Private
0000002856,002856,First Steps,2022-10-23,2022-10-27,2024-01-21,No,17,Early Intervention,Private
0000002857,002857,First Steps,2020-12-04,2020-12-10,2022-09-05,No,39,Early Intervention,Local
0000002857,002857,Childcare Subsidy,2022-09-25,2022-10-17,2023-12-04,No,147,,Private
0000002858,002858,Early Intervention,2023-05-05,2023-05-20,2024-06-20,No,15,Early Intervention,Local
0000002859,002859,Childcare Subsidy,2019-10-27,2019-11-23,2021-10-25,No,45,,State
0000002860,002860,Childcare Subsidy,2020-05-29,2020-06-14,2022-08-11,No,90,,State
0000002860,002860,Home Visiting,2022-08-27,2022-09-19,2024-06-30,Yes,4,,State
0000002861,002861,Home Visiting,2019-03-29,2019-04-25,2021-02-09,Yes,16,,State
0000002861,002861,Child Care,2021-03-05,2021-03-26,2022-01-13,No,93,,Private
0000002861,002861,Child Care,2022-01-28,2022-02-01,2022-10-20,No,130,,Federal
0000002862,002862,Child Care,2021-12-27,2021-12-28,2023-02-01,No,68,,Federal
0000002863,002863,Childcare Subsidy,2020-01-29,2020-02-27,2021-12-29,No,97,,Local
0000002863,002863,Childcare Subsidy,2022-04-17,2022-04-27,2024-04-25,No,74,,State
0000002864,002864,Home Visiting,2019-06-01,2019-06-14,2020-11-05,Yes,9,,Local
0000002864,002864,First Steps,2020-12-04,2020-12-15,2021-12-28,No,8,Early Intervention,Federal
0000002864,002864,Child Care,2022-01-22,2022-02-20,2023-08-25,No,115,,Private
0000002865,002865,First Steps,2019-05-05,2019-05-30,2021-06-06,No,45,Early Intervention,State
0000002865,002865,Childcare Subsidy,2021-09-07,2021-10-06,2023-11-13,No,159,,Federal
0000002866,002866,Childcare Subsidy,2020-08-26,2020-09-01,2020-12-12,No,133,,State
0000002866,002866,Home Visiting,2021-04-20,2021-05-11,2021-11-06,Yes,18,,Federal
0000002867,002867,Early Head Start,2021-05-31,2021-06-27,2023-04-28,No,124,,Private
0000002868,002868,Early Head Start,2018-05-27,2018-06-16,2019-01-08,No,36,,State
0000002869,002869,Home Visiting,2021-03-09,2021-03-11,2022-04-04,Yes,20,,Federal
0000002869,002869,Home Visiting,2021-04-10,2021-04-25,2025-05-02,Yes,11,,State
0000002870,002870,Early Intervention,2019-11-20,2019-12-03,2021-09-07,No,37,Early Intervention,Private
0000002871,002871,Early Intervention,2020-07-02,2020-07-26,2022-04-04,No,30,Early Intervention,State
0000002872,002872,Early Intervention,2018-08-16,2018-08-20,2019-09-26,No,46,Early Intervention,Federal
0000002872,002872,Home Visiting,2019-10-22,2019-10-30,2021-06-29,Yes,14,,Private
0000002872,002872,Childcare Subsidy,2021-07-05,2021-07-11,2022-03-02,No,92,,Local
0000002873,002873,Home Visiting,2022-02-22,2022-03-08,2023-08-23,Yes,17,,Local
0000002874,002874,First Steps,2022-03-09,2022-04-01,2024-01-14,No,48,Early Intervention,Federal
0000002875,002875,Childcare Subsidy,2019-10-31,2019-11-20,2021-01-17,No,141,,Federal
0000002875,002875,Childcare Subsidy,2021-04-13,2021-05-06,2022-03-06,No,154,,Federal
0000002876,002876,Home Visiting,2020-02-06,2020-03-01,2020-11-01,Yes,13,,Federal
0000002876,002876,Childcare Subsidy,2020-11-17,2020-11-25,2022-01-13,No,130,,Local
0000002877,002877,Child Care,2020-08-16,2020-08-19,2022-11-19,No,113,,Federal
0000002877,002877,Child Care,2023-01-02,2023-01-25,2024-09-17,No,122,,Local
0000002877,002877,Early Intervention,2020-03-20,2020-03-28,2021-10-07,No,24,Early Intervention,Local
0000002878,002878,First Steps,2020-07-01,2020-07-04,2022-12-11,No,41,Early Intervention,State
0000002878,002878,Head Start,2023-02-19,2023-03-13,2024-08-09,No,151,Pre-K,Local
0000002879,002879,Home Visiting,2020-01-02,2020-01-18,2021-07-31,Yes,13,,Local
0000002880,002880,Early Head Start,2022-12-01,2022-12-07,2023-11-30,No,70,,Local
0000002881,002881,Early Intervention,2022-03-12,2022-03-22,2023-08-02,No,11,Early Intervention,Local
0000002882,002882,Childcare Subsidy,2021-11-23,2021-12-10,2022-10-05,No,124,,Local
0000002883,002883,Child Care,2021-03-01,2021-03-07,2022-01-13,No,97,,Private
0000002883,002883,Home Visiting,2022-04-18,2022-04-26,2022-10-19,Yes,8,,Federal
0000002883,002883,Child Care,2023-03-25,2023-03-28,2023-11-13,No,58,,Local
0000002884,002884,First Steps,2022-09-12,2022-10-06,2025-05-09,No,23,Early Intervention,State
0000002885,002885,Early Intervention,2019-09-28,2019-09-30,2019-12-10,No,37,Early Intervention,Private
0000002885,002885,Home Visiting,2020-01-06,2020-01-17,2020-05-27,Yes,14,,Federal
0000002885,002885,Child Care,2020-06-05,2020-06-06,2020-08-18,No,62,,Federal
0000002886,002886,First Steps,2020-02-16,2020-03-03,2021-07-29,No,33,Early Intervention,Private
0000002886,002886,Early Head Start,2021-08-10,2021-09-06,2022-12-16,No,192,,Federal
0000002886,002886,Childcare Subsidy,2022-12-21,2022-12-23,2023-12-30,No,205,,Private
0000002887,002887,Child Care,2020-01-17,2020-02-14,2020-09-16,No,98,,Local
0000002887,002887,Child Care,2020-10-01,2020-10-06,2021-01-03,No,129,,Federal
0000002888,002888,Childcare Subsidy,2022-10-02,2022-10-13,2024-07-31,No,171,,Private
0000002889,002889,Early Head Start,2020-09-16,2020-10-07,2022-12-10,No,172,,State
0000002890,002890,Home Visiting,2018-10-08,2018-10-22,2020-01-08,Yes,18,,Federal
0000002891,002891,Early Intervention,2019-12-01,2019-12-23,2020-10-26,No,16,Early Intervention,Local
0000002892,002892,Home Visiting,2022-09-16,2022-09-26,2024-10-30,Yes,10,,Federal
0000002893,002893,Home Visiting,2023-08-03,2023-08-16,2024-04-04,Yes,7,,Private
0000002893,002893,State Pre-K,2024-09-11,2024-09-23,2025-01-30,No,107,Pre-K,Local
0000002894,002894,Child Care,2021-03-30,2021-04-01,2022-07-29,No,39,,Private
0000002894,002894,Child Care,2021-05-01,2021-05-16,2024-10-17,No,167,,Local
0000002895,002895,Home Visiting,2022-04-25,2022-05-08,2023-03-01,Yes,16,,Private
0000002895,002895,Home Visiting,2023-05-04,2023-05-11,2023-09-14,Yes,10,,Local
0000002895,002895,Child Care,2024-02-29,2024-03-11,2024-06-23,No,41,,State
0000002896,002896,Child Care,2022-09-14,2022-09-22,2023-07-18,No,91,,State
0000002896,002896,Child Care,2023-07-22,2023-07-29,2024-05-27,No,171,,Federal
0000002897,002897,Early Intervention,2018-07-28,2018-08-19,2019-12-18,No,19,Early Intervention,Federal
0000002897,002897,Child Care,2018-09-18,2018-10-03,2021-11-18,No,173,,Federal
0000002897,002897,State Pre-K,2021-11-29,2021-12-01,2022-09-15,No,84,Pre-K,Local
0000002898,002898,Child Care,2018-11-25,2018-11-29,2020-04-13,No,121,,Private
0000002898,002898,Early Head Start,2020-04-18,2020-05-03,2022-01-11,No,148,,Federal
0000002899,002899,Early Head Start,2021-04-18,2021-04-27,2022-10-08,No,65,,Private
0000002900,002900,Childcare Subsidy,2019-05-27,2019-06-19,2020-10-03,No,213,,Private
0000002901,002901,Home Visiting,2021-06-14,2021-06-17,2022-03-15,Yes,8,,State
0000002901,002901,Early Head Start,2022-03-25,2022-04-18,2023-07-08,No,158,,Local
0000002902,002902,First Steps,2020-08-30,2020-09-26,2021-12-06,No,48,Early Intervention,Private
0000002902,002902,First Steps,2021-12-27,2022-01-01,2023-07-25,No,17,Early Intervention,State
0000002903,002903,First Steps,2019-07-02,2019-07-08,2021-04-05,No,29,Early Intervention,Local
0000002903,002903,Early Intervention,2019-08-07,2019-08-22,2022-01-13,No,36,Early Intervention,Private
0000002903,002903,Early Head Start,2022-01-18,2022-01-19,2022-12-06,No,177,,Federal
0000002904,002904,Early Head Start,2021-02-06,2021-02-19,2021-11-12,No,127,,Private
0000002905,002905,First Steps,2020-01-04,2020-01-11,2021-01-18,No,38,Early Intervention,Federal
0000002906,002906,Early Head Start,2021-12-24,2022-01-12,2023-05-08,No,83,,Local
0000002907,002907,First Steps,2019-05-12,2019-05-19,2021-01-28,No,18,Early Intervention,Private
0000002907,002907,Early Head Start,2021-02-20,2021-03-03,2023-11-07,No,178,,Federal
0000002907,002907,Early Head Start,2019-10-13,2019-11-02,2021-08-22,No,180,,Local
0000002908,002908,Home Visiting,2020-09-25,2020-10-07,2022-09-19,Yes,23,,Private
0000002908,002908,Child Care,2022-10-07,2022-10-19,2025-05-03,No,141,,Local
0000002908,002908,Child Care,2020-11-03,2020-11-17,2022-04-05,No,156,,Private
0000002909,002909,Childcare Subsidy,2018-07-07,2018-07-26,2020-07-02,No,74,,Local
0000002909,002909,Child Care,2020-07-09,2020-07-21,2022-07-03,No,137,,Local
0000002909,002909,Child Care,2022-07-04,2022-07-07,2023-08-06,No,131,,Federal
0000002910,002910,First Steps,2019-11-12,2019-11-19,2021-11-30,No,53,Early Intervention,Federal
0000002911,002911,Home Visiting,2021-11-16,2021-12-11,2022-04-12,Yes,13,,Federal
0000002911,002911,Child Care,2022-08-12,2022-08-25,2023-08-09,No,79,,Private
0000002912,002912,Childcare Subsidy,2019-11-21,2019-12-05,2020-09-28,No,97,,Private
0000002912,002912,Home Visiting,2020-01-04,2020-01-19,2022-04-29,Yes,4,,Private
0000002913,002913,Child Care,2022-11-13,2022-11-18,2023-11-15,No,95,,State
0000002914,002914,First Steps,2020-11-05,2020-12-04,2023-03-11,No,48,Early Intervention,Local
0000002915,002915,First Steps,2018-12-06,2019-01-01,2019-04-28,No,7,Early Intervention,State
0000002916,002916,Early Head Start,2019-12-18,2020-01-14,2021-05-30,No,104,,Federal
0000002916,002916,Child Care,2021-08-05,2021-08-07,2022-03-19,No,59,,Local
0000002916,002916,Early Head Start,2022-05-30,2022-06-13,2023-10-02,No,183,,State
0000002917,002917,Early Intervention,2021-06-01,2021-06-22,2022-12-17,No,14,Early Intervention,Local
0000002918,002918,Home Visiting,2019-05-16,2019-06-15,2021-02-19,Yes,11,,Federal
0000002919,002919,Early Head Start,2020-07-18,2020-08-05,2021-03-29,No,106,,Local
0000002919,002919,First Steps,2021-05-14,2021-05-27,2022-03-22,No,32,Early Intervention,State
0000002920,002920,First Steps,2021-07-25,2021-08-22,2022-07-29,No,24,Early Intervention,Private
0000002921,002921,Early Intervention,2022-02-05,2022-02-21,2025-01-28,No,35,Early Intervention,Local
0000002922,002922,Early Intervention,2021-10-28,2021-11-05,2022-05-02,No,21,Early Intervention,Private
0000002922,002922,First Steps,2022-10-19,2022-11-03,2023-02-28,No,39,Early Intervention,State
0000002923,002923,Early Intervention,2021-05-08,2021-05-27,2022-12-29,No,59,Early Intervention,Private
0000002923,002923,Child Care,2023-01-01,2023-01-20,2024-08-20,No,183,,Private
0000002924,002924,Early Head Start,2018-09-10,2018-10-06,2019-10-15,No,96,,Federal
0000002924,002924,Childcare Subsidy,2019-12-20,2020-01-05,2021-04-02,No,45,,Federal
0000002924,002924,Early Intervention,2021-06-15,2021-06-24,2022-08-27,No,21,Early Intervention,Federal
0000002925,002925,Early Intervention,2020-12-07,2020-12-28,2022-05-11,No,52,Early Intervention,Private
0000002925,002925,Childcare Subsidy,2022-05-25,2022-06-13,2023-09-16,No,59,,Federal
0000002925,002925,Head Start,2023-09-26,2023-10-08,2025-07-16,No,130,Pre-K,Federal
0000002925,002925,First Steps,2021-01-16,2021-01-20,2024-01-05,No,40,Early Intervention,Private
0000002925,002925,Head Start,2024-01-28,2024-02-06,2025-07-16,No,125,Pre-K,State
0000002926,002926,Early Head Start,2023-03-25,2023-04-16,2024-01-16,No,118,,State
0000002926,002926,Home Visiting,2024-01-27,2024-02-18,2025-08-30,Yes,20,,State
0000002927,002927,Home Visiting,2019-07-10,2019-07-13,2022-07-01,Yes,4,,State
0000002927,002927,Childcare Subsidy,2019-08-12,2019-08-27,2023-09-16,No,98,,Local
0000002927,002927,Child Care,2019-03-19,2019-04-08,2020-10-05,No,138,,Private
0000002928,002928,Home Visiting,2023-05-06,2023-06-02,2025-05-31,Yes,9,,Private
0000002928,002928,Childcare Subsidy,2025-06-20,2025-07-08,2026-02-15,No,68,,Private
0000002928,002928,Childcare Subsidy,2026-03-02,2026-03-28,2027-01-29,No,114,,Local
0000002928,002928,Child Care,2022-08-01,2022-08-13,2024-03-10,No,69,,State
0000002929,002929,Early Head Start,2018-12-01,2018-12-24,2019-05-22,No,68,,Federal
0000002929,002929,Childcare Subsidy,2019-10-12,2019-10-15,2020-03-17,No,111,,State
0000002930,002930,Childcare Subsidy,2019-04-12,2019-04-23,2020-03-14,No,203,,Local
0000002930,002930,First Steps,2020-04-01,2020-04-05,2022-03-18,No,28,Early Intervention,Private
0000002931,002931,Home Visiting,2019-07-31,2019-08-18,2020-06-28,Yes,7,,State
0000002931,002931,Home Visiting,2019-09-17,2019-10-02,2021-06-15,Yes,21,,Private
0000002931,002931,State Pre-K,2021-07-15,2021-08-05,2022-03-20,No,87,Pre-K,Local
0000002932,002932,Child Care,2023-01-27,2023-02-03,2025-01-14,No,102,,State
0000002932,002932,Head Start,2025-01-19,2025-02-15,2026-02-14,No,132,Pre-K,Private
0000002933,002933,First Steps,2020-07-11,2020-07-21,2021-04-28,No,34,Early Intervention,Federal
0000002933,002933,First Steps,2021-05-03,2021-06-01,2021-09-09,No,11,Early Intervention,State
0000002934,002934,Early Head Start,2021-07-14,2021-08-06,2022-03-21,No,58,,State
0000002934,002934,Early Intervention,2022-03-31,2022-04-12,2022-10-05,No,16,Early Intervention,Federal
0000002935,002935,Childcare Subsidy,2018-12-19,2018-12-23,2020-01-18,No,141,,State
0000002936,002936,Childcare Subsidy,2019-12-26,2020-01-16,2021-01-18,No,172,,Federal
0000002936,002936,Child Care,2021-02-12,2021-03-13,2022-06-15,No,93,,Local
0000002937,002937,Early Head Start,2019-11-11,2019-11-12,2021-04-09,No,138,,Private
0000002937,002937,Childcare Subsidy,2021-04-26,2021-05-13,2021-11-30,No,98,,State
0000002937,002937,Head Start,2021-12-22,2022-01-18,2022-09-26,No,71,Pre-K,Federal
0000002937,002937,State Pre-K,2022-10-22,2022-11-07,2023-10-22,No,106,Pre-K,State
0000002938,002938,Childcare Subsidy,2019-04-06,2019-04-25,2020-05-17,No,51,,State
0000002939,002939,First Steps,2021-08-03,2021-08-18,2022-08-06,No,31,Early Intervention,Private
0000002940,002940,Childcare Subsidy,2019-01-09,2019-01-30,2019-07-18,No,81,,Local
0000002941,002941,Early Head Start,2020-09-01,2020-09-13,2023-01-02,No,83,,Federal
0000002942,002942,Early Intervention,2020-10-10,2020-10-12,2021-10-26,No,22,Early Intervention,Local
0000002942,002942,Child Care,2021-11-23,2021-12-17,2023-08-17,No,127,,Private
0000002943,002943,Home Visiting,2021-09-17,2021-10-02,2023-04-13,Yes,7,,Private
0000002943,002943,Child Care,2021-11-01,2021-11-16,2024-04-12,No,91,,Private
0000002943,002943,Childcare Subsidy,2024-05-08,2024-06-03,2025-06-19,No,161,,State
0000002944,002944,Early Intervention,2022-06-27,2022-07-22,2023-01-31,No,27,Early Intervention,Private
0000002945,002945,Early Head Start,2018-09-03,2018-09-28,2020-04-23,No,166,,State
0000002945,002945,First Steps,2020-06-10,2020-06-28,2022-04-03,No,35,Early Intervention,Federal
0000002945,002945,State Pre-K,2022-05-31,2022-06-09,2023-08-08,No,91,Pre-K,Local
0000002946,002946,Home Visiting,2022-08-09,2022-08-30,2024-01-19,Yes,11,,Private
0000002946,002946,Child Care,2024-01-30,2024-02-15,2026-05-23,No,56,,Private
0000002946,002946,Childcare Subsidy,2022-01-11,2022-01-15,2024-03-19,No,196,,Federal
0000002947,002947,First Steps,2019-07-02,2019-07-22,2019-11-23,No,36,Early Intervention,State
0000002948,002948,Early Head Start,2022-08-05,2022-08-12,2023-10-28,No,155,,State
0000002949,002949,Early Head Start,2019-08-02,2019-08-22,2020-09-09,No,75,,State
0000002949,002949,Child Care,2020-10-27,2020-11-04,2021-09-14,No,58,,Local
0000002950,002950,Early Intervention,2019-10-03,2019-10-15,2020-10-30,No,30,Early Intervention,Local
0000002950,002950,Early Intervention,2020-11-11,2020-11-22,2021-09-10,No,23,Early Intervention,Private
0000002951,002951,Child Care,2023-01-10,2023-01-31,2024-07-21,No,126,,State
0000002951,002951,Childcare Subsidy,2024-10-23,2024-11-15,2026-07-15,No,142,,Private
0000002951,002951,Early Intervention,2022-01-15,2022-01-30,2023-04-05,No,29,Early Intervention,Federal
0000002952,002952,Early Head Start,2021-10-09,2021-10-29,2023-09-07,No,122,,Private
0000002952,002952,Head Start,2023-12-20,2023-12-25,2025-04-20,No,126,Pre-K,Private
0000002952,002952,First Steps,2021-02-13,2021-02-15,2022-04-28,No,23,Early Intervention,Local
0000002953,002953,Early Head Start,2020-07-25,2020-08-21,2021-12-14,No,184,,Local
0000002954,002954,Early Intervention,2020-07-20,2020-08-18,2023-01-23,No,45,Early Intervention,State
0000002955,002955,First Steps,2021-09-21,2021-10-01,2024-08-22,No,56,Early Intervention,State
0000002955,002955,State Pre-K,2024-09-17,2024-10-14,2025-12-11,No,108,Pre-K,State
0000002956,002956,Child Care,2022-09-29,2022-10-24,2024-04-19,No,155,,State
0000002956,002956,Early Intervention,2024-05-04,2024-05-23,2025-10-21,No,35,Early Intervention,Local
0000002957,002957,First Steps,2022-05-15,2022-06-05,2023-06-24,No,49,Early Intervention,Federal
0000002957,002957,First Steps,2023-07-14,2023-07-28,2025-05-23,No,43,Early Intervention,State
0000002958,002958,First Steps,2020-08-24,2020-08-25,2021-05-26,No,8,Early Intervention,Federal
0000002959,002959,First Steps,2021-08-26,2021-09-20,2024-05-06,No,21,Early Intervention,Federal
0000002959,002959,Head Start,2024-08-14,2024-08-21,2026-12-01,No,78,Pre-K,Federal
0000002960,002960,Home Visiting,2020-06-15,2020-06-28,2021-01-19,Yes,21,,Private
0000002961,002961,Child Care,2020-12-17,2020-12-22,2023-07-13,No,60,,Private
0000002961,002961,Child Care,2023-07-31,2023-08-25,2025-05-06,No,187,,State
0000002962,002962,Early Head Start,2020-10-05,2020-10-09,2021-03-22,No,77,,Private
0000002962,002962,Early Head Start,2021-04-17,2021-05-08,2021-07-12,No,68,,Private
0000002962,002962,Early Intervention,2021-07-25,2021-08-01,2021-12-19,No,15,Early Intervention,Federal
0000002963,002963,Home Visiting,2018-12-03,2019-01-02,2020-02-05,Yes,11,,State
0000002964,002964,Childcare Subsidy,2021-05-22,2021-06-21,2022-05-20,No,100,,State
0000002964,002964,Childcare Subsidy,2021-07-21,2021-08-05,2023-02-17,No,123,,State
0000002965,002965,Home Visiting,2020-08-04,2020-09-02,2021-09-21,Yes,10,,Federal
0000002965,002965,Childcare Subsidy,2021-11-12,2021-11-28,2023-05-01,No,83,,Local
0000002965,002965,Childcare Subsidy,2023-06-21,2023-06-24,2025-06-03,No,112,,Federal
0000002966,002966,First Steps,2018-12-13,2018-12-22,2021-02-06,No,31,Early Intervention,State
0000002967,002967,Early Head Start,2020-08-21,2020-09-12,2021-11-18,No,160,,Private
0000002968,002968,Childcare Subsidy,2021-10-14,2021-10-26,2023-11-22,No,102,,Private
0000002969,002969,Child Care,2021-04-04,2021-04-12,2022-03-22,No,67,,State
0000002970,002970,Home Visiting,2020-01-01,2020-01-25,2021-07-11,Yes,21,,Federal
0000002971,002971,Home Visiting,2021-02-10,2021-02-23,2022-09-09,Yes,21,,Private
0000002972,002972,Home Visiting,2020-07-29,2020-08-03,2022-02-16,Yes,17,,State
0000002973,002973,Early Intervention,2023-08-31,2023-09-02,2023-11-19,No,33,Early Intervention,Federal
0000002974,002974,Early Intervention,2022-03-20,2022-04-13,2023-11-24,No,31,Early Intervention,Private
0000002974,002974,Head Start,2023-12-24,2023-12-29,2024-07-15,No,79,Pre-K,Local
0000002975,002975,First Steps,2020-03-02,2020-03-10,2023-02-20,No,42,Early Intervention,Federal
0000002975,002975,Head Start,2023-05-26,2023-06-10,2024-01-16,No,156,Pre-K,Local
0000002975,002975,Home Visiting,2019-07-19,2019-07-29,2021-12-18,Yes,5,,Federal
0000002976,002976,Early Head Start,2020-05-30,2020-06-29,2023-05-31,No,99,,State
0000002977,002977,Childcare Subsidy,2019-02-12,2019-03-09,2021-01-05,No,88,,Federal
0000002978,002978,First Steps,2019-03-01,2019-03-26,2021-05-25,No,35,Early Intervention,Local
0000002979,002979,Child Care,2021-01-03,2021-01-26,2023-01-17,No,114,,State
0000002979,002979,Child Care,2023-02-06,2023-03-07,2024-11-01,No,165,,Private
0000002980,002980,Childcare Subsidy,2022-11-19,2022-11-29,2024-08-20,No,134,,State
0000002981,002981,First Steps,2021-07-25,2021-08-05,2022-12-22,No,44,Early Intervention,Private
0000002982,002982,First Steps,2019-03-02,2019-03-25,2020-06-19,No,39,Early Intervention,Federal
0000002982,002982,Child Care,2020-07-16,2020-07-20,2021-08-18,No,176,,State
0000002983,002983,First Steps,2020-06-06,2020-06-20,2022-09-08,No,27,Early Intervention,Federal
0000002983,002983,Childcare Subsidy,2022-09-21,2022-10-05,2025-02-06,No,94,,State
0000002984,002984,First Steps,2020-03-01,2020-03-08,2021-05-18,No,12,Early Intervention,Federal
0000002984,002984,Head Start,2021-05-22,2021-05-26,2022-09-27,No,71,Pre-K,Federal
0000002985,002985,Home Visiting,2019-04-18,2019-04-26,2021-06-11,Yes,16,,Local
0000002986,002986,Early Intervention,2019-07-01,2019-07-18,2022-04-17,No,51,Early Intervention,Local
0000002986,002986,State Pre-K,2022-04-27,2022-05-08,2023-08-01,No,94,Pre-K,Local
0000002986,002986,State Pre-K,2023-08-19,2023-09-12,2024-05-23,No,151,Pre-K,Federal
0000002987,002987,Childcare Subsidy,2022-05-02,2022-05-16,2025-04-08,No,193,,State
0000002987,002987,Childcare Subsidy,2025-07-30,2025-08-24,2027-01-19,No,124,,Federal
0000002988,002988,First Steps,2022-04-04,2022-04-17,2023-01-23,No,13,Early Intervention,State
0000002988,002988,Early Intervention,2023-05-10,2023-05-21,2023-12-26,No,18,Early Intervention,Federal
0000002989,002989,First Steps,2019-08-04,2019-08-29,2021-06-10,No,13,Early Intervention,Federal
0000002989,002989,Child Care,2021-07-03,2021-07-16,2023-04-17,No,86,,Federal
0000002990,002990,Childcare Subsidy,2022-03-15,2022-03-18,2024-09-20,No,184,,Private
0000002990,002990,Head Start,2024-10-29,2024-11-12,2026-06-21,No,105,Pre-K,Private
0000002990,002990,Early Head Start,2022-07-07,2022-07-26,2025-04-11,No,128,,Local
0000002991,002991,Early Intervention,2020-06-18,2020-07-07,2022-08-23,No,39,Early Intervention,State
0000002991,002991,State Pre-K,2022-09-19,2022-10-18,2024-02-13,No,90,Pre-K,State
0000002992,002992,Early Intervention,2020-12-17,2021-01-12,2021-09-03,No,7,Early Intervention,Private
0000002993,002993,First Steps,2019-11-27,2019-12-23,2020-08-09,No,11,Early Intervention,Local
0000002994,002994,Home Visiting,2023-06-02,2023-06-12,2024-07-06,Yes,23,,Private
0000002994,002994,Childcare Subsidy,2024-10-23,2024-11-13,2025-08-29,No,135,,State
0000002994,002994,Childcare Subsidy,2025-10-20,2025-11-04,2027-03-02,No,43,,State
0000002995,002995,Childcare Subsidy,2021-11-11,2021-12-09,2024-09-11,No,97,,Federal
0000002995,002995,State Pre-K,2024-09-27,2024-10-12,2025-11-26,No,106,Pre-K,Local
0000002996,002996,Childcare Subsidy,2022-06-13,2022-07-12,2024-07-08,No,49,,Local
0000002996,002996,Early Head Start,2024-09-27,2024-10-02,2026-08-14,No,89,,Federal
0000002997,002997,Early Intervention,2019-11-02,2019-11-24,2021-07-03,No,30,Early Intervention,Local
0000002997,002997,Home Visiting,2019-12-24,2020-01-08,2022-09-10,Yes,10,,Federal
0000002998,002998,Childcare Subsidy,2020-02-14,2020-02-28,2021-08-26,No,183,,State
0000002998,002998,Child Care,2021-10-20,2021-10-22,2023-08-09,No,79,,Local
0000002998,002998,Childcare Subsidy,2019-09-23,2019-10-20,2022-08-03,No,173,,Local
0000002999,002999,Early Intervention,2019-03-01,2019-03-11,2019-10-02,No,36,Early Intervention,State
0000003000,003000,Home Visiting,2019-08-21,2019-09-11,2020-06-13,Yes,14,,Local
0000003000,003000,Home Visiting,2020-09-22,2020-10-06,2021-02-28,Yes,12,,State
0000003001,003001,Childcare Subsidy,2020-07-04,2020-07-16,2022-04-04,No,82,,Local
0000003002,003002,Child Care,2020-10-06,2020-10-11,2021-07-31,No,178,,Local
0000003002,003002,Home Visiting,2021-09-30,2021-10-01,2023-09-14,Yes,7,,State
0000003003,003003,Childcare Subsidy,2020-12-12,2020-12-26,2021-11-20,No,87,,Local
0000003004,003004,Child Care,2019-01-26,2019-02-05,2020-04-11,No,82,,Local
0000003005,003005,Child Care,2020-05-05,2020-05-24,2022-07-19,No,116,,Federal
0000003006,003006,Child Care,2023-01-25,2023-02-02,2025-03-01,No,103,,State
0000003006,003006,Head Start,2025-03-11,2025-03-21,2026-10-30,No,138,Pre-K,Local
0000003007,003007,Early Intervention,2022-11-06,2022-11-14,2023-10-03,No,34,Early Intervention,State
0000003007,003007,Early Head Start,2023-10-16,2023-10-26,2024-05-26,No,161,,Private
0000003008,003008,Child Care,2020-11-05,2020-12-02,2022-01-08,No,77,,Federal
0000003008,003008,Early Intervention,2022-01-12,2022-02-07,2023-06-23,No,31,Early Intervention,Private
0000003009,003009,Childcare Subsidy,2018-09-07,2018-09-25,2019-01-09,No,36,,State
0000003010,003010,First Steps,2019-05-06,2019-06-04,2021-03-26,No,36,Early Intervention,Federal
0000003010,003010,Early Head Start,2021-04-24,2021-05-14,2022-10-16,No,80,,Federal
0000003011,003011,Early Intervention,2021-09-15,2021-10-05,2024-05-12,No,58,Early Intervention,State
0000003011,003011,Head Start,2024-08-26,2024-09-21,2025-10-03,No,152,Pre-K,Federal
0000003012,003012,Early Head Start,2021-03-04,2021-03-31,2023-08-17,No,160,,Federal
0000003012,003012,Childcare Subsidy,2023-10-03,2023-10-27,2025-01-18,No,199,,Federal
0000003013,003013,Early Head Start,2021-09-20,2021-10-08,2024-09-04,No,81,,State
0000003013,003013,Child Care,2024-09-16,2024-10-02,2026-01-07,No,100,,Local
0000003014,003014,Early Head Start,2021-09-28,2021-10-20,2022-03-04,No,45,,Federal
0000003014,003014,Child Care,2021-11-19,2021-12-04,2023-04-10,No,40,,Local
0000003015,003015,Home Visiting,2021-03-08,2021-03-24,2024-03-23,Yes,6,,State
0000003015,003015,Childcare Subsidy,2024-03-29,2024-04-17,2026-03-04,No,52,,State
0000003016,003016,Childcare Subsidy,2023-05-12,2023-05-14,2026-01-20,No,46,,Private
0000003016,003016,Childcare Subsidy,2026-02-16,2026-03-05,2027-03-27,No,59,,Private
0000003016,003016,First Steps,2022-09-27,2022-10-23,2025-07-26,No,51,Early Intervention,State
0000003016,003016,Head Start,2025-08-11,2025-08-15,2027-03-27,No,132,Pre-K,Private
0000003016,003016,First Steps,2022-09-27,2022-10-05,2023-11-09,No,43,Early Intervention,Private
0000003017,003017,Child Care,2021-04-10,2021-04-22,2023-10-08,No,102,,State
0000003017,003017,Head Start,2023-10-17,2023-11-04,2025-06-11,No,136,Pre-K,Local
0000003017,003017,First Steps,2020-12-12,2021-01-03,2023-03-27,No,50,Early Intervention,Local
0000003018,003018,Home Visiting,2019-04-16,2019-04-25,2020-01-19,Yes,6,,Federal
0000003019,003019,First Steps,2019-06-05,2019-06-23,2020-08-26,No,32,Early Intervention,Federal
0000003019,003019,Child Care,2020-09-13,2020-09-28,2021-10-06,No,149,,Private
0000003019,003019,Childcare Subsidy,2021-11-05,2021-11-24,2023-10-09,No,126,,Federal
0000003020,003020,Early Head Start,2022-07-02,2022-07-17,2023-10-07,No,133,,Local
0000003020,003020,Childcare Subsidy,2023-11-06,2023-11-20,2025-07-06,No,78,,Local
0000003021,003021,First Steps,2021-09-01,2021-09-27,2023-09-06,No,37,Early Intervention,Private
0000003022,003022,Early Head Start,2019-06-17,2019-07-17,2021-02-20,No,77,,Local
0000003023,003023,Early Intervention,2020-06-05,2020-06-14,2022-01-29,No,47,Early Intervention,Private
0000003023,003023,Early Head Start,2022-02-07,2022-03-05,2023-09-19,No,89,,State
0000003024,003024,Early Intervention,2022-04-26,2022-05-05,2024-04-30,No,32,Early Intervention,Private
0000003024,003024,Childcare Subsidy,2024-05-16,2024-06-01,2026-02-02,No,95,,Private
0000003025,003025,Child Care,2021-12-21,2022-01-02,2023-09-12,No,107,,State
0000003025,003025,Early Intervention,2023-09-28,2023-10-08,2024-12-22,No,14,Early Intervention,Local
0000003025,003025,Child Care,2024-12-30,2025-01-14,2026-03-27,No,112,,Private
0000003026,003026,Home Visiting,2019-08-11,2019-09-07,2019-11-21,Yes,9,,Federal
0000003027,003027,Childcare Subsidy,2019-06-27,2019-07-18,2021-05-08,No,160,,Local
0000003027,003027,Home Visiting,2021-07-17,2021-07-25,2023-12-19,Yes,8,,Local
0000003028,003028,First Steps,2021-08-16,2021-08-19,2023-07-20,No,39,Early Intervention,Local
0000003029,003029,First Steps,2018-12-23,2018-12-24,2019-09-29,No,40,Early Intervention,Private
0000003029,003029,Child Care,2019-10-01,2019-10-07,2020-07-25,No,82,,State
0000003030,003030,Child Care,2021-11-04,2021-11-23,2023-04-01,No,94,,Federal
0000003030,003030,Child Care,2023-05-15,2023-05-25,2024-09-20,No,114,,Local
0000003030,003030,Head Start,2024-10-26,2024-11-05,2026-03-25,No,94,Pre-K,Federal
0000003031,003031,Early Intervention,2019-04-24,2019-04-28,2021-01-24,No,29,Early Intervention,Local
0000003031,003031,Child Care,2021-03-20,2021-04-12,2023-04-04,No,54,,Private
0000003031,003031,Child Care,2023-07-04,2023-07-22,2024-01-30,No,88,,Federal
0000003032,003032,Early Head Start,2020-03-21,2020-04-13,2020-08-20,No,151,,Local
0000003033,003033,Early Head Start,2021-06-18,2021-07-06,2023-02-24,No,74,,Federal
0000003034,003034,Childcare Subsidy,2022-11-17,2022-11-25,2024-08-17,No,194,,State
0000003034,003034,Child Care,2024-09-16,2024-10-06,2026-02-07,No,153,,Federal
0000003035,003035,Child Care,2022-08-07,2022-08-10,2024-01-16,No,75,,Private
0000003035,003035,Childcare Subsidy,2024-02-13,2024-03-03,2027-01-14,No,137,,Private
0000003036,003036,Childcare Subsidy,2020-02-05,2020-02-14,2021-09-05,No,213,,Local
0000003036,003036,Childcare Subsidy,2021-09-08,2021-09-22,2024-04-02,No,70,,State
0000003036,003036,Early Intervention,2019-10-04,2019-10-15,2021-06-25,No,12,Early Intervention,State
0000003037,003037,Early Intervention,2021-04-06,2021-05-05,2022-01-25,No,15,Early Intervention,State
0000003038,003038,Home Visiting,2022-01-01,2022-01-14,2023-12-23,Yes,20,,State
0000003038,003038,Childcare Subsidy,2023-12-31,2024-01-14,2024-07-19,No,81,,Federal
0000003039,003039,Early Head Start,2023-07-28,2023-08-02,2024-11-29,No,139,,Private
0000003040,003040,Child Care,2020-12-04,2020-12-16,2022-11-19,No,49,,Private
0000003041,003041,Home Visiting,2023-03-07,2023-04-04,2026-03-01,Yes,11,,Private
0000003042,003042,Early Head Start,2021-09-18,2021-10-09,2022-10-30,No,110,,State
0000003042,003042,Child Care,2021-11-08,2021-11-23,2025-11-09,No,138,,Local
0000003042,003042,Child Care,2025-12-28,2025-12-29,2026-07-02,No,47,,Private
0000003042,003042,Early Head Start,2022-01-02,2022-01-31,2024-02-09,No,108,,Federal
0000003043,003043,Child Care,2019-12-09,2019-12-19,2021-10-10,No,166,,Federal
0000003043,003043,Head Start,2021-10-21,2021-10-29,2023-05-22,No,97,Pre-K,Local
0000003044,003044,First Steps,2021-03-01,2021-03-03,2022-08-05,No,39,Early Intervention,Federal
0000003045,003045,Home Visiting,2019-07-09,2019-07-20,2020-05-29,Yes,5,,State
0000003046,003046,Early Intervention,2019-08-05,2019-08-21,2020-02-18,No,35,Early Intervention,Private
0000003046,003046,Early Intervention,2020-03-14,2020-04-08,2020-10-16,No,14,Early Intervention,Federal
0000003046,003046,Early Intervention,2020-10-25,2020-10-27,2021-09-03,No,11,Early Intervention,State
0000003047,003047,Childcare Subsidy,2022-02-15,2022-02-28,2022-11-27,No,105,,Local
0000003047,003047,Early Head Start,2022-12-02,2022-12-09,2023-06-30,No,96,,Local
0000003047,003047,Childcare Subsidy,2023-07-27,2023-08-20,2023-10-19,No,123,,Private
0000003048,003048,Childcare Subsidy,2022-04-25,2022-05-01,2023-06-03,No,47,,Private
0000003048,003048,Home Visiting,2023-06-30,2023-07-03,2025-05-10,Yes,25,,State
0000003048,003048,Head Start,2025-05-17,2025-06-11,2026-02-18,No,68,Pre-K,State
0000003049,003049,Childcare Subsidy,2020-01-15,2020-02-09,2020-09-24,No,102,,Private
0000003050,003050,Early Intervention,2020-01-17,2020-02-08,2021-09-23,No,40,Early Intervention,Local
0000003050,003050,Head Start,2021-10-23,2021-11-09,2022-12-25,No,135,Pre-K,State
0000003050,003050,Child Care,2023-01-02,2023-01-08,2024-01-16,No,89,,Private
0000003051,003051,Home Visiting,2020-01-30,2020-02-28,2021-03-09,Yes,10,,State
0000003052,003052,Child Care,2020-09-21,2020-10-03,2022-02-22,No,195,,Local
0000003052,003052,Child Care,2022-03-14,2022-03-31,2023-09-13,No,122,,Local
0000003052,003052,Childcare Subsidy,2023-09-27,2023-10-11,2025-08-10,No,128,,State
0000003053,003053,First Steps,2021-06-02,2021-06-14,2022-11-10,No,46,Early Intervention,Local
0000003053,003053,Home Visiting,2022-12-16,2023-01-12,2025-04-15,Yes,23,,Local
0000003053,003053,Child Care,2025-08-01,2025-08-31,2026-09-25,No,59,,Local
0000003054,003054,Early Head Start,2020-01-12,2020-01-18,2020-08-10,No,46,,State
0000003055,003055,Home Visiting,2020-09-07,2020-09-12,2022-01-11,Yes,6,,Federal
0000003056,003056,Early Head Start,2020-09-06,2020-09-14,2021-08-15,No,35,,Private
0000003056,003056,First Steps,2021-08-24,2021-08-26,2022-04-27,No,18,Early Intervention,Private
0000003056,003056,Childcare Subsidy,2022-05-03,2022-05-22,2022-11-17,No,109,,Private
0000003057,003057,Early Head Start,2018-06-09,2018-07-01,2019-10-12,No,99,,Local
0000003057,003057,Home Visiting,2018-07-31,2018-08-15,2021-12-23,Yes,13,,Federal
0000003057,003057,Child Care,2022-03-25,2022-04-07,2023-07-12,No,87,,State
0000003057,003057,Early Intervention,2019-01-12,2019-02-09,2020-09-03,No,41,Early Intervention,Local
0000003058,003058,Child Care,2019-10-16,2019-11-14,2020-10-11,No,42,,State
0000003058,003058,Child Care,2020-10-24,2020-11-10,2021-09-17,No,60,,State
0000003058,003058,State Pre-K,2021-10-05,2021-10-15,2023-07-01,No,104,Pre-K,Local
0000003058,003058,State Pre-K,2023-07-04,2023-07-14,2024-02-14,No,126,Pre-K,Federal
0000003059,003059,Early Head Start,2019-01-31,2019-02-24,2020-07-23,No,129,,Federal
0000003060,003060,Child Care,2019-12-27,2020-01-03,2020-03-26,No,108,,Federal
0000003060,003060,First Steps,2020-09-18,2020-09-30,2021-04-25,No,25,Early Intervention,State
0000003060,003060,Childcare Subsidy,2021-09-24,2021-10-01,2022-06-26,No,119,,Federal
0000003061,003061,Childcare Subsidy,2019-09-26,2019-10-17,2022-09-16,No,188,,Local
0000003061,003061,Childcare Subsidy,2022-10-31,2022-11-10,2024-08-25,No,214,,Federal
0000003061,003061,Early Head Start,2020-02-26,2020-03-11,2022-06-18,No,61,,State
0000003061,003061,Head Start,2022-08-13,2022-09-08,2024-08-25,No,153,Pre-K,Private
0000003062,003062,Home Visiting,2019-03-10,2019-03-11,2020-12-23,Yes,27,,Private
0000003062,003062,Childcare Subsidy,2021-01-08,2021-02-04,2022-01-05,No,46,,Federal
0000003062,003062,Childcare Subsidy,2022-01-15,2022-02-08,2024-02-07,No,59,,Private
0000003063,003063,Childcare Subsidy,2020-05-09,2020-05-15,2022-07-19,No,120,,Private
0000003063,003063,First Steps,2022-08-11,2022-08-31,2023-10-18,No,55,Early Intervention,State
0000003063,003063,Head Start,2023-11-06,2023-12-06,2025-03-10,No,130,Pre-K,Local
0000003064,003064,Childcare Subsidy,2022-04-14,2022-04-18,2023-06-13,No,126,,Private
0000003064,003064,Childcare Subsidy,2022-05-18,2022-06-02,2024-06-18,No,105,,Local
0000003064,003064,Early Intervention,2024-06-21,2024-07-16,2026-06-25,No,23,Early Intervention,Federal
0000003065,003065,First Steps,2019-08-02,2019-09-01,2021-03-19,No,43,Early Intervention,Federal
0000003065,003065,Child Care,2021-05-21,2021-06-04,2022-03-17,No,157,,Local
0000003065,003065,State Pre-K,2022-07-08,2022-08-07,2023-05-15,No,134,Pre-K,Federal
0000003066,003066,Child Care,2023-08-29,2023-09-03,2025-10-02,No,85,,Private
0000003066,003066,Childcare Subsidy,2025-10-30,2025-11-22,2027-05-06,No,138,,State
0000003067,003067,First Steps,2021-02-01,2021-03-01,2023-02-17,No,17,Early Intervention,Federal
0000003067,003067,Head Start,2021-03-31,2021-04-15,2023-09-21,No,60,Pre-K,Private
0000003067,003067,Child Care,2023-10-07,2023-10-13,2024-09-29,No,86,,Local
0000003067,003067,Childcare Subsidy,2020-04-01,2020-04-29,2020-12-10,No,95,,Federal
0000003067,003067,Child Care,2020-12-21,2020-12-23,2022-08-02,No,128,,State
0000003068,003068,First Steps,2021-02-01,2021-02-21,2022-07-08,No,22,Early Intervention,Local
0000003068,003068,First Steps,2022-07-27,2022-08-26,2024-07-24,No,17,Early Intervention,State
0000003069,003069,Home Visiting,2020-08-22,2020-09-03,2021-04-13,Yes,10,,State
0000003069,003069,First Steps,2021-04-16,2021-05-09,2022-03-28,No,21,Early Intervention,Local
0000003070,003070,First Steps,2021-08-06,2021-08-25,2023-10-07,No,40,Early Intervention,Local
0000003070,003070,Head Start,2023-10-22,2023-11-16,2026-02-16,No,151,Pre-K,Private
0000003071,003071,Early Intervention,2020-04-01,2020-04-29,2020-12-03,No,23,Early Intervention,Local
0000003072,003072,Child Care,2020-10-21,2020-11-02,2023-03-11,No,151,,State
0000003072,003072,State Pre-K,2023-05-03,2023-05-27,2024-05-14,No,123,Pre-K,Private
0000003072,003072,Early Intervention,2019-11-15,2019-12-06,2022-01-11,No,28,Early Intervention,Local
0000003073,003073,Early Head Start,2023-01-22,2023-02-10,2023-05-26,No,49,,Private
0000003073,003073,First Steps,2023-03-12,2023-03-27,2024-01-11,No,20,Early Intervention,Federal
0000003074,003074,Early Intervention,2019-12-07,2019-12-08,2021-03-05,No,45,Early Intervention,Local
0000003074,003074,Child Care,2021-03-10,2021-03-20,2023-01-26,No,125,,Local
0000003074,003074,Child Care,2023-02-21,2023-03-06,2024-06-08,No,103,,Local
0000003075,003075,Home Visiting,2023-03-04,2023-03-31,2024-10-03,Yes,16,,Local
0000003076,003076,Child Care,2021-01-27,2021-02-18,2022-09-12,No,123,,Federal
0000003077,003077,Child Care,2021-10-19,2021-11-15,2023-10-28,No,116,,Federal
0000003077,003077,Child Care,2023-10-30,2023-11-03,2025-02-19,No,105,,Local
0000003077,003077,Head Start,2025-02-20,2025-03-12,2026-05-20,No,62,Pre-K,State
0000003078,003078,First Steps,2022-01-19,2022-02-05,2022-05-02,No,12,Early Intervention,State
0000003078,003078,Home Visiting,2022-07-16,2022-07-26,2023-06-13,Yes,9,,Federal
0000003079,003079,Early Head Start,2018-12-04,2018-12-18,2019-05-09,No,51,,Federal
0000003079,003079,Home Visiting,2019-06-01,2019-06-19,2020-01-23,Yes,16,,Local
0000003080,003080,Home Visiting,2022-03-13,2022-03-26,2024-01-20,Yes,24,,Federal
0000003081,003081,Childcare Subsidy,2020-10-04,2020-10-16,2021-12-04,No,106,,State
0000003081,003081,Childcare Subsidy,2022-02-14,2022-03-14,2023-03-06,No,175,,Federal
0000003081,003081,Childcare Subsidy,2023-06-22,2023-07-01,2024-09-04,No,135,,Private
0000003082,003082,Childcare Subsidy,2021-11-18,2021-12-05,2022-10-31,No,123,,Local
0000003083,003083,Childcare Subsidy,2021-07-05,2021-07-12,2022-05-04,No,149,,Federal
0000003083,003083,Childcare Subsidy,2022-06-14,2022-06-25,2024-04-08,No,45,,Local
0000003083,003083,Child Care,2024-07-10,2024-07-16,2026-03-05,No,46,,Local
0000003084,003084,Early Intervention,2022-03-08,2022-03-13,2022-07-08,No,31,Early Intervention,State
0000003085,003085,Early Intervention,2019-11-13,2019-11-29,2021-10-30,No,20,Early Intervention,Federal
0000003085,003085,First Steps,2022-02-24,2022-03-03,2024-01-29,No,29,Early Intervention,Federal
0000003086,003086,Early Head Start,2021-08-25,2021-09-09,2022-06-29,No,53,,State
0000003086,003086,Early Intervention,2021-10-09,2021-10-24,2023-12-21,No,16,Early Intervention,Private
0000003087,003087,Early Intervention,2021-02-16,2021-02-23,2021-06-05,No,11,Early Intervention,Federal
0000003087,003087,Early Head Start,2021-06-18,2021-07-04,2021-10-01,No,77,,State
0000003088,003088,Childcare Subsidy,2019-05-05,2019-06-03,2020-03-23,No,74,,Private
0000003088,003088,Early Intervention,2020-03-31,2020-04-27,2020-12-03,No,42,Early Intervention,Private
0000003088,003088,Home Visiting,2020-12-04,2020-12-10,2022-01-11,Yes,20,,Private
0000003089,003089,Early Head Start,2020-02-20,2020-03-09,2020-12-14,No,132,,Federal
0000003090,003090,First Steps,2021-07-03,2021-07-06,2022-06-18,No,24,Early Intervention,Federal
0000003090,003090,Child Care,2022-06-29,2022-07-02,2023-04-03,No,83,,Local
0000003090,003090,Home Visiting,2023-04-07,2023-04-16,2024-03-07,Yes,3,,Local
0000003091,003091,Child Care,2020-03-09,2020-03-19,2020-10-14,No,58,,Local
0000003091,003091,Home Visiting,2021-04-10,2021-04-15,2021-08-10,Yes,22,,Local
0000003091,003091,Head Start,2021-11-01,2021-11-27,2022-03-30,No,99,Pre-K,Local
0000003092,003092,Early Intervention,2019-10-04,2019-10-06,2020-07-03,No,41,Early Intervention,State
0000003092,003092,Child Care,2020-07-31,2020-08-10,2021-06-22,No,107,,State
0000003092,003092,Child Care,2021-07-01,2021-07-06,2022-04-13,No,58,,Private
0000003092,003092,Child Care,2022-04-27,2022-04-29,2023-02-05,No,48,,Private
0000003093,003093,Early Intervention,2018-12-18,2019-01-07,2021-05-10,No,26,Early Intervention,Federal
0000003093,003093,Head Start,2021-05-14,2021-05-20,2022-09-20,No,116,Pre-K,State
0000003093,003093,Child Care,2022-10-09,2022-10-23,2023-07-02,No,54,,Federal
0000003094,003094,Child Care,2019-06-01,2019-06-10,2021-12-09,No,56,,Federal
0000003095,003095,Childcare Subsidy,2020-09-18,2020-10-16,2022-03-19,No,168,,Local
0000003096,003096,Child Care,2023-03-07,2023-03-26,2023-08-21,No,75,,State
0000003096,003096,Home Visiting,2023-09-14,2023-09-22,2024-07-04,Yes,5,,State
0000003097,003097,Home Visiting,2020-07-13,2020-07-31,2022-07-04,Yes,24,,State
0000003098,003098,Home Visiting,2022-11-26,2022-12-05,2025-11-05,Yes,15,,State
0000003098,003098,Childcare Subsidy,2025-11-25,2025-12-24,2026-09-06,No,136,,Federal
0000003098,003098,Childcare Subsidy,2022-03-09,2022-03-28,2023-04-02,No,82,,Private
0000003099,003099,Childcare Subsidy,2021-08-30,2021-09-20,2023-04-27,No,95,,Private
0000003099,003099,Child Care,2023-08-07,2023-08-10,2026-05-05,No,145,,Federal
0000003099,003099,First Steps,2022-04-23,2022-04-30,2023-05-12,No,24,Early Intervention,Local
0000003100,003100,Early Head Start,2021-03-01,2021-03-05,2023-07-16,No,90,,State
0000003100,003100,Home Visiting,2023-08-07,2023-08-09,2024-09-15,Yes,11,,Private
0000003100,003100,Childcare Subsidy,2024-10-15,2024-10-21,2026-02-23,No,138,,State
0000003101,003101,Childcare Subsidy,2021-03-22,2021-03-25,2022-07-11,No,130,,Local
0000003102,003102,Childcare Subsidy,2022-01-31,2022-02-16,2024-01-21,No,110,,State
0000003102,003102,Child Care,2024-02-09,2024-02-18,2024-09-27,No,177,,Local
0000003103,003103,Early Intervention,2019-07-16,2019-08-10,2020-05-08,No,6,Early Intervention,Federal
0000003104,003104,Home Visiting,2019-04-02,2019-04-20,2021-01-21,Yes,16,,State
0000003105,003105,Early Intervention,2023-03-03,2023-03-08,2024-09-29,No,48,Early Intervention,Private
0000003105,003105,State Pre-K,2025-01-12,2025-02-01,2026-12-24,No,87,Pre-K,Federal
0000003105,003105,First Steps,2022-06-26,2022-06-27,2023-10-15,No,36,Early Intervention,Federal
0000003105,003105,Child Care,2023-12-07,2024-01-04,2025-09-01,No,77,,State
0000003105,003105,Head Start,2025-11-13,2025-11-30,2026-12-24,No,150,Pre-K,Private
0000003106,003106,Early Intervention,2022-04-08,2022-04-15,2023-08-23,No,13,Early Intervention,Private
0000003107,003107,First Steps,2021-09-12,2021-10-05,2022-06-19,No,8,Early Intervention,Local
0000003107,003107,First Steps,2022-06-29,2022-07-04,2023-02-09,No,13,Early Intervention,State
0000003108,003108,Child Care,2021-03-05,2021-03-12,2021-08-26,No,39,,Local
0000003108,003108,Early Intervention,2021-09-22,2021-10-22,2022-06-06,No,28,Early Intervention,Private
0000003109,003109,Home Visiting,2019-06-25,2019-07-10,2020-07-31,Yes,19,,Local
0000003109,003109,First Steps,2020-11-15,2020-11-30,2022-09-26,No,23,Early Intervention,State
0000003110,003110,First Steps,2019-09-07,2019-09-24,2020-09-21,No,15,Early Intervention,Federal
0000003110,003110,Child Care,2021-03-02,2021-03-22,2021-10-13,No,108,,Local
0000003110,003110,Head Start,2022-03-01,2022-03-27,2022-08-27,No,44,Pre-K,Federal
0000003111,003111,First Steps,2019-08-15,2019-09-03,2021-05-17,No,42,Early Intervention,State
0000003111,003111,Child Care,2021-08-07,2021-09-06,2022-10-01,No,180,,Local
0000003111,003111,State Pre-K,2022-12-13,2023-01-06,2023-09-15,No,145,Pre-K,Private
0000003112,003112,Childcare Subsidy,2023-02-25,2023-03-20,2023-11-28,No,107,,Private
0000003113,003113,First Steps,2020-10-14,2020-10-20,2021-12-31,No,48,Early Intervention,State
0000003114,003114,Home Visiting,2018-11-09,2018-11-11,2019-12-16,Yes,23,,Private
0000003115,003115,Early Intervention,2020-04-21,2020-05-20,2021-01-29,No,17,Early Intervention,Private
0000003115,003115,Early Head Start,2020-06-19,2020-07-04,2022-02-23,No,48,,Private
0000003115,003115,Early Head Start,2022-06-13,2022-07-11,2023-03-06,No,48,,Federal
0000003116,003116,Early Head Start,2021-08-25,2021-09-11,2023-09-11,No,147,,Federal
0000003116,003116,State Pre-K,2023-10-03,2023-10-24,2025-03-22,No,88,Pre-K,Federal
0000003117,003117,Childcare Subsidy,2022-10-02,2022-10-14,2023-02-18,No,94,,Local
0000003117,003117,Early Intervention,2023-03-16,2023-04-12,2023-08-13,No,7,Early Intervention,Local
0000003118,003118,Early Intervention,2020-02-25,2020-02-28,2022-09-05,No,54,Early Intervention,Private
0000003119,003119,Early Intervention,2022-02-04,2022-02-16,2024-08-28,No,18,Early Intervention,Federal
0000003119,003119,Head Start,2024-12-25,2025-01-17,2027-04-10,No,138,Pre-K,Private
0000003120,003120,Early Intervention,2022-12-14,2022-12-16,2024-12-15,No,26,Early Intervention,Local
0000003120,003120,Childcare Subsidy,2023-01-15,2023-01-30,2026-10-16,No,160,,Local
0000003121,003121,Early Intervention,2021-04-21,2021-05-18,2024-01-27,No,11,Early Intervention,State
0000003121,003121,Childcare Subsidy,2024-02-26,2024-03-12,2025-04-25,No,78,,Private
0000003122,003122,Home Visiting,2022-03-21,2022-04-14,2023-02-19,Yes,17,,State
0000003122,003122,Childcare Subsidy,2023-03-08,2023-03-19,2024-08-15,No,131,,Private
0000003123,003123,Childcare Subsidy,2021-12-05,2021-12-16,2022-07-01,No,72,,Local
0000003123,003123,Child Care,2022-01-15,2022-01-30,2023-05-01,No,72,,State
0000003124,003124,Childcare Subsidy,2018-11-14,2018-12-09,2020-11-09,No,151,,Local
0000003124,003124,Child Care,2019-01-08,2019-01-23,2022-08-07,No,151,,Federal
0000003125,003125,Child Care,2022-05-23,2022-05-31,2024-07-31,No,51,,Federal
0000003125,003125,Head Start,2024-08-03,2024-09-01,2026-11-01,No,151,Pre-K,Private
0000003125,003125,Early Intervention,2022-05-04,2022-05-09,2023-06-03,No,9,Early Intervention,State
0000003126,003126,First Steps,2020-12-15,2021-01-07,2022-09-11,No,24,Early Intervention,State
0000003127,003127,Home Visiting,2022-10-21,2022-11-20,2023-01-28,Yes,6,,Local
0000003127,003127,Childcare Subsidy,2023-02-24,2023-02-27,2023-09-03,No,87,,Local
0000003127,003127,Early Head Start,2023-09-29,2023-10-04,2024-07-04,No,135,,Private
0000003127,003127,Child Care,2024-07-15,2024-07-27,2024-12-11,No,45,,Private
0000003128,003128,First Steps,2019-10-29,2019-11-23,2022-03-27,No,55,Early Intervention,Local
0000003129,003129,Child Care,2021-02-23,2021-03-08,2021-08-27,No,38,,Private
0000003130,003130,Home Visiting,2021-01-06,2021-02-02,2022-07-13,Yes,8,,Private
0000003130,003130,Child Care,2022-07-26,2022-08-08,2023-04-03,No,85,,State
0000003131,003131,Child Care,2020-03-29,2020-04-24,2021-01-11,No,92,,Federal
0000003132,003132,Childcare Subsidy,2020-04-13,2020-05-03,2021-01-14,No,65,,State
0000003132,003132,Early Intervention,2021-02-05,2021-02-15,2022-01-09,No,19,Early Intervention,State
0000003133,003133,Home Visiting,2019-08-13,2019-08-17,2019-12-09,Yes,9,,Federal
0000003133,003133,Early Head Start,2020-02-11,2020-03-04,2020-11-22,No,99,,Local
0000003134,003134,Child Care,2021-08-05,2021-08-10,2022-08-28,No,173,,State
0000003134,003134,First Steps,2022-09-08,2022-09-25,2023-10-11,No,15,Early Intervention,Federal
0000003135,003135,Home Visiting,2020-01-31,2020-02-15,2021-06-17,Yes,12,,Local
0000003135,003135,Childcare Subsidy,2021-06-18,2021-07-13,2023-01-31,No,207,,Private
0000003136,003136,First Steps,2020-02-27,2020-02-29,2020-07-25,No,19,Early Intervention,Private
0000003136,003136,Home Visiting,2020-08-12,2020-08-22,2021-07-18,Yes,3,,Federal
0000003137,003137,Childcare Subsidy,2018-07-31,2018-08-06,2020-04-07,No,61,,Local
0000003137,003137,First Steps,2018-09-05,2018-09-20,2022-04-09,No,35,Early Intervention,Local
0000003138,003138,Child Care,2020-02-12,2020-02-22,2021-08-22,No,69,,Private
0000003138,003138,Early Intervention,2021-09-16,2021-10-05,2023-07-25,No,38,Early Intervention,Private
0000003138,003138,Child Care,2023-08-02,2023-08-13,2024-02-22,No,49,,Local
0000003139,003139,First Steps,2019-07-03,2019-07-12,2020-02-25,No,44,Early Intervention,State
0000003139,003139,Childcare Subsidy,2020-03-10,2020-03-26,2021-12-05,No,107,,Federal
0000003140,003140,Childcare Subsidy,2021-10-14,2021-10-31,2024-03-16,No,84,,Local
0000003140,003140,Home Visiting,2024-06-18,2024-06-28,2026-07-29,Yes,8,,Local
0000003140,003140,First Steps,2022-09-12,2022-09-14,2023-10-26,No,51,Early Intervention,Local
0000003141,003141,Early Intervention,2020-02-17,2020-03-07,2021-05-05,No,31,Early Intervention,Federal
0000003141,003141,Early Intervention,2020-04-06,2020-04-21,2022-12-17,No,12,Early Intervention,Federal
0000003142,003142,Early Intervention,2022-09-01,2022-09-08,2023-05-25,No,9,Early Intervention,Federal
0000003142,003142,Early Head Start,2023-09-17,2023-09-27,2024-08-26,No,162,,Private
0000003143,003143,Early Head Start,2023-06-18,2023-07-13,2025-04-30,No,194,,Local
0000003143,003143,State Pre-K,2025-05-24,2025-06-14,2026-12-27,No,79,Pre-K,Private
0000003143,003143,Home Visiting,2022-12-06,2022-12-11,2024-11-25,Yes,5,,Federal
0000003144,003144,Childcare Subsidy,2020-11-16,2020-12-07,2023-07-13,No,162,,Federal
0000003144,003144,Childcare Subsidy,2023-07-23,2023-08-15,2025-12-14,No,116,,State
0000003145,003145,Early Intervention,2021-07-19,2021-07-24,2023-01-23,No,38,Early Intervention,State
0000003146,003146,Early Intervention,2020-02-25,2020-03-14,2022-02-10,No,22,Early Intervention,State
0000003147,003147,Child Care,2019-12-11,2019-12-12,2020-07-18,No,69,,Private
0000003147,003147,Childcare Subsidy,2020-07-21,2020-08-14,2021-07-26,No,98,,Private
0000003148,003148,Early Intervention,2021-04-04,2021-04-26,2022-11-09,No,40,Early Intervention,Federal
0000003149,003149,Child Care,2022-01-12,2022-01-26,2022-07-28,No,138,,Federal
0000003149,003149,Child Care,2022-09-02,2022-09-05,2024-07-08,No,163,,Private
0000003150,003150,First Steps,2022-11-05,2022-11-15,2023-12-12,No,36,Early Intervention,State
0000003151,003151,Home Visiting,2022-01-11,2022-01-16,2023-09-20,Yes,8,,Private
0000003152,003152,Early Head Start,2023-03-19,2023-04-02,2025-02-02,No,50,,Local
0000003152,003152,State Pre-K,2025-04-06,2025-05-02,2026-08-09,No,62,Pre-K,Private
0000003152,003152,First Steps,2022-07-27,2022-08-05,2024-01-21,No,33,Early Intervention,Private
0000003153,003153,Childcare Subsidy,2021-07-13,2021-07-19,2022-03-12,No,101,,Private
0000003153,003153,Early Head Start,2022-04-03,2022-04-04,2023-02-14,No,86,,Private
0000003153,003153,Childcare Subsidy,2023-03-07,2023-03-25,2023-06-26,No,96,,Private
0000003153,003153,Early Head Start,2023-07-13,2023-07-18,2024-05-11,No,65,,Local
0000003154,003154,Early Intervention,2021-04-19,2021-04-30,2021-10-29,No,29,Early Intervention,Federal
0000003154,003154,Home Visiting,2021-11-03,2021-11-16,2022-06-04,Yes,22,,Federal
0000003155,003155,Child Care,2022-01-14,2022-02-05,2023-09-04,No,119,,Local
0000003155,003155,Early Intervention,2023-10-28,2023-11-27,2026-07-08,No,18,Early Intervention,Local
0000003156,003156,Early Head Start,2023-03-20,2023-04-14,2024-05-06,No,56,,Federal
0000003156,003156,First Steps,2024-05-23,2024-06-03,2026-04-03,No,13,Early Intervention,State
0000003157,003157,Early Head Start,2019-04-22,2019-05-05,2020-12-05,No,65,,Private
0000003157,003157,Childcare Subsidy,2020-12-10,2020-12-19,2022-07-20,No,119,,State
0000003157,003157,Child Care,2022-08-17,2022-09-02,2024-01-12,No,64,,Local
0000003158,003158,Child Care,2018-09-13,2018-09-19,2019-05-14,No,113,,State
0000003158,003158,Child Care,2019-05-27,2019-06-05,2020-01-29,No,121,,State
0000003159,003159,First Steps,2020-07-21,2020-08-04,2022-03-30,No,26,Early Intervention,State
0000003159,003159,Early Head Start,2022-04-20,2022-05-04,2024-06-04,No,129,,Private
0000003160,003160,Home Visiting,2019-01-23,2019-02-15,2019-09-16,Yes,13,,State
0000003160,003160,First Steps,2020-02-25,2020-03-16,2020-10-13,No,11,Early Intervention,Federal
0000003161,003161,Early Intervention,2020-07-05,2020-07-25,2023-03-30,No,48,Early Intervention,State
0000003161,003161,Head Start,2023-04-03,2023-05-01,2025-05-20,No,82,Pre-K,Private
0000003162,003162,Early Intervention,2019-12-18,2019-12-29,2021-04-18,No,32,Early Intervention,Federal
0000003163,003163,Early Intervention,2021-09-05,2021-09-06,2023-04-17,No,31,Early Intervention,Private
0000003164,003164,First Steps,2021-10-01,2021-10-26,2023-04-02,No,34,Early Intervention,Local
0000003164,003164,State Pre-K,2021-11-25,2021-12-10,2025-06-04,No,137,Pre-K,Private
0000003164,003164,Early Head Start,2020-12-16,2021-01-13,2022-10-15,No,52,,State
0000003165,003165,First Steps,2020-10-10,2020-10-24,2023-03-27,No,26,Early Intervention,Private
0000003166,003166,Home Visiting,2019-04-07,2019-04-12,2019-11-22,Yes,5,,State
0000003166,003166,Home Visiting,2019-11-23,2019-12-15,2021-11-18,Yes,10,,Private
0000003167,003167,Childcare Subsidy,2023-07-04,2023-07-19,2024-03-24,No,99,,Federal
0000003168,003168,Child Care,2019-11-27,2019-12-04,2021-05-10,No,89,,Local
0000003169,003169,Childcare Subsidy,2023-01-22,2023-02-08,2024-08-20,No,119,,Local
0000003169,003169,Child Care,2024-10-05,2024-11-01,2026-08-23,No,86,,State
0000003169,003169,Childcare Subsidy,2022-12-07,2023-01-06,2025-03-16,No,169,,State
0000003170,003170,Child Care,2021-05-13,2021-05-27,2022-09-18,No,196,,State
0000003170,003170,Childcare Subsidy,2022-09-22,2022-10-02,2025-01-08,No,197,,Local
0000003171,003171,Child Care,2020-06-03,2020-07-02,2022-05-26,No,132,,Private
0000003171,003171,Childcare Subsidy,2022-06-09,2022-06-26,2024-03-23,No,188,,State
0000003171,003171,Early Head Start,2019-09-24,2019-10-18,2021-12-21,No,99,,Federal
0000003172,003172,Home Visiting,2019-09-09,2019-10-06,2021-08-12,Yes,11,,State
0000003172,003172,Childcare Subsidy,2021-08-15,2021-08-23,2023-07-05,No,89,,Local
0000003173,003173,First Steps,2020-04-24,2020-05-24,2023-02-09,No,22,Early Intervention,State
0000003174,003174,First Steps,2022-08-08,2022-09-03,2024-08-08,No,26,Early Intervention,Local
0000003175,003175,Early Intervention,2022-04-15,2022-04-29,2024-01-10,No,55,Early Intervention,Federal
0000003176,003176,First Steps,2022-08-13,2022-08-17,2023-09-08,No,31,Early Intervention,Local
0000003177,003177,Childcare Subsidy,2021-11-04,2021-11-17,2023-06-24,No,67,,Federal
0000003178,003178,Early Intervention,2019-07-05,2019-07-08,2020-10-18,No,36,Early Intervention,Federal
0000003179,003179,Early Intervention,2022-05-05,2022-05-28,2024-05-21,No,10,Early Intervention,Local
0000003180,003180,Child Care,2020-04-13,2020-04-27,2022-04-19,No,46,,Federal
0000003180,003180,Childcare Subsidy,2022-05-03,2022-05-04,2024-01-08,No,144,,Federal
0000003181,003181,Early Intervention,2020-01-26,2020-02-02,2020-12-17,No,28,Early Intervention,State
0000003181,003181,Early Head Start,2021-01-05,2021-01-13,2021-12-14,No,109,,Federal
0000003182,003182,First Steps,2020-05-15,2020-05-23,2022-08-20,No,21,Early Intervention,Federal
0000003183,003183,Child Care,2019-05-30,2019-06-21,2021-08-14,No,64,,Federal
0000003183,003183,Childcare Subsidy,2021-08-15,2021-09-03,2022-12-31,No,94,,Private
0000003184,003184,Childcare Subsidy,2022-04-18,2022-05-09,2023-03-23,No,104,,Private
0000003184,003184,Child Care,2023-04-25,2023-04-30,2024-03-27,No,166,,State
0000003185,003185,Childcare Subsidy,2021-12-24,2022-01-13,2024-07-15,No,96,,State
0000003186,003186,Childcare Subsidy,2020-07-24,2020-08-04,2022-07-11,No,187,,Private
0000003186,003186,First Steps,2022-08-08,2022-09-05,2023-11-13,No,52,Early Intervention,Private
0000003187,003187,Child Care,2018-12-30,2019-01-08,2020-06-26,No,152,,Private
0000003187,003187,Early Intervention,2020-07-07,2020-07-30,2021-12-02,No,26,Early Intervention,Local
0000003188,003188,First Steps,2019-05-04,2019-05-26,2020-06-18,No,41,Early Intervention,Federal
0000003188,003188,Early Intervention,2020-07-02,2020-07-31,2022-03-16,No,46,Early Intervention,Local
0000003189,003189,First Steps,2021-02-26,2021-03-25,2022-05-07,No,48,Early Intervention,Private
0000003190,003190,Early Head Start,2020-06-06,2020-06-14,2020-12-29,No,47,,Local
0000003190,003190,Child Care,2021-01-16,2021-02-11,2022-02-18,No,160,,Local
0000003191,003191,Child Care,2021-07-25,2021-07-29,2022-01-19,No,110,,Private
0000003192,003192,Childcare Subsidy,2022-06-19,2022-07-18,2024-01-18,No,99,,Private
0000003193,003193,Early Intervention,2023-06-02,2023-06-17,2024-11-21,No,27,Early Intervention,Local
0000003193,003193,Child Care,2024-11-24,2024-11-25,2026-08-11,No,95,,Local
0000003193,003193,First Steps,2022-07-06,2022-07-13,2023-01-24,No,34,Early Intervention,Private
0000003194,003194,Early Intervention,2022-07-25,2022-08-05,2023-09-21,No,43,Early Intervention,Private
0000003194,003194,Home Visiting,2023-11-04,2023-11-24,2025-03-25,Yes,11,,Local
0000003195,003195,Child Care,2019-04-15,2019-04-27,2021-08-22,No,98,,Local
0000003196,003196,Home Visiting,2020-05-10,2020-06-01,2021-11-07,Yes,7,,State
0000003197,003197,Early Head Start,2022-12-31,2023-01-18,2023-08-17,No,142,,State
0000003198,003198,Child Care,2022-01-21,2022-01-22,2023-11-09,No,70,,Private
0000003198,003198,Head Start,2024-01-01,2024-01-10,2025-12-03,No,138,Pre-K,Private
0000003199,003199,Home Visiting,2019-09-11,2019-09-19,2022-07-15,Yes,24,,State
0000003199,003199,Childcare Subsidy,2022-09-08,2022-09-29,2023-11-24,No,92,,Private
0000003200,003200,First Steps,2021-02-26,2021-03-07,2021-10-02,No,8,Early Intervention,Local
0000003201,003201,Early Head Start,2019-12-04,2019-12-17,2022-02-28,No,207,,Private
0000003201,003201,Early Intervention,2022-03-04,2022-03-20,2024-06-29,No,13,Early Intervention,Federal
0000003201,003201,State Pre-K,2024-07-20,2024-07-23,2025-01-23,No,101,Pre-K,Federal
0000003202,003202,Home Visiting,2021-12-02,2021-12-31,2023-03-02,Yes,21,,Local
0000003203,003203,First Steps,2020-07-16,2020-08-02,2021-08-04,No,10,Early Intervention,Local
0000003203,003203,Child Care,2021-08-25,2021-09-05,2023-10-16,No,92,,Private
0000003204,003204,Home Visiting,2020-03-26,2020-04-05,2021-02-13,Yes,22,,Private
0000003204,003204,First Steps,2021-03-15,2021-04-09,2023-03-16,No,9,Early Intervention,State
0000003205,003205,Early Head Start,2022-10-05,2022-11-04,2024-09-18,No,48,,Private
0000003206,003206,Childcare Subsidy,2020-03-07,2020-03-26,2023-01-08,No,163,,Local
0000003206,003206,Childcare Subsidy,2023-04-11,2023-04-21,2025-03-15,No,89,,State
0000003207,003207,Home Visiting,2021-10-06,2021-11-02,2023-10-01,Yes,20,,State
0000003208,003208,Early Intervention,2020-12-27,2021-01-08,2021-07-21,No,52,Early Intervention,Federal
0000003208,003208,Early Intervention,2021-08-20,2021-08-22,2023-05-31,No,27,Early Intervention,Private
0000003208,003208,Head Start,2023-06-15,2023-06-21,2024-08-16,No,89,Pre-K,State
0000003209,003209,First Steps,2020-06-11,2020-06-17,2021-02-14,No,13,Early Intervention,Local
0000003210,003210,Childcare Subsidy,2021-01-11,2021-01-25,2021-06-23,No,62,,Federal
0000003211,003211,Child Care,2021-09-07,2021-09-30,2022-12-17,No,72,,Federal
0000003211,003211,Childcare Subsidy,2022-12-22,2022-12-27,2024-04-22,No,179,,Local
0000003211,003211,Child Care,2024-04-25,2024-04-29,2024-12-20,No,70,,State
0000003212,003212,Childcare Subsidy,2020-03-24,2020-03-30,2021-03-11,No,96,,State
0000003212,003212,Early Head Start,2020-04-29,2020-05-14,2021-07-06,No,91,,Federal
0000003212,003212,Early Intervention,2021-07-23,2021-08-09,2021-12-03,No,15,Early Intervention,Private
0000003213,003213,Childcare Subsidy,2019-10-02,2019-10-03,2021-05-23,No,60,,Local
0000003214,003214,Early Head Start,2018-06-06,2018-06-20,2020-01-27,No,65,,Private
0000003215,003215,Early Intervention,2022-08-19,2022-08-22,2023-12-05,No,9,Early Intervention,Federal
0000003216,003216,Home Visiting,2022-09-20,2022-09-22,2023-04-17,Yes,4,,Private
0000003216,003216,First Steps,2023-09-25,2023-09-30,2024-08-25,No,27,Early Intervention,Federal
0000003216,003216,Head Start,2025-02-13,2025-03-10,2025-09-28,No,108,Pre-K,Federal
0000003217,003217,Home Visiting,2019-04-18,2019-04-27,2020-06-06,Yes,25,,Federal
0000003217,003217,Home Visiting,2020-06-26,2020-07-17,2023-03-04,Yes,21,,Federal
0000003218,003218,Childcare Subsidy,2020-08-25,2020-09-13,2022-07-08,No,142,,State
0000003218,003218,Head Start,2022-08-06,2022-08-22,2024-08-06,No,127,Pre-K,Private
0000003218,003218,Childcare Subsidy,2020-07-15,2020-08-05,2022-04-20,No,90,,Local
0000003219,003219,Home Visiting,2023-07-10,2023-07-20,2026-03-01,Yes,16,,Federal
0000003219,003219,Childcare Subsidy,2026-03-03,2026-03-26,2027-05-31,No,67,,Local
0000003220,003220,Child Care,2023-01-02,2023-01-26,2023-09-20,No,90,,Federal
0000003220,003220,Childcare Subsidy,2023-09-26,2023-10-13,2023-12-29,No,94,,Private
0000003220,003220,Early Head Start,2024-01-05,2024-01-19,2024-05-07,No,52,,Federal
0000003221,003221,Child Care,2019-12-12,2019-12-26,2020-12-20,No,98,,Private
0000003221,003221,Child Care,2020-12-22,2020-12-27,2021-05-07,No,106,,Federal
0000003221,003221,Early Intervention,2021-06-03,2021-06-27,2022-02-22,No,12,Early Intervention,Local
0000003222,003222,Child Care,2023-02-17,2023-03-14,2023-08-25,No,73,,Private
0000003222,003222,First Steps,2024-02-12,2024-02-24,2024-10-17,No,18,Early Intervention,State
0000003222,003222,Child Care,2025-01-02,2025-01-26,2025-05-11,No,63,,Private
0000003223,003223,Child Care,2018-06-27,2018-07-01,2021-06-05,No,134,,Local
0000003224,003224,Home Visiting,2022-08-28,2022-09-19,2024-01-07,Yes,16,,Local
0000003225,003225,Early Head Start,2019-08-25,2019-09-03,2021-06-10,No,61,,Federal
0000003225,003225,Early Intervention,2021-06-19,2021-06-20,2023-05-27,No,24,Early Intervention,Local
0000003226,003226,Early Head Start,2018-12-02,2018-12-21,2019-08-01,No,67,,State
0000003227,003227,First Steps,2020-04-25,2020-05-19,2023-03-22,No,27,Early Intervention,State
0000003228,003228,Home Visiting,2021-08-29,2021-09-09,2023-12-02,Yes,6,,Local
0000003228,003228,State Pre-K,2023-12-11,2024-01-07,2025-06-18,No,143,Pre-K,Federal
0000003229,003229,Childcare Subsidy,2021-07-12,2021-07-21,2022-04-19,No,42,,State
0000003230,003230,First Steps,2022-05-23,2022-05-28,2022-12-03,No,33,Early Intervention,Federal
0000003230,003230,First Steps,2022-12-16,2023-01-12,2023-11-16,No,15,Early Intervention,Federal
0000003231,003231,Early Head Start,2022-01-18,2022-02-11,2022-08-23,No,113,,Local
0000003232,003232,Home Visiting,2022-01-12,2022-02-04,2022-08-04,Yes,14,,Federal
0000003232,003232,First Steps,2022-08-23,2022-09-20,2023-04-25,No,8,Early Intervention,Federal
0000003233,003233,Early Intervention,2019-08-25,2019-09-16,2021-02-21,No,35,Early Intervention,Private
0000003233,003233,First Steps,2021-03-01,2021-03-12,2022-12-23,No,42,Early Intervention,Local
0000003233,003233,Childcare Subsidy,2023-01-13,2023-01-31,2023-11-07,No,196,,Federal
0000003233,003233,Child Care,2019-05-10,2019-06-08,2020-09-27,No,59,,Private
0000003233,003233,Childcare Subsidy,2020-10-14,2020-10-22,2023-01-16,No,58,,Federal
0000003234,003234,Early Intervention,2022-05-19,2022-06-04,2024-02-04,No,18,Early Intervention,Private
0000003234,003234,Early Head Start,2024-02-28,2024-03-16,2026-08-21,No,185,,Private
0000003234,003234,State Pre-K,2026-08-29,2026-09-13,2027-04-06,No,128,Pre-K,Federal
0000003235,003235,Early Head Start,2022-12-27,2023-01-19,2024-08-19,No,80,,Local
0000003235,003235,Home Visiting,2024-08-20,2024-09-04,2025-10-01,Yes,24,,Private
0000003236,003236,Home Visiting,2022-03-27,2022-04-18,2024-07-13,Yes,27,,Private
0000003236,003236,First Steps,2024-08-01,2024-08-04,2026-10-15,No,52,Early Intervention,State
0000003236,003236,Childcare Subsidy,2022-10-02,2022-10-04,2023-11-06,No,92,,Private
0000003237,003237,Early Head Start,2021-05-23,2021-06-01,2022-11-08,No,125,,Private
0000003237,003237,State Pre-K,2023-01-22,2023-02-14,2024-04-14,No,132,Pre-K,Private
0000003238,003238,First Steps,2021-12-31,2022-01-10,2023-07-27,No,48,Early Intervention,Private
0000003239,003239,Child Care,2023-07-10,2023-07-23,2025-04-09,No,98,,Private
0000003239,003239,Childcare Subsidy,2025-07-17,2025-08-14,2027-02-06,No,69,,State
0000003240,003240,Early Head Start,2023-01-31,2023-02-05,2023-07-14,No,54,,Federal
0000003241,003241,First Steps,2020-11-06,2020-11-16,2022-02-23,No,42,Early Intervention,State
0000003242,003242,Home Visiting,2020-01-21,2020-01-27,2022-02-18,Yes,11,,Federal
0000003242,003242,Early Head Start,2022-02-23,2022-03-22,2024-09-27,No,69,,Private
0000003242,003242,Child Care,2020-10-13,2020-10-25,2022-10-31,No,196,,Private
0000003242,003242,Head Start,2022-11-30,2022-12-15,2024-05-05,No,83,Pre-K,State
0000003242,003242,Head Start,2024-06-01,2024-06-22,2025-04-12,No,77,Pre-K,Private
0000003243,003243,Childcare Subsidy,2020-06-22,2020-07-05,2021-09-15,No,142,,State
0000003244,003244,Child Care,2021-04-16,2021-04-29,2022-09-01,No,178,,Local
0000003245,003245,First Steps,2018-07-05,2018-08-02,2019-03-06,No,23,Early Intervention,State
0000003245,003245,Child Care,2019-03-23,2019-04-03,2019-06-02,No,49,,Private
0000003246,003246,Early Intervention,2018-10-23,2018-11-22,2019-08-12,No,36,Early Intervention,Local
0000003246,003246,Early Intervention,2019-08-26,2019-09-22,2020-10-21,No,49,Early Intervention,Private
0000003246,003246,First Steps,2020-11-14,2020-11-27,2022-07-12,No,19,Early Intervention,Private
0000003247,003247,Childcare Subsidy,2022-06-22,2022-07-13,2024-01-16,No,66,,Local
0000003247,003247,Childcare Subsidy,2024-01-23,2024-01-25,2025-08-31,No,113,,Federal
0000003248,003248,Early Head Start,2021-05-12,2021-05-20,2023-01-04,No,191,,Federal
0000003248,003248,Child Care,2023-01-10,2023-01-21,2023-10-17,No,95,,State
0000003249,003249,Home Visiting,2023-01-01,2023-01-14,2023-04-03,Yes,7,,Federal
0000003249,003249,Early Head Start,2023-05-03,2023-05-15,2023-11-21,No,107,,Federal
0000003250,003250,Childcare Subsidy,2019-05-03,2019-05-19,2020-06-02,No,187,,Federal
0000003251,003251,First Steps,2022-01-07,2022-01-15,2023-10-02,No,52,Early Intervention,Federal
0000003252,003252,Early Intervention,2022-06-06,2022-06-21,2023-12-27,No,26,Early Intervention,Private
0000003252,003252,Child Care,2023-12-30,2024-01-14,2024-11-28,No,176,,Local
0000003253,003253,Early Head Start,2022-08-04,2022-08-25,2024-05-04,No,125,,Private
0000003254,003254,Early Head Start,2021-12-02,2021-12-31,2023-02-28,No,74,,State
0000003255,003255,First Steps,2020-03-10,2020-03-15,2021-06-10,No,30,Early Intervention,State
0000003255,003255,Home Visiting,2021-08-16,2021-09-12,2023-08-10,Yes,23,,Private
0000003255,003255,Childcare Subsidy,2019-09-13,2019-10-07,2020-08-05,No,65,,Private
0000003256,003256,Childcare Subsidy,2022-06-09,2022-06-23,2025-04-16,No,164,,State
0000003256,003256,Head Start,2025-04-30,2025-05-15,2027-04-13,No,104,Pre-K,Private
0000003256,003256,First Steps,2022-10-14,2022-10-27,2024-03-28,No,22,Early Intervention,State
0000003256,003256,Early Intervention,2024-03-31,2024-04-15,2026-09-21,No,37,Early Intervention,Local
0000003257,003257,First Steps,2019-06-11,2019-07-11,2020-03-17,No,49,Early Intervention,Local
0000003257,003257,Childcare Subsidy,2020-05-12,2020-05-27,2022-03-15,No,146,,Local
0000003257,003257,Childcare Subsidy,2022-06-06,2022-06-20,2023-10-13,No,53,,State
0000003258,003258,Home Visiting,2022-02-14,2022-02-24,2024-06-18,Yes,20,,Private
0000003258,003258,Home Visiting,2022-03-26,2022-04-10,2026-04-23,Yes,13,,Federal
0000003258,003258,Childcare Subsidy,2026-05-01,2026-05-21,2027-03-09,No,85,,Local
0000003259,003259,Child Care,2022-03-16,2022-03-21,2023-06-27,No,51,,State
0000003259,003259,Early Intervention,2023-07-21,2023-07-22,2024-04-14,No,23,Early Intervention,Federal
0000003259,003259,Childcare Subsidy,2024-05-01,2024-05-12,2024-11-20,No,166,,Federal
0000003260,003260,Childcare Subsidy,2022-07-22,2022-08-15,2023-03-01,No,121,,State
0000003260,003260,Early Intervention,2023-03-19,2023-03-24,2024-05-16,No,47,Early Intervention,State
0000003261,003261,Early Head Start,2023-03-31,2023-04-20,2024-10-06,No,97,,Local
0000003262,003262,Early Head Start,2021-11-04,2021-11-25,2023-03-23,No,162,,Federal
0000003262,003262,Early Head Start,2021-12-25,2022-01-09,2024-06-25,No,78,,Federal
0000003263,003263,Early Intervention,2020-04-09,2020-04-30,2023-01-14,No,14,Early Intervention,Local
0000003264,003264,Child Care,2020-01-12,2020-01-31,2021-01-17,No,32,,State
0000003265,003265,Early Head Start,2023-06-22,2023-07-06,2024-12-15,No,138,,State
0000003266,003266,Childcare Subsidy,2021-12-05,2021-12-26,2022-09-02,No,95,,Federal
0000003267,003267,First Steps,2023-01-08,2023-01-11,2024-04-11,No,37,Early Intervention,State
0000003267,003267,Child Care,2023-02-10,2023-02-25,2025-06-17,No,78,,Federal
0000003267,003267,Head Start,2025-09-26,2025-10-03,2027-01-22,No,111,Pre-K,Private
0000003268,003268,Child Care,2021-07-13,2021-07-28,2022-04-01,No,96,,Local
0000003268,003268,First Steps,2022-04-14,2022-04-18,2023-02-27,No,11,Early Intervention,Private
0000003269,003269,First Steps,2018-02-10,2018-02-21,2020-08-14,No,20,Early Intervention,State
0000003269,003269,First Steps,2020-08-27,2020-09-11,2021-09-14,No,25,Early Intervention,State
0000003269,003269,Childcare Subsidy,2021-10-08,2021-10-20,2023-07-01,No,134,,Federal
0000003270,003270,Early Intervention,2021-11-30,2021-12-14,2022-06-27,No,36,Early Intervention,Private
0000003271,003271,Early Intervention,2021-07-15,2021-08-03,2022-06-04,No,19,Early Intervention,Federal
0000003271,003271,Childcare Subsidy,2022-06-29,2022-07-26,2023-01-03,No,108,,Private
0000003271,003271,Childcare Subsidy,2023-01-27,2023-01-30,2023-11-19,No,53,,State
0000003272,003272,First Steps,2021-04-09,2021-04-22,2023-02-18,No,53,Early Intervention,Private
0000003272,003272,Home Visiting,2023-02-24,2023-03-16,2024-11-11,Yes,11,,Local
0000003273,003273,First Steps,2020-10-24,2020-11-06,2021-04-21,No,35,Early Intervention,Local
0000003273,003273,Early Head Start,2021-07-23,2021-07-27,2022-06-04,No,58,,State
0000003274,003274,First Steps,2020-12-17,2020-12-26,2023-04-27,No,10,Early Intervention,State
0000003274,003274,Child Care,2021-01-25,2021-02-09,2025-07-11,No,101,,Private
0000003274,003274,First Steps,2021-06-18,2021-07-08,2023-12-20,No,48,Early Intervention,Local
0000003275,003275,Early Head Start,2019-04-28,2019-04-30,2021-03-08,No,58,,State
0000003275,003275,Early Intervention,2021-05-20,2021-06-02,2023-03-28,No,49,Early Intervention,Federal
0000003276,003276,Early Head Start,2020-09-04,2020-09-19,2023-05-18,No,66,,State
0000003277,003277,Early Head Start,2020-05-05,2020-06-02,2022-02-25,No,87,,Private
0000003278,003278,Child Care,2020-02-26,2020-03-20,2022-02-17,No,113,,State
0000003278,003278,State Pre-K,2022-03-05,2022-03-06,2023-12-07,No,112,Pre-K,Federal
0000003278,003278,First Steps,2019-06-09,2019-06-12,2021-02-02,No,37,Early Intervention,Federal
0000003278,003278,Early Intervention,2021-02-07,2021-02-09,2023-02-27,No,20,Early Intervention,State
0000003278,003278,Childcare Subsidy,2023-03-18,2023-04-02,2023-12-07,No,84,,Private
0000003279,003279,First Steps,2022-04-11,2022-05-05,2024-09-13,No,11,Early Intervention,Federal
0000003280,003280,Early Head Start,2019-02-05,2019-02-20,2019-09-13,No,121,,Federal
0000003280,003280,Early Head Start,2019-09-27,2019-10-23,2020-07-18,No,132,,Federal
0000003281,003281,Early Intervention,2020-02-14,2020-03-08,2020-07-24,No,11,Early Intervention,Federal
0000003281,003281,First Steps,2020-08-22,2020-09-11,2021-07-12,No,20,Early Intervention,Local
0000003281,003281,Child Care,2021-07-14,2021-08-11,2022-07-20,No,123,,Private
0000003282,003282,Early Head Start,2019-03-13,2019-03-27,2019-08-29,No,29,,Private
0000003282,003282,First Steps,2019-09-04,2019-09-23,2020-06-11,No,16,Early Intervention,State
0000003283,003283,First Steps,2022-05-02,2022-05-16,2023-11-01,No,55,Early Intervention,Federal
0000003283,003283,Early Head Start,2022-06-15,2022-06-30,2026-03-17,No,53,,Federal
0000003284,003284,Early Intervention,2020-11-24,2020-12-05,2022-08-03,No,18,Early Intervention,Federal
0000003285,003285,First Steps,2020-03-30,2020-04-13,2021-03-24,No,40,Early Intervention,State
0000003285,003285,Early Intervention,2021-04-22,2021-04-29,2021-08-07,No,30,Early Intervention,Local
0000003286,003286,Early Head Start,2019-05-18,2019-05-24,2020-02-27,No,68,,State
0000003287,003287,Child Care,2022-12-26,2023-01-19,2023-10-21,No,88,,Federal
0000003288,003288,First Steps,2023-03-14,2023-04-13,2025-09-28,No,38,Early Intervention,Local
0000003289,003289,Childcare Subsidy,2020-01-01,2020-01-29,2023-01-28,No,181,,Local
0000003290,003290,Childcare Subsidy,2022-03-02,2022-03-10,2022-11-13,No,58,,Federal
0000003290,003290,Home Visiting,2022-04-09,2022-04-24,2024-08-03,Yes,10,,Federal
0000003290,003290,Child Care,2024-08-26,2024-09-16,2026-01-11,No,60,,State
0000003291,003291,Childcare Subsidy,2018-06-08,2018-06-09,2021-01-02,No,125,,State
0000003291,003291,Home Visiting,2018-07-09,2018-07-24,2022-09-11,Yes,22,,Federal
0000003291,003291,Childcare Subsidy,2022-09-12,2022-09-30,2023-08-14,No,175,,Local
0000003292,003292,Early Head Start,2022-03-19,2022-03-26,2024-07-22,No,188,,State
0000003292,003292,Child Care,2024-07-31,2024-08-12,2026-01-28,No,56,,Federal
0000003292,003292,Child Care,2026-02-12,2026-02-20,2027-04-11,No,128,,Federal
0000003293,003293,Early Head Start,2020-09-02,2020-09-22,2021-10-14,No,48,,Federal
0000003294,003294,First Steps,2021-03-03,2021-03-17,2023-08-21,No,20,Early Intervention,State
0000003294,003294,Childcare Subsidy,2021-04-16,2021-05-01,2026-02-06,No,193,,Private
0000003294,003294,Home Visiting,2021-08-09,2021-08-19,2023-06-13,Yes,11,,Federal
0000003295,003295,Home Visiting,2021-02-09,2021-02-12,2023-10-12,Yes,15,,State
0000003295,003295,Head Start,2023-10-31,2023-11-06,2025-10-22,No,137,Pre-K,Local
0000003296,003296,Childcare Subsidy,2022-05-26,2022-06-20,2023-08-20,No,63,,Private
0000003297,003297,Early Head Start,2023-05-11,2023-06-02,2025-07-01,No,205,,Private
0000003298,003298,Childcare Subsidy,2022-10-08,2022-10-13,2023-03-14,No,139,,Private
0000003298,003298,Childcare Subsidy,2022-11-12,2022-11-27,2024-01-15,No,70,,Federal
0000003299,003299,First Steps,2022-02-07,2022-02-22,2023-05-29,No,36,Early Intervention,Local
0000003299,003299,Home Visiting,2023-09-16,2023-10-12,2024-07-08,Yes,24,,Federal
0000003299,003299,State Pre-K,2024-10-27,2024-11-19,2025-11-13,No,82,Pre-K,Private
0000003300,003300,Early Head Start,2022-07-27,2022-08-05,2023-11-02,No,36,,State
0000003300,003300,State Pre-K,2023-11-11,2023-12-07,2025-05-06,No,81,Pre-K,Local
0000003300,003300,Child Care,2025-05-11,2025-05-24,2026-05-05,No,114,,Private
0000003300,003300,Childcare Subsidy,2021-11-05,2021-11-08,2023-02-04,No,108,,Federal
0000003301,003301,First Steps,2022-05-25,2022-05-30,2023-11-26,No,31,Early Intervention,Federal
0000003302,003302,First Steps,2022-05-03,2022-05-11,2023-07-17,No,36,Early Intervention,Local
0000003302,003302,Child Care,2023-08-10,2023-09-06,2026-03-13,No,87,,Federal
0000003303,003303,Early Intervention,2019-05-18,2019-06-17,2021-05-05,No,44,Early Intervention,Private
0000003304,003304,Early Head Start,2020-04-29,2020-05-29,2022-06-25,No,145,,Federal
0000003305,003305,First Steps,2018-07-25,2018-07-29,2019-12-13,No,37,Early Intervention,Local
0000003305,003305,Home Visiting,2019-12-20,2020-01-17,2021-01-26,Yes,17,,Private
0000003306,003306,Early Intervention,2020-03-10,2020-04-01,2020-08-09,No,15,Early Intervention,Local
0000003307,003307,Early Intervention,2021-06-05,2021-06-21,2024-02-26,No,21,Early Intervention,Federal
0000003307,003307,Child Care,2024-03-27,2024-04-10,2026-07-01,No,74,,Federal
0000003308,003308,Child Care,2019-10-29,2019-11-21,2021-07-29,No,48,,Local
0000003309,003309,Early Intervention,2020-02-02,2020-02-22,2021-11-22,No,28,Early Intervention,State
0000003309,003309,Early Intervention,2021-12-08,2022-01-02,2023-06-12,No,41,Early Intervention,Local
0000003310,003310,First Steps,2021-11-21,2021-12-02,2022-07-23,No,13,Early Intervention,Local
0000003311,003311,Early Intervention,2018-10-20,2018-10-26,2020-10-02,No,48,Early Intervention,Local
0000003311,003311,Childcare Subsidy,2018-11-25,2018-12-10,2022-08-27,No,123,,Local
0000003312,003312,Early Intervention,2022-07-29,2022-08-01,2022-11-30,No,21,Early Intervention,Private
0000003312,003312,Early Head Start,2022-12-05,2022-12-30,2023-10-31,No,110,,Private
0000003313,003313,Early Head Start,2019-07-28,2019-08-20,2022-02-27,No,69,,Federal
0000003313,003313,Child Care,2022-03-06,2022-03-20,2024-04-09,No,55,,Private
0000003314,003314,Early Head Start,2020-10-17,2020-11-15,2021-12-10,No,110,,State
0000003315,003315,First Steps,2018-08-24,2018-09-14,2019-04-13,No,8,Early Intervention,Federal
0000003316,003316,Child Care,2020-06-11,2020-07-10,2020-12-20,No,154,,State
0000003317,003317,Child Care,2021-08-01,2021-08-07,2023-10-21,No,111,,Local
0000003318,003318,Early Intervention,2021-03-16,2021-03-24,2022-02-18,No,39,Early Intervention,Federal
0000003318,003318,Early Head Start,2022-03-07,2022-03-11,2023-11-10,No,142,,State
0000003319,003319,Early Intervention,2020-03-20,2020-04-14,2021-07-02,No,29,Early Intervention,Federal
0000003319,003319,Home Visiting,2021-07-31,2021-08-04,2023-06-02,Yes,26,,Local
0000003320,003320,Early Intervention,2022-08-15,2022-08-30,2024-01-18,No,27,Early Intervention,Local
0000003320,003320,Early Head Start,2022-09-29,2022-10-14,2025-01-04,No,59,,Local
0000003320,003320,Head Start,2025-01-24,2025-02-23,2026-01-13,No,118,Pre-K,State
0000003321,003321,Early Head Start,2022-06-18,2022-07-10,2023-03-03,No,69,,Private
0000003321,003321,Early Intervention,2023-03-10,2023-03-28,2024-06-26,No,50,Early Intervention,Local
0000003322,003322,Home Visiting,2021-03-27,2021-04-20,2022-01-20,Yes,25,,Federal
0000003323,003323,Early Intervention,2022-03-09,2022-03-14,2022-11-24,No,17,Early Intervention,Federal
0000003323,003323,Home Visiting,2023-01-31,2023-02-16,2023-08-31,Yes,10,,Local
0000003324,003324,First Steps,2019-10-12,2019-10-27,2021-09-04,No,54,Early Intervention,Local
0000003325,003325,Early Intervention,2020-02-05,2020-02-10,2020-10-11,No,50,Early Intervention,Private
0000003326,003326,Early Head Start,2022-02-19,2022-02-21,2023-02-06,No,67,,Private
0000003326,003326,Home Visiting,2023-02-23,2023-03-16,2023-06-16,Yes,18,,Local
0000003326,003326,Home Visiting,2023-07-06,2023-07-13,2023-11-20,Yes,20,,State
0000003327,003327,Home Visiting,2022-08-23,2022-09-10,2023-09-24,Yes,7,,State
0000003327,003327,Childcare Subsidy,2023-10-01,2023-10-08,2024-10-28,No,60,,Federal
0000003328,003328,Child Care,2019-09-22,2019-10-10,2020-09-22,No,70,,Federal
0000003328,003328,Early Intervention,2020-10-20,2020-11-11,2021-11-10,No,14,Early Intervention,State
0000003329,003329,Child Care,2021-03-15,2021-04-12,2021-09-27,No,116,,State
0000003329,003329,Home Visiting,2021-10-14,2021-10-23,2022-06-21,Yes,18,,State
0000003330,003330,Home Visiting,2021-12-02,2021-12-11,2022-06-15,Yes,15,,State
0000003330,003330,Early Head Start,2022-07-19,2022-08-07,2023-02-27,No,66,,State
0000003331,003331,Childcare Subsidy,2022-02-07,2022-03-06,2024-05-03,No,124,,Private
0000003331,003331,Head Start,2024-08-11,2024-09-09,2026-06-17,No,131,Pre-K,State
0000003331,003331,Early Intervention,2021-12-18,2021-12-19,2024-09-27,No,35,Early Intervention,Federal
0000003332,003332,Early Intervention,2020-06-09,2020-06-15,2020-10-15,No,10,Early Intervention,Local
0000003333,003333,Early Intervention,2022-02-24,2022-03-25,2023-10-30,No,26,Early Intervention,Federal
0000003334,003334,Early Head Start,2022-10-21,2022-11-03,2024-07-14,No,94,,Federal
0000003335,003335,Early Intervention,2023-08-17,2023-09-06,2024-09-01,No,41,Early Intervention,State
0000003336,003336,Early Intervention,2021-12-27,2022-01-24,2022-11-29,No,30,Early Intervention,Local
0000003336,003336,Early Intervention,2022-02-23,2022-03-10,2023-08-08,No,14,Early Intervention,Federal
0000003337,003337,Early Intervention,2023-01-29,2023-02-25,2023-07-08,No,33,Early Intervention,Private
0000003337,003337,Early Intervention,2023-03-27,2023-04-11,2024-02-09,No,14,Early Intervention,Private
0000003338,003338,Home Visiting,2021-11-19,2021-11-28,2024-11-27,Yes,4,,State
0000003338,003338,State Pre-K,2024-12-02,2024-12-15,2026-09-30,No,110,Pre-K,Private
0000003338,003338,Early Head Start,2022-04-02,2022-04-10,2025-03-18,No,105,,State
0000003339,003339,Childcare Subsidy,2022-04-06,2022-05-05,2024-02-29,No,50,,Local
0000003339,003339,Childcare Subsidy,2024-03-08,2024-04-05,2025-03-13,No,156,,Private
0000003340,003340,Early Head Start,2021-11-20,2021-12-19,2024-08-03,No,175,,State
0000003340,003340,Head Start,2024-08-07,2024-08-21,2026-08-06,No,137,Pre-K,Local
0000003340,003340,Child Care,2022-02-06,2022-02-27,2025-01-22,No,162,,Local
0000003341,003341,Early Intervention,2020-08-04,2020-08-29,2021-03-25,No,38,Early Intervention,Private
0000003342,003342,First Steps,2021-06-01,2021-06-12,2024-03-26,No,38,Early Intervention,State
0000003342,003342,State Pre-K,2024-04-01,2024-04-18,2026-01-21,No,86,Pre-K,Federal
0000003342,003342,Early Intervention,2021-07-24,2021-07-27,2022-10-11,No,33,Early Intervention,Federal
0000003343,003343,Child Care,2020-04-14,2020-04-29,2020-11-12,No,84,,Private
0000003344,003344,Child Care,2020-09-13,2020-10-10,2022-05-16,No,145,,Local
0000003345,003345,Child Care,2021-09-03,2021-09-04,2022-02-28,No,32,,Local
0000003346,003346,Home Visiting,2023-04-20,2023-05-03,2025-12-30,Yes,21,,Local
0000003347,003347,Home Visiting,2019-10-08,2019-10-13,2020-04-20,Yes,5,,State
0000003347,003347,Early Intervention,2020-05-12,2020-05-24,2021-12-23,No,21,Early Intervention,Local
0000003348,003348,Early Head Start,2022-05-18,2022-05-21,2022-09-20,No,66,,State
0000003348,003348,First Steps,2023-03-11,2023-03-15,2023-06-08,No,15,Early Intervention,State
0000003349,003349,Early Head Start,2021-11-03,2021-11-21,2023-08-13,No,127,,State
0000003349,003349,Head Start,2023-11-14,2023-12-07,2024-12-19,No,109,Pre-K,Private
0000003349,003349,Childcare Subsidy,2020-11-23,2020-12-21,2022-05-12,No,48,,State
0000003350,003350,First Steps,2019-05-11,2019-05-29,2019-12-28,No,41,Early Intervention,State
0000003351,003351,Early Intervention,2022-05-15,2022-06-02,2024-05-05,No,31,Early Intervention,Federal
0000003352,003352,First Steps,2022-04-07,2022-05-03,2025-04-30,No,40,Early Intervention,Private
0000003353,003353,Early Head Start,2020-05-10,2020-06-06,2022-12-21,No,88,,Local
0000003354,003354,First Steps,2022-03-07,2022-03-23,2024-02-27,No,19,Early Intervention,Private
0000003355,003355,Early Intervention,2022-02-18,2022-03-16,2023-06-09,No,27,Early Intervention,Federal
0000003356,003356,Early Head Start,2020-12-06,2020-12-18,2022-06-09,No,159,,Federal
0000003356,003356,Early Head Start,2022-06-18,2022-06-25,2023-08-25,No,50,,Private
0000003357,003357,Child Care,2023-01-18,2023-02-15,2024-08-07,No,60,,Federal
0000003357,003357,Childcare Subsidy,2024-08-29,2024-09-08,2026-08-12,No,121,,Private
0000003358,003358,Childcare Subsidy,2021-03-13,2021-03-30,2022-06-10,No,82,,Federal
0000003358,003358,Child Care,2022-06-13,2022-06-28,2023-11-03,No,123,,State
0000003358,003358,Child Care,2023-11-09,2023-11-26,2025-07-27,No,177,,State
0000003359,003359,Child Care,2022-12-12,2022-12-13,2024-04-24,No,132,,State
0000003359,003359,Head Start,2024-05-14,2024-05-19,2026-10-05,No,137,Pre-K,State
0000003359,003359,First Steps,2022-04-07,2022-05-06,2024-07-08,No,14,Early Intervention,State
0000003360,003360,Early Intervention,2019-07-31,2019-08-19,2021-01-24,No,40,Early Intervention,Local
0000003360,003360,Home Visiting,2021-01-26,2021-02-05,2022-08-03,Yes,5,,Private
0000003360,003360,Head Start,2022-08-09,2022-08-19,2023-07-27,No,93,Pre-K,State
0000003360,003360,Early Intervention,2019-01-27,2019-02-25,2020-09-22,No,41,Early Intervention,Federal
0000003361,003361,Early Head Start,2019-11-26,2019-12-21,2021-11-28,No,184,,State
0000003361,003361,Head Start,2020-01-20,2020-02-04,2023-08-03,No,147,Pre-K,Local
0000003361,003361,Childcare Subsidy,2019-02-03,2019-02-28,2020-05-17,No,95,,Private
0000003362,003362,Early Intervention,2019-02-17,2019-03-13,2020-07-28,No,43,Early Intervention,Private
0000003362,003362,First Steps,2019-04-12,2019-04-27,2023-02-19,No,43,Early Intervention,Private
0000003363,003363,First Steps,2020-10-15,2020-10-29,2021-06-16,No,8,Early Intervention,Private
0000003364,003364,Early Head Start,2019-11-28,2019-12-16,2021-01-21,No,136,,State
0000003364,003364,Child Care,2021-01-23,2021-01-27,2023-01-25,No,135,,Local
0000003364,003364,Child Care,2023-01-31,2023-02-28,2023-08-29,No,74,,Private
0000003365,003365,Child Care,2021-01-10,2021-01-31,2021-08-10,No,103,,Private
0000003365,003365,Childcare Subsidy,2022-01-11,2022-02-06,2023-01-22,No,138,,Local
0000003365,003365,Child Care,2023-07-02,2023-07-19,2024-01-18,No,138,,Federal
0000003366,003366,First Steps,2022-06-11,2022-07-09,2023-02-14,No,9,Early Intervention,Private
0000003367,003367,Childcare Subsidy,2021-07-05,2021-07-28,2022-12-24,No,149,,Private
0000003368,003368,Child Care,2018-11-20,2018-12-10,2019-05-01,No,99,,Federal
0000003369,003369,Early Intervention,2022-04-09,2022-04-24,2025-03-30,No,32,Early Intervention,Federal
0000003369,003369,Childcare Subsidy,2025-04-11,2025-04-29,2026-05-06,No,144,,State
0000003370,003370,Child Care,2018-08-26,2018-09-21,2021-01-14,No,143,,Private
0000003371,003371,Child Care,2023-01-30,2023-02-25,2023-12-05,No,103,,State
0000003371,003371,Early Intervention,2023-12-08,2023-12-25,2025-08-03,No,30,Early Intervention,Private
0000003371,003371,State Pre-K,2025-08-20,2025-09-04,2026-04-17,No,80,Pre-K,Private
0000003372,003372,Home Visiting,2021-01-06,2021-01-29,2023-08-22,Yes,26,,Local
0000003373,003373,Early Intervention,2018-11-30,2018-12-10,2019-09-02,No,27,Early Intervention,Local
0000003373,003373,Early Intervention,2019-09-26,2019-10-08,2020-07-04,No,10,Early Intervention,Federal
0000003373,003373,Child Care,2020-07-19,2020-07-26,2022-03-21,No,198,,Federal
0000003373,003373,Child Care,2022-04-02,2022-04-20,2023-09-24,No,178,,Federal
0000003374,003374,Home Visiting,2019-04-26,2019-05-14,2020-12-26,Yes,4,,Private
0000003375,003375,Early Head Start,2022-04-07,2022-04-19,2023-09-30,No,188,,Private
0000003375,003375,Home Visiting,2024-01-08,2024-01-31,2025-07-24,Yes,23,,Private
0000003375,003375,State Pre-K,2025-08-28,2025-09-03,2026-09-01,No,148,Pre-K,Private
0000003376,003376,First Steps,2022-04-19,2022-05-05,2022-12-10,No,52,Early Intervention,Private
0000003376,003376,Child Care,2022-12-30,2023-01-04,2024-02-17,No,154,,Federal
0000003376,003376,Early Head Start,2024-02-29,2024-03-01,2026-01-10,No,172,,Federal
0000003376,003376,Childcare Subsidy,2026-01-30,2026-02-04,2026-12-31,No,130,,Federal
0000003376,003376,First Steps,2022-07-03,2022-07-09,2023-06-26,No,34,Early Intervention,Local
0000003377,003377,First Steps,2019-01-03,2019-01-23,2020-06-06,No,37,Early Intervention,Private
0000003377,003377,First Steps,2020-07-05,2020-07-23,2022-04-25,No,12,Early Intervention,State
0000003378,003378,First Steps,2022-05-01,2022-05-10,2024-05-02,No,13,Early Intervention,Local
0000003379,003379,Early Intervention,2020-09-14,2020-10-14,2021-07-16,No,39,Early Intervention,Local
0000003380,003380,Home Visiting,2022-07-14,2022-07-18,2023-08-18,Yes,6,,Local
0000003381,003381,Childcare Subsidy,2018-06-11,2018-06-15,2019-03-21,No,56,,Federal
0000003382,003382,Home Visiting,2020-12-25,2021-01-10,2022-01-28,Yes,15,,State
0000003383,003383,First Steps,2019-06-09,2019-07-08,2020-11-28,No,9,Early Intervention,Federal
0000003383,003383,Childcare Subsidy,2020-12-11,2020-12-17,2021-10-29,No,178,,Local
0000003384,003384,Childcare Subsidy,2018-12-10,2018-12-25,2020-04-07,No,114,,Private
0000003384,003384,Child Care,2020-04-12,2020-05-09,2021-06-28,No,151,,Federal
0000003385,003385,Home Visiting,2018-12-09,2018-12-15,2019-09-10,Yes,13,,Federal
0000003386,003386,Home Visiting,2019-12-18,2019-12-21,2021-05-27,Yes,6,,Private
0000003386,003386,State Pre-K,2021-06-25,2021-06-28,2023-04-13,No,150,Pre-K,State
0000003386,003386,First Steps,2019-01-12,2019-02-02,2021-10-13,No,16,Early Intervention,Private
0000003387,003387,First Steps,2018-11-21,2018-11-29,2020-03-16,No,29,Early Intervention,State
0000003388,003388,First Steps,2021-05-13,2021-05-15,2022-01-06,No,41,Early Intervention,Private
0000003389,003389,Child Care,2018-04-15,2018-04-24,2020-04-01,No,207,,State
0000003390,003390,Childcare Subsidy,2020-08-19,2020-09-18,2021-01-25,No,115,,State
0000003390,003390,Early Intervention,2021-02-06,2021-02-21,2021-09-09,No,28,Early Intervention,Federal
0000003391,003391,Childcare Subsidy,2019-08-08,2019-09-02,2020-03-06,No,87,,State
0000003392,003392,Home Visiting,2022-01-08,2022-01-22,2023-07-10,Yes,10,,State
0000003392,003392,Head Start,2023-07-15,2023-07-18,2025-09-07,No,124,Pre-K,State
0000003393,003393,Home Visiting,2022-01-31,2022-02-12,2022-09-22,Yes,11,,State
0000003393,003393,Early Intervention,2022-10-04,2022-10-31,2023-03-09,No,7,Early Intervention,Federal
0000003394,003394,Early Head Start,2019-06-17,2019-06-20,2019-11-03,No,108,,Federal
0000003395,003395,Home Visiting,2022-07-02,2022-07-06,2023-10-06,Yes,15,,Private
0000003395,003395,First Steps,2022-08-05,2022-08-20,2026-10-11,No,52,Early Intervention,Private
0000003396,003396,Early Head Start,2023-01-04,2023-01-24,2023-08-30,No,138,,State
0000003396,003396,Early Intervention,2024-02-08,2024-03-09,2024-12-15,No,29,Early Intervention,Local
0000003396,003396,Childcare Subsidy,2025-02-23,2025-03-17,2025-08-05,No,108,,Federal
0000003397,003397,First Steps,2022-04-11,2022-04-24,2023-10-08,No,21,Early Intervention,State
0000003398,003398,Child Care,2022-05-04,2022-05-19,2024-12-13,No,183,,Private
0000003398,003398,Head Start,2025-01-02,2025-01-08,2026-07-03,No,91,Pre-K,State
0000003399,003399,Home Visiting,2023-09-01,2023-09-26,2025-05-18,Yes,17,,State
0000003400,003400,Childcare Subsidy,2021-08-09,2021-08-22,2023-05-12,No,68,,Private
0000003400,003400,State Pre-K,2023-06-02,2023-06-28,2025-06-19,No,151,Pre-K,Private
0000003401,003401,Child Care,2021-07-12,2021-07-30,2024-03-05,No,74,,Private
0000003401,003401,Head Start,2024-03-19,2024-04-09,2026-04-09,No,101,Pre-K,Private
0000003401,003401,Home Visiting,2021-10-10,2021-10-28,2023-06-13,Yes,9,,Private
0000003402,003402,Home Visiting,2021-08-22,2021-09-10,2023-01-30,Yes,25,,Local
0000003402,003402,Early Head Start,2023-02-01,2023-02-14,2025-01-30,No,83,,Local
0000003403,003403,Child Care,2020-10-02,2020-10-25,2023-06-05,No,138,,Federal
0000003403,003403,Childcare Subsidy,2023-08-28,2023-09-05,2024-11-22,No,177,,State
0000003404,003404,Childcare Subsidy,2018-06-05,2018-06-14,2020-01-07,No,74,,Local
0000003404,003404,Early Intervention,2020-01-26,2020-02-11,2022-01-25,No,46,Early Intervention,Federal
0000003405,003405,Childcare Subsidy,2021-09-01,2021-09-12,2023-07-21,No,131,,Local
0000003405,003405,Head Start,2023-08-01,2023-08-26,2024-05-04,No,133,Pre-K,Local
0000003405,003405,State Pre-K,2024-06-03,2024-06-09,2025-04-23,No,111,Pre-K,Private
0000003406,003406,First Steps,2021-03-07,2021-03-22,2023-01-19,No,14,Early Intervention,Local
0000003406,003406,Home Visiting,2023-01-20,2023-02-04,2023-10-05,Yes,20,,Local
0000003406,003406,Head Start,2023-10-08,2023-10-19,2025-04-26,No,118,Pre-K,Local
0000003406,003406,State Pre-K,2025-05-01,2025-05-06,2026-03-21,No,108,Pre-K,Federal
0000003407,003407,Child Care,2022-08-27,2022-09-23,2024-08-23,No,139,,Local
0000003408,003408,Early Head Start,2020-10-01,2020-10-14,2022-04-10,No,50,,State
0000003408,003408,Child Care,2022-04-28,2022-05-18,2024-09-09,No,175,,Local
0000003409,003409,Early Head Start,2022-11-24,2022-12-04,2023-04-28,No,100,,Federal
0000003409,003409,Child Care,2023-05-16,2023-05-27,2024-03-24,No,53,,Federal
0000003409,003409,Early Intervention,2024-04-19,2024-04-24,2025-03-10,No,8,Early Intervention,Private
0000003409,003409,State Pre-K,2025-04-08,2025-04-11,2026-02-02,No,69,Pre-K,Federal
0000003409,003409,State Pre-K,2026-02-04,2026-02-14,2026-10-25,No,88,Pre-K,State
0000003410,003410,First Steps,2020-09-16,2020-09-22,2023-02-22,No,19,Early Intervention,Local
0000003411,003411,Early Head Start,2021-12-08,2021-12-21,2023-08-01,No,193,,Local
0000003411,003411,Child Care,2022-01-20,2022-02-04,2025-01-07,No,141,,Federal
0000003412,003412,Child Care,2022-12-24,2023-01-11,2024-04-12,No,99,,Private
0000003412,003412,Childcare Subsidy,2024-07-17,2024-07-22,2026-06-28,No,81,,Local
0000003413,003413,Early Intervention,2022-02-10,2022-02-24,2024-02-17,No,14,Early Intervention,State
0000003413,003413,Home Visiting,2024-03-14,2024-03-21,2025-01-17,Yes,21,,State
0000003413,003413,Childcare Subsidy,2025-02-05,2025-03-06,2026-11-15,No,169,,State
0000003414,003414,Childcare Subsidy,2021-11-15,2021-12-15,2022-11-08,No,115,,Private
0000003414,003414,Childcare Subsidy,2022-12-05,2023-01-02,2024-06-05,No,50,,State
0000003415,003415,Early Head Start,2021-07-30,2021-08-16,2022-09-24,No,143,,Local
0000003416,003416,Early Intervention,2023-04-02,2023-04-23,2025-06-10,No,36,Early Intervention,Local
0000003417,003417,Early Head Start,2022-01-07,2022-01-30,2022-09-09,No,92,,Federal
0000003418,003418,Early Intervention,2021-01-08,2021-01-12,2022-08-26,No,19,Early Intervention,Local
0000003419,003419,Early Head Start,2021-09-13,2021-10-11,2022-05-23,No,166,,Federal
0000003419,003419,Childcare Subsidy,2022-06-05,2022-06-08,2023-10-20,No,120,,State
0000003420,003420,Early Intervention,2023-06-25,2023-07-14,2024-06-19,No,15,Early Intervention,Federal
0000003420,003420,Head Start,2024-08-15,2024-09-01,2025-03-29,No,115,Pre-K,Private
0000003421,003421,Early Head Start,2021-05-01,2021-05-04,2024-01-05,No,199,,State
0000003421,003421,Head Start,2024-01-31,2024-02-10,2025-12-20,No,104,Pre-K,Federal
0000003422,003422,Early Head Start,2020-03-28,2020-04-07,2021-08-04,No,114,,Local
0000003422,003422,State Pre-K,2021-08-18,2021-08-20,2022-09-13,No,116,Pre-K,Private
0000003423,003423,Home Visiting,2020-08-07,2020-08-10,2021-02-15,Yes,15,,Federal
0000003423,003423,Childcare Subsidy,2021-03-16,2021-03-24,2022-06-20,No,105,,Private
0000003423,003423,Childcare Subsidy,2022-07-14,2022-07-27,2023-11-05,No,61,,Private
0000003424,003424,Home Visiting,2019-05-25,2019-06-24,2022-01-30,Yes,11,,Private
0000003425,003425,Early Head Start,2019-07-10,2019-07-26,2019-11-22,No,87,,State
0000003426,003426,Childcare Subsidy,2019-10-16,2019-10-25,2021-10-06,No,113,,Local
0000003426,003426,Childcare Subsidy,2021-11-04,2021-11-26,2024-05-03,No,163,,Federal
0000003426,003426,Child Care,2019-11-04,2019-11-21,2022-06-29,No,161,,Local
0000003427,003427,First Steps,2021-12-29,2022-01-19,2022-10-17,No,13,Early Intervention,Local
0000003428,003428,First Steps,2020-03-19,2020-04-06,2021-09-18,No,36,Early Intervention,Local
0000003429,003429,First Steps,2019-01-09,2019-01-17,2019-07-20,No,11,Early Intervention,Federal
0000003429,003429,Early Head Start,2019-07-30,2019-08-11,2020-04-11,No,115,,Local
0000003430,003430,Child Care,2022-03-30,2022-04-28,2023-09-24,No,153,,Local
0000003430,003430,Child Care,2023-10-18,2023-10-24,2025-01-23,No,36,,Private
0000003431,003431,Child Care,2023-05-01,2023-05-26,2024-12-04,No,156,,Local
0000003431,003431,Head Start,2024-12-13,2025-01-02,2025-11-16,No,149,Pre-K,State
0000003432,003432,First Steps,2022-11-30,2022-12-07,2024-02-05,No,40,Early Intervention,Federal
0000003432,003432,Home Visiting,2024-04-04,2024-04-24,2025-08-15,Yes,4,,State
0000003433,003433,Early Head Start,2020-04-30,2020-05-14,2022-01-21,No,158,,State
0000003434,003434,Child Care,2019-10-05,2019-10-21,2021-07-12,No,132,,Local
0000003434,003434,Child Care,2021-08-20,2021-08-28,2023-10-30,No,113,,Local
0000003434,003434,Head Start,2024-02-01,2024-02-08,2024-09-20,No,91,Pre-K,Private
0000003434,003434,Early Head Start,2020-03-23,2020-04-15,2022-02-14,No,110,,Federal
0000003435,003435,Child Care,2018-06-23,2018-06-29,2018-11-30,No,70,,Federal
0000003436,003436,Childcare Subsidy,2019-01-26,2019-02-08,2022-01-04,No,110,,Local
0000003436,003436,Childcare Subsidy,2019-03-10,2019-03-25,2023-08-16,No,89,,Local
0000003436,003436,Home Visiting,2019-02-16,2019-02-17,2020-07-29,Yes,12,,Federal
0000003437,003437,Early Intervention,2021-04-07,2021-04-17,2021-12-14,No,28,Early Intervention,Federal
0000003438,003438,Childcare Subsidy,2022-09-15,2022-09-23,2023-02-26,No,54,,Local
0000003439,003439,Child Care,2020-11-21,2020-12-16,2022-01-11,No,104,,Local
0000003439,003439,First Steps,2022-05-08,2022-05-26,2023-11-23,No,22,Early Intervention,Private
0000003439,003439,State Pre-K,2024-03-09,2024-04-07,2024-11-06,No,100,Pre-K,State
0000003440,003440,Home Visiting,2021-02-20,2021-02-28,2022-07-19,Yes,19,,Local
0000003441,003441,Child Care,2021-12-22,2021-12-30,2022-12-05,No,111,,Private
0000003441,003441,Child Care,2023-05-20,2023-06-18,2024-02-06,No,35,,Federal
0000003442,003442,Childcare Subsidy,2020-11-29,2020-12-11,2022-04-05,No,133,,Local
0000003443,003443,First Steps,2022-06-03,2022-06-22,2023-09-25,No,15,Early Intervention,State
0000003443,003443,Early Intervention,2022-07-22,2022-08-06,2025-09-05,No,34,Early Intervention,Federal
0000003443,003443,Head Start,2025-10-11,2025-10-23,2026-08-25,No,86,Pre-K,Local
0000003444,003444,Child Care,2021-05-16,2021-05-22,2023-10-02,No,98,,State
0000003444,003444,Childcare Subsidy,2023-10-17,2023-11-15,2025-08-15,No,70,,Private
0000003445,003445,Early Intervention,2022-06-06,2022-06-23,2023-04-28,No,28,Early Intervention,Local
0000003445,003445,Child Care,2023-04-30,2023-05-21,2024-05-09,No,47,,Federal
0000003445,003445,Home Visiting,2024-06-01,2024-06-06,2025-01-20,Yes,12,,Federal
0000003445,003445,Child Care,2025-02-01,2025-02-15,2026-02-01,No,86,,Federal
0000003446,003446,Childcare Subsidy,2019-06-08,2019-06-15,2019-12-15,No,177,,State
0000003446,003446,Child Care,2019-07-15,2019-07-30,2020-08-17,No,65,,Federal
0000003446,003446,Home Visiting,2020-08-19,2020-09-12,2022-05-23,Yes,18,,State
0000003447,003447,Child Care,2020-12-12,2021-01-08,2022-09-27,No,49,,State
0000003448,003448,Home Visiting,2022-02-06,2022-02-25,2023-07-09,Yes,7,,Local
0000003449,003449,Child Care,2020-06-27,2020-07-16,2023-06-08,No,160,,Local
0000003449,003449,Head Start,2023-08-13,2023-08-28,2025-03-24,No,102,Pre-K,State
0000003450,003450,Early Intervention,2022-08-21,2022-09-07,2024-04-12,No,42,Early Intervention,State
0000003450,003450,Childcare Subsidy,2024-06-27,2024-07-15,2025-08-19,No,77,,Federal
0000003451,003451,Early Intervention,2021-12-19,2022-01-14,2023-11-01,No,31,Early Intervention,Local
0000003451,003451,Child Care,2023-11-05,2023-11-25,2025-09-12,No,92,,State
0000003452,003452,Childcare Subsidy,2021-01-08,2021-01-22,2023-11-14,No,185,,Private
0000003452,003452,Childcare Subsidy,2023-12-01,2023-12-15,2025-12-31,No,116,,State
0000003452,003452,Early Intervention,2021-07-03,2021-07-16,2022-12-04,No,57,Early Intervention,Federal
0000003453,003453,Child Care,2020-01-25,2020-02-04,2020-11-17,No,83,,State
0000003453,003453,Home Visiting,2020-03-05,2020-03-20,2021-11-11,Yes,19,,Federal
0000003454,003454,Child Care,2022-08-05,2022-08-31,2024-02-27,No,68,,Private
0000003454,003454,Childcare Subsidy,2024-03-07,2024-04-04,2025-04-08,No,68,,Federal
0000003454,003454,Childcare Subsidy,2025-05-05,2025-05-06,2026-05-19,No,140,,Local
0000003454,003454,Childcare Subsidy,2021-12-07,2021-12-15,2023-12-06,No,109,,Local
0000003455,003455,Home Visiting,2019-12-24,2019-12-31,2020-12-23,Yes,8,,Local
0000003455,003455,Early Head Start,2021-01-10,2021-02-09,2022-11-18,No,91,,State
0000003455,003455,Child Care,2022-12-18,2023-01-01,2023-08-07,No,53,,Private
0000003456,003456,Early Intervention,2020-05-17,2020-05-27,2020-11-20,No,31,Early Intervention,Private
0000003456,003456,Early Intervention,2020-12-02,2020-12-21,2021-11-23,No,26,Early Intervention,Private
0000003456,003456,First Steps,2021-12-10,2022-01-09,2022-12-18,No,33,Early Intervention,Local
0000003457,003457,Home Visiting,2020-02-13,2020-02-21,2022-02-08,Yes,13,,Private
0000003458,003458,Child Care,2018-07-15,2018-08-06,2019-06-07,No,148,,Federal
0000003458,003458,First Steps,2019-06-17,2019-06-28,2021-03-07,No,21,Early Intervention,Federal
0000003458,003458,Early Intervention,2021-03-26,2021-04-17,2022-04-19,No,47,Early Intervention,Federal
0000003459,003459,Child Care,2021-10-29,2021-10-30,2023-09-21,No,152,,Private
0000003459,003459,Childcare Subsidy,2021-11-29,2021-12-14,2025-05-31,No,157,,Federal
0000003460,003460,Childcare Subsidy,2020-05-15,2020-06-13,2021-01-09,No,134,,State
0000003461,003461,Early Head Start,2022-06-07,2022-07-05,2025-06-09,No,89,,State
0000003461,003461,Child Care,2025-06-12,2025-06-15,2027-03-15,No,136,,Local
0000003462,003462,First Steps,2022-10-14,2022-11-09,2024-07-14,No,46,Early Intervention,Federal
0000003463,003463,Childcare Subsidy,2019-08-24,2019-09-04,2021-03-07,No,121,,Federal
0000003463,003463,First Steps,2021-03-30,2021-04-16,2023-06-06,No,38,Early Intervention,Private
0000003464,003464,Child Care,2020-04-30,2020-05-18,2020-09-06,No,31,,State
0000003464,003464,Early Intervention,2020-11-07,2020-12-05,2021-02-12,No,19,Early Intervention,Private
0000003465,003465,Early Head Start,2021-05-11,2021-05-27,2022-05-05,No,96,,Federal
0000003466,003466,First Steps,2019-08-03,2019-08-17,2022-08-11,No,44,Early Intervention,Federal
0000003467,003467,Early Intervention,2019-11-29,2019-12-18,2020-09-15,No,36,Early Intervention,Local
0000003467,003467,Early Head Start,2020-01-17,2020-02-01,2022-04-15,No,150,,State
0000003467,003467,Child Care,2022-07-19,2022-07-20,2023-12-21,No,57,,Private
0000003468,003468,Early Intervention,2022-10-24,2022-11-22,2023-12-09,No,14,Early Intervention,Federal
0000003469,003469,Home Visiting,2018-11-30,2018-12-04,2020-12-31,Yes,7,,Private
0000003469,003469,Home Visiting,2021-01-05,2021-01-08,2022-09-24,Yes,7,,Private
0000003469,003469,Child Care,2022-10-04,2022-10-05,2024-01-04,No,87,,Federal
0000003470,003470,Home Visiting,2018-11-30,2018-12-23,2021-04-14,Yes,11,,State
0000003470,003470,Head Start,2019-01-22,2019-02-06,2023-09-11,No,144,Pre-K,Private
0000003471,003471,Early Head Start,2022-05-14,2022-05-20,2024-11-20,No,188,,Local
0000003471,003471,Child Care,2025-02-17,2025-02-20,2027-04-08,No,146,,Private
0000003472,003472,First Steps,2020-08-17,2020-09-06,2020-11-08,No,29,Early Intervention,Federal
0000003473,003473,Home Visiting,2021-12-13,2022-01-06,2023-07-13,Yes,18,,State
0000003473,003473,Early Intervention,2023-10-30,2023-11-24,2024-08-31,No,27,Early Intervention,Local
0000003474,003474,Childcare Subsidy,2021-01-16,2021-01-31,2022-08-12,No,81,,Federal
0000003474,003474,Home Visiting,2022-08-18,2022-09-10,2024-04-13,Yes,8,,Federal
0000003475,003475,Early Intervention,2020-07-12,2020-08-09,2022-01-28,No,16,Early Intervention,Federal
0000003475,003475,Home Visiting,2022-02-24,2022-03-11,2022-11-28,Yes,16,,Private
0000003476,003476,Home Visiting,2020-03-04,2020-03-26,2021-05-30,Yes,28,,Federal
0000003477,003477,First Steps,2022-06-01,2022-06-02,2024-01-11,No,14,Early Intervention,Local
0000003477,003477,Childcare Subsidy,2024-02-10,2024-02-11,2025-11-12,No,136,,Local
0000003478,003478,Child Care,2019-12-16,2020-01-08,2021-06-10,No,155,,Local
0000003478,003478,Child Care,2021-09-25,2021-09-29,2023-09-18,No,134,,Local
0000003478,003478,Head Start,2023-11-24,2023-11-28,2024-08-22,No,129,Pre-K,Federal
0000003479,003479,Home Visiting,2021-08-11,2021-08-22,2023-07-21,Yes,12,,Local
0000003479,003479,Head Start,2023-10-27,2023-11-19,2024-08-23,No,105,Pre-K,Local
0000003479,003479,State Pre-K,2024-12-03,2024-12-11,2025-10-24,No,76,Pre-K,Local
0000003480,003480,Childcare Subsidy,2019-12-03,2019-12-19,2020-05-05,No,127,,Private
0000003481,003481,Childcare Subsidy,2018-09-05,2018-09-28,2020-07-31,No,183,,Private
0000003482,003482,Home Visiting,2018-07-03,2018-07-04,2019-04-24,Yes,20,,Private
0000003482,003482,Home Visiting,2019-05-31,2019-06-02,2020-08-24,Yes,19,,Private
0000003483,003483,Childcare Subsidy,2021-01-27,2021-02-07,2021-05-15,No,80,,Private
0000003484,003484,Early Head Start,2018-04-10,2018-04-22,2020-01-06,No,171,,Federal
0000003484,003484,Childcare Subsidy,2020-01-12,2020-02-05,2020-10-13,No,41,,Federal
0000003485,003485,Child Care,2022-05-07,2022-05-31,2024-01-18,No,60,,Private
0000003485,003485,Child Care,2024-04-21,2024-05-17,2026-03-21,No,40,,Private
0000003485,003485,Home Visiting,2021-10-12,2021-11-05,2022-07-27,Yes,16,,Private
0000003486,003486,First Steps,2019-11-24,2019-12-06,2020-11-14,No,33,Early Intervention,Private
0000003487,003487,Child Care,2020-12-08,2020-12-24,2021-12-06,No,88,,Private
0000003487,003487,Home Visiting,2022-02-03,2022-02-05,2022-12-22,Yes,12,,State
0000003488,003488,Home Visiting,2022-02-18,2022-03-08,2024-08-27,Yes,7,,Local
0000003488,003488,Childcare Subsidy,2024-09-07,2024-09-13,2026-03-23,No,200,,Local
0000003489,003489,First Steps,2020-05-08,2020-05-10,2022-08-23,No,43,Early Intervention,Local
0000003490,003490,Child Care,2020-10-30,2020-11-13,2021-08-10,No,95,,Private
0000003490,003490,Child Care,2021-08-13,2021-09-11,2022-03-08,No,98,,Federal
0000003490,003490,Early Head Start,2022-03-24,2022-03-26,2022-09-26,No,85,,State
0000003490,003490,State Pre-K,2022-10-18,2022-10-24,2023-07-21,No,129,Pre-K,Private
0000003490,003490,State Pre-K,2023-08-20,2023-09-06,2024-02-16,No,71,Pre-K,Private
0000003491,003491,Home Visiting,2019-07-20,2019-08-14,2021-05-26,Yes,12,,Federal
0000003491,003491,State Pre-K,2021-09-05,2021-09-08,2022-08-02,No,151,Pre-K,Local
0000003491,003491,Head Start,2022-11-18,2022-12-04,2023-09-16,No,123,Pre-K,State
0000003492,003492,Early Head Start,2023-08-06,2023-08-14,2025-02-14,No,157,,Federal
0000003492,003492,Head Start,2023-09-13,2023-09-28,2026-11-07,No,105,Pre-K,Local
0000003493,003493,Child Care,2021-10-02,2021-10-09,2023-07-25,No,90,,Federal
0000003493,003493,Child Care,2021-11-08,2021-11-23,2024-09-04,No,146,,Private
0000003494,003494,First Steps,2021-04-19,2021-05-10,2023-03-01,No,33,Early Intervention,Local
0000003494,003494,Home Visiting,2023-03-12,2023-03-26,2024-07-10,Yes,22,,Private
0000003495,003495,Early Head Start,2020-06-24,2020-06-27,2020-09-13,No,90,,Federal
0000003495,003495,Early Head Start,2020-09-16,2020-09-25,2021-01-12,No,113,,Federal
0000003496,003496,Childcare Subsidy,2022-02-18,2022-02-23,2024-10-14,No,68,,Federal
0000003496,003496,Head Start,2024-10-17,2024-10-24,2025-11-23,No,95,Pre-K,Federal
0000003496,003496,Early Head Start,2021-11-14,2021-12-12,2024-11-19,No,195,,Private
0000003497,003497,Child Care,2020-01-24,2020-02-13,2021-02-03,No,162,,Local
0000003498,003498,First Steps,2022-08-10,2022-09-03,2024-12-19,No,43,Early Intervention,Local
0000003499,003499,Home Visiting,2020-03-15,2020-03-24,2020-12-07,Yes,7,,Federal
0000003499,003499,Childcare Subsidy,2021-01-20,2021-01-21,2022-08-02,No,146,,Federal
0000003500,003500,Childcare Subsidy,2020-08-19,2020-09-06,2021-06-02,No,127,,Federal
0000003501,003501,Child Care,2022-10-21,2022-11-02,2023-05-07,No,134,,Private
0000003501,003501,Early Intervention,2023-06-06,2023-07-01,2025-04-17,No,20,Early Intervention,State
0000003502,003502,Early Intervention,2021-05-14,2021-05-19,2022-01-17,No,47,Early Intervention,Private
0000003502,003502,Early Intervention,2022-01-31,2022-02-10,2024-01-24,No,10,Early Intervention,Federal
0000003502,003502,First Steps,2024-02-02,2024-02-10,2025-04-19,No,52,Early Intervention,Private
0000003503,003503,Early Intervention,2022-11-18,2022-12-08,2025-01-16,No,15,Early Intervention,Federal
0000003504,003504,Child Care,2020-01-29,2020-02-02,2020-10-03,No,48,,Private
0000003504,003504,Childcare Subsidy,2020-11-01,2020-11-16,2022-04-13,No,164,,Local
0000003504,003504,Child Care,2022-05-13,2022-05-21,2023-10-14,No,80,,Federal
0000003505,003505,Early Intervention,2021-11-19,2021-12-07,2023-02-10,No,43,Early Intervention,Private
0000003506,003506,Child Care,2022-04-30,2022-05-04,2023-11-02,No,49,,Private
0000003506,003506,Childcare Subsidy,2022-06-03,2022-06-18,2025-11-22,No,107,,State
0000003506,003506,Head Start,2025-12-20,2026-01-15,2027-05-08,No,101,Pre-K,Federal
0000003506,003506,Home Visiting,2022-11-08,2022-12-06,2024-09-01,Yes,18,,Federal
0000003506,003506,Childcare Subsidy,2024-10-01,2024-10-23,2025-06-20,No,153,,Federal
0000003507,003507,Early Head Start,2021-04-06,2021-05-05,2021-10-14,No,134,,Private
0000003507,003507,Early Head Start,2021-11-11,2021-11-18,2022-04-30,No,37,,Federal
0000003507,003507,First Steps,2022-05-14,2022-05-25,2022-10-05,No,7,Early Intervention,Federal
0000003508,003508,Childcare Subsidy,2021-09-07,2021-10-02,2024-07-31,No,193,,State
0000003508,003508,Head Start,2024-08-30,2024-09-18,2025-06-04,No,93,Pre-K,Local
0000003509,003509,Early Head Start,2022-06-12,2022-06-29,2024-01-03,No,58,,State
0000003510,003510,First Steps,2021-01-06,2021-01-16,2023-03-12,No,29,Early Intervention,Local
0000003510,003510,State Pre-K,2023-03-28,2023-04-09,2024-06-02,No,115,Pre-K,Federal
0000003511,003511,Home Visiting,2022-07-27,2022-08-25,2023-07-21,Yes,5,,Local
0000003512,003512,First Steps,2023-03-08,2023-03-24,2023-10-14,No,12,Early Intervention,Private
0000003512,003512,Early Head Start,2023-10-19,2023-11-01,2024-05-31,No,74,,Local
0000003513,003513,Child Care,2019-07-18,2019-08-07,2021-11-24,No,122,,Federal
0000003514,003514,Childcare Subsidy,2018-07-23,2018-08-22,2019-07-14,No,61,,Federal
0000003514,003514,Early Head Start,2018-09-21,2018-10-06,2021-01-09,No,177,,Local
0000003515,003515,Child Care,2018-10-22,2018-11-12,2020-05-23,No,66,,Local
0000003515,003515,Home Visiting,2020-08-22,2020-09-11,2021-06-28,Yes,12,,Local
0000003515,003515,Head Start,2021-10-22,2021-11-04,2023-08-05,No,151,Pre-K,Local
0000003516,003516,Early Head Start,2021-09-25,2021-10-16,2022-07-23,No,121,,Local
0000003516,003516,Child Care,2022-07-30,2022-08-20,2022-12-26,No,47,,Private
0000003517,003517,Early Head Start,2022-10-29,2022-11-24,2024-10-08,No,102,,Federal
0000003518,003518,Early Intervention,2019-07-20,2019-08-08,2020-12-25,No,52,Early Intervention,State
0000003518,003518,Child Care,2021-01-17,2021-01-26,2023-10-24,No,175,,Private
0000003519,003519,Child Care,2019-12-08,2019-12-21,2021-01-29,No,159,,Private
0000003519,003519,Child Care,2021-05-04,2021-05-22,2023-04-22,No,103,,State
0000003519,003519,Child Care,2023-08-07,2023-08-28,2024-09-09,No,187,,Local
0000003520,003520,Child Care,2021-10-04,2021-10-10,2023-03-23,No,159,,Federal
0000003520,003520,Child Care,2023-04-17,2023-04-25,2024-04-05,No,134,,Local
0000003520,003520,State Pre-K,2024-04-18,2024-04-28,2025-09-01,No,148,Pre-K,Federal
0000003520,003520,Childcare Subsidy,2021-03-04,2021-03-28,2022-11-05,No,61,,Federal
0000003520,003520,Childcare Subsidy,2022-11-29,2022-12-14,2023-10-19,No,185,,Local
0000003521,003521,First Steps,2022-06-21,2022-06-25,2023-01-05,No,8,Early Intervention,Federal
0000003522,003522,Child Care,2019-10-30,2019-11-12,2020-08-19,No,119,,Federal
0000003522,003522,Child Care,2020-08-26,2020-09-04,2022-01-21,No,103,,Local
0000003523,003523,Early Intervention,2019-11-25,2019-12-08,2021-10-13,No,26,Early Intervention,Federal
0000003524,003524,First Steps,2018-11-19,2018-12-13,2019-11-10,No,38,Early Intervention,Local
0000003524,003524,Early Intervention,2020-01-16,2020-02-14,2020-12-24,No,34,Early Intervention,Local
0000003525,003525,Home Visiting,2021-09-18,2021-10-14,2022-05-17,Yes,18,,Federal
0000003526,003526,Home Visiting,2020-06-12,2020-07-04,2022-06-10,Yes,8,,Local
0000003527,003527,Childcare Subsidy,2019-01-13,2019-02-05,2020-04-30,No,73,,State
0000003527,003527,Childcare Subsidy,2020-05-13,2020-06-02,2021-01-31,No,110,,Federal
0000003528,003528,First Steps,2020-01-04,2020-01-24,2020-08-28,No,45,Early Intervention,Private
0000003528,003528,Home Visiting,2020-09-02,2020-09-11,2021-04-21,Yes,8,,Federal
0000003528,003528,First Steps,2021-04-28,2021-05-01,2021-11-27,No,37,Early Intervention,Private
0000003529,003529,First Steps,2019-09-02,2019-09-05,2020-07-15,No,22,Early Intervention,Private
0000003530,003530,Early Head Start,2020-06-21,2020-07-06,2022-06-28,No,172,,State
0000003531,003531,Early Head Start,2020-11-28,2020-12-03,2023-03-18,No,69,,Local
0000003532,003532,Early Head Start,2021-03-29,2021-04-18,2022-01-23,No,81,,Federal
0000003533,003533,Early Head Start,2020-07-01,2020-07-12,2021-05-19,No,80,,State
0000003533,003533,First Steps,2021-06-02,2021-06-14,2021-10-16,No,8,Early Intervention,Local
0000003534,003534,Childcare Subsidy,2020-11-28,2020-12-08,2022-03-27,No,181,,Private
0000003534,003534,Childcare Subsidy,2022-04-16,2022-05-16,2022-11-29,No,110,,Local
0000003535,003535,First Steps,2021-06-19,2021-06-25,2024-01-21,No,59,Early Intervention,Federal
0000003536,003536,Child Care,2021-05-20,2021-05-31,2023-07-16,No,186,,Private
0000003537,003537,Childcare Subsidy,2019-06-04,2019-07-01,2020-03-04,No,102,,Private
0000003538,003538,Early Head Start,2021-12-10,2021-12-19,2023-06-13,No,157,,State
0000003538,003538,Home Visiting,2023-06-28,2023-07-26,2025-05-13,Yes,22,,State
0000003539,003539,Childcare Subsidy,2020-02-21,2020-03-04,2021-12-15,No,137,,Local
0000003539,003539,Child Care,2022-01-04,2022-02-03,2022-08-26,No,171,,State
0000003539,003539,Head Start,2022-09-08,2022-09-22,2024-02-08,No,91,Pre-K,Federal
0000003540,003540,Early Intervention,2020-11-15,2020-12-02,2021-08-11,No,34,Early Intervention,Private
0000003541,003541,Early Intervention,2021-08-06,2021-09-01,2022-11-04,No,39,Early Intervention,Local
0000003541,003541,Child Care,2022-11-20,2022-11-25,2024-09-07,No,192,,State
0000003541,003541,State Pre-K,2024-10-02,2024-10-16,2026-02-17,No,121,Pre-K,State
0000003542,003542,Child Care,2020-12-02,2020-12-06,2022-03-22,No,51,,State
0000003542,003542,Childcare Subsidy,2022-04-12,2022-04-13,2023-08-03,No,79,,Local
0000003542,003542,Head Start,2023-08-28,2023-09-19,2025-09-20,No,134,Pre-K,Private
0000003543,003543,First Steps,2019-07-17,2019-07-19,2021-06-28,No,43,Early Intervention,Local
0000003544,003544,Childcare Subsidy,2019-11-15,2019-12-11,2021-07-06,No,81,,State
0000003544,003544,State Pre-K,2021-07-26,2021-08-20,2022-09-03,No,111,Pre-K,Federal
0000003545,003545,Home Visiting,2019-09-21,2019-10-06,2020-08-18,Yes,17,,Private
0000003545,003545,Childcare Subsidy,2020-08-23,2020-09-14,2022-06-08,No,51,,Private
0000003546,003546,Childcare Subsidy,2019-11-22,2019-11-30,2022-01-28,No,181,,State
0000003546,003546,Child Care,2022-01-30,2022-02-08,2023-10-13,No,169,,Federal
0000003546,003546,Home Visiting,2019-05-07,2019-05-15,2020-09-07,Yes,7,,Local
0000003547,003547,Early Intervention,2020-04-23,2020-05-10,2022-12-23,No,41,Early Intervention,Private
0000003548,003548,Early Head Start,2022-11-05,2022-12-01,2025-07-14,No,120,,State
0000003549,003549,Home Visiting,2020-08-30,2020-09-23,2021-06-25,Yes,12,,Private
0000003549,003549,Childcare Subsidy,2021-07-20,2021-08-08,2023-01-04,No,193,,Federal
0000003550,003550,First Steps,2019-03-13,2019-03-17,2020-02-10,No,20,Early Intervention,Federal
0000003551,003551,Childcare Subsidy,2021-12-12,2022-01-05,2023-04-09,No,169,,State
0000003551,003551,Early Head Start,2023-07-06,2023-07-23,2024-07-26,No,128,,Private
0000003551,003551,Child Care,2024-11-23,2024-12-23,2026-06-15,No,111,,Private
0000003552,003552,First Steps,2021-10-25,2021-11-12,2023-09-12,No,54,Early Intervention,Federal
0000003552,003552,Childcare Subsidy,2021-12-12,2021-12-27,2025-12-13,No,73,,Private
0000003553,003553,Child Care,2019-12-27,2020-01-14,2020-06-03,No,90,,Local
0000003553,003553,Home Visiting,2020-02-13,2020-02-28,2020-12-20,Yes,16,,Federal
0000003553,003553,Home Visiting,2021-01-07,2021-01-12,2021-10-20,Yes,11,,State
0000003554,003554,Child Care,2021-01-18,2021-01-30,2023-08-22,No,174,,Local
0000003554,003554,Childcare Subsidy,2023-09-16,2023-09-27,2025-05-12,No,178,,Local
0000003554,003554,Child Care,2020-11-12,2020-11-29,2022-05-15,No,157,,Federal
0000003555,003555,Early Intervention,2021-08-10,2021-08-17,2022-05-26,No,14,Early Intervention,Federal
0000003556,003556,Child Care,2021-02-25,2021-03-06,2023-04-25,No,52,,Private
0000003556,003556,Child Care,2023-06-23,2023-07-01,2025-04-12,No,74,,Private
0000003557,003557,Early Intervention,2023-01-24,2023-02-23,2025-11-07,No,17,Early Intervention,Local
0000003558,003558,Child Care,2021-11-04,2021-11-07,2022-01-13,No,157,,Private
0000003558,003558,Early Intervention,2022-02-12,2022-02-15,2022-05-15,No,29,Early Intervention,Private
0000003559,003559,Early Intervention,2021-09-10,2021-09-22,2022-06-03,No,21,Early Intervention,Private
0000003560,003560,Home Visiting,2022-03-18,2022-04-12,2023-04-06,Yes,9,,Private
0000003560,003560,Home Visiting,2023-04-24,2023-04-28,2023-10-28,Yes,5,,State
0000003561,003561,Early Head Start,2021-09-22,2021-10-05,2024-03-27,No,55,,Private
0000003561,003561,State Pre-K,2024-04-05,2024-04-30,2026-05-21,No,151,Pre-K,Federal
0000003562,003562,Early Head Start,2021-11-03,2021-11-07,2023-08-10,No,181,,Private
0000003563,003563,Childcare Subsidy,2019-03-12,2019-04-11,2021-01-08,No,58,,Federal
0000003563,003563,Early Head Start,2021-01-27,2021-02-14,2022-08-20,No,144,,Private
0000003564,003564,Childcare Subsidy,2021-01-10,2021-02-03,2022-12-12,No,122,,State
0000003564,003564,Child Care,2022-12-23,2022-12-25,2024-08-05,No,93,,Local
0000003564,003564,Home Visiting,2020-03-16,2020-03-27,2020-12-19,Yes,15,,State
0000003564,003564,Home Visiting,2021-01-01,2021-01-17,2022-12-18,Yes,13,,Private
0000003564,003564,Head Start,2023-01-01,2023-01-07,2024-09-13,No,126,Pre-K,Private
0000003565,003565,First Steps,2019-06-14,2019-07-09,2020-05-07,No,31,Early Intervention,State
0000003565,003565,Early Head Start,2019-08-08,2019-08-23,2022-01-02,No,98,,Local
0000003565,003565,Childcare Subsidy,2022-01-25,2022-02-13,2022-12-19,No,155,,Private
0000003566,003566,Early Head Start,2022-07-09,2022-07-15,2024-08-17,No,176,,Private
0000003567,003567,First Steps,2021-06-21,2021-07-19,2024-03-31,No,37,Early Intervention,State
0000003567,003567,State Pre-K,2024-06-15,2024-07-02,2026-05-17,No,85,Pre-K,State
0000003568,003568,Early Intervention,2023-08-15,2023-08-17,2024-05-31,No,25,Early Intervention,State
0000003568,003568,Child Care,2024-06-20,2024-07-18,2025-08-09,No,184,,Local
0000003569,003569,Home Visiting,2021-09-24,2021-09-26,2024-01-02,Yes,8,,Federal
0000003569,003569,Child Care,2024-01-26,2024-02-21,2025-06-22,No,174,,State
0000003569,003569,First Steps,2020-12-23,2020-12-31,2023-11-09,No,12,Early Intervention,State
0000003570,003570,Home Visiting,2021-07-06,2021-07-19,2024-06-21,Yes,22,,State
0000003570,003570,Childcare Subsidy,2024-07-20,2024-07-23,2025-12-27,No,137,,Federal
0000003571,003571,Home Visiting,2020-08-14,2020-09-08,2022-07-22,Yes,7,,Local
0000003572,003572,Early Head Start,2021-09-12,2021-09-27,2022-04-18,No,53,,Local
0000003573,003573,Childcare Subsidy,2020-09-14,2020-10-01,2021-09-25,No,52,,Private
0000003574,003574,First Steps,2019-08-08,2019-08-11,2020-08-25,No,20,Early Intervention,Local
0000003574,003574,Early Head Start,2020-11-11,2020-11-30,2023-06-20,No,146,,State
0000003575,003575,Child Care,2019-05-26,2019-06-24,2020-09-10,No,185,,Private
0000003575,003575,Childcare Subsidy,2020-10-13,2020-11-12,2022-10-08,No,174,,Federal
0000003576,003576,Home Visiting,2021-04-02,2021-04-12,2022-12-26,Yes,13,,Local
0000003576,003576,State Pre-K,2023-01-06,2023-01-13,2024-09-09,No,153,Pre-K,State
0000003577,003577,Childcare Subsidy,2022-05-23,2022-05-26,2023-08-20,No,141,,Private
0000003577,003577,Childcare Subsidy,2023-08-24,2023-09-23,2024-10-03,No,81,,Private
0000003577,003577,Early Intervention,2024-11-01,2024-11-11,2026-07-29,No,29,Early Intervention,Federal
0000003577,003577,Head Start,2026-08-24,2026-08-28,2027-05-15,No,81,Pre-K,Federal
0000003578,003578,Childcare Subsidy,2022-08-16,2022-08-20,2023-09-23,No,87,,State
0000003578,003578,Childcare Subsidy,2023-12-14,2023-12-30,2024-11-29,No,154,,Federal
0000003579,003579,Childcare Subsidy,2019-03-16,2019-04-15,2020-12-13,No,125,,State
0000003579,003579,First Steps,2019-05-15,2019-05-30,2022-12-16,No,11,Early Intervention,Private
0000003579,003579,Childcare Subsidy,2022-12-30,2023-01-02,2023-07-27,No,145,,Federal
0000003580,003580,Childcare Subsidy,2019-03-01,2019-03-07,2020-04-21,No,179,,State
0000003581,003581,Child Care,2019-10-12,2019-10-22,2020-09-18,No,117,,Private
0000003581,003581,Home Visiting,2020-09-28,2020-09-29,2020-12-18,Yes,10,,Federal
0000003582,003582,Child Care,2022-10-20,2022-10-25,2023-12-15,No,43,,Local
0000003583,003583,Childcare Subsidy,2023-03-12,2023-03-16,2024-12-04,No,118,,Federal
0000003583,003583,State Pre-K,2024-12-07,2024-12-17,2026-12-10,No,170,Pre-K,Federal
0000003584,003584,Early Intervention,2022-03-30,2022-04-26,2023-07-18,No,9,Early Intervention,Local
0000003584,003584,Early Head Start,2023-07-28,2023-07-29,2025-04-02,No,109,,Federal
0000003585,003585,Childcare Subsidy,2022-06-25,2022-07-20,2023-11-04,No,114,,Private
0000003586,003586,Child Care,2022-04-13,2022-05-06,2023-05-06,No,39,,Private
0000003586,003586,Early Head Start,2023-06-03,2023-06-09,2023-10-24,No,161,,Federal
0000003587,003587,Early Intervention,2021-11-22,2021-12-10,2022-08-13,No,19,Early Intervention,Federal
0000003587,003587,Home Visiting,2022-08-18,2022-08-19,2024-01-03,Yes,13,,State
0000003588,003588,Home Visiting,2022-03-14,2022-03-18,2024-10-01,Yes,7,,Local
0000003588,003588,Child Care,2024-10-28,2024-10-30,2025-11-27,No,121,,Local
0000003588,003588,Head Start,2025-12-01,2025-12-05,2027-04-09,No,98,Pre-K,Federal
0000003588,003588,Childcare Subsidy,2022-10-10,2022-10-20,2025-05-29,No,195,,Private
0000003588,003588,Childcare Subsidy,2025-06-10,2025-07-06,2027-04-09,No,76,,Local
0000003589,003589,Home Visiting,2020-07-02,2020-07-25,2021-12-19,Yes,10,,Local
0000003590,003590,Home Visiting,2021-04-15,2021-05-03,2023-01-30,Yes,15,,Federal
0000003591,003591,First Steps,2022-12-30,2023-01-27,2023-07-30,No,39,Early Intervention,Federal
0000003591,003591,Home Visiting,2023-08-17,2023-08-28,2024-07-20,Yes,15,,State
0000003592,003592,Early Intervention,2018-06-08,2018-07-07,2018-09-30,No,37,Early Intervention,Local
0000003593,003593,Child Care,2022-10-11,2022-11-09,2023-01-15,No,39,,Local
0000003594,003594,Childcare Subsidy,2022-03-20,2022-04-02,2023-05-07,No,83,,Private
0000003595,003595,Child Care,2022-09-20,2022-10-01,2024-09-29,No,72,,Private
0000003595,003595,Head Start,2022-10-31,2022-11-15,2026-04-17,No,99,Pre-K,Federal
0000003595,003595,Childcare Subsidy,2022-03-17,2022-04-07,2024-03-06,No,115,,Local
0000003596,003596,Home Visiting,2021-03-25,2021-03-29,2022-07-10,Yes,27,,Local
0000003596,003596,Early Head Start,2022-08-08,2022-08-22,2025-01-11,No,200,,State
0000003596,003596,Head Start,2025-01-14,2025-01-21,2026-04-16,No,161,Pre-K,State
0000003597,003597,First Steps,2021-05-24,2021-06-17,2022-03-16,No,32,Early Intervention,State
0000003597,003597,Home Visiting,2022-04-07,2022-04-18,2022-10-24,Yes,11,,State
0000003598,003598,First Steps,2021-06-16,2021-07-03,2022-04-26,No,15,Early Intervention,Private
0000003598,003598,Early Head Start,2022-05-05,2022-05-11,2022-08-12,No,54,,Local
0000003599,003599,Early Intervention,2020-07-23,2020-08-07,2023-06-13,No,23,Early Intervention,State
0000003599,003599,State Pre-K,2023-06-30,2023-07-09,2025-05-05,No,87,Pre-K,State
0000003600,003600,Child Care,2023-02-02,2023-02-05,2023-09-09,No,85,,Federal
0000003600,003600,First Steps,2023-11-26,2023-12-01,2024-08-05,No,10,Early Intervention,Private
0000003600,003600,State Pre-K,2024-09-16,2024-10-10,2026-02-07,No,106,Pre-K,Local
0000003600,003600,Home Visiting,2022-02-22,2022-03-17,2023-02-02,Yes,8,,Private
0000003601,003601,Home Visiting,2021-06-20,2021-06-28,2021-11-22,Yes,11,,Private
0000003602,003602,Early Intervention,2022-02-25,2022-03-01,2023-10-07,No,29,Early Intervention,Private
0000003603,003603,Home Visiting,2021-01-03,2021-01-25,2021-12-01,Yes,13,,Private
0000003603,003603,Early Intervention,2021-12-23,2022-01-02,2022-11-01,No,35,Early Intervention,Private
0000003603,003603,Child Care,2022-11-08,2022-11-29,2023-04-22,No,141,,Local
0000003604,003604,Childcare Subsidy,2021-08-11,2021-08-31,2022-04-28,No,95,,Local
0000003604,003604,Early Head Start,2021-09-30,2021-10-15,2022-12-13,No,78,,Private
0000003604,003604,Childcare Subsidy,2022-12-17,2023-01-04,2023-11-21,No,115,,Private
0000003605,003605,First Steps,2019-12-16,2019-12-17,2020-12-18,No,56,Early Intervention,Federal
0000003605,003605,Early Intervention,2021-01-06,2021-01-18,2022-10-21,No,49,Early Intervention,Private
0000003605,003605,State Pre-K,2022-11-01,2022-11-14,2024-08-18,No,116,Pre-K,Local
0000003606,003606,Home Visiting,2022-08-28,2022-09-26,2023-07-07,Yes,9,,Local
0000003606,003606,Early Intervention,2023-11-28,2023-12-05,2024-04-02,No,17,Early Intervention,Private
0000003607,003607,Childcare Subsidy,2019-03-11,2019-03-15,2020-12-13,No,196,,State
0000003608,003608,Child Care,2022-02-20,2022-03-16,2024-01-27,No,106,,Local
0000003609,003609,Early Head Start,2021-08-14,2021-08-28,2024-06-19,No,136,,State
0000003610,003610,Home Visiting,2022-04-23,2022-05-01,2024-09-28,Yes,12,,Federal
0000003611,003611,Childcare Subsidy,2021-07-10,2021-08-09,2023-05-07,No,138,,Local
0000003612,003612,Early Intervention,2019-12-04,2019-12-17,2022-06-02,No,55,Early Intervention,State
0000003613,003613,Early Head Start,2022-06-28,2022-07-10,2023-05-08,No,122,,Federal
0000003614,003614,Early Head Start,2018-12-11,2019-01-02,2019-11-16,No,157,,Federal
0000003615,003615,First Steps,2020-11-12,2020-12-01,2021-06-08,No,36,Early Intervention,Federal
0000003615,003615,Early Head Start,2021-06-30,2021-07-19,2022-05-02,No,41,,Local
0000003616,003616,Childcare Subsidy,2021-12-17,2021-12-31,2022-05-23,No,45,,Federal
0000003617,003617,Early Intervention,2021-07-21,2021-08-15,2023-05-11,No,26,Early Intervention,Private
0000003618,003618,Childcare Subsidy,2021-08-08,2021-08-26,2023-12-28,No,147,,Private
0000003619,003619,Early Intervention,2021-12-17,2021-12-25,2023-02-08,No,50,Early Intervention,Federal
0000003619,003619,Child Care,2023-05-27,2023-05-31,2026-01-11,No,126,,Federal
0000003620,003620,Child Care,2022-10-24,2022-11-21,2024-01-13,No,82,,Private
0000003621,003621,Early Intervention,2022-05-07,2022-06-01,2024-06-07,No,26,Early Intervention,State
0000003621,003621,First Steps,2024-06-09,2024-07-02,2025-10-18,No,36,Early Intervention,Private
0000003622,003622,Child Care,2021-04-02,2021-04-19,2023-05-19,No,152,,Private
0000003623,003623,Early Head Start,2023-03-29,2023-04-26,2025-01-28,No,94,,Private
0000003623,003623,Childcare Subsidy,2025-02-10,2025-02-28,2026-01-07,No,113,,Local
0000003624,003624,Early Intervention,2021-11-16,2021-11-28,2022-09-21,No,27,Early Intervention,State
0000003624,003624,Child Care,2023-01-23,2023-02-05,2023-10-02,No,51,,State
0000003624,003624,State Pre-K,2023-12-02,2023-12-17,2024-08-25,No,120,Pre-K,State
0000003624,003624,First Steps,2020-12-04,2021-01-03,2021-08-27,No,15,Early Intervention,Private
0000003624,003624,Child Care,2022-01-14,2022-01-19,2022-08-27,No,34,,State
0000003625,003625,Home Visiting,2022-01-21,2022-02-06,2023-04-04,Yes,4,,Federal
0000003625,003625,Childcare Subsidy,2023-04-24,2023-05-23,2025-05-14,No,199,,State
0000003625,003625,Childcare Subsidy,2025-05-29,2025-06-02,2026-01-21,No,109,,Private
0000003626,003626,Early Intervention,2023-03-23,2023-04-09,2024-03-27,No,29,Early Intervention,Local
0000003626,003626,Childcare Subsidy,2024-08-27,2024-08-28,2025-08-20,No,76,,Local
0000003627,003627,Childcare Subsidy,2022-04-21,2022-05-13,2023-07-19,No,60,,Private
0000003628,003628,First Steps,2019-12-26,2020-01-05,2020-08-26,No,17,Early Intervention,Local
0000003628,003628,Early Intervention,2020-09-25,2020-10-17,2021-04-07,No,30,Early Intervention,Private
0000003629,003629,Early Intervention,2021-12-13,2021-12-24,2023-03-10,No,38,Early Intervention,Private
0000003629,003629,Head Start,2023-04-01,2023-04-22,2025-02-04,No,95,Pre-K,Local
0000003630,003630,First Steps,2022-09-21,2022-10-21,2023-08-31,No,19,Early Intervention,Private
0000003630,003630,Child Care,2023-09-09,2023-10-09,2024-09-19,No,70,,State
0000003630,003630,First Steps,2024-10-06,2024-10-14,2025-09-08,No,15,Early Intervention,Federal
0000003631,003631,Early Head Start,2018-09-06,2018-09-18,2021-09-16,No,86,,Private
0000003632,003632,Childcare Subsidy,2022-06-03,2022-06-24,2023-12-28,No,103,,Local
0000003633,003633,Early Intervention,2020-04-12,2020-04-29,2021-10-11,No,24,Early Intervention,Private
0000003633,003633,Childcare Subsidy,2021-12-24,2022-01-17,2023-08-14,No,49,,Federal
0000003634,003634,Child Care,2019-07-24,2019-08-14,2021-01-08,No,56,,Local
0000003635,003635,Child Care,2021-11-22,2021-11-23,2024-07-30,No,140,,Federal
0000003635,003635,State Pre-K,2024-08-03,2024-08-09,2026-05-20,No,89,Pre-K,Federal
0000003636,003636,First Steps,2020-06-28,2020-07-14,2021-05-24,No,26,Early Intervention,Local
0000003636,003636,Home Visiting,2021-06-16,2021-07-07,2022-03-23,Yes,17,,Local
0000003637,003637,Childcare Subsidy,2019-01-17,2019-02-09,2021-11-24,No,80,,State
0000003637,003637,Childcare Subsidy,2019-03-11,2019-03-26,2023-09-08,No,175,,Private
0000003638,003638,First Steps,2021-06-22,2021-07-09,2022-05-13,No,10,Early Intervention,Private
0000003638,003638,Home Visiting,2022-05-23,2022-06-10,2022-10-18,Yes,6,,State
0000003639,003639,Childcare Subsidy,2020-09-12,2020-09-18,2022-04-25,No,172,,Private
0000003640,003640,Child Care,2022-06-26,2022-07-26,2024-05-11,No,73,,Local
0000003640,003640,State Pre-K,2024-08-03,2024-08-27,2026-02-12,No,86,Pre-K,Federal
0000003641,003641,Child Care,2021-06-12,2021-06-20,2023-06-02,No,179,,Local
0000003642,003642,Child Care,2020-01-13,2020-01-21,2021-03-10,No,122,,Private
0000003642,003642,Early Intervention,2021-03-19,2021-04-03,2023-02-27,No,38,Early Intervention,Federal
0000003642,003642,Child Care,2023-03-18,2023-03-28,2024-05-13,No,181,,Federal
0000003642,003642,Early Head Start,2019-11-14,2019-11-23,2022-05-21,No,136,,Federal
0000003643,003643,Early Intervention,2019-03-29,2019-04-24,2020-08-19,No,21,Early Intervention,Private
0000003643,003643,Early Head Start,2020-09-09,2020-09-20,2022-01-21,No,149,,Private
0000003643,003643,Head Start,2022-02-16,2022-03-01,2023-05-01,No,138,Pre-K,Local
0000003644,003644,Childcare Subsidy,2023-05-14,2023-05-29,2024-05-24,No,41,,Federal
0000003644,003644,Early Head Start,2024-06-07,2024-06-29,2025-03-14,No,137,,State
0000003645,003645,Home Visiting,2020-11-27,2020-12-01,2022-11-12,Yes,18,,State
0000003646,003646,Home Visiting,2021-08-28,2021-09-02,2023-10-30,Yes,9,,State
0000003647,003647,Child Care,2022-10-04,2022-10-08,2025-07-03,No,210,,Local
0000003647,003647,Child Care,2025-07-31,2025-08-09,2026-05-17,No,145,,Private
0000003647,003647,Child Care,2021-11-17,2021-12-01,2023-11-03,No,130,,Federal
0000003648,003648,First Steps,2021-01-05,2021-01-09,2021-11-06,No,14,Early Intervention,Private
0000003648,003648,Childcare Subsidy,2022-03-30,2022-04-08,2022-10-26,No,67,,Federal
0000003649,003649,First Steps,2021-09-05,2021-09-15,2022-07-26,No,39,Early Intervention,Local
0000003650,003650,Early Intervention,2021-01-15,2021-02-14,2023-02-25,No,15,Early Intervention,Federal
0000003650,003650,Childcare Subsidy,2023-06-16,2023-06-26,2025-09-06,No,92,,Private
0000003651,003651,Early Head Start,2020-04-24,2020-05-19,2021-12-17,No,75,,Federal
0000003652,003652,Early Head Start,2018-10-07,2018-10-20,2021-07-02,No,179,,Private
0000003652,003652,Childcare Subsidy,2021-07-27,2021-08-08,2023-03-06,No,65,,Private
0000003652,003652,Childcare Subsidy,2023-03-14,2023-03-23,2024-01-31,No,182,,Private
0000003653,003653,First Steps,2021-07-26,2021-08-18,2022-08-16,No,29,Early Intervention,Private
0000003653,003653,Home Visiting,2021-09-17,2021-10-02,2023-03-20,Yes,19,,State
0000003653,003653,Early Head Start,2023-04-10,2023-04-14,2023-10-23,No,141,,State
0000003654,003654,Early Intervention,2019-05-03,2019-05-28,2019-10-02,No,11,Early Intervention,State
0000003655,003655,Child Care,2020-08-12,2020-09-02,2021-01-30,No,127,,Private
0000003656,003656,Child Care,2022-10-11,2022-11-01,2024-10-20,No,140,,State
0000003656,003656,Childcare Subsidy,2025-02-01,2025-02-16,2026-10-20,No,157,,Private
0000003657,003657,Early Intervention,2019-12-09,2019-12-24,2020-10-03,No,31,Early Intervention,Federal
0000003657,003657,Child Care,2020-10-12,2020-10-31,2022-08-03,No,139,,Private
0000003657,003657,Child Care,2022-08-25,2022-09-16,2024-02-04,No,122,,Private
0000003658,003658,Childcare Subsidy,2023-03-30,2023-04-19,2025-02-06,No,126,,State
0000003659,003659,Child Care,2021-09-05,2021-09-14,2022-08-01,No,85,,Private
0000003659,003659,Child Care,2022-08-14,2022-08-20,2024-02-21,No,122,,Local
0000003659,003659,Childcare Subsidy,2024-03-14,2024-04-09,2026-02-14,No,109,,Federal
0000003660,003660,Early Head Start,2022-10-26,2022-11-14,2023-04-12,No,27,,Private
0000003660,003660,Early Intervention,2023-07-23,2023-08-22,2024-07-24,No,26,Early Intervention,Federal
0000003661,003661,Home Visiting,2019-05-19,2019-05-25,2022-04-08,Yes,17,,State
0000003661,003661,Head Start,2019-06-24,2019-07-09,2024-07-19,No,151,Pre-K,State
0000003662,003662,Home Visiting,2021-08-10,2021-09-04,2022-11-26,Yes,4,,Local
0000003663,003663,Early Head Start,2023-01-04,2023-01-31,2024-12-25,No,107,,Federal
0000003664,003664,Childcare Subsidy,2021-01-18,2021-01-20,2022-12-28,No,147,,State
0000003665,003665,Home Visiting,2022-02-27,2022-03-25,2023-05-14,Yes,21,,Private
0000003665,003665,First Steps,2023-06-10,2023-06-15,2025-01-18,No,26,Early Intervention,Federal
0000003665,003665,State Pre-K,2025-02-10,2025-02-26,2026-02-12,No,73,Pre-K,Local
0000003666,003666,Home Visiting,2020-09-05,2020-09-28,2021-03-01,Yes,8,,Federal
0000003666,003666,Early Head Start,2021-03-30,2021-04-07,2022-03-29,No,30,,State
0000003667,003667,Early Intervention,2020-04-05,2020-04-10,2022-11-10,No,36,Early Intervention,Private
0000003667,003667,Childcare Subsidy,2022-12-05,2022-12-26,2024-07-22,No,81,,Private
0000003668,003668,Child Care,2021-03-21,2021-04-02,2022-10-09,No,149,,Federal
0000003669,003669,Child Care,2021-11-07,2021-11-27,2024-07-06,No,73,,Local
0000003670,003670,Childcare Subsidy,2019-08-11,2019-08-28,2021-01-25,No,138,,Private
0000003670,003670,Early Intervention,2021-01-28,2021-02-27,2022-06-26,No,32,Early Intervention,State
0000003670,003670,Childcare Subsidy,2022-07-08,2022-07-09,2023-01-17,No,63,,State
0000003671,003671,Early Intervention,2021-07-18,2021-08-03,2024-01-08,No,55,Early Intervention,State
0000003671,003671,Child Care,2024-04-30,2024-05-23,2025-08-29,No,100,,Local
0000003672,003672,Early Head Start,2020-10-26,2020-11-23,2023-10-02,No,49,,State
0000003673,003673,Home Visiting,2020-09-03,2020-09-13,2022-06-26,Yes,23,,Federal
0000003674,003674,Home Visiting,2019-03-16,2019-04-10,2022-04-03,Yes,21,,Private
0000003674,003674,Head Start,2022-04-21,2022-05-02,2024-06-11,No,141,Pre-K,Local
0000003675,003675,Early Head Start,2018-08-08,2018-08-25,2019-12-21,No,135,,Private
0000003675,003675,Early Intervention,2020-02-06,2020-02-14,2021-06-06,No,40,Early Intervention,Local
0000003675,003675,Childcare Subsidy,2021-07-24,2021-07-26,2022-09-05,No,80,,Local
0000003675,003675,Childcare Subsidy,2022-12-12,2022-12-30,2023-10-06,No,123,,Federal
0000003675,003675,Home Visiting,2019-05-03,2019-06-01,2021-04-02,Yes,23,,State
0000003676,003676,First Steps,2020-09-13,2020-10-06,2021-10-13,No,39,Early Intervention,Federal
0000003676,003676,Home Visiting,2021-11-12,2021-11-28,2024-02-27,Yes,8,,Federal
0000003676,003676,State Pre-K,2024-03-25,2024-04-23,2025-12-13,No,86,Pre-K,Federal
0000003676,003676,Early Intervention,2021-06-15,2021-06-25,2023-12-11,No,52,Early Intervention,State
0000003676,003676,Child Care,2023-12-19,2024-01-18,2025-12-13,No,196,,Local
0000003677,003677,Child Care,2021-04-08,2021-04-24,2022-04-26,No,134,,State
0000003677,003677,Early Head Start,2021-05-24,2021-06-08,2024-04-17,No,149,,Federal
0000003677,003677,Childcare Subsidy,2024-04-19,2024-05-06,2024-12-22,No,167,,State
0000003678,003678,Early Intervention,2021-11-29,2021-12-03,2023-05-25,No,38,Early Intervention,Private
0000003678,003678,Head Start,2023-07-12,2023-07-26,2024-04-11,No,114,Pre-K,Federal
0000003679,003679,Early Head Start,2021-01-01,2021-01-26,2021-11-14,No,163,,Local
0000003680,003680,Childcare Subsidy,2019-12-06,2019-12-09,2021-03-31,No,41,,Local
0000003681,003681,Child Care,2021-07-24,2021-08-11,2021-12-12,No,86,,Federal
0000003681,003681,Early Intervention,2022-05-14,2022-06-09,2022-11-16,No,14,Early Intervention,Federal
0000003681,003681,Home Visiting,2023-02-10,2023-03-08,2023-11-20,Yes,17,,State
0000003681,003681,State Pre-K,2024-05-09,2024-05-17,2024-12-03,No,82,Pre-K,State
0000003681,003681,Head Start,2025-02-20,2025-03-01,2025-09-04,No,73,Pre-K,Federal
0000003682,003682,Early Head Start,2023-01-20,2023-02-09,2023-05-31,No,40,,Federal
0000003683,003683,Early Intervention,2020-07-28,2020-08-01,2021-05-25,No,19,Early Intervention,State
0000003683,003683,Early Intervention,2021-08-11,2021-08-23,2022-05-09,No,37,Early Intervention,Local
0000003684,003684,First Steps,2019-01-24,2019-02-16,2021-03-18,No,27,Early Intervention,Local
0000003685,003685,Early Head Start,2020-04-26,2020-05-22,2021-07-02,No,145,,Private
0000003685,003685,First Steps,2020-06-21,2020-07-06,2023-02-01,No,55,Early Intervention,State
0000003685,003685,State Pre-K,2023-02-15,2023-03-03,2024-08-12,No,135,Pre-K,Federal
0000003685,003685,First Steps,2020-02-13,2020-03-03,2021-05-16,No,14,Early Intervention,Private
0000003685,003685,First Steps,2021-06-09,2021-06-29,2023-03-28,No,31,Early Intervention,Local
0000003686,003686,Childcare Subsidy,2019-12-30,2020-01-19,2020-11-28,No,103,,Federal
0000003687,003687,Early Head Start,2020-04-03,2020-04-30,2023-03-01,No,133,,Local
0000003687,003687,State Pre-K,2023-03-19,2023-03-26,2023-10-03,No,92,Pre-K,Federal
0000003687,003687,Child Care,2019-04-05,2019-04-07,2020-11-26,No,160,,Private
0000003688,003688,Early Head Start,2021-02-20,2021-03-06,2023-11-21,No,55,,Federal
0000003688,003688,Home Visiting,2023-12-03,2023-12-16,2025-10-30,Yes,26,,Federal
0000003689,003689,Early Intervention,2021-10-04,2021-10-18,2022-06-30,No,18,Early Intervention,Local
0000003689,003689,First Steps,2022-09-01,2022-09-15,2024-08-04,No,21,Early Intervention,State
0000003690,003690,Childcare Subsidy,2020-05-30,2020-06-01,2022-02-22,No,110,,Private
0000003691,003691,Child Care,2023-01-23,2023-01-24,2024-09-16,No,139,,Private
0000003692,003692,Child Care,2023-03-11,2023-03-14,2024-08-12,No,76,,Federal
0000003693,003693,Early Head Start,2020-05-01,2020-05-08,2021-05-17,No,41,,Private
0000003693,003693,Childcare Subsidy,2021-06-04,2021-06-18,2022-07-12,No,76,,Federal
0000003694,003694,Childcare Subsidy,2019-09-02,2019-09-08,2022-06-01,No,127,,Private
0000003694,003694,Head Start,2022-06-22,2022-06-25,2024-09-12,No,147,Pre-K,State
0000003695,003695,Child Care,2022-03-15,2022-04-11,2023-06-06,No,46,,State
0000003695,003695,Head Start,2022-05-11,2022-05-26,2025-09-20,No,138,Pre-K,Private
0000003695,003695,Home Visiting,2021-05-05,2021-05-29,2022-07-02,Yes,11,,State
0000003696,003696,Early Head Start,2022-06-27,2022-07-01,2022-11-06,No,106,,Private
0000003696,003696,Early Intervention,2022-11-09,2022-11-13,2023-09-19,No,35,Early Intervention,Local
0000003697,003697,Childcare Subsidy,2023-10-17,2023-10-18,2026-04-23,No,156,,Private
0000003697,003697,Head Start,2026-05-23,2026-06-05,2027-05-13,No,118,Pre-K,Private
0000003698,003698,Early Intervention,2019-06-25,2019-07-18,2021-06-18,No,42,Early Intervention,State
0000003698,003698,Early Intervention,2019-08-17,2019-09-01,2022-12-05,No,36,Early Intervention,State
0000003699,003699,Home Visiting,2021-10-14,2021-11-05,2022-12-08,Yes,9,,Local
0000003699,003699,Early Intervention,2022-12-11,2022-12-31,2024-09-23,No,28,Early Intervention,Private
0000003700,003700,Child Care,2022-10-21,2022-11-02,2024-03-26,No,61,,Local
0000003700,003700,Child Care,2024-06-16,2024-07-14,2026-06-03,No,68,,Federal
0000003701,003701,Childcare Subsidy,2023-03-15,2023-03-30,2024-12-16,No,152,,Federal
0000003702,003702,Home Visiting,2019-10-17,2019-11-14,2021-09-25,Yes,10,,Local
0000003702,003702,Child Care,2021-10-14,2021-11-13,2023-04-22,No,61,,State
0000003703,003703,Early Head Start,2020-05-06,2020-05-18,2020-11-16,No,87,,State
0000003704,003704,Childcare Subsidy,2018-09-22,2018-09-23,2019-10-26,No,50,,Federal
0000003705,003705,First Steps,2021-11-02,2021-11-22,2024-11-09,No,51,Early Intervention,Federal
0000003705,003705,Head Start,2024-11-27,2024-12-17,2026-05-12,No,108,Pre-K,State
0000003705,003705,First Steps,2021-11-12,2021-11-17,2024-10-06,No,48,Early Intervention,Private
0000003706,003706,Early Intervention,2021-04-20,2021-05-10,2022-12-05,No,8,Early Intervention,Federal
0000003707,003707,Home Visiting,2021-11-25,2021-12-12,2023-04-10,Yes,15,,Private
0000003707,003707,Childcare Subsidy,2023-06-18,2023-07-09,2024-07-10,No,39,,State
0000003708,003708,Home Visiting,2021-05-03,2021-05-04,2022-09-30,Yes,16,,Private
0000003708,003708,Home Visiting,2022-10-13,2022-11-12,2023-12-08,Yes,13,,State
0000003709,003709,Home Visiting,2023-02-14,2023-03-06,2024-02-26,Yes,9,,Federal
0000003709,003709,Early Intervention,2024-03-07,2024-03-12,2024-05-21,No,30,Early Intervention,Local
0000003709,003709,Head Start,2024-06-06,2024-06-27,2024-09-16,No,94,Pre-K,Local
0000003710,003710,Early Head Start,2021-04-25,2021-05-03,2022-08-19,No,125,,State
0000003711,003711,Childcare Subsidy,2018-04-24,2018-05-20,2019-10-20,No,111,,Local
0000003712,003712,First Steps,2019-09-07,2019-09-24,2020-05-13,No,9,Early Intervention,Federal
0000003712,003712,Child Care,2020-05-19,2020-06-01,2020-10-15,No,40,,State
0000003713,003713,Early Head Start,2020-07-27,2020-08-08,2023-03-16,No,136,,Private
0000003713,003713,State Pre-K,2023-03-20,2023-03-31,2024-09-25,No,125,Pre-K,State
0000003714,003714,First Steps,2019-07-16,2019-08-04,2021-12-06,No,15,Early Intervention,State
0000003714,003714,State Pre-K,2019-09-03,2019-09-18,2024-01-16,No,131,Pre-K,Private
0000003715,003715,Child Care,2020-03-31,2020-04-10,2021-03-15,No,56,,State
0000003715,003715,Early Intervention,2021-06-25,2021-07-11,2022-04-14,No,46,Early Intervention,Local
0000003715,003715,Childcare Subsidy,2022-05-26,2022-05-30,2023-05-02,No,163,,State
0000003716,003716,Child Care,2022-08-04,2022-08-20,2023-12-18,No,176,,State
0000003716,003716,First Steps,2023-12-23,2024-01-02,2025-07-14,No,26,Early Intervention,Federal
0000003716,003716,State Pre-K,2025-07-30,2025-08-16,2026-10-17,No,100,Pre-K,State
0000003717,003717,Home Visiting,2021-02-15,2021-03-04,2022-03-09,Yes,19,,Federal
0000003717,003717,Child Care,2022-03-22,2022-04-10,2024-11-14,No,95,,Private
0000003717,003717,State Pre-K,2024-12-01,2024-12-06,2025-11-02,No,113,Pre-K,Local
0000003718,003718,Home Visiting,2020-10-25,2020-11-08,2023-03-03,Yes,22,,Local
0000003719,003719,Home Visiting,2022-02-24,2022-03-07,2023-04-21,Yes,15,,State
0000003720,003720,Home Visiting,2020-04-22,2020-05-15,2021-05-24,Yes,10,,State
0000003721,003721,Child Care,2022-02-09,2022-02-22,2024-02-16,No,75,,Private
0000003721,003721,Child Care,2024-02-29,2024-03-13,2025-11-10,No,111,,State
0000003722,003722,Child Care,2019-08-08,2019-08-17,2021-08-31,No,83,,Local
0000003722,003722,Child Care,2021-09-09,2021-09-29,2023-09-11,No,145,,Federal
0000003723,003723,First Steps,2019-05-06,2019-05-29,2020-02-06,No,14,Early Intervention,State
0000003724,003724,Early Intervention,2020-11-12,2020-12-11,2021-11-29,No,28,Early Intervention,State
0000003724,003724,First Steps,2021-01-10,2021-01-25,2022-11-23,No,7,Early Intervention,Private
0000003725,003725,Early Intervention,2019-04-14,2019-05-11,2020-01-22,No,14,Early Intervention,Federal
0000003725,003725,Child Care,2020-02-05,2020-02-10,2022-01-10,No,71,,Private
0000003725,003725,Childcare Subsidy,2022-01-25,2022-02-20,2022-11-15,No,177,,Federal
0000003725,003725,State Pre-K,2022-11-21,2022-12-15,2023-08-17,No,111,Pre-K,State
0000003726,003726,First Steps,2022-03-22,2022-04-14,2023-10-19,No,10,Early Intervention,Local
0000003726,003726,Childcare Subsidy,2023-11-16,2023-12-14,2025-04-15,No,179,,Local
0000003727,003727,First Steps,2019-10-07,2019-10-08,2021-05-30,No,14,Early Intervention,Private
0000003727,003727,Childcare Subsidy,2021-06-12,2021-06-17,2023-03-05,No,141,,Private
0000003727,003727,State Pre-K,2023-03-22,2023-04-12,2024-09-07,No,117,Pre-K,Local
0000003728,003728,First Steps,2021-03-13,2021-04-07,2023-07-26,No,32,Early Intervention,Private
0000003728,003728,Head Start,2023-09-14,2023-10-04,2025-11-07,No,86,Pre-K,Local
0000003728,003728,Home Visiting,2021-05-10,2021-05-15,2023-05-31,Yes,9,,State
0000003729,003729,First Steps,2018-11-29,2018-12-05,2020-10-26,No,17,Early Intervention,Federal
0000003730,003730,Early Intervention,2022-03-25,2022-04-01,2023-12-01,No,25,Early Intervention,Local
0000003731,003731,Child Care,2020-03-26,2020-03-27,2021-02-23,No,110,,Federal
0000003731,003731,Childcare Subsidy,2021-02-25,2021-02-28,2021-09-05,No,64,,State
0000003732,003732,First Steps,2019-05-30,2019-06-24,2022-05-31,No,48,Early Intervention,Local
0000003733,003733,Early Head Start,2021-08-09,2021-08-20,2022-04-05,No,126,,Local
0000003733,003733,Early Head Start,2022-07-29,2022-08-06,2023-08-03,No,140,,Federal
0000003733,003733,Childcare Subsidy,2023-12-03,2023-12-06,2024-11-24,No,87,,Private
0000003733,003733,State Pre-K,2025-04-14,2025-04-16,2025-12-01,No,94,Pre-K,Federal
0000003733,003733,Childcare Subsidy,2021-06-07,2021-06-26,2021-10-18,No,34,,Federal
0000003734,003734,Childcare Subsidy,2019-03-22,2019-04-06,2019-10-14,No,65,,Federal
0000003735,003735,First Steps,2022-02-14,2022-02-28,2023-05-13,No,30,Early Intervention,State
0000003735,003735,Childcare Subsidy,2023-05-25,2023-06-17,2024-03-09,No,139,,Local
0000003736,003736,First Steps,2020-12-16,2020-12-29,2023-03-04,No,36,Early Intervention,Private
0000003737,003737,Early Intervention,2018-08-13,2018-09-05,2020-05-14,No,11,Early Intervention,Federal
0000003737,003737,Early Intervention,2018-10-05,2018-10-20,2022-05-23,No,42,Early Intervention,Federal
0000003738,003738,Child Care,2019-06-16,2019-07-05,2021-01-01,No,142,,Private
0000003738,003738,First Steps,2021-01-23,2021-02-15,2022-12-23,No,21,Early Intervention,Private
0000003739,003739,Home Visiting,2019-07-18,2019-08-16,2021-07-20,Yes,8,,Federal
0000003740,003740,Child Care,2021-10-09,2021-10-15,2023-04-22,No,156,,Local
0000003740,003740,Head Start,2023-05-05,2023-05-30,2024-02-11,No,149,Pre-K,Private
0000003741,003741,Childcare Subsidy,2021-03-26,2021-03-28,2021-06-04,No,80,,State
0000003741,003741,Home Visiting,2021-10-25,2021-11-17,2022-03-27,Yes,12,,Local
0000003741,003741,Childcare Subsidy,2022-09-21,2022-09-22,2023-01-17,No,40,,Federal
0000003742,003742,Early Intervention,2020-01-08,2020-02-06,2021-12-19,No,41,Early Intervention,Private
0000003742,003742,Head Start,2022-03-26,2022-04-03,2023-08-06,No,163,Pre-K,Local
0000003742,003742,First Steps,2019-03-25,2019-04-12,2022-02-20,No,27,Early Intervention,Federal
0000003743,003743,Child Care,2020-05-20,2020-05-21,2021-07-26,No,179,,Private
0000003743,003743,Head Start,2021-08-05,2021-09-04,2022-04-13,No,68,Pre-K,Local
0000003744,003744,First Steps,2020-03-24,2020-04-19,2021-01-05,No,30,Early Intervention,State
0000003745,003745,Home Visiting,2021-05-14,2021-06-01,2022-05-20,Yes,13,,Federal
0000003746,003746,Child Care,2020-06-18,2020-06-20,2022-07-19,No,52,,Federal
0000003746,003746,Head Start,2022-07-26,2022-08-19,2023-08-23,No,105,Pre-K,Local
0000003747,003747,Home Visiting,2020-06-09,2020-07-01,2023-04-18,Yes,7,,State
0000003747,003747,Childcare Subsidy,2023-05-04,2023-05-20,2024-12-31,No,153,,Local
0000003748,003748,Early Intervention,2022-07-15,2022-08-04,2023-09-11,No,26,Early Intervention,Private
0000003748,003748,Early Head Start,2023-09-21,2023-10-02,2024-08-01,No,130,,Federal
0000003748,003748,First Steps,2024-08-23,2024-09-22,2026-06-06,No,16,Early Intervention,Federal
0000003749,003749,Child Care,2022-12-01,2022-12-07,2024-08-18,No,43,,Private
0000003749,003749,Child Care,2024-08-31,2024-09-26,2025-05-06,No,146,,Local
0000003750,003750,Early Head Start,2019-04-22,2019-04-25,2022-02-11,No,137,,Local
0000003750,003750,State Pre-K,2022-04-02,2022-04-11,2023-07-13,No,142,Pre-K,Private
0000003751,003751,Early Head Start,2023-02-20,2023-03-13,2024-12-21,No,62,,Local
0000003751,003751,Childcare Subsidy,2025-01-02,2025-01-29,2026-09-07,No,150,,Federal
0000003751,003751,Child Care,2022-09-09,2022-09-26,2024-03-02,No,86,,Local
0000003752,003752,Child Care,2018-10-07,2018-11-05,2020-06-27,No,101,,Local
0000003753,003753,First Steps,2023-06-12,2023-06-20,2024-03-28,No,30,Early Intervention,Federal
0000003753,003753,Childcare Subsidy,2024-04-13,2024-04-25,2025-04-20,No,183,,Federal
0000003753,003753,State Pre-K,2025-05-16,2025-06-09,2026-10-30,No,127,Pre-K,State
0000003754,003754,Early Intervention,2023-02-01,2023-02-09,2023-11-25,No,28,Early Intervention,Local
0000003754,003754,Early Intervention,2023-03-11,2023-03-26,2024-12-06,No,5,Early Intervention,Federal
0000003754,003754,State Pre-K,2025-05-06,2025-06-05,2025-09-18,No,63,Pre-K,Private
0000003755,003755,Child Care,2022-10-08,2022-10-23,2025-07-14,No,52,,Private
0000003756,003756,Childcare Subsidy,2023-03-02,2023-03-30,2024-09-30,No,197,,Federal
0000003756,003756,Home Visiting,2024-10-22,2024-11-16,2027-04-24,Yes,21,,Local
0000003757,003757,Early Head Start,2021-05-02,2021-05-05,2023-04-03,No,146,,Private
0000003757,003757,State Pre-K,2023-05-23,2023-05-29,2024-06-22,No,97,Pre-K,Local
0000003758,003758,First Steps,2020-10-28,2020-11-05,2022-05-28,No,9,Early Intervention,Federal
0000003759,003759,Childcare Subsidy,2021-04-07,2021-04-27,2022-09-21,No,131,,Local
0000003759,003759,Child Care,2022-09-28,2022-10-12,2024-08-12,No,87,,Private
0000003759,003759,Early Head Start,2020-04-23,2020-05-20,2021-09-24,No,163,,Local
0000003760,003760,Childcare Subsidy,2021-04-19,2021-05-10,2023-04-04,No,57,,Private
0000003761,003761,Home Visiting,2022-09-30,2022-10-30,2023-01-04,Yes,18,,Local
0000003761,003761,Childcare Subsidy,2023-01-09,2023-01-29,2023-06-12,No,107,,Local
0000003761,003761,Childcare Subsidy,2023-07-06,2023-07-24,2024-05-26,No,60,,Federal
0000003762,003762,Early Head Start,2020-11-16,2020-12-02,2021-12-29,No,123,,Private
0000003762,003762,Child Care,2022-03-22,2022-04-07,2024-11-03,No,95,,Private
0000003763,003763,Early Head Start,2020-03-20,2020-03-27,2022-05-29,No,153,,Federal
0000003763,003763,Childcare Subsidy,2022-06-03,2022-07-01,2023-10-04,No,93,,Private
0000003763,003763,Early Intervention,2019-04-06,2019-05-01,2020-08-20,No,37,Early Intervention,Federal
0000003763,003763,Early Intervention,2020-09-18,2020-09-21,2022-04-12,No,51,Early Intervention,State
0000003764,003764,Child Care,2019-11-26,2019-11-28,2021-07-02,No,130,,State
0000003764,003764,Childcare Subsidy,2021-07-16,2021-08-01,2023-02-09,No,177,,Federal
0000003765,003765,Early Intervention,2020-08-06,2020-08-21,2021-03-03,No,15,Early Intervention,Local
0000003765,003765,Early Intervention,2021-05-13,2021-05-23,2022-01-12,No,16,Early Intervention,Federal
0000003765,003765,Home Visiting,2022-05-12,2022-06-03,2024-01-23,Yes,8,,Federal
0000003766,003766,Early Intervention,2021-11-17,2021-12-17,2024-01-20,No,21,Early Intervention,State
0000003767,003767,First Steps,2021-06-08,2021-06-28,2021-11-05,No,36,Early Intervention,State
0000003768,003768,Home Visiting,2020-05-12,2020-06-06,2022-01-17,Yes,10,,Federal
0000003768,003768,State Pre-K,2022-01-23,2022-02-12,2023-10-21,No,153,Pre-K,State
0000003768,003768,Child Care,2019-07-17,2019-07-24,2020-09-01,No,98,,State
0000003769,003769,Child Care,2022-11-03,2022-11-11,2025-05-20,No,86,,Private
0000003770,003770,First Steps,2022-01-14,2022-01-23,2023-10-26,No,39,Early Intervention,Private
0000003770,003770,State Pre-K,2022-02-22,2022-03-09,2025-02-10,No,90,Pre-K,State
0000003770,003770,Early Intervention,2021-01-18,2021-02-04,2022-05-28,No,32,Early Intervention,Federal
0000003771,003771,Childcare Subsidy,2022-03-23,2022-03-26,2024-02-13,No,135,,Local
0000003771,003771,Head Start,2024-05-23,2024-06-04,2025-06-13,No,139,Pre-K,Federal
0000003772,003772,Early Intervention,2022-08-03,2022-08-30,2023-02-24,No,42,Early Intervention,State
0000003772,003772,Child Care,2022-09-29,2022-10-14,2023-05-29,No,88,,Local
0000003773,003773,First Steps,2020-04-17,2020-04-26,2022-10-09,No,33,Early Intervention,Local
0000003773,003773,Childcare Subsidy,2020-05-26,2020-06-10,2024-02-17,No,105,,Federal
0000003773,003773,State Pre-K,2024-03-17,2024-04-09,2024-12-30,No,83,Pre-K,State
0000003774,003774,Early Head Start,2019-05-27,2019-06-03,2021-01-31,No,164,,Private
0000003774,003774,Early Head Start,2019-07-03,2019-07-18,2021-12-07,No,63,,Federal
0000003775,003775,Child Care,2021-12-27,2022-01-22,2022-12-20,No,91,,State
0000003775,003775,Child Care,2023-01-14,2023-02-05,2024-12-19,No,50,,Private
0000003775,003775,State Pre-K,2024-12-22,2025-01-07,2026-01-24,No,112,Pre-K,Private
0000003775,003775,First Steps,2021-07-27,2021-08-03,2022-12-28,No,11,Early Intervention,Private
0000003776,003776,Early Intervention,2022-09-02,2022-09-11,2024-09-06,No,34,Early Intervention,State
0000003777,003777,Early Intervention,2021-08-13,2021-08-25,2024-04-08,No,30,Early Intervention,Private
0000003777,003777,Child Care,2024-07-15,2024-07-16,2026-01-24,No,102,,Private
0000003778,003778,Childcare Subsidy,2020-06-18,2020-07-08,2022-01-17,No,156,,State
0000003778,003778,Child Care,2022-02-08,2022-02-20,2022-08-23,No,158,,State
0000003779,003779,Early Intervention,2019-05-19,2019-06-09,2020-07-14,No,53,Early Intervention,State
0000003779,003779,Childcare Subsidy,2020-10-24,2020-11-18,2022-02-14,No,92,,State
0000003780,003780,Home Visiting,2022-01-24,2022-02-18,2023-05-07,Yes,7,,State
0000003780,003780,Childcare Subsidy,2023-06-17,2023-07-02,2024-11-18,No,124,,Private
0000003781,003781,Child Care,2020-07-18,2020-08-07,2020-11-08,No,40,,Local
0000003782,003782,Home Visiting,2022-12-23,2023-01-05,2024-11-27,Yes,6,,Local
0000003782,003782,Child Care,2025-01-07,2025-01-21,2026-03-31,No,153,,Federal
0000003783,003783,First Steps,2019-05-17,2019-06-03,2020-01-31,No,19,Early Intervention,Private
0000003784,003784,Home Visiting,2021-10-25,2021-11-13,2022-01-31,Yes,9,,Federal
0000003784,003784,Home Visiting,2022-05-28,2022-05-31,2022-11-23,Yes,12,,Local
0000003785,003785,Home Visiting,2020-08-25,2020-09-13,2023-01-21,Yes,14,,State
0000003786,003786,Early Head Start,2021-01-11,2021-02-05,2021-12-01,No,56,,Local
0000003787,003787,Childcare Subsidy,2022-11-19,2022-11-29,2023-07-30,No,139,,State
0000003787,003787,First Steps,2023-11-15,2023-11-17,2025-04-06,No,25,Early Intervention,State
0000003787,003787,Child Care,2025-07-22,2025-07-24,2026-08-03,No,140,,State
0000003788,003788,Home Visiting,2021-08-14,2021-08-17,2022-02-17,Yes,5,,Federal
0000003788,003788,Child Care,2022-06-02,2022-07-02,2024-06-30,No,138,,State
0000003788,003788,State Pre-K,2024-08-26,2024-09-02,2026-03-18,No,110,Pre-K,Federal
0000003788,003788,Child Care,2022-06-22,2022-07-10,2023-02-27,No,121,,State
0000003788,003788,Early Intervention,2023-04-18,2023-04-19,2025-01-11,No,20,Early Intervention,State
0000003789,003789,Child Care,2020-03-20,2020-04-03,2021-05-20,No,64,,Private
0000003789,003789,Childcare Subsidy,2021-06-18,2021-06-22,2022-07-09,No,125,,Federal
0000003789,003789,Childcare Subsidy,2022-07-10,2022-07-21,2024-04-30,No,124,,Local
0000003790,003790,Early Intervention,2021-10-07,2021-10-18,2023-12-26,No,33,Early Intervention,Local
0000003791,003791,Home Visiting,2019-06-05,2019-07-01,2021-11-20,Yes,19,,Private
0000003791,003791,Child Care,2021-12-15,2022-01-11,2024-01-20,No,49,,Local
0000003791,003791,Early Head Start,2020-01-04,2020-01-19,2022-01-27,No,171,,Private
0000003792,003792,Early Intervention,2021-02-24,2021-03-12,2023-08-23,No,28,Early Intervention,State
0000003793,003793,Home Visiting,2020-02-09,2020-03-01,2021-03-19,Yes,25,,Local
0000003794,003794,Home Visiting,2021-10-12,2021-11-04,2023-10-17,Yes,11,,Federal
0000003795,003795,Early Head Start,2023-01-20,2023-02-11,2025-01-13,No,158,,Private
0000003796,003796,First Steps,2021-07-27,2021-08-24,2022-10-20,No,43,Early Intervention,Private
0000003797,003797,Early Head Start,2020-10-01,2020-10-04,2021-09-12,No,54,,Local
0000003797,003797,Early Intervention,2021-09-26,2021-10-18,2023-01-12,No,43,Early Intervention,Private
0000003798,003798,Home Visiting,2021-07-27,2021-08-24,2023-11-30,Yes,11,,Private
0000003798,003798,State Pre-K,2024-03-27,2024-04-18,2025-04-22,No,133,Pre-K,State
0000003798,003798,First Steps,2020-10-23,2020-10-24,2023-01-24,No,32,Early Intervention,State
0000003799,003799,Early Head Start,2018-11-25,2018-12-06,2021-07-02,No,211,,Local
0000003799,003799,Early Head Start,2021-07-27,2021-08-15,2022-12-17,No,178,,Private
0000003800,003800,Child Care,2023-03-26,2023-04-03,2025-07-26,No,59,,Local
0000003801,003801,Child Care,2019-02-07,2019-02-28,2019-12-06,No,121,,Private
0000003802,003802,First Steps,2019-08-20,2019-08-25,2020-07-09,No,27,Early Intervention,Local
0000003803,003803,Early Head Start,2022-06-06,2022-06-09,2023-12-22,No,68,,Federal
0000003804,003804,Early Intervention,2023-09-02,2023-10-01,2026-08-11,No,18,Early Intervention,State
0000003805,003805,Early Intervention,2020-03-26,2020-04-02,2021-06-09,No,13,Early Intervention,Local
0000003805,003805,Childcare Subsidy,2020-05-02,2020-05-17,2023-11-11,No,172,,State
0000003805,003805,State Pre-K,2023-11-13,2023-12-09,2024-12-13,No,164,Pre-K,Local
0000003806,003806,Early Intervention,2018-10-10,2018-10-30,2019-06-29,No,16,Early Intervention,State
0000003806,003806,Early Head Start,2019-07-06,2019-07-22,2020-01-07,No,49,,Local
0000003806,003806,Home Visiting,2020-01-13,2020-01-18,2020-06-13,Yes,8,,Federal
0000003807,003807,Home Visiting,2022-10-10,2022-11-08,2024-05-06,Yes,7,,Private
0000003807,003807,Child Care,2024-05-25,2024-06-06,2024-12-13,No,137,,State
0000003807,003807,Head Start,2025-01-12,2025-02-01,2026-06-03,No,126,Pre-K,Federal
0000003808,003808,Early Intervention,2018-10-31,2018-11-09,2021-03-12,No,18,Early Intervention,Local
0000003808,003808,Head Start,2021-03-23,2021-04-01,2023-08-01,No,138,Pre-K,Local
0000003809,003809,Child Care,2020-02-18,2020-03-14,2020-05-29,No,59,,Federal
0000003810,003810,First Steps,2020-01-13,2020-01-14,2020-08-29,No,34,Early Intervention,Federal
0000003811,003811,First Steps,2023-02-17,2023-03-10,2024-04-01,No,10,Early Intervention,State
0000003811,003811,Childcare Subsidy,2024-07-19,2024-07-29,2025-07-28,No,66,,Private
0000003812,003812,Child Care,2022-12-28,2023-01-22,2024-11-18,No,151,,State
0000003813,003813,Early Head Start,2019-11-23,2019-11-30,2021-05-27,No,79,,Local
0000003813,003813,Home Visiting,2021-06-21,2021-07-14,2022-10-02,Yes,19,,Local
0000003814,003814,Early Head Start,2019-08-22,2019-08-30,2021-05-12,No,45,,Private
0000003815,003815,First Steps,2018-06-03,2018-06-08,2018-12-28,No,43,Early Intervention,Federal
0000003815,003815,Early Intervention,2018-12-29,2019-01-26,2020-12-19,No,22,Early Intervention,State
0000003815,003815,Early Head Start,2020-12-24,2021-01-12,2022-04-14,No,92,,Federal
0000003815,003815,Childcare Subsidy,2022-04-22,2022-05-22,2023-07-06,No,157,,Federal
0000003816,003816,Early Head Start,2020-05-27,2020-06-01,2021-03-07,No,165,,Federal
0000003817,003817,Home Visiting,2020-10-07,2020-11-02,2021-09-06,Yes,17,,Private
0000003817,003817,Childcare Subsidy,2020-12-02,2020-12-17,2023-06-19,No,159,,Federal
0000003818,003818,Childcare Subsidy,2019-09-07,2019-09-14,2021-08-08,No,79,,State
0000003819,003819,Home Visiting,2022-08-11,2022-09-02,2023-04-18,Yes,17,,Local
0000003819,003819,Early Intervention,2023-05-17,2023-05-22,2024-01-04,No,8,Early Intervention,Federal
0000003819,003819,Home Visiting,2024-01-11,2024-01-12,2024-04-07,Yes,11,,Private
0000003820,003820,Early Head Start,2023-08-16,2023-08-26,2024-07-10,No,47,,Federal
0000003820,003820,Child Care,2023-09-25,2023-10-10,2025-08-11,No,65,,Private
0000003821,003821,Childcare Subsidy,2020-12-31,2021-01-09,2021-05-19,No,82,,Private
0000003822,003822,Early Intervention,2023-05-27,2023-06-09,2023-08-24,No,22,Early Intervention,Private
0000003823,003823,Early Head Start,2019-12-31,2020-01-22,2020-09-12,No,61,,Local
0000003823,003823,Home Visiting,2020-10-12,2020-10-15,2022-04-16,Yes,23,,State
0000003824,003824,Early Head Start,2020-05-09,2020-05-18,2022-03-24,No,121,,Federal
0000003824,003824,First Steps,2022-04-07,2022-04-13,2023-06-17,No,38,Early Intervention,Local
0000003825,003825,First Steps,2021-09-10,2021-10-06,2022-07-19,No,21,Early Intervention,Federal
0000003826,003826,Early Intervention,2019-12-25,2020-01-05,2020-12-14,No,10,Early Intervention,Private
0000003826,003826,First Steps,2020-02-04,2020-02-19,2021-09-29,No,40,Early Intervention,State
0000003827,003827,First Steps,2022-03-12,2022-03-15,2022-12-21,No,27,Early Intervention,Private
0000003828,003828,Child Care,2020-06-03,2020-06-30,2020-09-01,No,105,,Local
0000003828,003828,Early Intervention,2020-09-11,2020-09-25,2021-04-18,No,36,Early Intervention,State
0000003829,003829,Home Visiting,2021-03-30,2021-04-12,2022-06-03,Yes,24,,Federal
0000003829,003829,Home Visiting,2022-06-16,2022-07-14,2024-06-05,Yes,13,,State
0000003829,003829,Head Start,2024-06-08,2024-07-02,2025-09-18,No,152,Pre-K,Federal
0000003829,003829,Early Intervention,2021-03-27,2021-03-31,2022-03-18,No,28,Early Intervention,Private
0000003829,003829,Home Visiting,2022-04-07,2022-04-15,2024-03-06,Yes,12,,Local
0000003830,003830,Home Visiting,2023-01-22,2023-02-01,2024-07-01,Yes,17,,Federal
0000003831,003831,First Steps,2022-01-17,2022-02-14,2023-08-09,No,11,Early Intervention,Local
0000003831,003831,Early Head Start,2023-10-17,2023-11-03,2025-08-29,No,146,,Private
0000003832,003832,Child Care,2022-07-01,2022-07-02,2023-02-07,No,142,,Private
0000003833,003833,Childcare Subsidy,2019-03-02,2019-03-25,2020-10-31,No,70,,Federal
0000003834,003834,Early Head Start,2020-07-07,2020-07-16,2021-08-21,No,38,,State
0000003835,003835,Childcare Subsidy,2019-10-09,2019-10-13,2021-02-25,No,85,,State
0000003835,003835,First Steps,2021-03-14,2021-03-18,2022-08-05,No,24,Early Intervention,Private
0000003836,003836,Early Intervention,2019-09-03,2019-09-25,2020-10-04,No,50,Early Intervention,Private
0000003836,003836,First Steps,2020-12-04,2020-12-25,2023-02-22,No,16,Early Intervention,State
0000003837,003837,First Steps,2019-12-27,2019-12-31,2021-09-19,No,50,Early Intervention,State
0000003837,003837,Early Head Start,2021-09-24,2021-10-22,2023-08-10,No,84,,Local
0000003838,003838,Childcare Subsidy,2019-10-23,2019-11-07,2021-08-07,No,97,,State
0000003838,003838,State Pre-K,2021-08-11,2021-08-24,2022-02-25,No,163,Pre-K,Federal
0000003839,003839,Child Care,2018-12-23,2018-12-29,2019-12-12,No,122,,State
0000003840,003840,Childcare Subsidy,2019-08-20,2019-08-25,2021-04-12,No,106,,Federal
0000003840,003840,Child Care,2021-06-08,2021-07-01,2022-04-07,No,87,,State
0000003840,003840,Childcare Subsidy,2022-05-21,2022-05-28,2023-06-14,No,46,,State
0000003841,003841,Childcare Subsidy,2019-03-29,2019-04-17,2022-03-15,No,111,,Private
0000003841,003841,Child Care,2022-06-22,2022-07-08,2023-07-23,No,142,,Federal
0000003841,003841,Early Intervention,2019-01-23,2019-02-15,2020-10-29,No,42,Early Intervention,Local
0000003842,003842,Early Head Start,2022-03-12,2022-04-02,2023-04-14,No,112,,State
0000003842,003842,Childcare Subsidy,2022-05-02,2022-05-17,2024-05-06,No,154,,Private
0000003842,003842,Home Visiting,2024-05-29,2024-06-23,2025-06-25,Yes,10,,Local
0000003843,003843,Child Care,2019-12-20,2019-12-22,2021-12-11,No,142,,Federal
0000003844,003844,Home Visiting,2019-04-14,2019-04-15,2020-07-30,Yes,14,,Local
0000003845,003845,Home Visiting,2019-10-07,2019-10-20,2020-10-18,Yes,5,,State
0000003845,003845,Home Visiting,2020-10-25,2020-11-03,2021-05-17,Yes,18,,State
0000003846,003846,First Steps,2020-11-28,2020-12-21,2021-09-20,No,11,Early Intervention,Private
0000003847,003847,Early Intervention,2019-12-06,2019-12-19,2020-06-21,No,16,Early Intervention,State
0000003848,003848,First Steps,2022-07-23,2022-08-11,2024-02-15,No,53,Early Intervention,Federal
0000003848,003848,Head Start,2024-03-09,2024-03-13,2025-08-16,No,124,Pre-K,State
0000003849,003849,First Steps,2020-12-27,2021-01-02,2021-09-24,No,30,Early Intervention,Federal
0000003850,003850,Home Visiting,2023-02-17,2023-03-06,2023-12-26,Yes,23,,State
0000003850,003850,First Steps,2023-12-29,2024-01-14,2024-08-24,No,9,Early Intervention,Private
0000003851,003851,Child Care,2020-01-05,2020-02-02,2021-08-24,No,206,,Local
0000003852,003852,Early Intervention,2019-12-14,2019-12-26,2020-04-25,No,38,Early Intervention,State
0000003853,003853,Early Intervention,2020-03-09,2020-03-25,2020-11-14,No,48,Early Intervention,State
0000003853,003853,Child Care,2020-12-13,2021-01-01,2022-04-30,No,154,,Federal
0000003854,003854,Child Care,2023-01-19,2023-02-05,2023-11-13,No,30,,Federal
0000003854,003854,Child Care,2024-03-10,2024-03-23,2024-12-08,No,53,,Private
0000003854,003854,Childcare Subsidy,2025-02-26,2025-03-01,2025-10-06,No,87,,Federal
0000003855,003855,Home Visiting,2021-04-19,2021-05-08,2022-04-12,Yes,18,,Federal
0000003856,003856,Early Head Start,2020-09-16,2020-09-18,2020-12-09,No,109,,Local
0000003856,003856,First Steps,2021-02-19,2021-03-05,2022-02-25,No,22,Early Intervention,Private
0000003856,003856,First Steps,2022-07-17,2022-08-04,2023-07-07,No,6,Early Intervention,Local
0000003856,003856,Childcare Subsidy,2023-10-21,2023-11-13,2024-06-09,No,34,,Federal
0000003856,003856,Head Start,2024-09-22,2024-09-23,2024-11-28,No,79,Pre-K,State
0000003857,003857,Home Visiting,2022-03-01,2022-03-03,2023-03-16,Yes,10,,Federal
0000003858,003858,First Steps,2020-04-29,2020-05-07,2020-11-16,No,35,Early Intervention,Private
0000003858,003858,First Steps,2021-04-24,2021-05-16,2021-07-30,No,11,Early Intervention,Federal
0000003859,003859,Childcare Subsidy,2019-03-22,2019-04-17,2021-05-21,No,164,,State
0000003859,003859,Childcare Subsidy,2021-06-03,2021-07-02,2023-07-22,No,91,,Federal
0000003859,003859,First Steps,2019-01-22,2019-02-08,2021-11-18,No,52,Early Intervention,Private
0000003860,003860,Child Care,2022-12-10,2022-12-21,2024-10-22,No,167,,State
0000003860,003860,Head Start,2024-11-10,2024-12-09,2025-11-09,No,93,Pre-K,State
0000003861,003861,Childcare Subsidy,2019-05-05,2019-05-22,2022-01-20,No,123,,State
0000003862,003862,Early Intervention,2023-01-07,2023-01-09,2024-07-28,No,24,Early Intervention,Private
0000003863,003863,Early Head Start,2020-12-19,2021-01-16,2021-08-02,No,63,,Federal
0000003863,003863,First Steps,2021-12-29,2022-01-08,2022-11-12,No,32,Early Intervention,Local
0000003864,003864,Home Visiting,2020-04-09,2020-05-08,2021-12-06,Yes,24,,Federal
0000003865,003865,Home Visiting,2019-01-13,2019-02-06,2021-07-19,Yes,20,,Private
0000003865,003865,Head Start,2021-09-06,2021-09-22,2023-05-14,No,132,Pre-K,State
0000003866,003866,Early Head Start,2022-09-12,2022-10-03,2023-07-20,No,117,,Private
0000003867,003867,Home Visiting,2021-04-12,2021-04-28,2022-11-16,Yes,14,,Private
0000003868,003868,Child Care,2022-10-11,2022-10-17,2025-09-28,No,138,,Federal
0000003869,003869,Home Visiting,2021-02-25,2021-03-25,2022-10-31,Yes,23,,Local
0000003870,003870,Childcare Subsidy,2020-08-28,2020-09-11,2023-05-15,No,166,,Private
0000003870,003870,Child Care,2023-06-30,2023-07-17,2025-02-09,No,148,,Private
0000003870,003870,First Steps,2020-08-12,2020-08-28,2022-07-07,No,14,Early Intervention,Private
0000003871,003871,Early Head Start,2020-03-31,2020-04-09,2020-09-18,No,86,,State
0000003872,003872,Early Intervention,2019-08-17,2019-08-31,2021-08-17,No,37,Early Intervention,State
0000003872,003872,Child Care,2021-10-12,2021-11-03,2023-09-02,No,175,,Federal
0000003872,003872,Child Care,2023-11-23,2023-11-30,2024-08-22,No,87,,State
0000003873,003873,Home Visiting,2022-12-09,2022-12-12,2025-02-09,Yes,12,,Federal
0000003873,003873,Childcare Subsidy,2025-03-07,2025-03-26,2026-12-18,No,143,,Private
0000003874,003874,Early Intervention,2022-09-06,2022-09-16,2023-07-19,No,36,Early Intervention,Federal
0000003874,003874,Home Visiting,2022-10-16,2022-10-31,2024-02-19,Yes,3,,Local
0000003875,003875,Child Care,2022-10-07,2022-11-05,2025-05-22,No,153,,Private
0000003875,003875,Child Care,2025-06-11,2025-07-10,2027-05-31,No,76,,State
0000003875,003875,Early Head Start,2022-12-01,2022-12-22,2024-08-17,No,142,,Federal
0000003876,003876,Home Visiting,2022-03-25,2022-04-11,2023-05-12,Yes,13,,State
0000003877,003877,Home Visiting,2019-09-12,2019-09-19,2021-09-18,Yes,21,,Local
0000003877,003877,Head Start,2021-09-22,2021-10-05,2022-05-22,No,144,Pre-K,State
0000003878,003878,First Steps,2020-03-03,2020-03-31,2023-01-25,No,53,Early Intervention,Private
0000003879,003879,Childcare Subsidy,2022-10-01,2022-10-05,2024-06-03,No,171,,Federal
0000003880,003880,Home Visiting,2020-07-12,2020-08-01,2021-03-15,Yes,9,,Local
0000003880,003880,First Steps,2021-03-20,2021-04-08,2021-09-17,No,38,Early Intervention,Federal
0000003880,003880,Early Head Start,2021-09-27,2021-10-10,2022-06-28,No,109,,State
0000003880,003880,Early Head Start,2022-07-12,2022-07-15,2023-01-28,No,46,,Private
0000003881,003881,Childcare Subsidy,2020-12-14,2020-12-24,2021-06-06,No,95,,Federal
0000003881,003881,First Steps,2021-06-13,2021-07-03,2021-11-02,No,20,Early Intervention,Private
0000003882,003882,First Steps,2019-10-24,2019-11-16,2020-12-03,No,24,Early Intervention,State
0000003883,003883,Home Visiting,2022-09-20,2022-10-19,2024-01-05,Yes,14,,Local
0000003883,003883,Early Intervention,2024-01-20,2024-02-15,2024-11-02,No,26,Early Intervention,Federal
0000003884,003884,Early Intervention,2022-03-10,2022-03-15,2023-08-05,No,40,Early Intervention,Federal
0000003884,003884,First Steps,2023-09-06,2023-09-16,2026-06-08,No,16,Early Intervention,Federal
0000003885,003885,Child Care,2021-05-11,2021-06-07,2022-02-10,No,55,,Private
0000003886,003886,Home Visiting,2019-01-24,2019-02-09,2019-11-13,Yes,8,,Local
0000003887,003887,Home Visiting,2020-05-12,2020-06-03,2021-05-23,Yes,14,,Local
0000003887,003887,Early Intervention,2021-06-09,2021-07-08,2023-07-07,No,23,Early Intervention,Private
0000003887,003887,State Pre-K,2023-08-05,2023-08-12,2024-06-17,No,74,Pre-K,State
0000003888,003888,Early Head Start,2022-04-07,2022-04-22,2022-11-02,No,117,,Local
0000003889,003889,Early Intervention,2022-12-26,2023-01-09,2023-06-06,No,18,Early Intervention,Local
0000003889,003889,Early Intervention,2023-02-08,2023-02-23,2024-01-28,No,26,Early Intervention,Private
0000003889,003889,Child Care,2024-02-06,2024-02-19,2024-08-14,No,54,,State
0000003889,003889,State Pre-K,2024-08-30,2024-09-16,2025-05-23,No,81,Pre-K,Local
0000003890,003890,Early Head Start,2019-10-13,2019-11-12,2021-08-27,No,73,,Federal
0000003890,003890,Early Intervention,2021-10-18,2021-11-04,2023-11-09,No,19,Early Intervention,State
0000003891,003891,Early Head Start,2020-12-13,2020-12-24,2023-03-02,No,194,,State
0000003891,003891,Home Visiting,2021-01-23,2021-02-07,2024-12-17,Yes,14,,Local
0000003891,003891,Head Start,2024-12-21,2025-01-06,2026-03-23,No,108,Pre-K,Local
0000003892,003892,Childcare Subsidy,2021-09-13,2021-09-19,2023-04-25,No,113,,State
0000003892,003892,Early Intervention,2023-05-04,2023-06-01,2024-03-07,No,14,Early Intervention,Local
0000003892,003892,Head Start,2024-03-15,2024-03-24,2025-08-28,No,88,Pre-K,Private
0000003893,003893,First Steps,2021-05-09,2021-05-18,2022-08-27,No,10,Early Intervention,Private
0000003894,003894,First Steps,2019-08-27,2019-08-30,2020-08-18,No,37,Early Intervention,Local
0000003895,003895,Childcare Subsidy,2021-02-16,2021-03-11,2022-06-26,No,142,,Private
0000003895,003895,Early Head Start,2022-07-04,2022-07-23,2023-09-21,No,74,,State
0000003895,003895,Child Care,2023-10-02,2023-10-04,2025-09-28,No,52,,Federal
0000003896,003896,Home Visiting,2022-02-23,2022-03-21,2023-01-20,Yes,21,,State
0000003897,003897,Home Visiting,2023-03-02,2023-03-05,2024-10-11,Yes,21,,Private
0000003897,003897,Child Care,2025-01-03,2025-01-13,2026-08-12,No,118,,Federal
0000003898,003898,Early Intervention,2019-07-23,2019-08-06,2020-08-13,No,41,Early Intervention,Private
0000003899,003899,Child Care,2022-05-29,2022-06-24,2023-11-23,No,59,,Private
0000003900,003900,Childcare Subsidy,2023-02-25,2023-03-08,2024-01-24,No,36,,Federal
0000003901,003901,Early Intervention,2022-09-13,2022-10-06,2023-10-04,No,7,Early Intervention,Private
0000003901,003901,First Steps,2023-10-16,2023-10-30,2024-06-13,No,24,Early Intervention,Private
0000003901,003901,Child Care,2024-06-18,2024-06-19,2025-01-23,No,88,,Private
0000003901,003901,State Pre-K,2025-02-10,2025-02-16,2025-09-19,No,54,Pre-K,Private
0000003902,003902,Early Head Start,2018-11-29,2018-12-13,2020-08-13,No,45,,State
0000003902,003902,Early Head Start,2020-08-15,2020-08-25,2022-06-11,No,87,,Private
0000003903,003903,Early Head Start,2020-01-16,2020-01-19,2022-08-11,No,184,,Local
0000003904,003904,Childcare Subsidy,2020-03-18,2020-04-13,2022-11-10,No,198,,Federal
0000003905,003905,Child Care,2022-09-24,2022-10-09,2025-08-18,No,110,,Federal
0000003905,003905,Childcare Subsidy,2025-10-27,2025-11-10,2026-11-05,No,128,,Federal
0000003906,003906,Childcare Subsidy,2022-07-07,2022-08-06,2023-02-04,No,143,,Private
0000003906,003906,Child Care,2023-03-06,2023-03-20,2023-10-25,No,121,,Private
0000003906,003906,Home Visiting,2023-11-07,2023-11-26,2024-06-24,Yes,8,,Federal
0000003907,003907,First Steps,2022-03-30,2022-04-10,2023-06-02,No,17,Early Intervention,State
0000003907,003907,Early Intervention,2023-06-26,2023-07-15,2026-05-22,No,37,Early Intervention,Local
0000003908,003908,Early Head Start,2021-06-14,2021-06-24,2022-07-25,No,85,,Federal
0000003908,003908,Early Head Start,2022-08-21,2022-08-26,2024-04-03,No,45,,Federal
0000003909,003909,Early Intervention,2022-08-29,2022-09-10,2023-02-14,No,32,Early Intervention,Federal
0000003909,003909,First Steps,2022-10-10,2022-10-25,2023-08-22,No,7,Early Intervention,Federal
0000003910,003910,Child Care,2020-05-26,2020-06-23,2021-09-11,No,51,,Private
0000003910,003910,Home Visiting,2021-11-08,2021-11-17,2022-11-10,Yes,8,,State
0000003910,003910,Child Care,2023-02-02,2023-02-08,2024-07-12,No,141,,State
0000003910,003910,Childcare Subsidy,2020-05-22,2020-06-09,2021-07-21,No,171,,State
0000003910,003910,First Steps,2021-11-11,2021-11-14,2023-03-15,No,53,Early Intervention,Local
0000003911,003911,Child Care,2019-09-17,2019-10-11,2021-01-08,No,96,,State
0000003911,003911,Early Intervention,2019-11-10,2019-11-25,2022-01-01,No,47,Early Intervention,State
0000003912,003912,Child Care,2022-04-18,2022-04-20,2023-05-20,No,112,,Federal
0000003913,003913,First Steps,2022-03-07,2022-04-06,2023-04-18,No,37,Early Intervention,Private
0000003914,003914,Early Intervention,2021-10-31,2021-11-13,2022-08-14,No,40,Early Intervention,Federal
0000003914,003914,Childcare Subsidy,2022-10-20,2022-10-27,2024-01-02,No,85,,Private
0000003915,003915,Early Intervention,2019-06-01,2019-06-15,2022-03-15,No,21,Early Intervention,Federal
0000003915,003915,Early Head Start,2022-04-13,2022-05-05,2024-07-31,No,169,,Federal
0000003916,003916,First Steps,2019-05-05,2019-05-26,2021-04-08,No,20,Early Intervention,Federal
0000003916,003916,Early Head Start,2021-04-24,2021-05-12,2022-05-04,No,85,,State
0000003917,003917,Early Intervention,2021-02-10,2021-02-15,2022-09-23,No,21,Early Intervention,Private
0000003918,003918,Early Head Start,2021-06-15,2021-07-15,2023-04-27,No,58,,State
0000003919,003919,Home Visiting,2020-07-05,2020-07-14,2021-03-26,Yes,6,,Federal
0000003920,003920,Early Intervention,2021-02-05,2021-02-17,2022-05-29,No,39,Early Intervention,Federal
0000003920,003920,Early Head Start,2021-03-19,2021-04-03,2023-11-02,No,196,,State
0000003921,003921,Child Care,2019-01-14,2019-02-01,2020-06-12,No,107,,State
0000003921,003921,Home Visiting,2020-06-29,2020-07-02,2021-11-11,Yes,12,,State
0000003922,003922,Early Intervention,2019-10-15,2019-10-28,2020-11-06,No,51,Early Intervention,Local
0000003922,003922,First Steps,2020-12-04,2020-12-05,2022-01-29,No,29,Early Intervention,Federal
0000003922,003922,Head Start,2022-02-07,2022-02-17,2023-09-23,No,140,Pre-K,Federal
0000003922,003922,Child Care,2019-03-26,2019-04-06,2020-04-08,No,169,,Federal
0000003922,003922,Childcare Subsidy,2020-04-23,2020-05-07,2021-05-19,No,132,,Federal
0000003923,003923,Early Head Start,2022-08-11,2022-09-04,2024-07-22,No,50,,Private
0000003923,003923,Early Head Start,2022-10-04,2022-10-19,2026-02-04,No,94,,State
0000003923,003923,Head Start,2026-02-09,2026-02-18,2027-06-17,No,77,Pre-K,Private
0000003924,003924,Childcare Subsidy,2018-08-18,2018-09-07,2019-04-08,No,103,,Private
0000003925,003925,Childcare Subsidy,2023-01-14,2023-01-28,2025-09-13,No,195,,State
0000003926,003926,Early Head Start,2020-10-15,2020-11-08,2021-12-26,No,121,,Federal
0000003926,003926,Childcare Subsidy,2022-02-16,2022-03-15,2024-01-06,No,131,,Private
0000003927,003927,Child Care,2021-07-13,2021-07-28,2022-01-06,No,55,,Private
0000003927,003927,Childcare Subsidy,2022-02-02,2022-02-15,2022-04-29,No,67,,Federal
0000003928,003928,Child Care,2020-10-03,2020-11-02,2021-10-18,No,50,,Local
0000003929,003929,First Steps,2022-06-15,2022-07-08,2023-09-21,No,53,Early Intervention,Federal
0000003930,003930,Early Head Start,2020-09-25,2020-10-19,2022-10-22,No,77,,Federal
0000003930,003930,State Pre-K,2022-12-19,2023-01-12,2024-08-31,No,143,Pre-K,Federal
0000003930,003930,Early Head Start,2020-09-15,2020-09-26,2022-05-28,No,120,,Private
0000003931,003931,Childcare Subsidy,2019-11-04,2019-11-21,2020-10-16,No,151,,State
0000003931,003931,Early Intervention,2020-10-28,2020-10-31,2022-04-19,No,31,Early Intervention,Federal
0000003931,003931,Child Care,2022-05-03,2022-05-17,2024-02-12,No,160,,Local
0000003932,003932,Home Visiting,2019-09-04,2019-09-11,2020-05-08,Yes,12,,Federal
0000003932,003932,Child Care,2020-05-29,2020-06-05,2021-05-21,No,154,,State
0000003933,003933,First Steps,2021-03-02,2021-03-08,2023-06-15,No,34,Early Intervention,Private
0000003933,003933,Early Head Start,2023-06-25,2023-06-30,2026-01-30,No,119,,Federal
0000003934,003934,First Steps,2022-01-29,2022-02-06,2023-01-25,No,34,Early Intervention,Local
0000003934,003934,Home Visiting,2023-03-21,2023-04-09,2024-11-18,Yes,15,,Federal
0000003934,003934,State Pre-K,2025-02-21,2025-03-14,2026-06-30,No,60,Pre-K,Federal
0000003934,003934,Home Visiting,2022-07-19,2022-08-17,2023-10-31,Yes,19,,Local
0000003935,003935,Early Head Start,2022-10-07,2022-10-12,2025-07-14,No,68,,State
0000003935,003935,Head Start,2025-09-19,2025-10-05,2026-10-14,No,121,Pre-K,Private
0000003935,003935,Childcare Subsidy,2022-04-16,2022-04-25,2023-10-31,No,94,,State
0000003936,003936,First Steps,2020-05-28,2020-06-24,2023-05-15,No,25,Early Intervention,Private
0000003937,003937,Home Visiting,2021-11-26,2021-12-15,2022-06-30,Yes,8,,Federal
0000003937,003937,Child Care,2022-07-19,2022-07-28,2023-01-07,No,98,,Federal
0000003938,003938,Home Visiting,2021-12-20,2022-01-03,2023-02-21,Yes,8,,State
0000003938,003938,Child Care,2023-03-19,2023-04-17,2025-01-07,No,122,,State
0000003939,003939,Childcare Subsidy,2019-03-12,2019-04-05,2020-09-13,No,165,,Private
0000003939,003939,Child Care,2019-05-05,2019-05-20,2022-04-16,No,47,,Federal
0000003940,003940,Childcare Subsidy,2020-02-13,2020-02-28,2021-08-09,No,106,,Local
0000003941,003941,Child Care,2018-12-21,2019-01-18,2019-03-31,No,73,,State
0000003942,003942,Childcare Subsidy,2021-01-21,2021-01-22,2022-07-07,No,116,,State
0000003942,003942,Childcare Subsidy,2022-08-30,2022-09-29,2024-04-25,No,98,,Private
0000003943,003943,Early Head Start,2019-02-04,2019-03-06,2020-09-22,No,154,,Federal
0000003944,003944,Early Head Start,2020-03-25,2020-03-31,2022-06-07,No,186,,Local
0000003944,003944,Childcare Subsidy,2022-06-20,2022-06-24,2025-01-04,No,49,,Private
0000003945,003945,Early Intervention,2020-03-02,2020-03-22,2022-03-25,No,21,Early Intervention,State
0000003946,003946,Childcare Subsidy,2019-12-12,2020-01-08,2021-03-02,No,53,,Local
0000003946,003946,First Steps,2021-03-27,2021-03-29,2023-02-05,No,19,Early Intervention,Local
0000003947,003947,Childcare Subsidy,2022-12-05,2022-12-19,2024-07-01,No,129,,Private
0000003947,003947,Childcare Subsidy,2024-07-27,2024-08-08,2026-06-19,No,209,,Local
0000003948,003948,Early Intervention,2023-10-17,2023-11-01,2025-08-09,No,9,Early Intervention,Federal
0000003948,003948,Childcare Subsidy,2025-08-11,2025-08-20,2027-06-25,No,166,,Private
0000003949,003949,Early Head Start,2021-11-29,2021-12-06,2022-11-28,No,90,,State
0000003949,003949,First Steps,2022-12-14,2022-12-28,2023-06-10,No,17,Early Intervention,Local
0000003950,003950,Home Visiting,2020-08-17,2020-08-27,2021-09-03,Yes,22,,Local
0000003951,003951,Early Intervention,2021-12-18,2022-01-16,2024-10-09,No,45,Early Intervention,State
0000003951,003951,Childcare Subsidy,2025-01-27,2025-02-15,2025-10-02,No,126,,State
0000003951,003951,Child Care,2021-04-04,2021-05-04,2022-09-15,No,143,,Local
0000003952,003952,Child Care,2021-04-24,2021-05-24,2022-10-17,No,58,,Private
0000003953,003953,Childcare Subsidy,2022-12-31,2023-01-13,2023-04-05,No,36,,Local
0000003954,003954,Childcare Subsidy,2020-03-15,2020-03-22,2023-03-11,No,89,,Federal
0000003955,003955,Home Visiting,2021-01-23,2021-02-01,2022-12-20,Yes,21,,Local
0000003955,003955,Head Start,2022-12-24,2023-01-08,2024-03-23,No,89,Pre-K,Local
0000003956,003956,First Steps,2021-04-22,2021-05-18,2022-07-05,No,22,Early Intervention,State
0000003957,003957,Early Intervention,2021-02-20,2021-03-05,2021-10-18,No,39,Early Intervention,Local
0000003957,003957,Early Head Start,2021-10-29,2021-11-16,2022-08-03,No,133,,Local
0000003957,003957,Child Care,2022-08-27,2022-09-06,2023-03-14,No,51,,Private
0000003958,003958,Home Visiting,2020-03-05,2020-03-29,2021-10-10,Yes,18,,Local
0000003958,003958,Child Care,2021-10-22,2021-11-02,2023-06-15,No,59,,State
0000003959,003959,Early Head Start,2019-11-13,2019-12-02,2021-05-31,No,154,,Federal
0000003959,003959,Head Start,2021-06-04,2021-06-22,2022-06-14,No,93,Pre-K,Federal
0000003960,003960,Home Visiting,2019-12-11,2019-12-23,2021-08-29,Yes,20,,State
0000003960,003960,Child Care,2020-01-22,2020-02-06,2023-09-28,No,108,,State
0000003961,003961,Early Intervention,2022-11-16,2022-12-15,2024-06-15,No,38,Early Intervention,State
0000003962,003962,Home Visiting,2019-05-16,2019-05-30,2020-09-28,Yes,19,,Local
0000003963,003963,Early Intervention,2019-10-11,2019-11-06,2020-11-28,No,11,Early Intervention,Local
0000003963,003963,Home Visiting,2020-12-26,2021-01-04,2022-11-14,Yes,18,,Private
0000003963,003963,Head Start,2022-12-06,2022-12-09,2023-11-18,No,132,Pre-K,Private
0000003964,003964,First Steps,2019-06-23,2019-07-10,2020-07-07,No,12,Early Intervention,Federal
0000003964,003964,Early Head Start,2020-07-08,2020-08-04,2021-06-04,No,160,,Federal
0000003965,003965,Childcare Subsidy,2021-10-24,2021-11-10,2023-12-19,No,149,,Private
0000003965,003965,Child Care,2024-03-11,2024-03-17,2026-05-07,No,58,,Local
0000003965,003965,First Steps,2021-11-07,2021-12-01,2023-06-01,No,47,Early Intervention,Federal
0000003966,003966,Child Care,2021-12-01,2021-12-08,2023-08-23,No,81,,Private
0000003966,003966,Child Care,2023-09-13,2023-10-11,2026-05-07,No,206,,Federal
0000003967,003967,Childcare Subsidy,2022-06-02,2022-06-15,2022-11-05,No,118,,Private
0000003967,003967,Home Visiting,2022-07-15,2022-07-30,2023-09-07,Yes,9,,Federal
0000003967,003967,Early Intervention,2024-01-24,2024-02-17,2024-10-23,No,31,Early Intervention,Federal
0000003967,003967,Child Care,2025-01-03,2025-01-11,2025-06-30,No,77,,Federal
0000003968,003968,Child Care,2022-02-24,2022-03-18,2024-07-28,No,83,,Private
0000003969,003969,Childcare Subsidy,2019-06-12,2019-07-04,2021-06-30,No,168,,State
0000003970,003970,Child Care,2019-08-06,2019-08-16,2021-05-10,No,164,,Private
0000003970,003970,Childcare Subsidy,2021-05-17,2021-06-14,2023-06-30,No,100,,Federal
0000003971,003971,Child Care,2021-01-08,2021-02-04,2021-12-27,No,117,,Federal
0000003972,003972,Home Visiting,2020-07-24,2020-08-23,2022-01-16,Yes,23,,State
0000003973,003973,Childcare Subsidy,2021-01-28,2021-02-13,2022-01-12,No,153,,Private
0000003974,003974,Early Head Start,2021-01-19,2021-02-17,2021-10-20,No,101,,Local
0000003974,003974,Early Head Start,2022-04-04,2022-04-17,2022-11-28,No,58,,Federal
0000003974,003974,Early Head Start,2023-02-11,2023-02-28,2024-01-23,No,53,,Private
0000003975,003975,Home Visiting,2020-02-19,2020-02-20,2021-04-17,Yes,12,,Private
0000003976,003976,First Steps,2022-01-08,2022-01-31,2022-04-21,No,8,Early Intervention,State
0000003977,003977,Home Visiting,2022-01-15,2022-01-18,2024-01-19,Yes,15,,Private
0000003977,003977,Child Care,2024-02-10,2024-02-22,2025-04-27,No,175,,Federal
0000003978,003978,Childcare Subsidy,2019-08-14,2019-08-20,2021-06-27,No,141,,State
0000003978,003978,State Pre-K,2021-07-10,2021-07-24,2023-11-22,No,131,Pre-K,Private
0000003979,003979,Childcare Subsidy,2020-06-27,2020-07-10,2020-10-28,No,111,,Federal
0000003980,003980,Home Visiting,2020-11-05,2020-11-26,2022-10-09,Yes,23,,Federal
0000003980,003980,Home Visiting,2020-12-26,2021-01-10,2024-08-28,Yes,6,,Federal
0000003981,003981,First Steps,2020-06-09,2020-06-27,2022-03-08,No,26,Early Intervention,State
0000003981,003981,Head Start,2022-06-17,2022-06-29,2024-04-08,No,98,Pre-K,Private
0000003981,003981,First Steps,2020-02-24,2020-03-10,2021-06-27,No,42,Early Intervention,State
0000003982,003982,Early Head Start,2020-07-09,2020-07-22,2022-01-27,No,147,,Private
0000003982,003982,Childcare Subsidy,2022-02-04,2022-02-16,2024-01-17,No,96,,Local
0000003983,003983,Child Care,2019-12-02,2019-12-05,2022-03-22,No,65,,State
0000003984,003984,First Steps,2023-01-04,2023-01-23,2024-06-18,No,38,Early Intervention,Private
0000003984,003984,Childcare Subsidy,2024-08-12,2024-08-14,2025-12-22,No,155,,Private
0000003985,003985,Child Care,2021-04-26,2021-05-16,2021-08-20,No,116,,Private
0000003985,003985,Childcare Subsidy,2021-08-25,2021-08-29,2021-11-17,No,124,,Private
0000003986,003986,Child Care,2021-09-03,2021-09-16,2023-05-23,No,129,,Local
0000003986,003986,First Steps,2021-10-16,2021-10-31,2024-10-09,No,41,Early Intervention,Private
0000003987,003987,Childcare Subsidy,2020-06-29,2020-07-01,2022-04-07,No,91,,Local
0000003988,003988,Childcare Subsidy,2019-07-18,2019-07-21,2022-01-05,No,92,,Private
0000003988,003988,Childcare Subsidy,2022-01-22,2022-02-16,2024-09-01,No,96,,State
0000003988,003988,Child Care,2020-03-04,2020-03-10,2021-04-02,No,181,,State
0000003989,003989,First Steps,2021-06-22,2021-07-10,2021-09-25,No,21,Early Intervention,Federal
0000003989,003989,Early Intervention,2022-01-19,2022-02-07,2023-01-16,No,30,Early Intervention,Federal
0000003989,003989,First Steps,2023-03-26,2023-04-01,2024-02-05,No,32,Early Intervention,Federal
0000003990,003990,Home Visiting,2019-10-30,2019-10-31,2020-05-22,Yes,19,,Federal
0000003991,003991,Early Head Start,2021-01-03,2021-01-25,2022-04-05,No,178,,State
0000003991,003991,Child Care,2022-05-05,2022-05-31,2023-07-13,No,60,,State
0000003992,003992,Child Care,2023-04-26,2023-05-14,2024-12-28,No,103,,Private
0000003993,003993,Home Visiting,2022-04-25,2022-05-23,2022-10-22,Yes,9,,Local
0000003994,003994,Child Care,2021-08-20,2021-08-29,2021-12-04,No,45,,State
0000003994,003994,Child Care,2021-12-21,2022-01-19,2022-12-13,No,54,,Private
0000003995,003995,First Steps,2021-10-24,2021-11-09,2024-10-30,No,50,Early Intervention,Federal
0000003995,003995,Head Start,2024-11-06,2024-11-29,2026-04-03,No,89,Pre-K,Federal
0000003995,003995,Early Intervention,2021-10-04,2021-11-03,2024-10-15,No,54,Early Intervention,Federal
0000003995,003995,Child Care,2024-10-22,2024-10-25,2026-04-03,No,111,,Private
0000003995,003995,Early Head Start,2021-10-04,2021-11-03,2024-03-16,No,96,,Private
0000003996,003996,Home Visiting,2021-04-27,2021-05-25,2023-04-25,Yes,7,,Local
0000003996,003996,Child Care,2023-05-30,2023-06-19,2025-01-01,No,122,,State
0000003997,003997,Childcare Subsidy,2021-01-02,2021-01-10,2022-01-18,No,113,,State
0000003998,003998,Home Visiting,2019-03-20,2019-03-23,2021-03-09,Yes,19,,Local
0000003998,003998,Early Intervention,2021-04-18,2021-04-24,2022-11-04,No,44,Early Intervention,State
0000003999,003999,Home Visiting,2021-05-06,2021-05-12,2023-04-14,Yes,18,,Federal
0000003999,003999,Head Start,2021-06-11,2021-06-26,2024-08-20,No,113,Pre-K,Private
0000004000,004000,Home Visiting,2021-05-11,2021-06-09,2022-10-23,Yes,10,,Federal
0000004001,004001,First Steps,2020-05-01,2020-05-26,2021-11-01,No,18,Early Intervention,Local
0000004001,004001,First Steps,2021-11-23,2021-12-13,2024-09-01,No,53,Early Intervention,Private
0000004002,004002,Child Care,2020-03-19,2020-03-25,2020-06-07,No,170,,Private
0000004002,004002,First Steps,2020-06-24,2020-07-16,2020-10-19,No,9,Early Intervention,Federal
0000004003,004003,Child Care,2022-03-14,2022-04-01,2022-06-29,No,44,,State
0000004003,004003,Early Head Start,2022-07-02,2022-07-23,2023-01-12,No,93,,Private
0000004003,004003,First Steps,2023-01-26,2023-02-04,2023-06-23,No,35,Early Intervention,Federal
0000004004,004004,Home Visiting,2021-01-03,2021-01-29,2022-01-02,Yes,5,,Federal
0000004005,004005,Early Intervention,2023-12-22,2024-01-20,2025-05-15,No,30,Early Intervention,State
0000004005,004005,Childcare Subsidy,2025-08-13,2025-08-15,2027-06-26,No,154,,Private
0000004005,004005,Home Visiting,2022-12-27,2023-01-18,2025-09-15,Yes,19,,State
0000004006,004006,Home Visiting,2019-05-15,2019-05-30,2019-11-11,Yes,14,,Private
0000004006,004006,Childcare Subsidy,2019-11-22,2019-12-03,2020-04-12,No,161,,Federal
0000004006,004006,Early Intervention,2020-04-23,2020-05-17,2020-08-01,No,21,Early Intervention,Federal
0000004007,004007,Early Head Start,2021-11-09,2021-11-16,2022-10-18,No,130,,State
0000004007,004007,Child Care,2023-02-09,2023-02-10,2023-12-19,No,91,,State
0000004008,004008,Home Visiting,2023-01-28,2023-02-21,2023-05-20,Yes,15,,Local
0000004008,004008,First Steps,2023-06-14,2023-07-12,2023-12-14,No,7,Early Intervention,Local
0000004009,004009,Childcare Subsidy,2022-05-18,2022-06-16,2023-09-05,No,139,,Federal
0000004009,004009,Early Intervention,2023-12-09,2023-12-27,2024-08-24,No,31,Early Intervention,State
0000004009,004009,Home Visiting,2024-11-02,2024-11-13,2026-01-29,Yes,4,,State
0000004010,004010,First Steps,2021-09-01,2021-09-19,2023-02-04,No,33,Early Intervention,Federal
0000004010,004010,Early Intervention,2023-03-03,2023-03-12,2026-01-01,No,36,Early Intervention,Local
0000004010,004010,Home Visiting,2021-09-14,2021-09-15,2024-04-15,Yes,10,,Federal
0000004011,004011,Child Care,2021-09-30,2021-10-26,2022-08-29,No,101,,Local
0000004011,004011,Early Intervention,2022-09-11,2022-09-15,2023-07-07,No,12,Early Intervention,Private
0000004012,004012,Child Care,2020-01-17,2020-01-23,2020-12-07,No,49,,Local
0000004012,004012,Home Visiting,2020-12-17,2020-12-26,2022-01-03,Yes,12,,Local
0000004013,004013,First Steps,2018-06-11,2018-07-08,2020-01-10,No,36,Early Intervention,Private
0000004014,004014,Early Head Start,2020-03-24,2020-03-31,2021-04-26,No,76,,Federal
0000004015,004015,Early Intervention,2019-11-15,2019-11-16,2021-03-12,No,49,Early Intervention,Local
0000004015,004015,Home Visiting,2021-05-28,2021-05-30,2022-08-16,Yes,16,,Private
0000004016,004016,Home Visiting,2021-05-11,2021-06-01,2021-12-21,Yes,4,,State
0000004017,004017,First Steps,2021-03-26,2021-04-23,2024-03-13,No,50,Early Intervention,State
0000004017,004017,Child Care,2024-05-07,2024-05-31,2026-04-19,No,70,,Federal
0000004018,004018,Child Care,2019-08-22,2019-09-12,2020-04-28,No,142,,Local
0000004018,004018,Home Visiting,2020-05-10,2020-05-30,2021-01-12,Yes,10,,State
0000004019,004019,Early Head Start,2020-08-23,2020-09-07,2023-05-23,No,72,,State
0000004020,004020,First Steps,2022-01-26,2022-02-06,2024-11-03,No,40,Early Intervention,Private
0000004020,004020,Childcare Subsidy,2024-11-24,2024-11-30,2025-11-10,No,81,,Local
0000004020,004020,Child Care,2021-05-13,2021-05-20,2023-04-07,No,187,,State
0000004020,004020,First Steps,2023-05-03,2023-05-21,2025-02-21,No,10,Early Intervention,Private
0000004021,004021,First Steps,2021-08-31,2021-09-01,2023-10-23,No,25,Early Intervention,Private
0000004021,004021,Home Visiting,2023-10-29,2023-11-20,2026-03-02,Yes,21,,Local
0000004021,004021,Early Head Start,2021-11-02,2021-11-29,2023-12-15,No,153,,Federal
0000004022,004022,Early Head Start,2022-04-19,2022-05-08,2025-03-30,No,187,,Private
0000004022,004022,State Pre-K,2025-07-23,2025-08-21,2026-11-02,No,75,Pre-K,Local
0000004023,004023,Early Head Start,2022-03-21,2022-04-12,2024-06-04,No,64,,Federal
0000004024,004024,Early Intervention,2020-03-10,2020-04-08,2022-02-14,No,21,Early Intervention,Private
0000004024,004024,Child Care,2022-02-16,2022-02-19,2023-06-05,No,104,,Local
0000004025,004025,Early Head Start,2021-05-19,2021-05-29,2023-12-04,No,202,,State
0000004026,004026,First Steps,2021-03-27,2021-04-08,2022-04-24,No,36,Early Intervention,Federal
0000004026,004026,Early Head Start,2022-05-09,2022-06-07,2023-09-26,No,193,,State
0000004027,004027,Early Intervention,2021-12-29,2022-01-08,2023-03-25,No,33,Early Intervention,Federal
0000004027,004027,First Steps,2022-02-07,2022-02-22,2024-10-14,No,50,Early Intervention,Local
0000004027,004027,Child Care,2024-10-31,2024-11-06,2025-06-20,No,149,,Local
0000004028,004028,Childcare Subsidy,2022-12-15,2023-01-12,2024-01-06,No,191,,Federal
0000004028,004028,Childcare Subsidy,2024-01-11,2024-01-13,2025-08-15,No,108,,Federal
0000004028,004028,Head Start,2025-08-28,2025-09-19,2026-10-02,No,84,Pre-K,Private
0000004029,004029,Early Head Start,2021-05-27,2021-06-18,2023-10-16,No,151,,State
0000004029,004029,State Pre-K,2023-11-13,2023-11-14,2025-05-09,No,119,Pre-K,Federal
0000004030,004030,Child Care,2020-10-09,2020-10-14,2022-11-02,No,93,,Federal
0000004030,004030,Early Head Start,2022-11-11,2022-12-10,2024-05-28,No,117,,Private
0000004030,004030,Child Care,2024-06-15,2024-06-16,2025-08-22,No,145,,State
0000004030,004030,Early Intervention,2021-02-22,2021-02-26,2023-04-21,No,31,Early Intervention,Federal
0000004030,004030,State Pre-K,2023-05-12,2023-05-24,2024-12-04,No,73,Pre-K,Private
0000004031,004031,Early Intervention,2023-08-17,2023-09-01,2025-08-20,No,48,Early Intervention,State
0000004031,004031,Childcare Subsidy,2025-10-08,2025-10-17,2027-04-15,No,88,,Private
0000004031,004031,Childcare Subsidy,2022-10-16,2022-10-31,2025-05-05,No,126,,Local
0000004032,004032,Home Visiting,2020-05-13,2020-05-14,2021-06-13,Yes,19,,Local
0000004032,004032,Child Care,2021-06-22,2021-07-01,2022-08-24,No,111,,Federal
0000004033,004033,Early Head Start,2020-07-05,2020-07-09,2021-06-19,No,135,,State
0000004033,004033,Early Head Start,2021-07-10,2021-07-13,2023-03-27,No,142,,Local
0000004034,004034,Childcare Subsidy,2021-04-15,2021-04-25,2024-03-12,No,167,,Local
0000004034,004034,Head Start,2024-04-04,2024-04-10,2025-06-14,No,123,Pre-K,Federal
0000004035,004035,Childcare Subsidy,2022-12-19,2023-01-12,2023-05-07,No,79,,Private
0000004036,004036,Early Intervention,2019-08-08,2019-08-31,2020-09-30,No,34,Early Intervention,Federal
0000004036,004036,Early Intervention,2020-10-04,2020-10-14,2021-10-23,No,43,Early Intervention,State
0000004036,004036,State Pre-K,2021-11-04,2021-11-17,2022-05-25,No,121,Pre-K,Local
0000004036,004036,Head Start,2022-05-29,2022-06-08,2023-09-05,No,62,Pre-K,Private
0000004036,004036,Early Head Start,2019-03-08,2019-04-03,2020-09-18,No,128,,State
0000004037,004037,Child Care,2019-07-20,2019-08-06,2020-03-04,No,127,,Private
0000004037,004037,Early Intervention,2020-03-19,2020-03-31,2021-12-29,No,42,Early Intervention,State
0000004037,004037,Head Start,2022-01-24,2022-02-01,2022-09-07,No,126,Pre-K,Federal
0000004037,004037,State Pre-K,2022-09-09,2022-09-19,2024-01-20,No,144,Pre-K,State
0000004038,004038,Early Head Start,2019-07-22,2019-08-08,2020-05-12,No,113,,Local
0000004039,004039,First Steps,2019-12-27,2019-12-30,2021-03-10,No,27,Early Intervention,State
0000004040,004040,Early Intervention,2021-04-09,2021-04-22,2022-04-27,No,29,Early Intervention,Private
0000004040,004040,Child Care,2021-05-22,2021-06-06,2024-07-30,No,49,,State
0000004041,004041,Childcare Subsidy,2022-01-04,2022-01-25,2022-12-19,No,149,,State
0000004042,004042,Early Intervention,2022-02-04,2022-03-06,2024-05-30,No,17,Early Intervention,Federal
0000004042,004042,Childcare Subsidy,2024-06-23,2024-06-25,2026-01-05,No,186,,Federal
0000004043,004043,Early Head Start,2022-11-17,2022-11-18,2024-09-14,No,87,,Federal
0000004044,004044,Home Visiting,2020-05-04,2020-05-22,2021-12-06,Yes,23,,Local
0000004045,004045,Child Care,2021-03-27,2021-04-21,2021-08-14,No,74,,Federal
0000004045,004045,Home Visiting,2021-09-03,2021-09-18,2022-06-30,Yes,17,,Federal
0000004046,004046,Early Head Start,2020-03-15,2020-04-09,2022-06-22,No,111,,Federal
0000004047,004047,Early Head Start,2021-06-09,2021-06-26,2023-09-21,No,74,,Local
0000004048,004048,Early Head Start,2021-04-09,2021-04-12,2022-12-30,No,74,,Private
0000004048,004048,Head Start,2023-01-26,2023-02-07,2024-08-22,No,106,Pre-K,Local
0000004049,004049,Early Intervention,2020-11-28,2020-12-11,2022-11-04,No,34,Early Intervention,State
0000004049,004049,Childcare Subsidy,2023-02-09,2023-03-07,2024-11-17,No,61,,Federal
0000004050,004050,Early Head Start,2023-03-27,2023-04-17,2024-09-03,No,99,,State
0000004050,004050,Head Start,2023-05-17,2023-06-01,2026-11-22,No,120,Pre-K,Local
0000004051,004051,Early Intervention,2020-02-24,2020-02-27,2021-10-19,No,35,Early Intervention,State
0000004051,004051,Early Head Start,2021-11-03,2021-11-08,2022-11-23,No,98,,Local
0000004052,004052,Home Visiting,2020-07-15,2020-08-11,2022-07-08,Yes,23,,Federal
0000004052,004052,Early Intervention,2022-11-04,2022-11-14,2024-07-11,No,55,Early Intervention,State
0000004052,004052,Childcare Subsidy,2024-11-07,2024-11-26,2025-07-19,No,66,,Federal
0000004053,004053,First Steps,2020-01-22,2020-01-28,2021-08-08,No,49,Early Intervention,Federal
0000004053,004053,Childcare Subsidy,2021-08-12,2021-08-24,2023-04-27,No,153,,Federal
0000004054,004054,Home Visiting,2020-10-17,2020-11-06,2023-04-28,Yes,12,,Federal
0000004054,004054,Child Care,2023-05-04,2023-06-03,2024-05-10,No,141,,State
0000004055,004055,First Steps,2018-10-07,2018-10-29,2020-03-18,No,34,Early Intervention,Private
0000004056,004056,Home Visiting,2018-04-28,2018-05-18,2020-03-18,Yes,8,,Private
0000004057,004057,Early Intervention,2021-08-21,2021-09-02,2023-05-01,No,40,Early Intervention,Private
0000004058,004058,Early Intervention,2018-08-03,2018-08-28,2019-08-09,No,39,Early Intervention,Federal
0000004058,004058,Early Intervention,2019-10-17,2019-11-06,2021-08-16,No,31,Early Intervention,Federal
0000004058,004058,Childcare Subsidy,2021-11-29,2021-12-06,2022-08-17,No,116,,State
0000004059,004059,Early Intervention,2021-10-28,2021-10-31,2022-02-14,No,28,Early Intervention,State
0000004060,004060,Early Head Start,2020-09-10,2020-10-01,2021-12-09,No,64,,Local
0000004060,004060,Early Intervention,2020-10-31,2020-11-15,2024-11-12,No,23,Early Intervention,Local
0000004060,004060,Early Head Start,2020-09-05,2020-10-01,2022-11-08,No,104,,Local
0000004061,004061,Early Intervention,2022-04-12,2022-05-08,2023-11-24,No,11,Early Intervention,Private
0000004062,004062,First Steps,2020-11-22,2020-12-03,2022-05-05,No,11,Early Intervention,Local
0000004062,004062,Early Head Start,2022-07-23,2022-08-21,2024-08-10,No,169,,Private
0000004062,004062,State Pre-K,2024-10-29,2024-11-06,2025-05-13,No,76,Pre-K,Federal
0000004063,004063,First Steps,2022-10-31,2022-11-07,2023-04-13,No,11,Early Intervention,State
0000004064,004064,Early Head Start,2020-10-17,2020-11-14,2022-08-08,No,61,,Federal
0000004064,004064,Head Start,2022-08-23,2022-09-04,2023-09-15,No,121,Pre-K,Federal
0000004064,004064,Childcare Subsidy,2023-09-23,2023-10-22,2024-12-05,No,110,,Local
0000004065,004065,Home Visiting,2020-05-01,2020-05-05,2021-07-16,Yes,25,,Federal
0000004066,004066,Early Head Start,2019-08-25,2019-09-11,2020-08-08,No,137,,State
0000004067,004067,Home Visiting,2020-09-08,2020-09-14,2023-02-18,Yes,23,,Federal
0000004068,004068,Early Intervention,2021-06-21,2021-07-19,2023-04-20,No,55,Early Intervention,Local
0000004068,004068,Child Care,2023-04-30,2023-05-30,2026-01-13,No,65,,Private
0000004068,004068,Early Head Start,2021-07-16,2021-07-31,2023-04-01,No,113,,State
0000004069,004069,First Steps,2020-04-11,2020-04-21,2021-05-16,No,18,Early Intervention,Federal
0000004069,004069,Childcare Subsidy,2021-06-04,2021-07-03,2024-02-10,No,94,,Local
0000004069,004069,Head Start,2024-03-02,2024-03-14,2024-11-10,No,77,Pre-K,Local
0000004070,004070,Home Visiting,2023-07-28,2023-08-18,2024-09-22,Yes,8,,Private
0000004071,004071,Child Care,2021-06-25,2021-07-09,2022-05-18,No,108,,State
0000004072,004072,Early Head Start,2019-04-12,2019-04-14,2020-05-29,No,69,,Private
0000004072,004072,Early Head Start,2020-06-26,2020-07-09,2023-05-14,No,135,,Private
0000004073,004073,First Steps,2021-12-03,2021-12-19,2022-12-20,No,47,Early Intervention,State
0000004074,004074,First Steps,2019-11-24,2019-12-08,2021-10-11,No,38,Early Intervention,Federal
0000004074,004074,Childcare Subsidy,2022-01-26,2022-02-02,2024-11-04,No,109,,Private
0000004075,004075,Early Head Start,2020-09-17,2020-09-25,2021-04-16,No,165,,Federal
0000004075,004075,First Steps,2021-06-01,2021-06-04,2023-02-04,No,44,Early Intervention,State
0000004076,004076,Home Visiting,2021-07-23,2021-08-21,2022-09-19,Yes,19,,Federal
0000004076,004076,State Pre-K,2022-10-05,2022-10-26,2023-10-04,No,112,Pre-K,Local
0000004077,004077,Child Care,2020-06-19,2020-06-28,2021-03-03,No,47,,State
0000004077,004077,Home Visiting,2021-06-30,2021-07-28,2021-11-23,Yes,16,,Federal
0000004078,004078,Child Care,2022-03-21,2022-04-20,2022-10-18,No,66,,Federal
0000004078,004078,Home Visiting,2022-12-18,2022-12-24,2023-10-09,Yes,9,,Private
0000004078,004078,Early Head Start,2023-12-08,2023-12-24,2024-11-13,No,97,,State
0000004078,004078,State Pre-K,2025-03-25,2025-04-05,2025-11-26,No,103,Pre-K,Local
0000004078,004078,Childcare Subsidy,2026-02-07,2026-03-01,2026-05-13,No,116,,State
0000004079,004079,Home Visiting,2019-02-21,2019-02-23,2019-06-30,Yes,5,,Local
0000004080,004080,Child Care,2019-05-04,2019-05-21,2020-04-03,No,111,,Federal
0000004081,004081,Child Care,2021-01-26,2021-02-03,2023-01-02,No,181,,State
0000004082,004082,Child Care,2020-12-09,2020-12-27,2021-08-21,No,119,,Federal
0000004083,004083,Early Intervention,2020-07-27,2020-08-17,2021-09-19,No,20,Early Intervention,Federal
0000004084,004084,Home Visiting,2022-02-10,2022-02-16,2023-04-05,Yes,12,,Federal
0000004084,004084,Childcare Subsidy,2023-07-11,2023-08-01,2024-08-06,No,143,,Private
0000004085,004085,Childcare Subsidy,2022-01-05,2022-01-27,2023-05-21,No,116,,Local
0000004085,004085,Childcare Subsidy,2023-06-06,2023-06-20,2024-08-13,No,79,,Federal
0000004086,004086,Child Care,2021-12-28,2022-01-12,2022-09-28,No,109,,Private
0000004086,004086,Early Intervention,2022-10-27,2022-11-16,2023-09-17,No,30,Early Intervention,Private
0000004086,004086,Early Head Start,2023-10-07,2023-10-15,2023-12-27,No,37,,Private
0000004087,004087,Childcare Subsidy,2022-12-31,2023-01-16,2023-10-07,No,63,,Private
0000004088,004088,Early Head Start,2021-05-02,2021-05-17,2022-11-08,No,168,,Federal
0000004088,004088,Childcare Subsidy,2022-11-10,2022-11-14,2023-09-15,No,149,,Federal
0000004089,004089,Child Care,2022-09-24,2022-09-30,2025-04-09,No,194,,Federal
0000004089,004089,State Pre-K,2025-07-04,2025-08-03,2027-03-02,No,122,Pre-K,State
0000004089,004089,Early Intervention,2022-09-02,2022-09-20,2024-01-15,No,20,Early Intervention,State
0000004090,004090,Early Intervention,2019-05-03,2019-05-22,2021-03-20,No,32,Early Intervention,State
0000004091,004091,First Steps,2019-12-21,2019-12-27,2021-08-11,No,8,Early Intervention,Private
0000004092,004092,Childcare Subsidy,2023-04-15,2023-05-09,2024-05-04,No,96,,Federal
0000004092,004092,Home Visiting,2024-07-23,2024-07-30,2025-11-15,Yes,15,,Private
0000004092,004092,Head Start,2026-01-15,2026-01-26,2027-03-26,No,121,Pre-K,State
0000004093,004093,Childcare Subsidy,2020-06-05,2020-06-14,2022-06-14,No,81,,Federal
0000004093,004093,Child Care,2022-09-19,2022-10-11,2023-12-21,No,85,,Local
0000004093,004093,Child Care,2024-03-14,2024-03-29,2025-04-06,No,132,,State
0000004094,004094,First Steps,2018-03-10,2018-03-26,2020-03-03,No,47,Early Intervention,State
0000004095,004095,First Steps,2019-05-16,2019-05-31,2020-11-03,No,55,Early Intervention,State
0000004096,004096,Childcare Subsidy,2021-04-09,2021-04-28,2023-07-08,No,114,,Private
0000004096,004096,Childcare Subsidy,2023-07-22,2023-08-11,2025-07-10,No,113,,Private
0000004097,004097,Early Head Start,2023-11-07,2023-12-07,2024-10-15,No,51,,State
0000004097,004097,Home Visiting,2024-01-06,2024-01-21,2025-05-17,Yes,3,,Local
0000004098,004098,First Steps,2021-05-04,2021-06-02,2021-11-26,No,21,Early Intervention,Local
0000004098,004098,Childcare Subsidy,2021-12-20,2021-12-27,2022-06-30,No,95,,Private
0000004099,004099,Child Care,2019-04-10,2019-04-20,2019-11-12,No,146,,Federal
0000004099,004099,Early Intervention,2019-11-17,2019-12-12,2020-12-03,No,5,Early Intervention,State
0000004099,004099,Child Care,2020-12-07,2021-01-01,2021-05-20,No,83,,Federal
0000004099,004099,State Pre-K,2021-05-25,2021-05-28,2021-12-02,No,115,Pre-K,State
0000004099,004099,Childcare Subsidy,2021-12-25,2021-12-30,2022-07-10,No,149,,Local
0000004100,004100,Early Intervention,2022-06-22,2022-07-03,2023-09-07,No,13,Early Intervention,Federal
0000004100,004100,Early Intervention,2023-09-24,2023-10-20,2025-09-25,No,13,Early Intervention,Federal
0000004100,004100,Head Start,2025-10-08,2025-10-26,2027-02-04,No,84,Pre-K,State
0000004101,004101,Child Care,2022-03-15,2022-04-11,2023-12-02,No,163,,State
0000004101,004101,State Pre-K,2024-01-25,2024-02-20,2025-02-17,No,163,Pre-K,Local
0000004102,004102,First Steps,2019-06-15,2019-06-21,2020-03-17,No,25,Early Intervention,Private
0000004102,004102,Home Visiting,2020-04-07,2020-04-15,2021-06-15,Yes,12,,State
0000004102,004102,Early Head Start,2021-06-23,2021-07-13,2023-03-11,No,67,,State
0000004103,004103,First Steps,2020-06-04,2020-06-27,2022-07-02,No,30,Early Intervention,Private
0000004103,004103,State Pre-K,2022-07-20,2022-07-28,2024-02-23,No,143,Pre-K,State
0000004104,004104,Early Head Start,2021-03-19,2021-04-11,2023-09-14,No,124,,Private
0000004105,004105,Home Visiting,2020-07-11,2020-07-15,2021-10-05,Yes,19,,State
0000004106,004106,Child Care,2020-09-09,2020-09-10,2021-08-20,No,45,,Local
0000004106,004106,Child Care,2021-09-04,2021-09-15,2023-08-05,No,62,,Local
0000004107,004107,First Steps,2020-02-27,2020-03-19,2022-09-23,No,11,Early Intervention,State
0000004108,004108,Early Intervention,2019-09-02,2019-09-28,2021-06-21,No,47,Early Intervention,Local
0000004108,004108,Early Intervention,2021-09-02,2021-09-04,2023-01-14,No,45,Early Intervention,State
0000004109,004109,First Steps,2022-07-27,2022-08-19,2024-08-09,No,35,Early Intervention,Private
0000004110,004110,Early Intervention,2019-06-24,2019-06-28,2021-07-28,No,27,Early Intervention,Local
0000004110,004110,Early Head Start,2021-08-15,2021-08-30,2024-06-18,No,134,,Private
0000004111,004111,Early Head Start,2020-07-10,2020-07-27,2021-12-23,No,51,,Local
0000004112,004112,Early Head Start,2022-10-11,2022-10-21,2024-04-25,No,61,,Private
0000004112,004112,Early Head Start,2024-05-01,2024-05-19,2025-06-17,No,46,,Federal
0000004113,004113,Home Visiting,2021-06-13,2021-07-08,2024-02-15,Yes,16,,Private
0000004113,004113,Childcare Subsidy,2024-03-01,2024-03-17,2026-08-31,No,81,,Private
0000004114,004114,Early Intervention,2023-11-05,2023-12-03,2024-08-31,No,25,Early Intervention,Local
0000004115,004115,Childcare Subsidy,2021-03-22,2021-04-15,2022-10-01,No,47,,Private
0000004115,004115,First Steps,2022-10-14,2022-11-04,2023-06-19,No,15,Early Intervention,Private
0000004116,004116,Early Intervention,2019-12-26,2020-01-13,2021-12-29,No,24,Early Intervention,Local
0000004117,004117,Child Care,2020-08-13,2020-08-16,2023-01-28,No,73,,Private
0000004118,004118,Home Visiting,2018-11-19,2018-12-14,2019-07-09,Yes,16,,State
0000004118,004118,Childcare Subsidy,2019-01-13,2019-01-28,2020-06-04,No,98,,Private
0000004118,004118,Childcare Subsidy,2020-11-27,2020-12-04,2021-06-02,No,81,,Private
0000004119,004119,Child Care,2021-07-20,2021-07-21,2022-04-18,No,160,,State
0000004119,004119,Childcare Subsidy,2022-07-24,2022-08-18,2024-01-23,No,64,,Local
0000004119,004119,Child Care,2024-05-01,2024-05-15,2025-10-07,No,139,,Local
0000004119,004119,First Steps,2021-06-20,2021-07-01,2023-06-03,No,31,Early Intervention,Private
0000004119,004119,Head Start,2023-07-04,2023-07-23,2024-11-08,No,120,Pre-K,State
0000004120,004120,Early Intervention,2022-06-02,2022-06-14,2025-03-24,No,48,Early Intervention,Federal
0000004120,004120,Child Care,2025-03-28,2025-04-21,2026-09-09,No,144,,Private
0000004121,004121,Childcare Subsidy,2021-01-27,2021-02-08,2021-09-16,No,73,,Local
0000004121,004121,Childcare Subsidy,2022-01-02,2022-02-01,2024-01-08,No,57,,State
0000004122,004122,Home Visiting,2021-07-17,2021-08-02,2022-03-29,Yes,10,,Federal
0000004123,004123,First Steps,2020-03-23,2020-04-01,2021-08-03,No,46,Early Intervention,Local
0000004124,004124,Home Visiting,2020-08-24,2020-09-23,2021-06-14,Yes,12,,Private
0000004124,004124,Home Visiting,2021-06-28,2021-06-30,2022-03-05,Yes,6,,State
0000004125,004125,Early Head Start,2023-01-26,2023-02-09,2024-04-09,No,154,,Federal
0000004126,004126,Early Head Start,2023-01-13,2023-01-14,2025-01-23,No,155,,State
0000004126,004126,Head Start,2025-04-24,2025-05-23,2026-08-19,No,155,Pre-K,Private
0000004126,004126,First Steps,2022-02-19,2022-03-15,2024-10-25,No,11,Early Intervention,State
0000004127,004127,Home Visiting,2021-08-18,2021-09-12,2022-12-04,Yes,7,,Local
0000004127,004127,First Steps,2021-10-12,2021-10-27,2024-09-30,No,42,Early Intervention,Local
0000004127,004127,Childcare Subsidy,2024-10-24,2024-11-14,2026-02-25,No,199,,Private
0000004128,004128,Child Care,2018-12-27,2019-01-23,2019-05-15,No,76,,State
0000004128,004128,Child Care,2019-05-27,2019-06-26,2020-04-06,No,47,,Federal
0000004129,004129,Child Care,2021-12-15,2021-12-21,2023-08-27,No,185,,Private
0000004129,004129,Early Intervention,2023-11-10,2023-12-10,2024-12-31,No,36,Early Intervention,Federal
0000004130,004130,Early Intervention,2022-06-23,2022-07-16,2023-11-02,No,23,Early Intervention,Federal
0000004130,004130,Childcare Subsidy,2022-08-15,2022-08-30,2024-11-04,No,71,,Federal
0000004131,004131,Childcare Subsidy,2021-04-13,2021-05-12,2023-01-23,No,161,,Federal
0000004131,004131,Home Visiting,2023-02-19,2023-02-27,2023-10-29,Yes,24,,Private
0000004131,004131,Head Start,2023-11-13,2023-11-18,2024-10-26,No,78,Pre-K,Local
0000004132,004132,Child Care,2021-08-29,2021-09-19,2022-08-26,No,99,,Local
0000004132,004132,Child Care,2021-10-19,2021-11-03,2023-05-31,No,32,,Private
0000004133,004133,Early Head Start,2020-05-19,2020-05-28,2021-02-04,No,76,,Local
0000004133,004133,Early Intervention,2021-03-05,2021-03-17,2023-03-11,No,38,Early Intervention,State
0000004134,004134,Early Intervention,2018-07-11,2018-08-01,2019-05-30,No,49,Early Intervention,State
0000004134,004134,First Steps,2019-06-20,2019-06-21,2020-03-29,No,47,Early Intervention,Local
0000004134,004134,Early Head Start,2020-04-10,2020-04-13,2021-04-01,No,156,,Federal
0000004135,004135,Childcare Subsidy,2018-12-03,2018-12-20,2020-02-25,No,63,,Federal
0000004136,004136,Early Intervention,2021-12-24,2022-01-09,2023-10-23,No,41,Early Intervention,State
0000004137,004137,Child Care,2021-09-12,2021-09-24,2023-07-28,No,95,,Federal
0000004138,004138,Child Care,2021-12-05,2021-12-29,2024-05-16,No,183,,Private
0000004138,004138,State Pre-K,2024-06-12,2024-07-07,2025-08-26,No,146,Pre-K,State
0000004138,004138,Early Head Start,2021-02-26,2021-03-01,2022-12-16,No,169,,State
0000004139,004139,Child Care,2022-05-25,2022-06-23,2023-12-25,No,202,,Local
0000004139,004139,Child Care,2022-07-23,2022-08-07,2025-05-20,No,184,,State
0000004139,004139,Childcare Subsidy,2025-07-18,2025-08-14,2026-01-23,No,87,,Local
0000004140,004140,Early Intervention,2020-02-28,2020-03-18,2021-01-05,No,13,Early Intervention,State
0000004140,004140,Child Care,2021-01-17,2021-01-21,2022-07-23,No,170,,Local
0000004140,004140,Head Start,2022-08-01,2022-08-27,2024-02-27,No,60,Pre-K,State
0000004141,004141,Early Intervention,2019-08-07,2019-08-20,2021-06-22,No,29,Early Intervention,State
0000004141,004141,Childcare Subsidy,2021-07-20,2021-07-30,2023-05-08,No,65,,Private
0000004141,004141,Child Care,2023-05-17,2023-06-07,2024-10-02,No,109,,Local
0000004142,004142,Child Care,2020-07-04,2020-07-14,2021-07-30,No,53,,State
0000004143,004143,Early Head Start,2022-05-05,2022-05-20,2023-11-18,No,178,,Federal
0000004144,004144,Home Visiting,2019-08-07,2019-08-09,2020-05-23,Yes,20,,Local
0000004145,004145,First Steps,2022-02-28,2022-03-05,2022-07-07,No,38,Early Intervention,Federal
0000004145,004145,Early Head Start,2022-10-17,2022-10-24,2023-09-10,No,165,,Local
0000004146,004146,Early Intervention,2022-01-17,2022-02-02,2022-11-14,No,40,Early Intervention,Private
0000004146,004146,Home Visiting,2022-11-20,2022-11-25,2024-10-27,Yes,13,,Local
0000004146,004146,Head Start,2024-11-14,2024-11-23,2025-09-14,No,146,Pre-K,Private
0000004147,004147,Home Visiting,2023-08-12,2023-08-27,2024-04-11,Yes,18,,Federal
0000004148,004148,Home Visiting,2022-09-21,2022-10-15,2023-01-08,Yes,3,,State
0000004148,004148,Home Visiting,2022-11-14,2022-11-29,2024-01-02,Yes,10,,State
0000004149,004149,Early Intervention,2019-11-22,2019-12-01,2022-06-28,No,38,Early Intervention,State
0000004150,004150,Home Visiting,2022-04-16,2022-04-18,2024-04-06,Yes,16,,Local
0000004150,004150,Child Care,2024-06-18,2024-07-09,2025-12-12,No,128,,State
0000004151,004151,Early Intervention,2023-03-06,2023-03-16,2024-03-16,No,25,Early Intervention,Private
0000004151,004151,Child Care,2024-04-04,2024-04-24,2024-10-31,No,110,,Local
0000004151,004151,State Pre-K,2024-11-20,2024-11-21,2025-08-01,No,93,Pre-K,Local
0000004152,004152,Child Care,2022-09-28,2022-10-06,2024-07-24,No,129,,State
0000004153,004153,First Steps,2021-03-30,2021-04-19,2023-07-06,No,54,Early Intervention,Local
0000004153,004153,Child Care,2023-07-31,2023-08-14,2024-10-16,No,73,,Local
0000004154,004154,Early Intervention,2020-10-14,2020-11-09,2021-06-15,No,34,Early Intervention,Local
0000004154,004154,Early Intervention,2021-06-19,2021-06-30,2023-01-22,No,39,Early Intervention,Federal
0000004154,004154,Child Care,2023-01-31,2023-02-27,2024-12-29,No,61,,Private
0000004155,004155,Early Head Start,2021-05-16,2021-05-22,2022-12-07,No,96,,State
0000004156,004156,Childcare Subsidy,2020-10-14,2020-11-12,2021-11-24,No,127,,Federal
0000004156,004156,First Steps,2021-11-26,2021-12-12,2022-08-22,No,42,Early Intervention,Private
0000004157,004157,Early Intervention,2021-01-07,2021-01-22,2021-08-18,No,35,Early Intervention,Private
0000004158,004158,Childcare Subsidy,2020-08-09,2020-08-20,2021-09-06,No,168,,State
0000004159,004159,Early Intervention,2020-09-09,2020-09-14,2021-09-04,No,9,Early Intervention,Local
0000004160,004160,Early Intervention,2020-05-15,2020-05-27,2021-07-19,No,14,Early Intervention,Private
0000004161,004161,First Steps,2019-05-26,2019-06-18,2019-12-25,No,21,Early Intervention,Federal
0000004161,004161,Early Head Start,2020-01-29,2020-02-20,2020-12-24,No,47,,Federal
0000004162,004162,Child Care,2022-04-15,2022-05-15,2022-11-02,No,65,,Private
0000004162,004162,Childcare Subsidy,2023-03-11,2023-03-14,2024-03-05,No,54,,Federal
0000004162,004162,State Pre-K,2024-07-26,2024-08-12,2025-06-10,No,125,Pre-K,Local
0000004163,004163,Child Care,2020-03-18,2020-04-12,2021-10-24,No,129,,State
0000004164,004164,Childcare Subsidy,2020-09-17,2020-10-05,2021-10-14,No,122,,Federal
0000004164,004164,Home Visiting,2021-12-01,2021-12-22,2022-07-24,Yes,10,,Federal
0000004165,004165,Early Intervention,2023-05-10,2023-05-14,2025-06-30,No,50,Early Intervention,Private
0000004166,004166,First Steps,2021-06-22,2021-06-28,2022-07-18,No,25,Early Intervention,State
0000004167,004167,Home Visiting,2022-11-28,2022-12-21,2023-08-22,Yes,6,,Local
0000004168,004168,Child Care,2021-05-10,2021-06-01,2022-04-10,No,60,,Private
0000004168,004168,Early Head Start,2022-07-04,2022-07-17,2023-01-18,No,57,,State
0000004168,004168,Head Start,2023-05-20,2023-06-19,2024-06-03,No,119,Pre-K,Private
0000004168,004168,Child Care,2020-08-07,2020-08-23,2020-12-26,No,111,,Federal
0000004169,004169,Child Care,2020-03-07,2020-03-22,2020-09-17,No,53,,Private
0000004170,004170,Early Head Start,2020-12-28,2021-01-07,2021-09-19,No,68,,Private
0000004171,004171,Early Intervention,2019-03-15,2019-04-02,2020-10-02,No,54,Early Intervention,Local
0000004172,004172,Child Care,2021-05-16,2021-06-13,2022-02-07,No,87,,State
0000004173,004173,Home Visiting,2019-07-15,2019-07-29,2022-03-31,Yes,5,,Local
0000004173,004173,Childcare Subsidy,2022-06-06,2022-06-29,2023-08-02,No,125,,Private
0000004174,004174,Early Intervention,2020-12-18,2021-01-14,2022-03-08,No,36,Early Intervention,Private
0000004175,004175,Early Intervention,2022-04-29,2022-05-11,2023-01-04,No,9,Early Intervention,Federal
0000004175,004175,Child Care,2023-03-22,2023-04-21,2023-08-24,No,79,,Private
0000004176,004176,Early Intervention,2020-02-26,2020-03-16,2022-09-16,No,37,Early Intervention,Federal
0000004177,004177,Early Intervention,2023-05-21,2023-06-10,2024-05-03,No,17,Early Intervention,Local
0000004177,004177,Early Head Start,2023-07-10,2023-07-25,2025-02-12,No,61,,State
0000004177,004177,Head Start,2025-02-16,2025-02-22,2025-09-21,No,90,Pre-K,Private
0000004178,004178,Early Intervention,2019-01-22,2019-02-19,2021-02-14,No,29,Early Intervention,State
0000004178,004178,First Steps,2021-03-26,2021-04-24,2022-02-22,No,25,Early Intervention,Local
0000004179,004179,First Steps,2020-02-10,2020-02-19,2022-01-21,No,17,Early Intervention,Federal
0000004180,004180,Childcare Subsidy,2021-12-03,2021-12-04,2022-04-27,No,135,,Private
0000004180,004180,Childcare Subsidy,2022-06-26,2022-07-25,2022-10-04,No,167,,Federal
0000004181,004181,Home Visiting,2019-01-26,2019-01-27,2020-01-01,Yes,19,,Federal
0000004182,004182,Child Care,2021-09-28,2021-10-01,2022-08-28,No,179,,State
0000004182,004182,First Steps,2022-09-27,2022-10-16,2023-06-25,No,7,Early Intervention,Federal
0000004183,004183,Childcare Subsidy,2019-06-02,2019-06-30,2020-04-04,No,54,,Federal
0000004184,004184,First Steps,2020-07-14,2020-07-28,2021-05-03,No,39,Early Intervention,Private
0000004184,004184,Early Head Start,2021-08-17,2021-09-11,2023-05-02,No,85,,Federal
0000004184,004184,Childcare Subsidy,2023-07-24,2023-08-16,2024-06-26,No,126,,Private
0000004185,004185,Home Visiting,2021-02-20,2021-03-06,2023-01-10,Yes,12,,State
0000004185,004185,State Pre-K,2023-01-22,2023-01-31,2024-08-27,No,131,Pre-K,Private
0000004186,004186,First Steps,2022-01-25,2022-02-22,2024-08-18,No,49,Early Intervention,Local
0000004187,004187,Childcare Subsidy,2019-04-21,2019-04-27,2021-01-02,No,173,,Local
0000004187,004187,Early Intervention,2019-05-27,2019-06-11,2022-10-07,No,40,Early Intervention,Private
0000004187,004187,Head Start,2022-11-02,2022-11-20,2023-09-19,No,100,Pre-K,State
0000004188,004188,Home Visiting,2020-01-19,2020-01-21,2021-04-11,Yes,5,,State
0000004189,004189,First Steps,2020-04-18,2020-04-27,2020-12-08,No,11,Early Intervention,Private
0000004189,004189,Early Intervention,2021-03-08,2021-04-01,2022-02-17,No,7,Early Intervention,Federal
0000004189,004189,First Steps,2022-05-19,2022-05-29,2022-10-30,No,29,Early Intervention,Private
0000004190,004190,Home Visiting,2020-04-13,2020-05-01,2022-02-08,Yes,5,,Private
0000004190,004190,Home Visiting,2022-04-02,2022-04-26,2022-12-24,Yes,23,,Federal
0000004191,004191,Early Head Start,2019-03-15,2019-03-21,2021-03-25,No,54,,Private
0000004191,004191,Childcare Subsidy,2021-05-10,2021-05-13,2023-10-13,No,50,,Federal
0000004192,004192,Child Care,2019-09-02,2019-09-15,2020-03-27,No,161,,Private
0000004192,004192,Childcare Subsidy,2020-04-17,2020-04-18,2020-11-05,No,103,,Federal
0000004192,004192,Home Visiting,2020-11-24,2020-12-08,2021-08-06,Yes,18,,Local
0000004193,004193,Early Intervention,2021-12-23,2022-01-18,2023-02-12,No,20,Early Intervention,Federal
0000004194,004194,Home Visiting,2021-10-22,2021-10-24,2024-08-20,Yes,23,,Local
0000004194,004194,State Pre-K,2024-10-12,2024-11-04,2025-04-25,No,112,Pre-K,Private
0000004195,004195,First Steps,2021-07-05,2021-07-20,2023-06-12,No,41,Early Intervention,Federal
0000004196,004196,Early Head Start,2020-06-25,2020-07-25,2022-11-12,No,53,,Private
0000004196,004196,Home Visiting,2023-02-14,2023-02-28,2024-10-13,Yes,22,,Private
0000004197,004197,Home Visiting,2019-01-09,2019-01-10,2020-10-22,Yes,16,,Local
0000004198,004198,Early Head Start,2019-05-15,2019-06-03,2020-06-08,No,123,,State
0000004198,004198,Early Intervention,2020-07-08,2020-07-20,2021-07-02,No,9,Early Intervention,Local
0000004198,004198,Childcare Subsidy,2021-10-24,2021-11-17,2022-12-26,No,143,,Private
0000004199,004199,Early Head Start,2021-05-12,2021-05-28,2023-04-15,No,126,,Federal
0000004199,004199,Home Visiting,2021-06-27,2021-07-12,2024-09-01,Yes,11,,State
0000004199,004199,Child Care,2024-09-04,2024-09-05,2025-10-18,No,139,,Local
0000004200,004200,Child Care,2020-02-07,2020-02-09,2021-08-13,No,181,,State
0000004201,004201,Early Head Start,2019-11-04,2019-11-25,2021-06-24,No,67,,Federal
0000004201,004201,Head Start,2021-10-09,2021-11-03,2023-12-30,No,135,Pre-K,Private
0000004202,004202,Home Visiting,2021-10-26,2021-11-04,2022-07-19,Yes,8,,State
0000004202,004202,Early Head Start,2022-08-12,2022-08-24,2023-03-17,No,164,,State
0000004202,004202,Early Intervention,2023-04-16,2023-05-14,2024-09-17,No,32,Early Intervention,Local
0000004203,004203,Childcare Subsidy,2020-12-12,2020-12-13,2021-09-21,No,50,,Private
0000004203,004203,Early Intervention,2021-01-12,2021-01-27,2022-09-22,No,31,Early Intervention,Local
0000004204,004204,Childcare Subsidy,2023-10-29,2023-11-27,2025-03-21,No,125,,Local
0000004204,004204,Head Start,2025-04-20,2025-05-13,2026-06-04,No,123,Pre-K,State
0000004205,004205,Early Head Start,2023-01-21,2023-02-20,2024-07-09,No,102,,State
0000004205,004205,Early Intervention,2024-09-25,2024-10-18,2027-04-14,No,34,Early Intervention,Private
0000004206,004206,Early Head Start,2020-03-15,2020-03-27,2021-04-15,No,64,,State
0000004207,004207,Early Intervention,2019-08-16,2019-08-31,2021-04-11,No,8,Early Intervention,Private
0000004208,004208,Early Head Start,2019-09-18,2019-10-11,2020-07-24,No,149,,State
0000004208,004208,Early Head Start,2020-08-02,2020-08-04,2022-05-15,No,91,,Federal
0000004209,004209,First Steps,2023-03-16,2023-03-27,2025-10-11,No,20,Early Intervention,Federal
0000004209,004209,State Pre-K,2025-10-31,2025-11-14,2026-11-22,No,130,Pre-K,State
0000004210,004210,Early Head Start,2021-04-01,2021-04-07,2022-10-08,No,106,,Local
0000004210,004210,Head Start,2022-10-21,2022-11-06,2024-09-29,No,161,Pre-K,State
0000004211,004211,Childcare Subsidy,2021-02-07,2021-03-03,2023-05-08,No,192,,Private
0000004212,004212,Early Intervention,2021-07-15,2021-08-03,2022-02-19,No,23,Early Intervention,State
0000004212,004212,Childcare Subsidy,2022-03-01,2022-03-30,2022-06-11,No,94,,Local
0000004212,004212,Home Visiting,2022-07-07,2022-08-06,2023-07-14,Yes,11,,State
0000004213,004213,Childcare Subsidy,2023-02-13,2023-02-24,2023-11-07,No,117,,Local
0000004213,004213,First Steps,2023-11-26,2023-12-06,2024-03-05,No,18,Early Intervention,Private
0000004214,004214,Childcare Subsidy,2022-06-20,2022-07-03,2023-10-24,No,172,,State
0000004214,004214,Early Intervention,2023-10-27,2023-11-04,2025-12-05,No,16,Early Intervention,Federal
0000004214,004214,Childcare Subsidy,2025-12-27,2026-01-06,2027-02-19,No,47,,Federal
0000004215,004215,Early Intervention,2022-02-05,2022-02-25,2024-09-17,No,12,Early Intervention,State
0000004215,004215,Head Start,2024-11-29,2024-12-23,2026-09-14,No,87,Pre-K,State
0000004215,004215,Early Head Start,2022-04-07,2022-04-18,2023-11-21,No,136,,Private
0000004216,004216,Early Intervention,2022-06-05,2022-06-14,2023-10-05,No,14,Early Intervention,Federal
0000004216,004216,Early Head Start,2022-07-14,2022-07-29,2024-11-10,No,196,,Private
0000004217,004217,Child Care,2021-01-03,2021-01-26,2023-01-04,No,62,,Federal
0000004217,004217,Head Start,2023-04-30,2023-05-24,2023-11-28,No,137,Pre-K,State
0000004218,004218,First Steps,2018-06-26,2018-07-13,2019-12-11,No,38,Early Intervention,Private
0000004218,004218,Home Visiting,2018-08-12,2018-08-27,2021-06-14,Yes,22,,Private
0000004219,004219,Child Care,2022-01-25,2022-02-07,2022-09-23,No,60,,Local
0000004219,004219,Early Head Start,2022-09-28,2022-10-08,2023-09-09,No,134,,Private
0000004219,004219,Child Care,2023-10-03,2023-10-20,2024-03-20,No,58,,Private
0000004220,004220,Child Care,2021-07-18,2021-07-23,2024-04-04,No,76,,Local
0000004220,004220,State Pre-K,2024-04-25,2024-04-26,2025-05-15,No,138,Pre-K,Local
0000004221,004221,Early Head Start,2019-06-17,2019-06-30,2020-02-23,No,126,,Private
0000004221,004221,Early Intervention,2019-07-30,2019-08-14,2021-01-16,No,42,Early Intervention,Private
0000004222,004222,Childcare Subsidy,2019-04-17,2019-05-17,2020-02-09,No,97,,State
0000004222,004222,First Steps,2020-06-03,2020-06-07,2021-08-15,No,42,Early Intervention,Federal
0000004223,004223,Early Intervention,2021-08-23,2021-09-01,2022-11-08,No,43,Early Intervention,Local
0000004223,004223,Child Care,2022-11-30,2022-12-22,2024-07-13,No,137,,Federal
0000004224,004224,Child Care,2018-12-15,2018-12-28,2019-10-05,No,111,,Private
0000004224,004224,Early Head Start,2019-10-07,2019-10-10,2021-06-16,No,132,,State
0000004224,004224,Home Visiting,2021-07-14,2021-07-24,2022-07-25,Yes,23,,Local
0000004225,004225,Childcare Subsidy,2020-03-24,2020-04-22,2021-10-24,No,109,,Private
0000004226,004226,Early Intervention,2018-03-20,2018-04-06,2019-03-17,No,18,Early Intervention,Federal
0000004226,004226,First Steps,2019-04-12,2019-04-28,2020-05-19,No,21,Early Intervention,Private
0000004226,004226,Home Visiting,2020-05-22,2020-06-14,2021-07-01,Yes,5,,Federal
0000004227,004227,Childcare Subsidy,2022-04-09,2022-05-03,2024-07-21,No,180,,State
0000004227,004227,Head Start,2024-11-06,2024-11-22,2026-08-24,No,88,Pre-K,Local
0000004228,004228,Childcare Subsidy,2023-02-15,2023-03-05,2024-10-11,No,113,,State
0000004229,004229,Home Visiting,2021-11-28,2021-12-07,2023-01-22,Yes,17,,Local
0000004230,004230,Childcare Subsidy,2018-08-25,2018-08-30,2020-12-25,No,158,,Private
0000004231,004231,First Steps,2022-10-15,2022-10-22,2023-11-05,No,20,Early Intervention,Federal
0000004232,004232,Childcare Subsidy,2021-11-19,2021-11-22,2023-06-07,No,86,,State
0000004233,004233,Child Care,2019-05-04,2019-05-23,2020-02-27,No,117,,State
0000004233,004233,Home Visiting,2020-06-16,2020-06-28,2021-03-19,Yes,12,,Local
0000004233,004233,Early Head Start,2021-06-26,2021-07-18,2021-11-14,No,168,,State
0000004234,004234,First Steps,2022-02-10,2022-03-01,2025-02-07,No,24,Early Intervention,Private
0000004235,004235,Early Head Start,2022-05-23,2022-06-11,2024-11-06,No,54,,Private
0000004236,004236,First Steps,2021-06-02,2021-06-28,2022-04-13,No,31,Early Intervention,Federal
0000004236,004236,Child Care,2022-04-14,2022-05-03,2023-04-27,No,38,,Federal
0000004236,004236,Child Care,2023-05-02,2023-05-09,2023-09-17,No,78,,State
0000004237,004237,Early Intervention,2021-06-22,2021-07-11,2022-11-20,No,14,Early Intervention,State
0000004237,004237,State Pre-K,2022-12-07,2022-12-26,2023-12-01,No,128,Pre-K,State
0000004238,004238,Early Intervention,2019-12-17,2020-01-06,2020-09-25,No,37,Early Intervention,State
0000004238,004238,Early Head Start,2020-10-02,2020-10-21,2021-01-26,No,131,,Federal
0000004238,004238,Early Head Start,2021-02-06,2021-03-08,2021-06-29,No,108,,Local
0000004239,004239,Home Visiting,2022-12-01,2022-12-18,2024-02-26,Yes,19,,State
0000004239,004239,Early Head Start,2023-01-17,2023-02-01,2026-01-17,No,170,,Federal
0000004239,004239,Childcare Subsidy,2026-01-24,2026-02-09,2027-01-13,No,123,,Local
0000004240,004240,Child Care,2020-02-19,2020-03-04,2022-08-17,No,155,,State
0000004241,004241,Home Visiting,2022-02-13,2022-02-16,2023-12-24,Yes,9,,Federal
0000004241,004241,Home Visiting,2022-03-18,2022-04-02,2025-05-14,Yes,24,,Local
0000004242,004242,Child Care,2022-07-14,2022-07-28,2024-04-11,No,76,,State
0000004242,004242,Child Care,2024-07-09,2024-07-14,2025-07-20,No,73,,Private
0000004243,004243,Childcare Subsidy,2019-02-24,2019-03-08,2020-10-25,No,79,,State
0000004243,004243,Early Intervention,2020-11-14,2020-12-10,2021-06-08,No,24,Early Intervention,Federal
0000004244,004244,Child Care,2021-08-06,2021-09-01,2023-07-13,No,158,,Federal
0000004244,004244,Home Visiting,2023-07-31,2023-08-24,2025-02-15,Yes,3,,State
0000004244,004244,State Pre-K,2025-02-17,2025-02-22,2026-04-03,No,148,Pre-K,Federal
0000004245,004245,Childcare Subsidy,2021-05-08,2021-05-28,2022-11-24,No,78,,Federal
0000004245,004245,Early Intervention,2022-12-09,2023-01-03,2023-07-14,No,46,Early Intervention,Federal
0000004246,004246,Child Care,2022-01-05,2022-02-04,2023-11-29,No,67,,State
0000004246,004246,Early Head Start,2023-12-12,2023-12-25,2025-11-16,No,157,,Private
0000004246,004246,Head Start,2025-12-07,2026-01-03,2026-09-09,No,100,Pre-K,State
0000004247,004247,Child Care,2019-06-07,2019-06-26,2020-12-20,No,146,,Federal
0000004247,004247,Early Head Start,2020-12-26,2021-01-01,2022-10-02,No,41,,Private
0000004248,004248,Childcare Subsidy,2023-05-25,2023-06-22,2024-02-20,No,86,,Private
0000004248,004248,Child Care,2024-03-19,2024-03-31,2024-09-18,No,49,,Local
0000004249,004249,Childcare Subsidy,2021-06-28,2021-07-14,2024-04-03,No,198,,Federal
0000004250,004250,Home Visiting,2020-01-26,2020-02-03,2020-08-09,Yes,12,,Local
0000004251,004251,Home Visiting,2020-06-29,2020-07-14,2022-04-22,Yes,18,,Local
0000004252,004252,Child Care,2022-07-25,2022-08-07,2023-09-02,No,78,,Local
0000004253,004253,Childcare Subsidy,2020-09-21,2020-10-17,2021-06-26,No,74,,Local
0000004253,004253,Early Head Start,2021-07-01,2021-07-11,2021-11-15,No,74,,Local
0000004254,004254,Home Visiting,2021-06-27,2021-07-22,2023-04-16,Yes,5,,Federal
0000004255,004255,Early Head Start,2020-02-27,2020-03-26,2021-08-05,No,72,,Private
0000004256,004256,Childcare Subsidy,2020-12-01,2020-12-08,2022-03-12,No,156,,Local
0000004257,004257,Childcare Subsidy,2021-09-22,2021-10-14,2022-05-26,No,47,,Local
0000004257,004257,Early Intervention,2022-06-10,2022-06-14,2023-03-04,No,38,Early Intervention,Local
0000004257,004257,Early Head Start,2023-03-10,2023-03-19,2024-04-21,No,178,,Local
0000004258,004258,Child Care,2021-02-05,2021-03-06,2023-10-22,No,196,,Local
0000004258,004258,Childcare Subsidy,2024-01-08,2024-01-16,2025-07-19,No,204,,Private
0000004259,004259,Child Care,2019-07-28,2019-08-22,2021-01-16,No,98,,State
0000004259,004259,Early Head Start,2021-04-28,2021-05-28,2023-01-24,No,155,,Private
0000004259,004259,State Pre-K,2023-03-28,2023-04-03,2023-12-27,No,77,Pre-K,Private
0000004260,004260,Childcare Subsidy,2020-04-19,2020-05-05,2020-07-16,No,119,,State
0000004260,004260,Early Head Start,2020-08-13,2020-09-06,2021-01-30,No,43,,Federal
0000004260,004260,Early Intervention,2021-02-11,2021-02-20,2022-01-24,No,26,Early Intervention,Federal
0000004261,004261,First Steps,2019-09-25,2019-10-03,2020-01-11,No,28,Early Intervention,Private
0000004261,004261,Early Head Start,2020-06-16,2020-07-13,2021-06-26,No,85,,Local
0000004261,004261,Home Visiting,2021-11-12,2021-12-05,2022-06-06,Yes,4,,Private
0000004262,004262,Child Care,2021-06-30,2021-07-12,2022-01-05,No,122,,Private
0000004262,004262,Early Head Start,2022-01-24,2022-02-07,2022-11-23,No,49,,Private
0000004263,004263,Childcare Subsidy,2019-08-06,2019-08-12,2020-03-19,No,85,,Private
0000004263,004263,Child Care,2020-03-21,2020-03-23,2021-09-30,No,89,,State
0000004263,004263,State Pre-K,2021-10-24,2021-11-22,2023-05-01,No,82,Pre-K,Local
0000004264,004264,First Steps,2021-06-16,2021-06-30,2022-11-17,No,17,Early Intervention,Local
0000004264,004264,Head Start,2023-03-09,2023-04-06,2025-01-15,No,176,Pre-K,Private
0000004264,004264,First Steps,2020-07-18,2020-08-04,2022-08-18,No,15,Early Intervention,Local
0000004265,004265,Early Intervention,2023-04-02,2023-04-18,2024-11-11,No,28,Early Intervention,Private
0000004266,004266,Early Intervention,2022-01-08,2022-01-21,2023-04-30,No,30,Early Intervention,Local
0000004267,004267,Early Head Start,2019-11-29,2019-11-30,2021-10-27,No,159,,Private
0000004267,004267,Childcare Subsidy,2022-01-28,2022-02-08,2022-12-05,No,198,,Local
0000004267,004267,Childcare Subsidy,2023-02-27,2023-03-27,2024-05-05,No,40,,Private
0000004268,004268,Early Intervention,2022-02-16,2022-02-19,2023-01-09,No,12,Early Intervention,Private
0000004268,004268,Early Intervention,2023-04-30,2023-05-17,2025-04-12,No,20,Early Intervention,State
0000004268,004268,State Pre-K,2025-07-27,2025-07-28,2026-04-16,No,92,Pre-K,Local
0000004269,004269,Home Visiting,2020-05-15,2020-05-26,2022-12-16,Yes,23,,State
0000004269,004269,Childcare Subsidy,2023-01-01,2023-01-29,2025-04-03,No,199,,Private
0000004269,004269,Early Intervention,2020-10-04,2020-10-25,2023-06-14,No,54,Early Intervention,Private
0000004270,004270,Early Intervention,2021-02-19,2021-03-16,2022-07-08,No,11,Early Intervention,State
0000004271,004271,Child Care,2021-08-02,2021-08-18,2023-04-02,No,87,,Private
0000004271,004271,Head Start,2023-04-26,2023-04-29,2024-08-19,No,128,Pre-K,State
0000004271,004271,Childcare Subsidy,2024-08-24,2024-09-03,2025-10-09,No,75,,State
0000004272,004272,Child Care,2020-05-31,2020-06-25,2021-07-21,No,119,,Local
0000004273,004273,Home Visiting,2021-11-11,2021-12-07,2022-06-05,Yes,8,,Private
0000004274,004274,Child Care,2022-07-03,2022-07-30,2023-08-07,No,90,,Private
0000004275,004275,Child Care,2021-09-25,2021-10-13,2023-07-27,No,191,,State
0000004275,004275,State Pre-K,2023-08-14,2023-09-13,2024-09-24,No,107,Pre-K,State
0000004276,004276,First Steps,2020-07-05,2020-07-22,2021-08-28,No,17,Early Intervention,Private
0000004277,004277,Child Care,2023-02-12,2023-02-22,2024-12-12,No,67,,Federal
0000004277,004277,Childcare Subsidy,2024-12-26,2025-01-18,2026-04-07,No,101,,State
0000004278,004278,Childcare Subsidy,2023-05-25,2023-06-17,2025-01-16,No,87,,Federal
0000004279,004279,First Steps,2018-07-12,2018-07-23,2019-01-23,No,43,Early Intervention,Local
0000004280,004280,Early Head Start,2019-02-28,2019-03-08,2020-11-18,No,108,,Local
0000004281,004281,Home Visiting,2021-05-27,2021-06-04,2023-03-11,Yes,7,,State
0000004281,004281,First Steps,2023-03-28,2023-04-22,2025-05-30,No,23,Early Intervention,Local
0000004282,004282,Home Visiting,2021-05-19,2021-05-31,2022-08-24,Yes,6,,Federal
0000004283,004283,Home Visiting,2021-11-29,2021-12-20,2022-08-20,Yes,20,,Local
0000004284,004284,Early Intervention,2020-05-25,2020-06-14,2023-01-01,No,31,Early Intervention,Local
0000004285,004285,Home Visiting,2020-06-27,2020-07-01,2022-06-22,Yes,12,,State
0000004285,004285,First Steps,2022-07-27,2022-08-11,2023-07-25,No,40,Early Intervention,State
0000004286,004286,Early Intervention,2018-12-12,2018-12-28,2020-02-06,No,8,Early Intervention,Private
0000004287,004287,Early Head Start,2020-10-24,2020-11-14,2022-09-03,No,67,,Local
0000004287,004287,Early Intervention,2022-09-23,2022-09-26,2023-05-13,No,9,Early Intervention,Local
0000004288,004288,Home Visiting,2019-09-28,2019-10-09,2021-01-27,Yes,3,,State
0000004288,004288,Home Visiting,2021-02-04,2021-02-17,2022-04-26,Yes,7,,Private
0000004289,004289,Child Care,2019-05-20,2019-06-10,2022-04-01,No,97,,Local
0000004290,004290,Home Visiting,2022-01-20,2022-02-09,2023-06-20,Yes,13,,Federal
0000004291,004291,Early Intervention,2021-08-11,2021-08-29,2023-06-17,No,35,Early Intervention,State
0000004292,004292,Childcare Subsidy,2020-09-06,2020-09-12,2022-07-04,No,109,,State
0000004293,004293,Early Intervention,2023-02-26,2023-03-05,2023-11-22,No,43,Early Intervention,Private
0000004294,004294,Child Care,2020-06-13,2020-06-14,2021-07-10,No,135,,Private
0000004294,004294,Childcare Subsidy,2021-07-31,2021-08-12,2023-04-23,No,164,,Private
0000004295,004295,Early Intervention,2020-01-04,2020-01-20,2020-07-11,No,5,Early Intervention,Local
0000004295,004295,First Steps,2020-12-20,2021-01-02,2021-03-16,No,16,Early Intervention,Local
0000004296,004296,Child Care,2022-05-24,2022-06-04,2023-04-08,No,54,,Local
0000004296,004296,Childcare Subsidy,2023-04-12,2023-04-14,2023-07-08,No,54,,Private
0000004297,004297,Early Intervention,2020-05-22,2020-06-09,2021-08-31,No,31,Early Intervention,State
0000004298,004298,Home Visiting,2022-05-29,2022-06-25,2023-03-24,Yes,10,,Local
0000004299,004299,Home Visiting,2020-03-28,2020-04-06,2022-10-05,Yes,7,,Federal
0000004299,004299,Childcare Subsidy,2022-11-04,2022-11-05,2024-09-17,No,105,,Local
0000004299,004299,Childcare Subsidy,2020-05-13,2020-05-20,2023-02-27,No,44,,Federal
0000004300,004300,Child Care,2020-02-16,2020-02-26,2021-11-08,No,72,,Private
0000004301,004301,Child Care,2020-03-22,2020-03-31,2021-11-06,No,176,,Federal
0000004301,004301,Childcare Subsidy,2021-11-12,2021-11-21,2023-05-08,No,88,,Private
0000004302,004302,Child Care,2023-03-21,2023-04-10,2025-06-05,No,68,,Federal
0000004303,004303,Child Care,2022-07-06,2022-07-30,2025-02-12,No,86,,Federal
0000004303,004303,Child Care,2025-03-13,2025-03-25,2026-02-07,No,124,,State
0000004304,004304,First Steps,2018-05-24,2018-06-13,2020-12-21,No,46,Early Intervention,State
0000004304,004304,State Pre-K,2018-07-13,2018-07-28,2023-07-15,No,145,Pre-K,Private
0000004305,004305,First Steps,2020-10-21,2020-11-07,2022-08-31,No,26,Early Intervention,Private
0000004305,004305,Early Intervention,2020-12-07,2020-12-22,2024-07-03,No,25,Early Intervention,Private
0000004306,004306,Child Care,2022-09-11,2022-10-06,2024-10-23,No,67,,Local
0000004307,004307,Home Visiting,2021-04-24,2021-05-23,2023-03-22,Yes,5,,Private
0000004307,004307,Child Care,2021-06-22,2021-07-07,2025-03-03,No,203,,Federal
0000004308,004308,Early Head Start,2021-10-05,2021-10-07,2022-09-28,No,73,,Private
0000004309,004309,Early Intervention,2023-03-13,2023-04-02,2023-08-08,No,19,Early Intervention,Federal
0000004309,004309,Child Care,2023-05-02,2023-05-17,2024-02-25,No,58,,State
0000004309,004309,Child Care,2024-05-26,2024-05-27,2024-12-01,No,51,,Federal
0000004310,004310,Child Care,2022-07-10,2022-07-22,2024-05-14,No,62,,Federal
0000004310,004310,Head Start,2024-06-05,2024-06-29,2026-03-05,No,87,Pre-K,Private
0000004311,004311,Early Head Start,2021-08-20,2021-09-16,2023-09-07,No,152,,Federal
0000004311,004311,State Pre-K,2021-10-16,2021-10-31,2025-07-23,No,154,Pre-K,Federal
0000004311,004311,Home Visiting,2021-08-01,2021-08-14,2024-04-27,Yes,7,,Federal
0000004312,004312,Childcare Subsidy,2020-03-13,2020-03-18,2021-06-16,No,86,,Local
0000004312,004312,Child Care,2021-06-22,2021-07-17,2022-12-04,No,159,,Private
0000004313,004313,First Steps,2022-06-01,2022-06-02,2024-04-21,No,16,Early Intervention,Local
0000004313,004313,State Pre-K,2024-05-05,2024-05-23,2025-12-03,No,82,Pre-K,Local
0000004314,004314,Early Intervention,2018-11-09,2018-11-13,2020-04-02,No,34,Early Intervention,Local
0000004315,004315,Early Head Start,2021-06-23,2021-07-07,2022-10-20,No,167,,Private
0000004315,004315,Childcare Subsidy,2022-10-31,2022-11-13,2023-06-24,No,44,,Private
0000004316,004316,Early Intervention,2022-07-18,2022-08-04,2023-10-03,No,56,Early Intervention,Local
0000004316,004316,Head Start,2023-10-30,2023-11-10,2025-09-07,No,118,Pre-K,State
0000004316,004316,Head Start,2025-09-19,2025-10-10,2026-04-16,No,118,Pre-K,Federal
0000004316,004316,Early Intervention,2021-10-17,2021-11-05,2022-12-01,No,42,Early Intervention,State
0000004317,004317,Early Head Start,2019-06-27,2019-07-17,2022-04-09,No,168,,Private
0000004317,004317,Head Start,2022-04-17,2022-05-08,2023-09-21,No,87,Pre-K,Private
0000004317,004317,First Steps,2019-03-24,2019-04-17,2021-01-03,No,40,Early Intervention,Federal
0000004318,004318,Childcare Subsidy,2020-04-18,2020-04-26,2022-05-14,No,94,,Local
0000004318,004318,Home Visiting,2022-08-28,2022-09-19,2023-11-20,Yes,5,,Local
0000004319,004319,Early Intervention,2022-07-29,2022-08-19,2023-12-21,No,47,Early Intervention,Federal
0000004319,004319,First Steps,2023-12-26,2024-01-25,2025-04-13,No,18,Early Intervention,Federal
0000004320,004320,Home Visiting,2021-04-19,2021-05-04,2023-01-19,Yes,12,,Federal
0000004321,004321,Home Visiting,2020-09-22,2020-09-24,2021-09-15,Yes,14,,Federal
0000004321,004321,Early Intervention,2020-10-24,2020-11-08,2023-06-03,No,39,Early Intervention,Federal
0000004322,004322,First Steps,2021-02-28,2021-03-11,2022-07-08,No,20,Early Intervention,Federal
0000004322,004322,Childcare Subsidy,2022-07-18,2022-07-29,2024-10-09,No,104,,State
0000004322,004322,Child Care,2020-04-11,2020-04-24,2023-04-08,No,75,,Private
0000004323,004323,Childcare Subsidy,2021-07-15,2021-07-21,2022-10-16,No,116,,Local
0000004324,004324,Home Visiting,2019-11-02,2019-11-18,2021-12-18,Yes,18,,Local
0000004324,004324,Childcare Subsidy,2022-03-28,2022-04-24,2024-08-13,No,66,,State
0000004325,004325,Early Intervention,2021-02-19,2021-03-17,2021-12-14,No,31,Early Intervention,Federal
0000004325,004325,Early Intervention,2022-01-12,2022-01-25,2022-04-10,No,20,Early Intervention,Federal
0000004325,004325,Early Intervention,2022-05-01,2022-05-17,2022-07-21,No,30,Early Intervention,Local
0000004326,004326,Childcare Subsidy,2020-01-28,2020-02-26,2021-08-12,No,146,,Private
0000004326,004326,Head Start,2020-03-27,2020-04-11,2023-09-03,No,72,Pre-K,Local
0000004326,004326,Early Intervention,2019-08-03,2019-08-24,2021-01-14,No,31,Early Intervention,State
0000004327,004327,Early Head Start,2022-03-10,2022-03-31,2022-10-03,No,55,,Local
0000004328,004328,Child Care,2020-06-13,2020-07-10,2022-04-18,No,146,,State
0000004328,004328,Early Intervention,2022-05-08,2022-06-05,2024-04-20,No,19,Early Intervention,Federal
0000004328,004328,Child Care,2024-04-24,2024-05-16,2024-11-09,No,172,,Private
0000004328,004328,Early Intervention,2020-05-12,2020-05-22,2021-03-22,No,26,Early Intervention,Local
0000004328,004328,Childcare Subsidy,2021-03-24,2021-03-27,2022-02-07,No,187,,Federal
0000004329,004329,Early Intervention,2019-06-25,2019-07-23,2021-09-14,No,32,Early Intervention,State
0000004330,004330,Early Head Start,2020-01-17,2020-01-25,2021-08-13,No,179,,Private
0000004330,004330,Home Visiting,2021-11-03,2021-11-08,2024-06-02,Yes,25,,Local
0000004330,004330,Early Head Start,2020-06-15,2020-06-17,2021-10-12,No,86,,State
0000004331,004331,Child Care,2020-10-18,2020-11-10,2021-10-11,No,43,,Federal
0000004331,004331,Early Head Start,2021-11-06,2021-12-06,2022-11-05,No,96,,Local
0000004331,004331,State Pre-K,2022-11-14,2022-11-26,2023-07-19,No,54,Pre-K,Private
0000004332,004332,Home Visiting,2019-11-01,2019-11-27,2022-06-19,Yes,14,,State
0000004332,004332,Child Care,2022-09-20,2022-09-22,2024-02-01,No,149,,Local
0000004333,004333,Home Visiting,2022-07-27,2022-08-21,2023-12-23,Yes,4,,Local
0000004333,004333,State Pre-K,2024-04-08,2024-04-14,2025-12-14,No,103,Pre-K,Local
0000004333,004333,Home Visiting,2022-03-01,2022-03-29,2022-10-14,Yes,22,,State
0000004334,004334,Child Care,2019-10-10,2019-10-12,2020-12-27,No,113,,Federal
0000004334,004334,Home Visiting,2020-12-30,2021-01-26,2022-02-16,Yes,21,,Local
0000004335,004335,Child Care,2021-12-18,2022-01-03,2023-10-18,No,44,,State
0000004335,004335,First Steps,2023-11-05,2023-11-18,2025-03-03,No,54,Early Intervention,Federal
0000004335,004335,Child Care,2025-03-25,2025-04-24,2026-06-16,No,181,,Federal
0000004336,004336,Early Head Start,2020-03-30,2020-04-08,2022-01-27,No,187,,Federal
0000004337,004337,Early Head Start,2021-11-22,2021-12-05,2022-11-01,No,75,,State
0000004337,004337,Early Intervention,2023-02-21,2023-02-26,2024-08-21,No,16,Early Intervention,State
0000004338,004338,Early Head Start,2021-06-02,2021-06-17,2022-12-14,No,106,,State
0000004338,004338,Child Care,2023-01-09,2023-01-18,2024-04-24,No,139,,Federal
0000004338,004338,Head Start,2024-05-22,2024-05-28,2025-06-05,No,67,Pre-K,Local
0000004338,004338,Head Start,2025-06-21,2025-06-26,2026-07-12,No,168,Pre-K,State
0000004338,004338,Child Care,2022-01-13,2022-01-31,2022-11-29,No,162,,Federal
0000004339,004339,Early Head Start,2022-03-08,2022-04-03,2024-03-04,No,77,,Private
0000004340,004340,First Steps,2023-03-12,2023-03-29,2025-02-25,No,43,Early Intervention,Local
0000004341,004341,Child Care,2021-04-21,2021-05-19,2022-01-10,No,39,,Private
0000004342,004342,Child Care,2020-06-25,2020-07-14,2021-01-13,No,88,,Federal
0000004342,004342,Childcare Subsidy,2021-03-26,2021-04-12,2022-01-26,No,163,,Local
0000004343,004343,Child Care,2019-08-26,2019-09-20,2022-05-30,No,208,,Local
0000004343,004343,Head Start,2022-06-22,2022-07-10,2023-11-10,No,118,Pre-K,Federal
0000004344,004344,Childcare Subsidy,2019-12-31,2020-01-06,2021-12-30,No,156,,Local
0000004345,004345,Child Care,2020-11-06,2020-11-28,2022-01-21,No,79,,State
0000004346,004346,Early Intervention,2019-06-06,2019-06-07,2022-02-09,No,19,Early Intervention,Private
0000004347,004347,Home Visiting,2022-03-04,2022-03-14,2022-07-23,Yes,11,,Federal
0000004348,004348,First Steps,2018-12-14,2019-01-04,2021-10-17,No,33,Early Intervention,Local
0000004348,004348,Home Visiting,2021-11-01,2021-11-16,2023-07-10,Yes,12,,Federal
0000004349,004349,Childcare Subsidy,2020-04-16,2020-04-23,2021-12-02,No,123,,State
0000004349,004349,First Steps,2022-01-03,2022-01-11,2022-09-28,No,15,Early Intervention,Federal
0000004350,004350,Child Care,2022-07-17,2022-08-01,2024-01-06,No,79,,Federal
0000004350,004350,Childcare Subsidy,2024-01-15,2024-02-02,2026-01-21,No,89,,Federal
0000004351,004351,Childcare Subsidy,2021-11-04,2021-11-19,2022-05-31,No,157,,Private
0000004352,004352,Early Intervention,2020-05-24,2020-05-28,2021-05-31,No,35,Early Intervention,Private
0000004353,004353,Child Care,2020-10-21,2020-11-10,2023-03-03,No,85,,Federal
0000004354,004354,First Steps,2020-05-21,2020-06-10,2021-03-17,No,17,Early Intervention,Local
0000004355,004355,Child Care,2020-11-16,2020-11-24,2021-10-05,No,145,,Federal
0000004355,004355,Child Care,2021-11-04,2021-11-28,2022-06-05,No,48,,Federal
0000004356,004356,Home Visiting,2021-03-02,2021-03-25,2021-10-07,Yes,4,,Local
0000004356,004356,Childcare Subsidy,2022-01-15,2022-01-19,2023-09-01,No,184,,State
0000004356,004356,Child Care,2023-12-09,2024-01-01,2025-03-23,No,130,,Federal
0000004357,004357,Early Intervention,2020-12-12,2020-12-23,2021-06-24,No,36,Early Intervention,Federal
0000004358,004358,Early Intervention,2020-04-30,2020-05-22,2022-01-22,No,22,Early Intervention,Federal
0000004358,004358,Head Start,2022-02-10,2022-03-10,2023-03-31,No,165,Pre-K,Federal
0000004358,004358,Childcare Subsidy,2023-04-12,2023-05-08,2024-01-24,No,120,,Private
0000004359,004359,First Steps,2021-02-17,2021-03-14,2023-03-04,No,40,Early Intervention,State
0000004360,004360,Early Intervention,2023-01-13,2023-01-15,2023-09-27,No,48,Early Intervention,Federal
0000004361,004361,Early Intervention,2021-09-02,2021-09-21,2023-02-01,No,18,Early Intervention,Local
0000004362,004362,Home Visiting,2021-02-16,2021-02-23,2021-12-28,Yes,20,,Federal
0000004363,004363,Early Intervention,2020-07-01,2020-07-18,2022-08-28,No,40,Early Intervention,Federal
0000004363,004363,Early Intervention,2022-09-20,2022-09-27,2024-02-12,No,47,Early Intervention,Local
0000004364,004364,Early Intervention,2021-01-26,2021-02-01,2022-10-21,No,38,Early Intervention,Private
0000004365,004365,First Steps,2020-04-16,2020-04-22,2021-07-15,No,18,Early Intervention,Federal
0000004365,004365,Early Intervention,2021-09-16,2021-09-22,2023-03-16,No,38,Early Intervention,Federal
0000004366,004366,Early Head Start,2021-05-01,2021-05-08,2022-05-30,No,65,,Private
0000004367,004367,First Steps,2021-11-26,2021-12-02,2022-08-26,No,28,Early Intervention,Federal
0000004368,004368,Childcare Subsidy,2018-12-13,2018-12-28,2020-02-16,No,89,,Private
0000004368,004368,Childcare Subsidy,2020-03-14,2020-04-11,2021-07-02,No,44,,Federal
0000004369,004369,Early Intervention,2021-08-11,2021-08-20,2023-01-01,No,47,Early Intervention,Private
0000004370,004370,First Steps,2020-08-01,2020-08-09,2020-12-24,No,31,Early Intervention,Local
0000004371,004371,Home Visiting,2022-01-20,2022-02-01,2023-10-01,Yes,4,,Federal
0000004371,004371,Early Intervention,2023-10-29,2023-10-31,2025-04-22,No,43,Early Intervention,Private
0000004371,004371,Child Care,2025-04-29,2025-05-02,2026-10-29,No,76,,Federal
0000004371,004371,Home Visiting,2022-05-01,2022-05-02,2023-11-07,Yes,17,,Local
0000004371,004371,Early Head Start,2023-11-12,2023-11-28,2026-10-29,No,140,,State
0000004372,004372,First Steps,2022-03-06,2022-03-31,2024-11-23,No,22,Early Intervention,Federal
0000004372,004372,State Pre-K,2024-12-19,2025-01-10,2026-04-21,No,148,Pre-K,Private
0000004373,004373,Early Head Start,2019-11-27,2019-12-05,2021-10-20,No,187,,Local
0000004374,004374,Early Intervention,2021-10-01,2021-10-20,2022-12-04,No,42,Early Intervention,State
0000004375,004375,Home Visiting,2019-06-21,2019-07-08,2021-10-02,Yes,18,,State
0000004376,004376,Child Care,2022-04-21,2022-04-30,2023-04-24,No,143,,Federal
0000004376,004376,Home Visiting,2023-05-15,2023-05-26,2023-09-01,Yes,19,,State
0000004376,004376,Child Care,2023-09-11,2023-10-10,2023-12-09,No,144,,Local
0000004377,004377,Home Visiting,2020-06-25,2020-06-26,2023-03-03,Yes,15,,State
0000004377,004377,Childcare Subsidy,2023-03-07,2023-03-13,2025-07-13,No,128,,State
0000004377,004377,Child Care,2021-01-13,2021-01-20,2023-04-14,No,127,,Local
0000004378,004378,Childcare Subsidy,2019-07-03,2019-07-09,2019-10-24,No,125,,Private
0000004378,004378,Childcare Subsidy,2019-11-20,2019-11-24,2020-08-07,No,114,,Federal
0000004379,004379,Early Intervention,2022-08-10,2022-08-15,2025-02-11,No,10,Early Intervention,Federal
0000004379,004379,Head Start,2025-03-05,2025-04-02,2026-03-15,No,119,Pre-K,State
0000004379,004379,Childcare Subsidy,2021-09-15,2021-09-21,2022-10-22,No,81,,Local
0000004380,004380,Home Visiting,2018-06-08,2018-06-16,2019-01-29,Yes,11,,Local
0000004380,004380,First Steps,2019-07-26,2019-08-12,2020-03-10,No,22,Early Intervention,Federal
0000004380,004380,Early Head Start,2020-05-13,2020-05-21,2020-09-15,No,82,,Private
0000004381,004381,Early Head Start,2023-08-08,2023-08-12,2025-04-22,No,112,,Private
0000004381,004381,Child Care,2025-04-28,2025-05-11,2026-05-14,No,138,,Federal
0000004381,004381,State Pre-K,2026-06-11,2026-06-26,2027-03-05,No,172,Pre-K,Federal
0000004382,004382,Child Care,2021-03-27,2021-04-15,2023-04-01,No,42,,State
0000004383,004383,Child Care,2021-04-21,2021-04-22,2022-04-14,No,48,,Federal
0000004384,004384,Early Intervention,2023-06-23,2023-07-19,2026-01-31,No,21,Early Intervention,State
0000004385,004385,First Steps,2021-06-17,2021-07-04,2022-09-30,No,13,Early Intervention,Private
0000004386,004386,Home Visiting,2021-05-09,2021-05-27,2023-10-18,Yes,12,,Local
0000004386,004386,Home Visiting,2023-11-08,2023-11-26,2026-09-05,Yes,26,,Federal
0000004386,004386,First Steps,2022-03-08,2022-04-05,2025-01-06,No,37,Early Intervention,Private
0000004387,004387,Child Care,2019-10-17,2019-11-10,2021-09-06,No,80,,Local
0000004388,004388,Early Intervention,2020-05-17,2020-06-13,2021-04-16,No,10,Early Intervention,Federal
0000004388,004388,Early Head Start,2021-04-17,2021-04-19,2021-10-24,No,120,,State
0000004389,004389,Childcare Subsidy,2022-12-03,2022-12-31,2023-07-01,No,150,,Local
0000004390,004390,Early Head Start,2021-12-09,2022-01-01,2022-06-20,No,73,,Local
0000004390,004390,Childcare Subsidy,2022-06-27,2022-07-27,2023-03-01,No,78,,Federal
0000004391,004391,Early Intervention,2022-04-20,2022-05-04,2023-04-25,No,24,Early Intervention,State
0000004392,004392,Child Care,2023-10-13,2023-11-10,2024-12-08,No,108,,State
0000004393,004393,Early Head Start,2020-09-14,2020-10-12,2022-01-21,No,77,,Private
0000004394,004394,Child Care,2022-03-04,2022-03-29,2024-05-31,No,118,,Private
0000004395,004395,Child Care,2019-11-11,2019-11-25,2022-02-28,No,102,,State
0000004395,004395,Child Care,2022-03-06,2022-03-08,2023-12-09,No,149,,State
0000004395,004395,State Pre-K,2023-12-19,2024-01-09,2024-11-22,No,94,Pre-K,Federal
0000004396,004396,Early Intervention,2021-10-12,2021-10-14,2022-06-14,No,29,Early Intervention,Private
0000004396,004396,Home Visiting,2022-06-22,2022-07-17,2023-02-13,Yes,4,,Local
0000004396,004396,Childcare Subsidy,2023-02-15,2023-02-17,2024-02-02,No,46,,Private
0000004396,004396,Early Head Start,2024-02-19,2024-02-20,2024-08-17,No,133,,State
0000004396,004396,Childcare Subsidy,2024-08-19,2024-09-17,2025-01-02,No,137,,Federal
0000004397,004397,First Steps,2020-01-24,2020-01-28,2021-05-12,No,37,Early Intervention,Federal
0000004398,004398,First Steps,2023-02-23,2023-03-20,2024-02-04,No,15,Early Intervention,Local
0000004399,004399,Early Head Start,2020-08-01,2020-08-18,2021-09-27,No,88,,Private
0000004400,004400,Home Visiting,2018-09-04,2018-09-12,2020-02-20,Yes,4,,Federal
0000004401,004401,Early Intervention,2019-07-28,2019-08-08,2020-03-21,No,34,Early Intervention,Federal
0000004402,004402,Home Visiting,2021-05-20,2021-06-08,2022-06-16,Yes,7,,State
0000004402,004402,Early Intervention,2022-06-23,2022-07-15,2024-06-12,No,35,Early Intervention,Federal
0000004403,004403,Childcare Subsidy,2023-01-25,2023-02-09,2024-08-05,No,199,,Federal
0000004403,004403,Child Care,2023-03-11,2023-03-26,2025-08-26,No,136,,Local
0000004403,004403,State Pre-K,2025-09-15,2025-09-20,2026-10-29,No,100,Pre-K,Private
0000004404,004404,Early Intervention,2021-03-04,2021-03-20,2021-09-19,No,6,Early Intervention,Local
0000004404,004404,Home Visiting,2022-03-04,2022-03-16,2022-07-27,Yes,7,,Federal
0000004405,004405,Early Intervention,2019-05-05,2019-05-28,2020-05-03,No,45,Early Intervention,Local
0000004405,004405,Childcare Subsidy,2020-06-02,2020-06-23,2021-05-06,No,41,,Local
0000004405,004405,Early Head Start,2021-05-18,2021-06-16,2022-03-26,No,96,,State
0000004406,004406,Home Visiting,2020-03-12,2020-03-13,2020-10-17,Yes,17,,Private
0000004406,004406,Early Intervention,2021-02-15,2021-03-02,2022-01-18,No,23,Early Intervention,Local
0000004406,004406,State Pre-K,2022-05-23,2022-06-02,2023-06-01,No,66,Pre-K,Federal
0000004407,004407,Home Visiting,2022-01-18,2022-02-02,2023-09-23,Yes,9,,Local
0000004408,004408,Early Head Start,2021-06-17,2021-07-14,2022-08-14,No,83,,State
0000004409,004409,Childcare Subsidy,2020-06-18,2020-06-30,2021-02-01,No,137,,Private
0000004409,004409,Early Intervention,2021-02-17,2021-03-18,2021-11-25,No,13,Early Intervention,Federal
0000004410,004410,Child Care,2021-02-19,2021-03-21,2022-09-27,No,141,,Local
0000004410,004410,First Steps,2022-10-25,2022-11-05,2025-09-03,No,48,Early Intervention,Federal
0000004411,004411,First Steps,2020-08-20,2020-09-10,2021-06-17,No,42,Early Intervention,State
0000004411,004411,Early Intervention,2021-10-01,2021-10-11,2022-08-27,No,14,Early Intervention,Private
0000004412,004412,First Steps,2020-06-27,2020-07-12,2021-05-07,No,21,Early Intervention,Private
0000004412,004412,Childcare Subsidy,2021-08-18,2021-09-09,2021-12-22,No,78,,State
0000004413,004413,Childcare Subsidy,2020-09-27,2020-10-10,2022-06-18,No,96,,Local
0000004413,004413,Early Intervention,2022-06-26,2022-06-27,2023-07-25,No,20,Early Intervention,Federal
0000004413,004413,Head Start,2023-08-11,2023-08-14,2024-02-19,No,108,Pre-K,State
0000004414,004414,Child Care,2021-05-09,2021-05-27,2021-10-25,No,36,,State
0000004414,004414,Early Head Start,2021-06-26,2021-07-11,2022-08-28,No,44,,State
0000004414,004414,Early Intervention,2023-01-09,2023-01-24,2023-06-30,No,16,Early Intervention,Federal
0000004414,004414,Head Start,2023-11-06,2023-11-16,2024-08-27,No,89,Pre-K,Federal
0000004414,004414,State Pre-K,2024-12-30,2025-01-04,2025-08-24,No,66,Pre-K,State
0000004415,004415,First Steps,2022-03-30,2022-04-14,2023-06-19,No,15,Early Intervention,Federal
0000004415,004415,Home Visiting,2023-07-08,2023-07-27,2025-06-06,Yes,19,,State
0000004415,004415,Childcare Subsidy,2025-06-20,2025-07-01,2026-08-16,No,115,,Private
0000004415,004415,Home Visiting,2022-02-16,2022-03-15,2022-11-14,Yes,15,,Private
0000004415,004415,Home Visiting,2022-12-07,2022-12-18,2023-12-14,Yes,18,,Local
0000004416,004416,Childcare Subsidy,2019-01-28,2019-02-09,2020-02-13,No,138,,Private
0000004417,004417,Childcare Subsidy,2020-10-21,2020-10-30,2021-10-20,No,92,,State
0000004418,004418,Home Visiting,2020-03-01,2020-03-25,2021-06-19,Yes,16,,State
0000004419,004419,Home Visiting,2020-10-04,2020-10-22,2021-12-02,Yes,19,,Local
0000004420,004420,First Steps,2019-10-19,2019-11-05,2022-10-04,No,25,Early Intervention,Private
0000004420,004420,Childcare Subsidy,2022-12-04,2022-12-27,2024-06-22,No,105,,Local
0000004421,004421,Childcare Subsidy,2021-07-30,2021-08-28,2023-05-05,No,171,,State
0000004421,004421,State Pre-K,2023-05-24,2023-05-25,2023-12-30,No,97,Pre-K,Federal
0000004422,004422,Early Intervention,2021-08-15,2021-09-07,2023-10-01,No,47,Early Intervention,Private
0000004423,004423,Home Visiting,2022-03-01,2022-03-27,2024-04-10,Yes,25,,Private
0000004423,004423,State Pre-K,2024-05-15,2024-05-30,2026-01-06,No,147,Pre-K,Private
0000004424,004424,Childcare Subsidy,2020-08-10,2020-08-29,2021-04-04,No,122,,Local
0000004424,004424,Childcare Subsidy,2021-05-03,2021-05-13,2022-02-10,No,59,,State
0000004424,004424,Early Intervention,2022-02-15,2022-02-22,2023-01-31,No,19,Early Intervention,State
0000004424,004424,Childcare Subsidy,2023-02-27,2023-03-20,2024-07-21,No,123,,Local
0000004425,004425,Childcare Subsidy,2022-01-20,2022-02-07,2023-09-30,No,114,,Local
0000004425,004425,Childcare Subsidy,2023-10-22,2023-11-16,2025-05-24,No,146,,Private
0000004426,004426,Child Care,2020-04-30,2020-05-10,2021-12-30,No,58,,Private
0000004426,004426,Childcare Subsidy,2022-03-26,2022-04-21,2024-03-26,No,96,,Private
0000004426,004426,Childcare Subsidy,2019-11-10,2019-11-20,2022-02-09,No,50,,Federal
0000004427,004427,Childcare Subsidy,2020-06-20,2020-07-16,2022-08-20,No,61,,Private
0000004427,004427,Childcare Subsidy,2022-08-27,2022-09-12,2024-04-06,No,138,,Local
0000004428,004428,Home Visiting,2019-12-13,2020-01-01,2021-10-07,Yes,17,,Federal
0000004428,004428,Childcare Subsidy,2021-11-03,2021-11-29,2022-10-26,No,161,,Local
0000004429,004429,First Steps,2021-06-10,2021-07-10,2024-06-26,No,36,Early Intervention,Private
0000004429,004429,Childcare Subsidy,2024-07-15,2024-07-21,2025-03-11,No,160,,Local
0000004430,004430,Childcare Subsidy,2020-12-08,2020-12-28,2021-07-13,No,116,,Private
0000004430,004430,Early Head Start,2021-08-08,2021-09-01,2022-05-03,No,51,,Federal
0000004430,004430,Early Intervention,2022-05-29,2022-06-02,2023-04-09,No,17,Early Intervention,Private
0000004431,004431,Early Intervention,2021-02-23,2021-03-23,2023-09-24,No,29,Early Intervention,Federal
0000004431,004431,State Pre-K,2023-12-29,2024-01-14,2024-12-18,No,85,Pre-K,Federal
0000004431,004431,Childcare Subsidy,2020-06-20,2020-06-21,2022-10-07,No,111,,Federal
0000004432,004432,First Steps,2022-09-02,2022-09-18,2024-04-20,No,35,Early Intervention,State
0000004432,004432,Early Head Start,2024-05-16,2024-05-17,2025-04-05,No,133,,Private
0000004433,004433,Child Care,2022-01-05,2022-01-11,2023-12-12,No,151,,Federal
0000004434,004434,Home Visiting,2023-05-31,2023-06-26,2024-06-08,Yes,8,,State
0000004434,004434,Childcare Subsidy,2024-06-14,2024-07-02,2025-03-27,No,67,,State
0000004434,004434,State Pre-K,2025-04-13,2025-04-26,2025-07-25,No,99,Pre-K,Federal
0000004435,004435,Childcare Subsidy,2021-06-01,2021-06-22,2022-08-11,No,73,,State
0000004436,004436,Childcare Subsidy,2019-08-02,2019-08-05,2021-07-26,No,101,,Private
0000004437,004437,Early Intervention,2021-04-04,2021-04-20,2022-11-25,No,39,Early Intervention,State
0000004437,004437,First Steps,2022-12-18,2023-01-07,2025-07-18,No,52,Early Intervention,Local
0000004438,004438,Child Care,2022-11-21,2022-11-29,2024-05-03,No,152,,State
0000004439,004439,Child Care,2018-12-15,2018-12-24,2019-11-10,No,90,,Local
0000004439,004439,Child Care,2019-01-23,2019-02-07,2020-10-30,No,136,,State
0000004439,004439,Childcare Subsidy,2021-04-10,2021-04-19,2021-11-12,No,98,,Local
0000004439,004439,Childcare Subsidy,2022-04-14,2022-05-03,2023-01-21,No,148,,Private
0000004440,004440,Early Intervention,2019-10-25,2019-11-21,2022-06-15,No,52,Early Intervention,Private
0000004440,004440,Head Start,2022-07-12,2022-07-14,2023-09-29,No,97,Pre-K,Local
0000004441,004441,Early Intervention,2019-12-14,2019-12-30,2022-01-29,No,18,Early Intervention,Private
0000004442,004442,Child Care,2023-08-29,2023-09-23,2024-07-09,No,77,,Federal
0000004442,004442,Early Intervention,2024-08-04,2024-08-30,2025-10-29,No,14,Early Intervention,Local
0000004443,004443,First Steps,2021-12-04,2021-12-10,2024-04-24,No,39,Early Intervention,Federal
0000004444,004444,Home Visiting,2020-08-09,2020-09-04,2022-03-23,Yes,23,,Local
0000004445,004445,Child Care,2021-10-04,2021-10-31,2024-08-21,No,181,,Local
0000004446,004446,Early Intervention,2021-12-22,2022-01-05,2023-11-29,No,19,Early Intervention,State
0000004447,004447,First Steps,2020-05-22,2020-06-02,2022-03-12,No,33,Early Intervention,State
0000004447,004447,Head Start,2022-05-27,2022-06-18,2024-04-16,No,123,Pre-K,Local
0000004447,004447,Childcare Subsidy,2019-11-19,2019-12-19,2021-08-05,No,45,,State
0000004448,004448,Early Head Start,2020-05-07,2020-05-10,2020-12-05,No,63,,State
0000004449,004449,Childcare Subsidy,2020-10-04,2020-10-10,2020-12-21,No,95,,Local
0000004450,004450,Child Care,2019-07-15,2019-08-01,2021-03-11,No,153,,Private
0000004451,004451,Childcare Subsidy,2021-08-14,2021-09-09,2021-12-28,No,86,,Local
0000004452,004452,Child Care,2022-07-21,2022-08-17,2023-10-17,No,80,,Local
0000004453,004453,First Steps,2020-10-08,2020-11-04,2022-05-05,No,42,Early Intervention,Federal
0000004454,004454,Early Head Start,2019-11-24,2019-12-11,2022-09-16,No,131,,Local
0000004454,004454,State Pre-K,2022-09-25,2022-10-21,2024-02-05,No,106,Pre-K,State
0000004455,004455,Child Care,2022-10-24,2022-11-16,2024-04-08,No,189,,Private
0000004455,004455,Child Care,2024-04-25,2024-05-02,2026-03-18,No,151,,Federal
0000004455,004455,Child Care,2026-04-11,2026-04-28,2027-03-20,No,140,,Local
0000004456,004456,Child Care,2020-07-09,2020-07-27,2022-08-29,No,144,,Federal
0000004457,004457,Childcare Subsidy,2019-07-27,2019-08-08,2020-01-19,No,77,,Federal
0000004457,004457,First Steps,2020-05-03,2020-05-16,2021-04-10,No,10,Early Intervention,Local
0000004457,004457,Childcare Subsidy,2021-06-27,2021-07-14,2021-12-19,No,116,,Private
0000004457,004457,Child Care,2022-02-23,2022-03-25,2023-02-05,No,147,,Private
0000004457,004457,Home Visiting,2019-02-08,2019-02-13,2019-06-10,Yes,13,,State
0000004458,004458,Childcare Subsidy,2021-08-24,2021-09-20,2023-02-17,No,188,,Federal
0000004459,004459,Child Care,2020-12-20,2020-12-22,2021-08-01,No,59,,State
0000004459,004459,First Steps,2021-08-19,2021-09-01,2022-02-22,No,19,Early Intervention,Local
0000004460,004460,Early Intervention,2019-08-25,2019-09-06,2020-12-02,No,41,Early Intervention,Local
0000004460,004460,Early Intervention,2021-02-23,2021-03-16,2022-09-11,No,14,Early Intervention,Private
0000004461,004461,Childcare Subsidy,2022-01-11,2022-01-25,2022-05-31,No,71,,Private
0000004462,004462,Child Care,2023-01-19,2023-02-10,2024-10-02,No,200,,State
0000004462,004462,State Pre-K,2024-11-01,2024-11-13,2025-09-27,No,154,Pre-K,State
0000004462,004462,Child Care,2025-10-01,2025-10-25,2026-11-18,No,164,,Local
0000004463,004463,Early Intervention,2020-08-05,2020-08-23,2022-05-18,No,13,Early Intervention,Private
0000004463,004463,Early Head Start,2022-08-25,2022-09-22,2023-11-20,No,75,,Federal
0000004464,004464,First Steps,2018-04-28,2018-05-20,2019-10-29,No,21,Early Intervention,Local
0000004464,004464,Early Head Start,2019-11-04,2019-11-08,2021-01-23,No,145,,State
0000004464,004464,Head Start,2021-02-18,2021-02-20,2023-02-16,No,85,Pre-K,Federal
0000004465,004465,Childcare Subsidy,2021-11-28,2021-12-13,2023-09-09,No,121,,State
0000004465,004465,Head Start,2024-01-06,2024-02-01,2025-04-30,No,85,Pre-K,State
0000004465,004465,Early Head Start,2021-02-04,2021-02-25,2023-01-17,No,86,,Federal
0000004466,004466,Early Head Start,2019-08-19,2019-09-03,2020-05-25,No,48,,Local
0000004467,004467,Early Head Start,2022-04-25,2022-05-18,2023-02-23,No,108,,State
0000004468,004468,Early Intervention,2021-10-07,2021-10-20,2023-07-30,No,20,Early Intervention,Local
0000004468,004468,Head Start,2023-08-22,2023-08-23,2025-02-21,No,71,Pre-K,Federal
0000004469,004469,Child Care,2021-03-23,2021-04-01,2022-04-24,No,120,,Private
0000004469,004469,Home Visiting,2022-05-24,2022-05-28,2023-04-10,Yes,10,,Federal
0000004469,004469,Child Care,2023-04-29,2023-05-10,2024-05-10,No,55,,State
0000004470,004470,First Steps,2020-05-19,2020-05-21,2021-11-20,No,48,Early Intervention,Local
0000004470,004470,Home Visiting,2022-01-20,2022-02-19,2023-07-24,Yes,14,,Federal
0000004471,004471,Early Intervention,2022-12-30,2023-01-28,2023-10-11,No,25,Early Intervention,Federal
0000004472,004472,Child Care,2018-10-16,2018-10-29,2019-07-29,No,25,,Private
0000004473,004473,Early Head Start,2022-11-05,2022-11-26,2024-12-10,No,101,,Federal
0000004473,004473,State Pre-K,2022-12-26,2023-01-10,2027-03-03,No,107,Pre-K,State
0000004474,004474,First Steps,2020-11-10,2020-12-02,2022-02-09,No,14,Early Intervention,Private
0000004475,004475,Child Care,2020-08-22,2020-09-06,2022-07-31,No,106,,Federal
0000004475,004475,State Pre-K,2022-08-11,2022-08-30,2023-04-04,No,82,Pre-K,Private
0000004476,004476,Early Intervention,2019-02-05,2019-02-19,2021-11-03,No,21,Early Intervention,Private
0000004476,004476,Child Care,2021-11-11,2021-12-01,2024-03-28,No,136,,Local
0000004477,004477,Early Intervention,2021-07-06,2021-07-30,2023-03-16,No,51,Early Intervention,State
0000004477,004477,Home Visiting,2023-05-13,2023-05-29,2025-01-10,Yes,8,,Private
0000004477,004477,Child Care,2025-04-29,2025-05-28,2026-06-24,No,92,,Federal
0000004478,004478,Childcare Subsidy,2019-03-09,2019-03-11,2021-06-25,No,90,,State
0000004479,004479,Childcare Subsidy,2021-10-12,2021-10-23,2022-08-28,No,165,,Local
0000004479,004479,Early Intervention,2022-10-20,2022-11-02,2023-05-06,No,56,Early Intervention,State
0000004479,004479,Head Start,2023-07-31,2023-08-02,2024-07-18,No,117,Pre-K,Local
0000004480,004480,Home Visiting,2020-09-27,2020-10-08,2021-12-19,Yes,5,,Private
0000004480,004480,Early Head Start,2022-01-06,2022-01-23,2022-10-28,No,107,,Private
0000004480,004480,Head Start,2022-10-30,2022-11-28,2024-09-13,No,112,Pre-K,Private
0000004481,004481,First Steps,2021-05-30,2021-06-20,2022-04-01,No,37,Early Intervention,State
0000004481,004481,Child Care,2022-06-04,2022-06-05,2023-05-19,No,115,,Federal
0000004482,004482,First Steps,2021-06-29,2021-07-22,2022-12-08,No,24,Early Intervention,State
0000004483,004483,Early Intervention,2021-04-14,2021-04-21,2023-02-19,No,54,Early Intervention,State
0000004483,004483,Childcare Subsidy,2021-05-21,2021-06-05,2024-06-15,No,181,,Federal
0000004484,004484,Child Care,2020-08-26,2020-09-23,2021-12-27,No,157,,State
0000004484,004484,Early Head Start,2022-03-31,2022-04-06,2023-05-06,No,158,,Local
0000004485,004485,Early Intervention,2021-04-19,2021-05-04,2023-01-02,No,58,Early Intervention,Federal
0000004485,004485,Child Care,2023-01-30,2023-02-05,2025-01-07,No,193,,Private
0000004486,004486,First Steps,2022-03-20,2022-03-23,2023-01-05,No,8,Early Intervention,Local
0000004487,004487,Child Care,2021-03-05,2021-03-30,2022-06-03,No,48,,Private
0000004487,004487,First Steps,2022-06-29,2022-06-30,2024-05-30,No,11,Early Intervention,Federal
0000004488,004488,Early Head Start,2019-06-02,2019-06-29,2020-10-11,No,190,,Federal
0000004489,004489,Child Care,2019-07-08,2019-08-01,2022-03-16,No,71,,Federal
0000004490,004490,Early Head Start,2019-05-16,2019-06-10,2019-08-10,No,77,,State
0000004490,004490,Child Care,2019-09-02,2019-09-20,2020-01-26,No,57,,Private
0000004490,004490,Home Visiting,2020-02-04,2020-02-29,2020-12-10,Yes,16,,State
0000004491,004491,Childcare Subsidy,2021-12-21,2022-01-05,2022-11-17,No,85,,Federal
0000004491,004491,Early Intervention,2023-03-16,2023-03-30,2023-05-30,No,31,Early Intervention,State
0000004492,004492,Child Care,2019-12-30,2020-01-12,2021-12-19,No,86,,Private
0000004493,004493,Childcare Subsidy,2020-01-28,2020-02-27,2021-06-11,No,133,,Federal
0000004493,004493,Head Start,2021-07-28,2021-08-11,2023-04-04,No,113,Pre-K,Federal
0000004494,004494,Early Head Start,2021-01-07,2021-01-20,2022-03-22,No,146,,State
0000004494,004494,Childcare Subsidy,2022-04-20,2022-05-15,2024-04-19,No,94,,Federal
0000004494,004494,Child Care,2024-05-19,2024-05-26,2026-04-10,No,108,,Federal
0000004495,004495,Home Visiting,2019-04-25,2019-05-21,2019-12-16,Yes,5,,State
0000004495,004495,Early Intervention,2019-06-20,2019-07-05,2020-12-11,No,29,Early Intervention,Private
0000004495,004495,Early Head Start,2020-12-18,2020-12-24,2021-06-20,No,52,,Local
0000004495,004495,Head Start,2021-07-08,2021-07-16,2022-03-21,No,44,Pre-K,Federal
0000004496,004496,Home Visiting,2018-04-18,2018-04-19,2018-09-10,Yes,5,,Federal
0000004496,004496,Early Head Start,2018-09-30,2018-10-28,2019-01-19,No,42,,Private
0000004497,004497,Early Intervention,2022-03-12,2022-03-20,2023-02-21,No,22,Early Intervention,Local
0000004497,004497,Child Care,2023-03-12,2023-03-28,2024-10-22,No,160,,State
0000004498,004498,Early Head Start,2020-05-26,2020-06-23,2020-10-18,No,106,,State
0000004499,004499,Early Intervention,2021-02-07,2021-03-06,2023-08-17,No,23,Early Intervention,Federal
0000004500,004500,Childcare Subsidy,2019-08-31,2019-09-28,2020-06-18,No,63,,Private
0000004501,004501,Home Visiting,2021-03-12,2021-03-28,2022-04-09,Yes,8,,State
0000004501,004501,Early Intervention,2022-05-08,2022-06-01,2024-05-12,No,37,Early Intervention,State
0000004502,004502,Early Head Start,2019-10-12,2019-11-05,2021-10-29,No,176,,State
0000004502,004502,Child Care,2021-11-04,2021-11-27,2022-11-30,No,114,,Private
0000004503,004503,Early Head Start,2020-06-12,2020-06-24,2022-11-29,No,162,,Private
0000004504,004504,Childcare Subsidy,2023-06-20,2023-07-08,2024-01-29,No,109,,State
0000004504,004504,First Steps,2024-04-28,2024-05-25,2025-05-09,No,12,Early Intervention,Private
0000004505,004505,Early Head Start,2019-09-29,2019-10-04,2021-06-28,No,192,,State
0000004505,004505,Head Start,2021-07-04,2021-07-14,2023-04-05,No,104,Pre-K,Federal
0000004506,004506,Child Care,2020-03-14,2020-04-08,2021-06-29,No,51,,State
0000004507,004507,First Steps,2021-09-28,2021-10-01,2022-08-18,No,17,Early Intervention,State
0000004507,004507,Home Visiting,2022-08-31,2022-09-02,2023-08-10,Yes,20,,Federal
0000004508,004508,Child Care,2020-07-03,2020-08-01,2022-10-17,No,183,,Federal
0000004508,004508,Childcare Subsidy,2023-01-06,2023-01-29,2024-03-02,No,55,,Local
0000004509,004509,First Steps,2019-10-21,2019-11-19,2020-09-29,No,30,Early Intervention,Private
0000004509,004509,Child Care,2020-10-09,2020-10-21,2021-01-24,No,57,,Private
0000004509,004509,Childcare Subsidy,2021-02-08,2021-03-05,2021-12-07,No,103,,Private
0000004510,004510,Early Intervention,2019-05-23,2019-06-14,2022-06-07,No,36,Early Intervention,Federal
0000004511,004511,Child Care,2018-08-04,2018-09-03,2019-08-09,No,97,,Local
0000004511,004511,Early Head Start,2019-10-01,2019-10-15,2020-11-14,No,131,,Federal
0000004511,004511,Early Head Start,2020-12-31,2021-01-20,2022-08-27,No,82,,Private
0000004512,004512,First Steps,2023-01-02,2023-01-11,2024-05-15,No,37,Early Intervention,Private
0000004512,004512,Head Start,2024-05-16,2024-06-11,2026-04-11,No,111,Pre-K,State
0000004512,004512,Home Visiting,2022-04-02,2022-04-14,2024-06-24,Yes,25,,Local
0000004513,004513,Childcare Subsidy,2021-12-24,2022-01-14,2023-11-28,No,92,,Local
0000004513,004513,Home Visiting,2022-02-13,2022-02-28,2025-02-06,Yes,6,,State
0000004513,004513,Head Start,2025-02-23,2025-03-15,2026-04-12,No,109,Pre-K,State
0000004514,004514,Early Head Start,2018-12-06,2018-12-19,2020-03-01,No,95,,State
0000004514,004514,First Steps,2020-03-28,2020-04-07,2021-05-07,No,39,Early Intervention,State
0000004515,004515,Early Head Start,2020-09-01,2020-09-09,2022-05-04,No,83,,Federal
0000004516,004516,Early Head Start,2020-06-14,2020-06-28,2021-06-15,No,131,,Private
0000004516,004516,Childcare Subsidy,2021-10-11,2021-11-10,2022-12-08,No,105,,Local
0000004516,004516,Childcare Subsidy,2023-03-13,2023-04-01,2024-08-12,No,63,,Private
0000004517,004517,Early Intervention,2023-09-21,2023-10-06,2025-04-20,No,40,Early Intervention,Private
0000004518,004518,First Steps,2020-02-19,2020-03-17,2020-08-20,No,41,Early Intervention,Local
0000004519,004519,Childcare Subsidy,2019-02-05,2019-02-26,2021-02-09,No,75,,Local
0000004519,004519,Early Intervention,2021-03-07,2021-03-12,2021-12-27,No,41,Early Intervention,Federal
0000004519,004519,Child Care,2022-01-21,2022-02-20,2024-01-16,No,146,,State
0000004520,004520,Early Head Start,2022-10-15,2022-11-06,2024-06-25,No,75,,Federal
0000004521,004521,First Steps,2022-09-20,2022-10-18,2023-08-13,No,26,Early Intervention,Federal
0000004521,004521,Child Care,2023-09-11,2023-10-09,2024-10-05,No,122,,State
0000004521,004521,State Pre-K,2024-10-29,2024-11-04,2025-02-27,No,80,Pre-K,Local
0000004522,004522,Early Intervention,2021-03-25,2021-04-24,2022-06-23,No,39,Early Intervention,Federal
0000004523,004523,Child Care,2020-06-03,2020-06-28,2021-09-02,No,140,,Local
0000004524,004524,Early Head Start,2019-08-23,2019-09-03,2020-02-14,No,121,,Federal
0000004525,004525,Home Visiting,2020-12-02,2020-12-08,2022-11-29,Yes,13,,Local
0000004525,004525,Child Care,2023-02-23,2023-02-27,2024-10-15,No,56,,Local
0000004526,004526,Childcare Subsidy,2022-07-07,2022-07-21,2023-05-31,No,62,,State
0000004527,004527,Early Head Start,2021-10-20,2021-10-29,2023-10-09,No,116,,Private
0000004527,004527,Child Care,2023-10-31,2023-11-06,2025-12-21,No,63,,Federal
0000004528,004528,Childcare Subsidy,2021-10-20,2021-11-17,2022-07-17,No,93,,Private
0000004529,004529,First Steps,2023-02-18,2023-03-20,2025-03-19,No,43,Early Intervention,Local
0000004529,004529,Head Start,2025-06-26,2025-07-11,2027-01-04,No,156,Pre-K,Federal
0000004529,004529,Child Care,2022-07-07,2022-07-23,2025-06-02,No,51,,State
0000004530,004530,Home Visiting,2021-02-13,2021-02-28,2021-10-23,Yes,17,,Federal
0000004531,004531,Child Care,2021-02-03,2021-02-14,2021-10-01,No,141,,Local
0000004531,004531,Home Visiting,2021-11-20,2021-11-30,2023-01-13,Yes,17,,Federal
0000004532,004532,Early Head Start,2020-07-09,2020-07-19,2022-03-19,No,43,,State
0000004532,004532,Childcare Subsidy,2022-03-31,2022-04-22,2024-01-14,No,96,,Federal
0000004533,004533,Home Visiting,2019-12-16,2019-12-18,2021-07-13,Yes,5,,Local
0000004534,004534,Early Intervention,2023-03-13,2023-03-16,2024-08-15,No,39,Early Intervention,Local
0000004534,004534,Child Care,2024-08-19,2024-09-11,2026-06-28,No,85,,Private
0000004535,004535,First Steps,2020-01-18,2020-01-24,2022-05-30,No,52,Early Intervention,Federal
0000004535,004535,Childcare Subsidy,2020-02-23,2020-03-09,2023-12-02,No,113,,State
0000004536,004536,Childcare Subsidy,2020-02-11,2020-02-12,2022-01-29,No,87,,Private
0000004536,004536,Home Visiting,2020-03-13,2020-03-28,2024-07-24,Yes,17,,Private
0000004536,004536,Head Start,2024-07-28,2024-08-10,2025-04-14,No,155,Pre-K,Local
0000004536,004536,First Steps,2020-10-15,2020-10-30,2022-09-16,No,46,Early Intervention,State
0000004537,004537,Home Visiting,2020-06-18,2020-07-13,2022-03-07,Yes,13,,State
0000004537,004537,Child Care,2022-03-16,2022-03-26,2022-10-02,No,106,,Private
0000004538,004538,Child Care,2023-04-09,2023-04-15,2026-02-23,No,91,,Local
0000004538,004538,State Pre-K,2026-03-02,2026-03-14,2026-11-09,No,100,Pre-K,Federal
0000004539,004539,Child Care,2019-06-27,2019-07-18,2022-04-04,No,155,,Local
0000004539,004539,Child Care,2022-04-08,2022-05-06,2023-05-09,No,182,,Federal
0000004539,004539,Child Care,2023-05-27,2023-06-05,2023-12-24,No,96,,Federal
0000004540,004540,Early Intervention,2018-07-26,2018-08-05,2020-04-07,No,29,Early Intervention,State
0000004540,004540,First Steps,2020-04-24,2020-05-10,2022-03-06,No,45,Early Intervention,Local
0000004540,004540,State Pre-K,2022-03-14,2022-04-07,2023-09-29,No,146,Pre-K,State
0000004541,004541,First Steps,2019-02-11,2019-03-13,2020-04-07,No,10,Early Intervention,Private
0000004541,004541,Home Visiting,2020-06-11,2020-06-19,2022-03-25,Yes,8,,State
0000004541,004541,Head Start,2022-05-31,2022-06-24,2023-10-30,No,76,Pre-K,Local
0000004542,004542,Early Intervention,2019-12-25,2020-01-11,2021-10-15,No,33,Early Intervention,Private
0000004542,004542,Childcare Subsidy,2021-10-16,2021-10-25,2022-07-15,No,72,,Local
0000004542,004542,Child Care,2022-08-02,2022-08-21,2023-07-06,No,150,,State
0000004543,004543,Early Head Start,2021-04-01,2021-04-08,2021-10-19,No,128,,Local
0000004544,004544,Early Intervention,2019-10-17,2019-11-10,2021-08-28,No,41,Early Intervention,Federal
0000004544,004544,Child Care,2021-10-31,2021-11-13,2022-05-13,No,93,,State
0000004544,004544,State Pre-K,2022-08-09,2022-09-06,2023-12-17,No,63,Pre-K,Local
0000004545,004545,Early Head Start,2020-12-11,2020-12-29,2023-06-19,No,123,,Federal
0000004546,004546,Child Care,2022-02-20,2022-02-25,2022-06-25,No,76,,State
0000004547,004547,Early Head Start,2021-05-30,2021-06-17,2023-07-20,No,109,,State
0000004547,004547,State Pre-K,2023-08-13,2023-08-20,2025-09-21,No,142,Pre-K,Federal
0000004547,004547,Childcare Subsidy,2021-08-04,2021-08-20,2023-04-07,No,99,,State
0000004548,004548,Early Head Start,2021-10-08,2021-10-13,2023-01-08,No,50,,Local
0000004548,004548,Childcare Subsidy,2021-11-12,2021-11-27,2023-10-04,No,70,,Federal
0000004549,004549,First Steps,2020-06-14,2020-06-22,2022-02-01,No,24,Early Intervention,State
0000004549,004549,Head Start,2022-03-31,2022-04-15,2023-09-19,No,145,Pre-K,State
0000004549,004549,Child Care,2023-11-30,2023-12-02,2024-08-11,No,77,,Local
0000004550,004550,Child Care,2021-11-10,2021-11-25,2022-06-07,No,71,,Federal
0000004551,004551,Home Visiting,2023-07-07,2023-08-06,2024-03-25,Yes,6,,Federal
0000004552,004552,Home Visiting,2021-06-14,2021-06-20,2023-04-03,Yes,18,,Private
0000004552,004552,Home Visiting,2023-04-22,2023-05-19,2024-11-11,Yes,5,,Private
0000004552,004552,State Pre-K,2024-11-28,2024-12-01,2025-10-26,No,119,Pre-K,State
0000004553,004553,Early Head Start,2022-01-23,2022-01-25,2022-09-29,No,162,,Federal
0000004553,004553,Childcare Subsidy,2022-12-27,2023-01-20,2024-11-09,No,75,,Federal
0000004553,004553,Childcare Subsidy,2025-02-11,2025-03-10,2026-08-08,No,80,,State
0000004553,004553,Early Head Start,2022-07-08,2022-07-28,2023-10-02,No,63,,Federal
0000004554,004554,Home Visiting,2021-11-08,2021-11-09,2023-09-30,Yes,21,,Private
0000004554,004554,Child Care,2024-01-08,2024-01-16,2025-06-06,No,157,,Private
0000004554,004554,Childcare Subsidy,2021-03-19,2021-04-02,2022-10-29,No,191,,Federal
0000004555,004555,First Steps,2022-07-25,2022-08-20,2023-10-15,No,9,Early Intervention,Federal
0000004556,004556,Childcare Subsidy,2021-01-21,2021-02-20,2024-01-26,No,67,,Private
0000004557,004557,First Steps,2022-03-03,2022-03-30,2024-06-14,No,41,Early Intervention,Private
0000004557,004557,Early Intervention,2024-06-23,2024-06-24,2026-06-21,No,35,Early Intervention,Private
0000004557,004557,Childcare Subsidy,2026-07-12,2026-08-07,2027-06-07,No,148,,Federal
0000004558,004558,Early Intervention,2020-07-07,2020-07-17,2022-06-23,No,21,Early Intervention,Federal
0000004558,004558,State Pre-K,2022-07-18,2022-08-11,2023-11-30,No,85,Pre-K,Private
0000004559,004559,First Steps,2019-07-09,2019-07-15,2022-01-29,No,19,Early Intervention,Local
0000004559,004559,Childcare Subsidy,2022-02-24,2022-03-02,2023-11-28,No,205,,State
0000004559,004559,Child Care,2019-09-05,2019-09-18,2020-11-22,No,94,,Federal
0000004560,004560,First Steps,2020-05-31,2020-06-04,2020-08-19,No,14,Early Intervention,State
0000004561,004561,Childcare Subsidy,2021-03-15,2021-03-18,2023-05-14,No,49,,Private
0000004562,004562,Early Intervention,2022-04-13,2022-04-17,2025-03-29,No,25,Early Intervention,State
0000004562,004562,Head Start,2025-04-17,2025-05-13,2026-06-04,No,156,Pre-K,State
0000004562,004562,Early Intervention,2021-12-05,2021-12-09,2023-09-14,No,16,Early Intervention,State
0000004563,004563,Home Visiting,2021-08-21,2021-09-06,2022-10-28,Yes,14,,Federal
0000004563,004563,Home Visiting,2022-11-15,2022-12-04,2024-03-16,Yes,20,,Private
0000004564,004564,Early Intervention,2022-11-21,2022-12-15,2024-05-01,No,31,Early Intervention,State
0000004564,004564,Child Care,2024-05-17,2024-05-18,2026-02-27,No,180,,Local
0000004565,004565,Early Intervention,2022-04-10,2022-04-14,2023-02-07,No,19,Early Intervention,Private
0000004566,004566,Early Head Start,2022-05-15,2022-06-04,2023-03-16,No,63,,Local
0000004567,004567,Early Head Start,2021-06-02,2021-06-12,2023-05-20,No,63,,Private
0000004568,004568,Childcare Subsidy,2023-04-11,2023-05-06,2023-07-07,No,134,,State
0000004568,004568,Child Care,2023-07-21,2023-08-11,2024-07-07,No,73,,Local
0000004569,004569,Early Head Start,2020-10-23,2020-11-21,2023-03-30,No,99,,Federal
0000004569,004569,Head Start,2023-04-26,2023-05-06,2024-05-07,No,154,Pre-K,Local
0000004570,004570,Early Intervention,2020-11-13,2020-11-27,2022-11-11,No,9,Early Intervention,Private
0000004571,004571,Early Intervention,2019-12-09,2019-12-10,2020-06-11,No,34,Early Intervention,Local
0000004571,004571,Home Visiting,2020-06-30,2020-07-13,2020-12-25,Yes,15,,Federal
0000004572,004572,First Steps,2019-05-29,2019-06-22,2021-02-23,No,8,Early Intervention,Local
0000004573,004573,First Steps,2018-10-21,2018-10-28,2020-05-07,No,40,Early Intervention,State
0000004574,004574,First Steps,2019-12-26,2019-12-31,2020-10-01,No,33,Early Intervention,Private
0000004574,004574,Early Head Start,2020-10-31,2020-11-27,2021-02-08,No,59,,Local
0000004575,004575,Home Visiting,2020-06-27,2020-07-18,2022-07-01,Yes,13,,State
0000004575,004575,Childcare Subsidy,2022-07-14,2022-07-29,2023-02-08,No,116,,State
0000004576,004576,First Steps,2022-12-13,2023-01-03,2024-12-24,No,21,Early Intervention,Local
0000004576,004576,Head Start,2025-03-03,2025-03-30,2026-08-28,No,99,Pre-K,Local
0000004576,004576,Early Intervention,2022-02-28,2022-03-08,2025-01-15,No,18,Early Intervention,Local
0000004577,004577,Early Head Start,2020-01-19,2020-02-08,2020-04-19,No,94,,State
0000004578,004578,Early Head Start,2021-10-20,2021-11-08,2023-06-17,No,117,,State
0000004578,004578,State Pre-K,2021-12-08,2021-12-23,2024-01-28,No,100,Pre-K,Private
0000004579,004579,Early Intervention,2020-05-17,2020-05-21,2021-09-13,No,25,Early Intervention,State
0000004580,004580,First Steps,2022-06-30,2022-07-27,2022-11-01,No,10,Early Intervention,Federal
0000004581,004581,Early Intervention,2020-08-26,2020-09-02,2022-09-25,No,40,Early Intervention,Local
0000004581,004581,Home Visiting,2022-09-27,2022-10-18,2024-04-11,Yes,17,,Federal
0000004581,004581,State Pre-K,2024-04-12,2024-04-16,2025-11-15,No,118,Pre-K,State
0000004582,004582,Early Head Start,2020-10-12,2020-10-17,2023-08-11,No,108,,Private
0000004582,004582,Head Start,2023-09-04,2023-09-21,2025-10-19,No,165,Pre-K,Federal
0000004583,004583,Early Intervention,2020-02-28,2020-03-25,2021-06-01,No,54,Early Intervention,Local
0000004584,004584,Early Head Start,2019-09-21,2019-10-08,2021-05-05,No,146,,State
0000004585,004585,Early Head Start,2021-06-09,2021-06-16,2023-02-14,No,156,,Federal
0000004585,004585,Head Start,2023-06-03,2023-06-09,2024-12-24,No,125,Pre-K,State
0000004585,004585,Childcare Subsidy,2020-06-26,2020-07-15,2021-12-03,No,178,,Private
0000004586,004586,Early Head Start,2021-04-19,2021-04-20,2024-01-07,No,157,,Local
0000004586,004586,State Pre-K,2024-04-13,2024-05-02,2026-02-10,No,123,Pre-K,Local
0000004587,004587,Child Care,2019-07-19,2019-07-22,2020-09-12,No,151,,Local
0000004587,004587,Early Intervention,2020-11-09,2020-11-28,2022-07-06,No,12,Early Intervention,Local
0000004587,004587,Head Start,2022-10-27,2022-11-03,2023-07-10,No,74,Pre-K,Federal
0000004588,004588,Child Care,2022-02-17,2022-03-18,2023-05-28,No,63,,Private
0000004589,004589,Home Visiting,2021-09-06,2021-09-09,2023-06-24,Yes,17,,Federal
0000004589,004589,State Pre-K,2023-10-11,2023-11-03,2025-01-31,No,63,Pre-K,Private
0000004590,004590,Childcare Subsidy,2020-09-03,2020-09-05,2022-03-12,No,124,,Local
0000004590,004590,Childcare Subsidy,2020-10-05,2020-10-20,2023-09-09,No,63,,Private
0000004591,004591,Early Intervention,2018-10-16,2018-11-10,2020-01-28,No,48,Early Intervention,Federal
0000004592,004592,Early Intervention,2020-12-13,2020-12-21,2023-07-12,No,13,Early Intervention,State
0000004592,004592,Head Start,2023-07-15,2023-07-24,2024-09-03,No,134,Pre-K,Federal
0000004592,004592,Head Start,2024-09-16,2024-09-21,2025-11-16,No,94,Pre-K,Private
0000004592,004592,First Steps,2021-05-19,2021-06-17,2023-07-09,No,9,Early Intervention,Local
0000004593,004593,Early Intervention,2022-05-29,2022-06-12,2023-05-28,No,27,Early Intervention,Local
0000004594,004594,Early Head Start,2021-05-09,2021-05-12,2024-03-10,No,161,,State
0000004594,004594,Head Start,2024-05-23,2024-06-13,2024-12-06,No,107,Pre-K,State
0000004595,004595,Home Visiting,2019-04-02,2019-04-06,2021-05-13,Yes,8,,Local
0000004595,004595,State Pre-K,2021-07-10,2021-07-19,2023-10-17,No,131,Pre-K,Private
0000004596,004596,Early Head Start,2022-07-22,2022-08-11,2023-05-01,No,34,,Local
0000004597,004597,Early Head Start,2022-09-10,2022-10-05,2025-07-25,No,144,,Local
0000004597,004597,Child Care,2022-11-04,2022-11-19,2026-10-12,No,117,,State
0000004597,004597,Early Head Start,2022-04-14,2022-04-30,2023-11-29,No,138,,State
0000004598,004598,Early Intervention,2021-02-14,2021-02-25,2021-09-28,No,47,Early Intervention,Federal
0000004598,004598,Early Head Start,2021-10-12,2021-11-04,2022-09-08,No,144,,State
0000004598,004598,First Steps,2022-09-13,2022-10-07,2024-04-06,No,9,Early Intervention,State
0000004599,004599,Childcare Subsidy,2019-05-25,2019-05-26,2020-04-06,No,145,,Local
0000004599,004599,Early Head Start,2020-07-24,2020-08-20,2021-04-18,No,61,,Federal
0000004599,004599,Child Care,2021-07-10,2021-07-21,2023-04-25,No,154,,State
0000004600,004600,Early Head Start,2022-06-24,2022-06-29,2023-12-06,No,156,,Private
0000004601,004601,Early Head Start,2022-04-14,2022-04-17,2025-01-09,No,150,,State
0000004601,004601,State Pre-K,2025-02-07,2025-02-27,2027-02-23,No,129,Pre-K,Local
0000004602,004602,Childcare Subsidy,2022-12-20,2023-01-01,2023-11-19,No,44,,Private
0000004603,004603,Early Head Start,2020-07-09,2020-07-13,2022-04-01,No,109,,State
0000004603,004603,State Pre-K,2022-05-09,2022-06-01,2024-06-10,No,149,Pre-K,State
0000004604,004604,First Steps,2021-08-04,2021-08-09,2023-06-09,No,32,Early Intervention,Private
0000004604,004604,Head Start,2023-06-29,2023-07-25,2025-07-07,No,103,Pre-K,Local
0000004604,004604,Home Visiting,2021-02-18,2021-03-04,2022-09-25,Yes,24,,Local
0000004605,004605,Childcare Subsidy,2018-11-27,2018-12-17,2019-12-29,No,149,,Federal
0000004605,004605,Child Care,2019-12-30,2020-01-21,2020-07-28,No,191,,Federal
0000004606,004606,First Steps,2020-03-14,2020-04-06,2021-08-17,No,18,Early Intervention,State
0000004606,004606,Child Care,2021-08-24,2021-09-17,2023-03-01,No,130,,Federal
0000004606,004606,State Pre-K,2023-03-26,2023-03-30,2023-11-08,No,108,Pre-K,Federal
0000004607,004607,Early Intervention,2020-11-07,2020-12-02,2021-12-30,No,47,Early Intervention,State
0000004608,004608,Child Care,2020-10-19,2020-11-15,2023-05-06,No,113,,Private
0000004608,004608,Childcare Subsidy,2023-05-19,2023-06-04,2025-02-28,No,118,,Local
0000004608,004608,Home Visiting,2020-08-31,2020-09-26,2023-01-22,Yes,12,,State
0000004609,004609,Early Intervention,2023-05-04,2023-05-20,2024-08-12,No,9,Early Intervention,Private
0000004609,004609,Home Visiting,2024-08-18,2024-08-28,2026-07-15,Yes,16,,Federal
0000004610,004610,Early Intervention,2020-10-14,2020-11-06,2021-07-26,No,20,Early Intervention,Federal
0000004610,004610,Home Visiting,2021-08-12,2021-09-04,2022-03-02,Yes,3,,Local
0000004611,004611,Early Head Start,2019-08-18,2019-08-23,2021-12-02,No,173,,State
0000004611,004611,State Pre-K,2022-01-17,2022-02-15,2023-10-25,No,97,Pre-K,State
0000004611,004611,Child Care,2019-04-27,2019-05-26,2021-10-16,No,142,,Federal
0000004611,004611,Childcare Subsidy,2021-12-01,2021-12-16,2023-10-25,No,198,,Federal
0000004612,004612,Early Intervention,2020-02-05,2020-02-07,2021-01-21,No,8,Early Intervention,Local
0000004612,004612,First Steps,2021-04-12,2021-04-14,2021-10-20,No,20,Early Intervention,Private
0000004613,004613,Early Head Start,2020-08-10,2020-09-06,2021-06-02,No,104,,Local
0000004613,004613,Early Intervention,2021-06-19,2021-06-20,2022-04-21,No,21,Early Intervention,Federal
0000004613,004613,Early Head Start,2022-05-11,2022-05-29,2023-03-21,No,131,,Private
0000004613,004613,Childcare Subsidy,2023-04-20,2023-05-20,2024-05-01,No,83,,Private
0000004614,004614,Child Care,2022-02-16,2022-02-28,2025-01-04,No,98,,Federal
0000004614,004614,Child Care,2025-03-02,2025-03-21,2026-11-16,No,123,,State
0000004615,004615,Child Care,2021-01-29,2021-02-13,2022-06-14,No,105,,Federal
0000004615,004615,Home Visiting,2022-06-18,2022-07-14,2024-08-29,Yes,10,,Federal
0000004616,004616,Early Intervention,2022-11-25,2022-12-05,2023-11-14,No,16,Early Intervention,Local
0000004616,004616,Childcare Subsidy,2023-11-30,2023-12-09,2025-01-04,No,178,,Private
0000004617,004617,Home Visiting,2021-01-09,2021-02-02,2022-02-21,Yes,8,,Private
0000004617,004617,Early Head Start,2022-02-28,2022-03-09,2024-12-13,No,150,,Federal
0000004617,004617,State Pre-K,2024-12-29,2025-01-01,2026-01-06,No,154,Pre-K,Private
0000004618,004618,Early Intervention,2020-11-05,2020-12-01,2022-02-15,No,18,Early Intervention,Local
0000004619,004619,Childcare Subsidy,2019-12-10,2019-12-13,2020-08-14,No,165,,Private
0000004620,004620,Early Intervention,2021-11-03,2021-11-27,2022-06-03,No,13,Early Intervention,Local
0000004620,004620,First Steps,2022-06-16,2022-07-07,2023-09-13,No,39,Early Intervention,Local
0000004620,004620,Home Visiting,2023-09-29,2023-10-01,2025-09-29,Yes,14,,Local
0000004620,004620,Child Care,2025-10-16,2025-10-26,2026-05-24,No,113,,State
0000004620,004620,Child Care,2021-11-24,2021-12-24,2023-04-28,No,56,,State
0000004621,004621,Home Visiting,2023-05-14,2023-06-05,2024-06-29,Yes,15,,Federal
0000004621,004621,Child Care,2024-07-12,2024-07-23,2025-06-17,No,69,,Federal
0000004622,004622,Early Intervention,2020-02-13,2020-03-12,2021-01-28,No,27,Early Intervention,Federal
0000004623,004623,Childcare Subsidy,2021-09-01,2021-09-14,2024-09-10,No,99,,State
0000004624,004624,Early Intervention,2021-05-19,2021-05-28,2022-02-24,No,31,Early Intervention,Federal
0000004624,004624,First Steps,2021-06-27,2021-07-12,2023-02-26,No,8,Early Intervention,Federal
0000004625,004625,First Steps,2020-06-25,2020-07-12,2021-03-12,No,9,Early Intervention,State
0000004625,004625,Early Head Start,2021-03-14,2021-03-17,2021-10-08,No,96,,State
0000004625,004625,First Steps,2021-10-13,2021-11-04,2022-07-20,No,37,Early Intervention,Federal
0000004625,004625,State Pre-K,2022-07-23,2022-08-01,2022-10-11,No,89,Pre-K,Private
0000004625,004625,Child Care,2022-11-10,2022-11-24,2023-03-10,No,100,,State
0000004626,004626,Early Intervention,2019-03-07,2019-03-27,2021-02-17,No,38,Early Intervention,Federal
0000004627,004627,Home Visiting,2023-04-13,2023-05-10,2025-12-26,Yes,19,,Private
0000004627,004627,Child Care,2026-04-15,2026-04-16,2027-06-17,No,211,,Private
0000004627,004627,First Steps,2022-12-18,2022-12-27,2025-04-09,No,12,Early Intervention,State
0000004628,004628,Early Head Start,2022-04-17,2022-04-19,2023-08-01,No,103,,State
0000004628,004628,Child Care,2023-09-20,2023-10-03,2024-12-06,No,64,,Local
0000004629,004629,Child Care,2020-03-01,2020-03-21,2021-04-08,No,151,,Federal
0000004629,004629,Early Intervention,2021-04-13,2021-05-09,2022-07-04,No,48,Early Intervention,Federal
0000004630,004630,Home Visiting,2021-12-08,2021-12-29,2023-03-28,Yes,5,,Local
0000004630,004630,Head Start,2023-06-08,2023-06-10,2025-09-24,No,123,Pre-K,Private
0000004631,004631,Early Intervention,2021-11-16,2021-12-16,2024-03-15,No,45,Early Intervention,Federal
0000004632,004632,Childcare Subsidy,2020-06-06,2020-06-09,2023-01-06,No,76,,Local
0000004632,004632,Childcare Subsidy,2023-01-12,2023-02-11,2024-01-06,No,146,,Local
0000004632,004632,Early Intervention,2019-07-09,2019-07-17,2020-09-10,No,17,Early Intervention,Local
0000004632,004632,Childcare Subsidy,2020-09-16,2020-09-28,2021-12-26,No,119,,Federal
0000004632,004632,Child Care,2022-01-21,2022-01-24,2023-02-12,No,69,,State
0000004633,004633,First Steps,2020-05-26,2020-05-27,2022-01-10,No,15,Early Intervention,Federal
0000004633,004633,State Pre-K,2022-04-19,2022-05-09,2023-07-10,No,140,Pre-K,Federal
0000004633,004633,Early Intervention,2019-06-17,2019-07-11,2021-01-26,No,42,Early Intervention,State
0000004633,004633,Early Intervention,2021-03-07,2021-03-18,2022-12-11,No,26,Early Intervention,State
0000004634,004634,Home Visiting,2019-01-01,2019-01-12,2020-01-08,Yes,19,,Federal
0000004634,004634,Childcare Subsidy,2020-01-18,2020-02-09,2021-05-03,No,86,,Federal
0000004634,004634,Home Visiting,2021-05-07,2021-06-02,2022-10-20,Yes,4,,Federal
0000004635,004635,Child Care,2020-01-05,2020-01-25,2021-07-04,No,82,,Private
0000004635,004635,Childcare Subsidy,2020-02-24,2020-03-10,2023-06-22,No,180,,Local
0000004635,004635,Head Start,2023-06-23,2023-06-25,2024-05-02,No,91,Pre-K,State
0000004635,004635,Home Visiting,2020-02-08,2020-02-24,2021-04-09,Yes,6,,Private
0000004636,004636,Childcare Subsidy,2023-03-14,2023-03-31,2023-12-10,No,124,,Federal
0000004636,004636,Early Head Start,2023-12-24,2023-12-25,2025-07-07,No,50,,Local
0000004636,004636,Child Care,2025-07-28,2025-08-17,2026-10-21,No,48,,Private
0000004637,004637,Early Intervention,2020-05-09,2020-05-23,2021-09-11,No,53,Early Intervention,State
0000004637,004637,First Steps,2021-09-26,2021-10-24,2023-01-07,No,44,Early Intervention,Federal
0000004637,004637,Head Start,2023-01-12,2023-01-14,2024-01-26,No,120,Pre-K,Private
0000004637,004637,State Pre-K,2024-02-18,2024-03-05,2024-11-03,No,91,Pre-K,Private
0000004638,004638,Childcare Subsidy,2022-09-26,2022-10-21,2023-07-25,No,51,,Private
0000004639,004639,Home Visiting,2019-03-27,2019-04-05,2020-04-08,Yes,9,,Private
0000004639,004639,First Steps,2020-05-04,2020-05-12,2023-01-13,No,45,Early Intervention,State
0000004640,004640,Early Head Start,2023-03-18,2023-04-17,2026-04-15,No,160,,Private
0000004640,004640,Head Start,2026-04-17,2026-05-02,2027-02-25,No,102,Pre-K,Federal
0000004641,004641,Childcare Subsidy,2019-11-13,2019-12-01,2020-04-18,No,106,,State
0000004642,004642,Childcare Subsidy,2020-04-06,2020-04-28,2022-05-06,No,189,,Private
0000004642,004642,Early Head Start,2022-05-28,2022-06-11,2024-06-11,No,178,,Local
0000004643,004643,Childcare Subsidy,2019-11-28,2019-12-10,2022-05-09,No,110,,Federal
0000004643,004643,Child Care,2022-06-03,2022-06-04,2023-08-07,No,108,,State
0000004644,004644,First Steps,2021-03-23,2021-04-06,2022-01-10,No,28,Early Intervention,Federal
0000004644,004644,Child Care,2022-03-14,2022-04-05,2023-01-26,No,164,,Local
0000004645,004645,Home Visiting,2021-11-12,2021-11-17,2023-09-12,Yes,16,,Local
0000004645,004645,Childcare Subsidy,2023-09-28,2023-10-10,2026-08-22,No,95,,State
0000004646,004646,Home Visiting,2021-11-08,2021-11-30,2023-11-29,Yes,8,,Federal
0000004646,004646,Child Care,2023-12-14,2024-01-06,2025-09-12,No,99,,Private
0000004646,004646,Childcare Subsidy,2021-03-15,2021-03-21,2022-09-06,No,70,,Local
0000004647,004647,Child Care,2023-03-07,2023-03-29,2025-07-31,No,219,,State
0000004648,004648,Child Care,2021-12-04,2021-12-27,2022-04-21,No,149,,Private
0000004649,004649,Home Visiting,2022-05-04,2022-05-13,2025-03-24,Yes,20,,Federal
0000004649,004649,State Pre-K,2025-04-05,2025-04-25,2025-12-20,No,151,Pre-K,Private
0000004650,004650,Home Visiting,2022-03-31,2022-04-28,2023-04-21,Yes,4,,Local
0000004650,004650,Childcare Subsidy,2023-07-01,2023-07-28,2023-12-19,No,52,,Private
0000004651,004651,Home Visiting,2022-11-15,2022-12-02,2025-11-24,Yes,10,,State
0000004651,004651,Head Start,2025-12-09,2026-01-03,2026-11-03,No,159,Pre-K,Private
0000004652,004652,Child Care,2020-01-29,2020-02-15,2022-03-26,No,175,,Private
0000004653,004653,Child Care,2018-07-31,2018-08-11,2020-04-05,No,148,,State
0000004653,004653,Childcare Subsidy,2020-04-26,2020-05-05,2021-02-22,No,122,,State
0000004654,004654,Child Care,2020-09-13,2020-09-24,2022-08-03,No,63,,Local
0000004655,004655,Home Visiting,2022-11-25,2022-12-01,2024-10-06,Yes,13,,State
0000004656,004656,Early Head Start,2019-08-13,2019-08-29,2020-06-26,No,97,,Private
0000004657,004657,Child Care,2021-01-01,2021-01-24,2023-09-23,No,50,,Local
0000004657,004657,Child Care,2023-10-16,2023-10-29,2024-09-12,No,177,,Private
0000004658,004658,Home Visiting,2022-08-30,2022-09-03,2024-05-21,Yes,22,,Federal
0000004659,004659,First Steps,2021-08-08,2021-08-17,2022-06-04,No,19,Early Intervention,State
0000004659,004659,Child Care,2022-06-09,2022-06-24,2023-04-12,No,179,,Private
0000004660,004660,Childcare Subsidy,2021-03-18,2021-03-21,2022-09-24,No,113,,Private
0000004661,004661,Childcare Subsidy,2022-01-25,2022-02-12,2023-10-09,No,61,,Local
0000004661,004661,State Pre-K,2023-12-11,2023-12-28,2024-08-17,No,76,Pre-K,Local
0000004661,004661,Childcare Subsidy,2024-12-06,2024-12-23,2025-08-07,No,82,,State
0000004662,004662,Home Visiting,2022-08-06,2022-09-01,2023-09-23,Yes,23,,Federal
0000004663,004663,Early Intervention,2021-07-05,2021-07-22,2022-06-22,No,7,Early Intervention,Private
0000004663,004663,First Steps,2022-07-06,2022-07-07,2024-03-30,No,41,Early Intervention,Federal
0000004663,004663,State Pre-K,2024-04-09,2024-04-13,2025-06-09,No,113,Pre-K,Local
0000004664,004664,Home Visiting,2020-11-18,2020-11-21,2022-08-06,Yes,22,,Private
0000004664,004664,Childcare Subsidy,2022-12-01,2022-12-23,2024-09-11,No,99,,Private
0000004664,004664,Early Head Start,2020-11-18,2020-11-24,2022-08-13,No,126,,Federal
0000004664,004664,Child Care,2022-11-29,2022-12-23,2023-07-07,No,46,,State
0000004664,004664,Child Care,2023-08-25,2023-09-17,2024-11-14,No,138,,Private
0000004665,004665,Home Visiting,2021-12-09,2021-12-20,2023-12-11,Yes,15,,Private
0000004665,004665,Head Start,2023-12-28,2024-01-14,2025-10-03,No,163,Pre-K,Private
0000004666,004666,Child Care,2021-08-10,2021-08-11,2022-10-19,No,113,,Private
0000004667,004667,Early Head Start,2021-10-30,2021-11-21,2023-04-28,No,144,,State
0000004667,004667,Child Care,2021-12-21,2022-01-05,2024-04-28,No,108,,Local
0000004667,004667,Head Start,2024-05-01,2024-05-13,2025-05-14,No,111,Pre-K,State
0000004668,004668,Early Head Start,2023-05-18,2023-06-09,2025-01-01,No,99,,Local
0000004669,004669,Childcare Subsidy,2021-01-13,2021-01-14,2023-09-29,No,44,,Local
0000004669,004669,State Pre-K,2024-01-01,2024-01-22,2025-03-18,No,158,Pre-K,Private
0000004670,004670,Home Visiting,2020-03-16,2020-04-12,2020-11-27,Yes,17,,Private
0000004671,004671,Home Visiting,2019-01-20,2019-02-16,2022-01-11,Yes,16,,State
0000004672,004672,Early Intervention,2019-07-12,2019-07-20,2020-09-11,No,44,Early Intervention,Local
0000004673,004673,Early Head Start,2019-11-08,2019-11-23,2021-11-21,No,51,,Federal
0000004673,004673,Home Visiting,2022-01-28,2022-02-26,2023-03-10,Yes,15,,State
0000004674,004674,Home Visiting,2019-11-03,2019-11-13,2020-04-19,Yes,17,,Federal
0000004675,004675,Early Head Start,2022-08-04,2022-08-23,2024-04-22,No,172,,Local
0000004676,004676,Childcare Subsidy,2020-07-25,2020-08-22,2023-02-17,No,54,,Local
0000004677,004677,Home Visiting,2020-03-18,2020-04-10,2021-06-10,Yes,28,,Private
0000004677,004677,Child Care,2021-06-27,2021-07-14,2022-07-28,No,149,,Private
0000004677,004677,State Pre-K,2022-08-06,2022-08-30,2023-10-08,No,147,Pre-K,Private
0000004677,004677,Child Care,2019-04-10,2019-05-05,2020-07-10,No,150,,State
0000004677,004677,Childcare Subsidy,2020-07-12,2020-07-18,2022-10-28,No,179,,Federal
0000004678,004678,Child Care,2020-08-29,2020-09-22,2022-01-18,No,53,,Federal
0000004678,004678,Childcare Subsidy,2020-10-22,2020-11-06,2022-10-09,No,70,,Federal
0000004679,004679,Child Care,2019-04-30,2019-05-02,2021-04-13,No,107,,Federal
0000004679,004679,Childcare Subsidy,2021-04-14,2021-05-09,2022-04-24,No,89,,Federal
0000004680,004680,Childcare Subsidy,2020-04-17,2020-04-26,2022-03-17,No,180,,Private
0000004681,004681,Early Intervention,2020-02-13,2020-03-01,2021-03-15,No,10,Early Intervention,Local
0000004681,004681,Early Intervention,2021-04-20,2021-05-02,2022-05-28,No,31,Early Intervention,Federal
0000004681,004681,Childcare Subsidy,2022-08-26,2022-09-22,2023-06-28,No,159,,Local
0000004682,004682,Childcare Subsidy,2020-01-14,2020-02-07,2021-10-10,No,48,,State
0000004682,004682,Home Visiting,2021-10-17,2021-11-08,2022-10-19,Yes,14,,Local
0000004683,004683,First Steps,2023-02-02,2023-02-22,2025-07-19,No,19,Early Intervention,Private
0000004683,004683,Head Start,2025-09-18,2025-10-16,2027-06-09,No,136,Pre-K,Local
0000004684,004684,First Steps,2020-08-04,2020-08-07,2021-03-15,No,48,Early Intervention,Federal
0000004684,004684,Early Head Start,2021-03-17,2021-04-05,2022-05-01,No,113,,Private
0000004685,004685,Early Intervention,2019-05-02,2019-05-12,2022-01-24,No,37,Early Intervention,Local
0000004685,004685,Childcare Subsidy,2022-01-27,2022-02-13,2023-02-13,No,83,,Federal
0000004686,004686,First Steps,2020-02-04,2020-02-11,2022-08-10,No,53,Early Intervention,State
0000004687,004687,Childcare Subsidy,2023-03-04,2023-03-15,2024-11-04,No,180,,Private
0000004687,004687,Childcare Subsidy,2024-11-17,2024-11-22,2026-04-17,No,207,,Local
0000004688,004688,First Steps,2020-05-03,2020-05-18,2020-12-13,No,36,Early Intervention,Federal
0000004689,004689,First Steps,2019-07-30,2019-08-18,2020-02-05,No,16,Early Intervention,Private
0000004689,004689,Early Head Start,2020-02-27,2020-03-24,2020-11-25,No,80,,Federal
0000004690,004690,Home Visiting,2020-08-15,2020-08-17,2022-06-16,Yes,21,,Local
0000004691,004691,Childcare Subsidy,2022-03-04,2022-03-30,2025-02-13,No,95,,State
0000004692,004692,Early Head Start,2022-10-26,2022-10-29,2024-10-08,No,144,,Private
0000004692,004692,Early Head Start,2024-10-16,2024-10-19,2025-08-17,No,69,,Local
0000004693,004693,Early Head Start,2019-04-29,2019-05-14,2019-11-07,No,32,,State
0000004693,004693,Home Visiting,2019-06-13,2019-06-28,2020-09-21,Yes,8,,Federal
0000004693,004693,Childcare Subsidy,2020-10-18,2020-10-22,2021-09-25,No,30,,Local
0000004693,004693,Child Care,2021-10-15,2021-10-22,2022-10-03,No,62,,Private
0000004693,004693,Childcare Subsidy,2022-10-04,2022-10-09,2023-09-02,No,98,,Local
0000004694,004694,Child Care,2019-06-09,2019-06-16,2022-02-24,No,48,,Local
0000004695,004695,Early Head Start,2021-04-03,2021-04-12,2022-04-30,No,167,,State
0000004696,004696,Early Intervention,2020-08-27,2020-08-30,2023-05-31,No,47,Early Intervention,State
0000004696,004696,State Pre-K,2023-07-22,2023-08-09,2024-04-02,No,107,Pre-K,Private
0000004696,004696,Childcare Subsidy,2019-10-04,2019-10-29,2021-09-27,No,134,,Local
0000004696,004696,Childcare Subsidy,2022-01-24,2022-02-13,2024-04-02,No,140,,Federal
0000004696,004696,Childcare Subsidy,2019-10-04,2019-10-07,2022-05-10,No,139,,Federal
0000004697,004697,First Steps,2019-10-29,2019-11-15,2020-09-02,No,24,Early Intervention,Private
0000004697,004697,Early Intervention,2020-09-25,2020-10-09,2021-05-18,No,38,Early Intervention,Federal
0000004698,004698,Childcare Subsidy,2019-03-23,2019-03-26,2019-08-04,No,47,,Private
0000004698,004698,Early Intervention,2019-08-15,2019-08-24,2020-03-18,No,20,Early Intervention,State
0000004699,004699,Home Visiting,2018-07-12,2018-07-25,2019-04-01,Yes,16,,Local
0000004699,004699,Child Care,2019-04-24,2019-04-26,2020-01-08,No,82,,Private
0000004700,004700,Home Visiting,2023-01-25,2023-02-07,2023-10-28,Yes,19,,Federal
0000004700,004700,Home Visiting,2023-11-01,2023-11-12,2024-09-02,Yes,23,,Local
0000004700,004700,Child Care,2024-09-17,2024-10-16,2026-07-02,No,104,,State
0000004700,004700,Early Head Start,2022-05-07,2022-05-11,2023-06-23,No,103,,Local
0000004700,004700,Early Head Start,2023-07-07,2023-07-13,2024-12-22,No,58,,State
0000004701,004701,Early Head Start,2021-01-16,2021-02-10,2022-04-14,No,170,,Federal
0000004702,004702,Childcare Subsidy,2022-11-13,2022-11-20,2023-11-23,No,192,,Private
0000004703,004703,Home Visiting,2020-03-24,2020-04-20,2021-11-30,Yes,7,,Private
0000004703,004703,First Steps,2021-12-11,2021-12-16,2023-10-02,No,56,Early Intervention,Local
0000004704,004704,Early Head Start,2019-12-02,2019-12-23,2021-03-01,No,98,,Federal
0000004705,004705,Early Head Start,2020-08-25,2020-09-06,2022-03-19,No,174,,Federal
0000004706,004706,Home Visiting,2022-03-21,2022-03-22,2023-06-30,Yes,4,,State
0000004706,004706,State Pre-K,2023-07-11,2023-07-23,2025-10-25,No,86,Pre-K,Federal
0000004707,004707,Child Care,2019-09-30,2019-10-14,2022-06-19,No,90,,State
0000004708,004708,Home Visiting,2020-09-19,2020-10-07,2021-09-06,Yes,15,,State
0000004708,004708,Home Visiting,2021-10-03,2021-10-28,2023-09-08,Yes,22,,Private
0000004709,004709,First Steps,2020-07-25,2020-07-31,2021-07-10,No,21,Early Intervention,Private
0000004710,004710,Childcare Subsidy,2022-04-19,2022-05-19,2023-07-14,No,166,,Local
0000004711,004711,First Steps,2022-12-19,2023-01-17,2023-08-05,No,6,Early Intervention,State
0000004712,004712,First Steps,2020-02-04,2020-03-02,2021-02-18,No,54,Early Intervention,State
0000004712,004712,Early Head Start,2020-04-01,2020-04-16,2022-09-28,No,123,,Local
0000004712,004712,Childcare Subsidy,2022-10-01,2022-10-06,2023-11-10,No,103,,Local
0000004713,004713,First Steps,2022-08-24,2022-09-04,2024-01-13,No,40,Early Intervention,Local
0000004714,004714,Early Head Start,2020-03-16,2020-04-11,2021-03-03,No,167,,Local
0000004714,004714,Childcare Subsidy,2021-08-18,2021-08-25,2022-08-12,No,53,,Private
0000004714,004714,Childcare Subsidy,2023-01-02,2023-01-06,2023-08-23,No,52,,Private
0000004715,004715,Early Head Start,2023-04-07,2023-05-03,2024-08-30,No,141,,State
0000004715,004715,Child Care,2024-10-16,2024-11-06,2025-08-20,No,70,,Federal
0000004716,004716,Early Head Start,2021-07-27,2021-07-29,2023-02-23,No,42,,Private
0000004716,004716,First Steps,2023-02-26,2023-03-05,2025-01-02,No,20,Early Intervention,Federal
0000004717,004717,Home Visiting,2021-01-25,2021-02-19,2021-12-03,Yes,4,,State
0000004717,004717,Early Intervention,2021-12-12,2021-12-31,2023-10-18,No,18,Early Intervention,Private
0000004718,004718,Childcare Subsidy,2023-09-04,2023-09-12,2024-03-21,No,76,,State
0000004718,004718,Child Care,2024-03-22,2024-04-03,2024-09-16,No,68,,Federal
0000004718,004718,Head Start,2024-09-24,2024-10-15,2025-10-02,No,67,Pre-K,Local
0000004719,004719,Childcare Subsidy,2020-08-20,2020-09-12,2023-01-31,No,163,,Federal
0000004719,004719,Child Care,2023-03-09,2023-03-18,2024-03-23,No,197,,Federal
0000004719,004719,Child Care,2024-06-13,2024-06-26,2025-10-30,No,175,,Local
0000004719,004719,Early Intervention,2021-05-02,2021-05-25,2023-12-05,No,10,Early Intervention,Local
0000004720,004720,First Steps,2022-04-16,2022-05-06,2023-08-23,No,53,Early Intervention,Federal
0000004720,004720,Early Head Start,2023-09-13,2023-09-14,2024-07-17,No,99,,Federal
0000004721,004721,Early Intervention,2020-04-01,2020-05-01,2022-04-19,No,12,Early Intervention,Private
0000004721,004721,First Steps,2020-05-31,2020-06-15,2023-11-22,No,21,Early Intervention,Federal
0000004721,004721,Child Care,2023-12-08,2023-12-09,2024-12-06,No,125,,Local
0000004722,004722,Early Head Start,2019-12-30,2020-01-10,2022-04-18,No,110,,Local
0000004723,004723,First Steps,2022-03-22,2022-03-31,2023-10-18,No,51,Early Intervention,Federal
0000004723,004723,Early Head Start,2023-11-17,2023-12-04,2026-03-13,No,187,,State
0000004724,004724,Home Visiting,2020-07-17,2020-08-15,2022-10-23,Yes,6,,Private
0000004724,004724,Head Start,2022-10-30,2022-11-04,2025-03-23,No,109,Pre-K,Private
0000004725,004725,First Steps,2019-07-08,2019-07-18,2021-01-18,No,55,Early Intervention,Private
0000004726,004726,Early Intervention,2020-04-06,2020-04-14,2021-03-16,No,44,Early Intervention,State
0000004726,004726,Childcare Subsidy,2021-03-19,2021-03-27,2022-03-24,No,98,,Local
0000004727,004727,First Steps,2021-08-25,2021-09-01,2021-12-23,No,19,Early Intervention,Private
0000004727,004727,First Steps,2022-05-14,2022-05-18,2023-04-13,No,5,Early Intervention,Federal
0000004728,004728,Early Head Start,2021-06-02,2021-06-06,2022-02-25,No,35,,Federal
0000004729,004729,First Steps,2023-03-06,2023-03-08,2023-09-03,No,10,Early Intervention,Local
0000004729,004729,Home Visiting,2023-04-07,2023-04-22,2024-08-14,Yes,13,,Private
0000004729,004729,Childcare Subsidy,2024-09-11,2024-09-12,2025-02-19,No,94,,State
0000004730,004730,Early Intervention,2020-08-27,2020-09-01,2021-11-09,No,18,Early Intervention,Private
0000004730,004730,Childcare Subsidy,2021-12-17,2022-01-13,2022-11-26,No,150,,Federal
0000004731,004731,Early Intervention,2022-09-29,2022-10-22,2024-03-03,No,53,Early Intervention,Private
0000004732,004732,Home Visiting,2020-09-29,2020-10-26,2022-10-02,Yes,4,,State
0000004732,004732,Child Care,2022-10-05,2022-11-03,2023-09-11,No,91,,Private
0000004733,004733,Child Care,2021-04-05,2021-04-20,2022-07-24,No,131,,Federal
0000004734,004734,First Steps,2019-09-06,2019-09-07,2021-03-01,No,34,Early Intervention,State
0000004735,004735,Early Intervention,2020-04-23,2020-05-22,2023-04-08,No,29,Early Intervention,Private
0000004735,004735,Childcare Subsidy,2020-06-21,2020-07-06,2025-05-13,No,134,,Private
0000004735,004735,Early Head Start,2020-11-13,2020-12-09,2023-02-19,No,138,,Private
0000004736,004736,Early Head Start,2021-02-23,2021-03-07,2022-07-23,No,119,,Federal
0000004736,004736,Early Head Start,2022-08-03,2022-08-05,2024-12-09,No,134,,State
0000004736,004736,Childcare Subsidy,2024-12-15,2024-12-31,2025-09-15,No,50,,Private
0000004737,004737,Childcare Subsidy,2019-12-14,2020-01-01,2021-03-30,No,172,,Federal
0000004737,004737,Childcare Subsidy,2021-06-29,2021-07-23,2023-04-10,No,174,,Private
0000004738,004738,Early Intervention,2021-01-14,2021-01-24,2022-01-25,No,41,Early Intervention,Local
0000004739,004739,Child Care,2020-06-25,2020-07-22,2021-01-25,No,143,,Local
0000004739,004739,Home Visiting,2021-04-08,2021-04-09,2022-08-31,Yes,8,,State
0000004739,004739,Childcare Subsidy,2022-12-23,2023-01-08,2024-10-29,No,80,,State
0000004740,004740,Child Care,2020-11-19,2020-11-27,2023-01-08,No,196,,Federal
0000004740,004740,Head Start,2023-01-31,2023-02-12,2025-07-10,No,76,Pre-K,Federal
0000004740,004740,Child Care,2021-01-10,2021-01-27,2022-02-11,No,134,,Federal
0000004741,004741,Early Head Start,2021-01-21,2021-02-05,2023-09-20,No,75,,Local
0000004742,004742,Early Head Start,2020-07-23,2020-08-03,2021-02-17,No,30,,Private
0000004742,004742,Early Head Start,2021-02-27,2021-03-10,2021-05-14,No,41,,Federal
0000004743,004743,Early Intervention,2021-04-24,2021-05-24,2023-04-01,No,26,Early Intervention,Federal
0000004744,004744,First Steps,2021-02-17,2021-02-28,2023-01-10,No,38,Early Intervention,State
0000004744,004744,Child Care,2023-01-28,2023-02-16,2023-10-13,No,88,,Local
0000004745,004745,Childcare Subsidy,2020-06-24,2020-07-22,2021-11-27,No,107,,Federal
0000004746,004746,Childcare Subsidy,2022-01-10,2022-01-24,2023-08-28,No,97,,Local
0000004747,004747,Child Care,2022-10-09,2022-11-04,2024-04-10,No,133,,Federal
0000004748,004748,Home Visiting,2021-03-21,2021-04-20,2022-03-20,Yes,3,,Private
0000004749,004749,Early Head Start,2018-09-03,2018-09-30,2021-02-14,No,186,,State
0000004749,004749,Early Head Start,2021-03-16,2021-04-11,2022-06-29,No,167,,Local
0000004750,004750,Early Head Start,2020-11-18,2020-11-27,2022-11-01,No,119,,Local
0000004751,004751,Early Intervention,2022-11-02,2022-11-27,2024-06-28,No,46,Early Intervention,Local
0000004752,004752,Home Visiting,2023-03-09,2023-03-23,2024-06-06,Yes,23,,State
0000004752,004752,Child Care,2024-06-12,2024-07-10,2025-08-20,No,82,,Federal
0000004752,004752,Child Care,2025-08-28,2025-08-29,2026-09-18,No,52,,Local
0000004753,004753,Early Head Start,2022-07-30,2022-08-09,2024-07-16,No,159,,State
0000004753,004753,State Pre-K,2024-08-02,2024-08-26,2026-01-31,No,114,Pre-K,Local
0000004753,004753,Child Care,2021-08-03,2021-08-17,2024-06-22,No,157,,Local
0000004754,004754,Child Care,2020-11-30,2020-12-07,2021-09-20,No,43,,State
0000004754,004754,First Steps,2021-01-06,2021-01-21,2022-10-27,No,12,Early Intervention,State
0000004755,004755,Childcare Subsidy,2022-12-29,2023-01-09,2024-11-25,No,190,,Local
0000004756,004756,Early Head Start,2021-09-19,2021-10-11,2022-02-11,No,169,,Federal
0000004756,004756,Early Head Start,2022-05-05,2022-06-01,2023-02-27,No,98,,Local
0000004757,004757,Home Visiting,2021-09-10,2021-09-19,2024-05-14,Yes,19,,Local
0000004757,004757,Head Start,2021-10-19,2021-11-03,2025-05-31,No,142,Pre-K,Federal
0000004758,004758,First Steps,2021-03-12,2021-04-01,2023-02-06,No,42,Early Intervention,State
0000004758,004758,Child Care,2023-05-11,2023-05-28,2024-10-06,No,87,,Local
0000004758,004758,First Steps,2020-05-09,2020-06-02,2021-09-20,No,24,Early Intervention,Local
0000004759,004759,Home Visiting,2021-10-20,2021-10-29,2023-04-21,Yes,14,,Local
0000004759,004759,Child Care,2023-05-05,2023-05-22,2026-01-13,No,155,,Local
0000004759,004759,Childcare Subsidy,2021-10-27,2021-10-30,2024-06-28,No,63,,State
0000004760,004760,Early Head Start,2019-10-03,2019-10-28,2021-03-05,No,134,,Private
0000004760,004760,Early Intervention,2021-03-23,2021-03-28,2022-01-27,No,19,Early Intervention,Federal
0000004761,004761,Childcare Subsidy,2021-07-13,2021-08-10,2022-08-20,No,90,,Private
0000004761,004761,Childcare Subsidy,2022-09-03,2022-09-14,2024-04-07,No,112,,Federal
0000004761,004761,Childcare Subsidy,2024-04-17,2024-05-02,2026-03-30,No,138,,Private
0000004762,004762,Early Head Start,2022-12-25,2023-01-13,2023-03-28,No,46,,Private
0000004762,004762,Childcare Subsidy,2023-04-11,2023-04-15,2023-09-30,No,54,,Local
0000004762,004762,Home Visiting,2023-10-28,2023-11-01,2024-01-20,Yes,17,,Local
0000004763,004763,Child Care,2021-05-28,2021-05-31,2022-05-30,No,161,,Federal
0000004763,004763,Home Visiting,2022-06-24,2022-07-13,2023-12-03,Yes,26,,Private
0000004764,004764,Early Head Start,2020-02-11,2020-02-17,2021-08-24,No,165,,Federal
0000004764,004764,First Steps,2020-03-18,2020-04-02,2022-11-13,No,10,Early Intervention,Private
0000004764,004764,Childcare Subsidy,2022-11-30,2022-12-27,2024-03-05,No,108,,Federal
0000004765,004765,Early Intervention,2022-03-12,2022-03-31,2024-03-27,No,8,Early Intervention,Federal
0000004765,004765,Childcare Subsidy,2024-06-10,2024-06-28,2026-04-17,No,78,,State
0000004766,004766,First Steps,2021-07-31,2021-08-06,2023-08-27,No,23,Early Intervention,Federal
0000004766,004766,State Pre-K,2023-09-19,2023-10-02,2025-03-31,No,134,Pre-K,Federal
0000004767,004767,Early Head Start,2019-08-17,2019-09-04,2021-12-11,No,87,,State
0000004767,004767,Head Start,2021-12-14,2021-12-19,2023-05-10,No,79,Pre-K,Private
0000004767,004767,Child Care,2023-05-23,2023-05-31,2023-12-02,No,170,,Federal
0000004768,004768,Child Care,2021-06-14,2021-06-15,2022-04-13,No,93,,Federal
0000004768,004768,First Steps,2021-07-15,2021-07-30,2022-11-03,No,25,Early Intervention,State
0000004769,004769,Early Intervention,2022-03-17,2022-04-01,2023-12-29,No,45,Early Intervention,Federal
0000004769,004769,Child Care,2024-01-27,2024-02-10,2024-12-10,No,98,,Local
0000004770,004770,Home Visiting,2020-07-17,2020-08-12,2022-07-21,Yes,19,,Local
0000004771,004771,Early Intervention,2018-11-05,2018-11-06,2019-11-04,No,8,Early Intervention,Local
0000004771,004771,Early Head Start,2020-02-18,2020-02-25,2021-05-19,No,157,,Private
0000004771,004771,Head Start,2021-09-11,2021-10-05,2023-05-01,No,130,Pre-K,Federal
0000004772,004772,Childcare Subsidy,2021-01-31,2021-02-27,2023-07-17,No,164,,Federal
0000004772,004772,Child Care,2021-03-29,2021-04-13,2024-10-02,No,78,,Private
0000004773,004773,Childcare Subsidy,2020-02-25,2020-03-12,2021-04-27,No,94,,Private
0000004773,004773,Early Head Start,2021-05-14,2021-06-09,2022-05-20,No,98,,State
0000004773,004773,Early Head Start,2022-06-18,2022-07-02,2024-01-27,No,170,,Private
0000004774,004774,Early Head Start,2022-05-25,2022-05-26,2023-08-22,No,42,,Federal
0000004775,004775,Childcare Subsidy,2020-11-16,2020-12-08,2021-09-22,No,112,,Federal
0000004775,004775,First Steps,2022-01-04,2022-01-23,2023-01-07,No,21,Early Intervention,Local
0000004775,004775,Childcare Subsidy,2023-04-30,2023-05-28,2025-04-15,No,104,,State
0000004776,004776,Early Head Start,2023-03-08,2023-03-09,2024-07-20,No,147,,Private
0000004776,004776,Child Care,2024-08-10,2024-08-16,2026-12-15,No,166,,Federal
0000004776,004776,Early Intervention,2022-06-17,2022-06-19,2023-06-24,No,52,Early Intervention,State
0000004777,004777,Early Head Start,2019-11-15,2019-11-21,2022-10-29,No,133,,Private
0000004778,004778,First Steps,2022-06-12,2022-07-10,2022-11-09,No,35,Early Intervention,Private
0000004779,004779,First Steps,2021-02-28,2021-03-07,2023-07-08,No,48,Early Intervention,Private
0000004780,004780,Early Intervention,2021-12-10,2022-01-05,2023-03-31,No,36,Early Intervention,Federal
0000004781,004781,Childcare Subsidy,2019-01-18,2019-02-05,2021-09-26,No,194,,Federal
0000004781,004781,Head Start,2021-11-23,2021-12-10,2023-11-09,No,106,Pre-K,Local
0000004782,004782,Home Visiting,2019-11-01,2019-11-14,2021-08-15,Yes,8,,State
0000004782,004782,Childcare Subsidy,2021-09-01,2021-09-21,2023-08-10,No,156,,Local
0000004782,004782,State Pre-K,2023-08-22,2023-08-24,2024-12-03,No,133,Pre-K,Local
0000004783,004783,Early Intervention,2022-11-09,2022-12-01,2023-10-27,No,20,Early Intervention,State
0000004784,004784,First Steps,2022-08-02,2022-08-06,2024-06-30,No,25,Early Intervention,State
0000004785,004785,Home Visiting,2019-01-19,2019-02-18,2021-07-04,Yes,26,,State
0000004785,004785,First Steps,2021-07-15,2021-08-02,2023-05-29,No,22,Early Intervention,State
0000004786,004786,Child Care,2020-08-21,2020-08-31,2022-07-12,No,103,,State
0000004786,004786,Childcare Subsidy,2022-09-05,2022-09-06,2024-02-29,No,103,,Federal
0000004786,004786,Early Intervention,2019-09-01,2019-09-17,2022-08-29,No,22,Early Intervention,Private
0000004787,004787,Early Head Start,2018-07-08,2018-07-12,2019-11-25,No,147,,State
0000004787,004787,Child Care,2018-08-11,2018-08-26,2020-09-17,No,121,,State
0000004788,004788,First Steps,2022-08-29,2022-09-02,2025-05-03,No,44,Early Intervention,Local
0000004788,004788,Childcare Subsidy,2025-05-10,2025-06-09,2026-08-02,No,57,,State
0000004789,004789,Child Care,2022-01-12,2022-02-01,2022-12-10,No,80,,Federal
0000004790,004790,Early Head Start,2021-11-14,2021-11-25,2023-05-03,No,144,,Local
0000004790,004790,Early Intervention,2023-05-05,2023-05-06,2024-01-30,No,13,Early Intervention,Local
0000004791,004791,Child Care,2019-07-27,2019-08-09,2021-05-22,No,52,,Federal
0000004791,004791,Childcare Subsidy,2021-07-07,2021-07-30,2023-02-19,No,187,,State
0000004792,004792,Childcare Subsidy,2019-04-09,2019-04-24,2019-11-03,No,130,,Private
0000004793,004793,Early Intervention,2021-08-10,2021-08-13,2024-02-21,No,38,Early Intervention,Local
0000004793,004793,Childcare Subsidy,2024-02-23,2024-03-21,2025-12-02,No,166,,State
0000004794,004794,Early Intervention,2022-01-03,2022-01-05,2022-10-06,No,45,Early Intervention,Local
0000004795,004795,Child Care,2020-05-14,2020-05-29,2022-10-02,No,199,,Private
0000004796,004796,Home Visiting,2020-10-27,2020-11-10,2023-01-06,Yes,24,,Federal
0000004796,004796,Child Care,2023-02-27,2023-03-16,2025-07-21,No,195,,Private
0000004797,004797,Childcare Subsidy,2021-08-19,2021-09-10,2023-03-10,No,119,,Federal
0000004798,004798,Early Intervention,2021-10-28,2021-11-01,2022-09-16,No,20,Early Intervention,Local
0000004798,004798,Early Intervention,2022-09-28,2022-10-19,2023-06-02,No,28,Early Intervention,Federal
0000004799,004799,Home Visiting,2022-05-05,2022-05-20,2025-01-01,Yes,16,,State
0000004799,004799,Child Care,2025-03-13,2025-04-02,2027-04-10,No,53,,Federal
0000004799,004799,First Steps,2022-10-11,2022-10-26,2024-03-16,No,46,Early Intervention,Federal
0000004800,004800,Early Head Start,2019-12-02,2019-12-03,2020-06-26,No,124,,Local
0000004800,004800,Early Head Start,2020-07-24,2020-07-26,2021-05-01,No,108,,Local
0000004801,004801,Child Care,2018-10-15,2018-10-31,2019-10-10,No,52,,Local
0000004801,004801,Child Care,2019-10-25,2019-11-24,2020-04-10,No,126,,State
0000004801,004801,Early Head Start,2020-04-24,2020-05-22,2020-12-29,No,79,,Private
0000004802,004802,Early Intervention,2021-03-25,2021-04-05,2022-09-14,No,32,Early Intervention,Local
0000004802,004802,Child Care,2022-09-20,2022-09-29,2024-08-31,No,111,,State
0000004803,004803,Early Head Start,2018-09-01,2018-09-07,2019-07-04,No,142,,State
0000004803,004803,First Steps,2018-10-07,2018-10-22,2020-10-09,No,32,Early Intervention,Federal
0000004803,004803,Early Head Start,2020-10-22,2020-11-20,2021-11-16,No,185,,Private
0000004804,004804,Child Care,2022-06-07,2022-06-19,2024-03-17,No,92,,State
0000004804,004804,State Pre-K,2024-03-28,2024-04-07,2025-03-02,No,79,Pre-K,Federal
0000004805,004805,Child Care,2021-11-25,2021-12-17,2022-07-14,No,68,,Federal
0000004805,004805,Early Intervention,2022-08-10,2022-09-06,2023-01-26,No,25,Early Intervention,Federal
0000004806,004806,Early Intervention,2019-02-18,2019-03-18,2021-01-26,No,45,Early Intervention,Local
0000004806,004806,First Steps,2021-02-20,2021-03-10,2022-04-21,No,22,Early Intervention,Local
0000004806,004806,State Pre-K,2022-05-20,2022-05-21,2023-06-10,No,127,Pre-K,State
0000004807,004807,Childcare Subsidy,2020-10-22,2020-10-30,2022-04-13,No,129,,State
0000004807,004807,Home Visiting,2022-04-14,2022-05-05,2024-04-04,Yes,15,,State
0000004807,004807,Head Start,2024-04-15,2024-05-02,2024-11-24,No,156,Pre-K,Private
0000004808,004808,Early Head Start,2021-09-17,2021-09-18,2024-01-08,No,61,,Federal
0000004808,004808,Childcare Subsidy,2024-01-25,2024-02-19,2025-04-18,No,48,,Local
0000004808,004808,Childcare Subsidy,2020-10-19,2020-10-20,2023-10-18,No,166,,Federal
0000004809,004809,Home Visiting,2022-12-20,2022-12-29,2024-11-18,Yes,6,,Private
0000004810,004810,First Steps,2022-12-16,2022-12-20,2023-10-23,No,23,Early Intervention,Private
0000004810,004810,First Steps,2023-10-31,2023-11-08,2024-05-22,No,14,Early Intervention,Local
0000004811,004811,First Steps,2019-02-11,2019-02-25,2020-02-12,No,35,Early Intervention,Federal
0000004812,004812,Early Head Start,2022-01-23,2022-01-31,2024-01-25,No,157,,Private
0000004813,004813,Home Visiting,2021-09-29,2021-10-05,2022-11-11,Yes,11,,Local
0000004813,004813,Early Intervention,2023-02-04,2023-02-19,2023-09-18,No,15,Early Intervention,State
0000004814,004814,Child Care,2023-04-22,2023-05-22,2024-11-06,No,104,,State
0000004815,004815,Early Intervention,2021-05-04,2021-05-20,2022-04-12,No,27,Early Intervention,Private
0000004815,004815,Home Visiting,2022-06-10,2022-06-27,2023-03-18,Yes,12,,Private
0000004816,004816,First Steps,2020-09-18,2020-10-01,2021-08-29,No,22,Early Intervention,Local
0000004816,004816,Early Intervention,2021-10-22,2021-10-28,2023-07-07,No,32,Early Intervention,Local
0000004817,004817,Early Head Start,2022-01-24,2022-02-05,2023-03-18,No,144,,Local
0000004817,004817,Home Visiting,2023-03-25,2023-04-03,2025-02-12,Yes,15,,Local
0000004818,004818,Home Visiting,2023-04-07,2023-05-07,2026-05-03,Yes,6,,State
0000004819,004819,Early Head Start,2018-11-10,2018-12-08,2020-09-13,No,45,,State
0000004819,004819,Early Intervention,2020-09-29,2020-10-26,2022-04-02,No,27,Early Intervention,Private
0000004820,004820,Child Care,2021-09-04,2021-09-07,2023-05-10,No,55,,State
0000004821,004821,Early Intervention,2021-09-09,2021-10-06,2024-02-25,No,32,Early Intervention,State
0000004822,004822,Early Head Start,2022-05-29,2022-06-18,2025-02-25,No,99,,Federal
0000004823,004823,Childcare Subsidy,2022-01-28,2022-02-24,2022-05-03,No,99,,State
0000004823,004823,First Steps,2022-05-30,2022-06-16,2022-10-25,No,34,Early Intervention,Federal
0000004824,004824,Child Care,2023-03-21,2023-04-16,2025-01-25,No,89,,Local
0000004824,004824,Childcare Subsidy,2025-02-15,2025-03-11,2027-04-02,No,190,,Local
0000004825,004825,Home Visiting,2020-04-21,2020-05-13,2022-05-15,Yes,17,,State
0000004826,004826,Child Care,2021-06-14,2021-07-04,2022-12-16,No,136,,Federal
0000004827,004827,Early Head Start,2021-12-26,2021-12-30,2024-10-24,No,94,,Local
0000004827,004827,Head Start,2025-01-23,2025-01-26,2026-12-17,No,95,Pre-K,State
0000004828,004828,Early Intervention,2021-03-08,2021-04-05,2022-03-11,No,15,Early Intervention,Local
0000004828,004828,Early Intervention,2022-03-17,2022-04-09,2022-09-20,No,35,Early Intervention,State
0000004828,004828,Child Care,2022-09-30,2022-10-06,2023-04-20,No,109,,Local
0000004829,004829,Child Care,2022-07-19,2022-08-09,2023-02-20,No,144,,Federal
0000004830,004830,Child Care,2018-08-11,2018-08-31,2018-11-02,No,101,,Private
0000004830,004830,Home Visiting,2019-01-16,2019-01-24,2019-09-08,Yes,15,,Private
0000004831,004831,Early Intervention,2021-05-02,2021-05-08,2023-07-11,No,48,Early Intervention,Federal
0000004832,004832,Home Visiting,2021-02-09,2021-02-18,2024-02-07,Yes,5,,Local
0000004833,004833,Home Visiting,2021-06-26,2021-06-27,2022-04-10,Yes,8,,Local
0000004833,004833,First Steps,2022-04-29,2022-05-05,2023-03-14,No,19,Early Intervention,Federal
0000004833,004833,Home Visiting,2023-03-31,2023-04-11,2023-06-21,Yes,14,,State
0000004834,004834,Child Care,2022-01-06,2022-02-01,2024-04-16,No,100,,Federal
0000004834,004834,Home Visiting,2022-03-03,2022-03-18,2026-05-17,Yes,24,,State
0000004835,004835,First Steps,2023-01-30,2023-02-21,2024-07-10,No,10,Early Intervention,State
0000004835,004835,Childcare Subsidy,2024-08-08,2024-08-09,2026-04-10,No,148,,Local
0000004836,004836,First Steps,2022-09-11,2022-09-27,2024-06-11,No,16,Early Intervention,Federal
0000004836,004836,State Pre-K,2024-07-09,2024-07-26,2026-04-11,No,103,Pre-K,State
0000004837,004837,First Steps,2020-09-16,2020-09-17,2023-07-15,No,28,Early Intervention,Federal
0000004837,004837,State Pre-K,2023-10-28,2023-11-10,2024-10-25,No,140,Pre-K,State
0000004837,004837,First Steps,2020-04-27,2020-05-10,2022-07-13,No,31,Early Intervention,Local
0000004837,004837,Child Care,2022-10-20,2022-11-16,2024-02-05,No,88,,State
0000004837,004837,First Steps,2020-04-27,2020-05-02,2021-12-07,No,45,Early Intervention,Private
0000004838,004838,Home Visiting,2019-05-19,2019-05-29,2020-03-15,Yes,19,,State
0000004839,004839,Child Care,2021-03-16,2021-03-29,2021-07-30,No,36,,State
0000004839,004839,Home Visiting,2021-08-04,2021-08-28,2022-04-05,Yes,18,,State
0000004840,004840,Child Care,2021-01-02,2021-01-19,2023-03-19,No,108,,Local
0000004840,004840,Childcare Subsidy,2023-03-28,2023-04-17,2025-06-01,No,123,,Local
0000004840,004840,Child Care,2020-12-02,2020-12-05,2022-08-25,No,134,,Federal
0000004841,004841,Child Care,2021-02-16,2021-02-20,2021-12-29,No,55,,Local
0000004841,004841,Home Visiting,2022-01-01,2022-01-31,2023-09-12,Yes,18,,Private
0000004842,004842,Early Head Start,2020-10-27,2020-11-03,2021-10-18,No,38,,State
0000004843,004843,Early Intervention,2019-03-07,2019-03-29,2019-10-28,No,23,Early Intervention,State
0000004843,004843,Child Care,2019-11-04,2019-11-30,2020-11-16,No,38,,Private
0000004844,004844,Childcare Subsidy,2018-08-08,2018-08-12,2019-02-13,No,52,,Local
0000004844,004844,Child Care,2018-09-11,2018-09-26,2020-02-15,No,88,,Private
0000004844,004844,Early Intervention,2020-02-24,2020-03-22,2020-10-20,No,10,Early Intervention,Private
0000004845,004845,Early Head Start,2021-05-17,2021-06-07,2021-12-06,No,144,,State
0000004846,004846,Early Intervention,2019-10-14,2019-10-27,2020-07-11,No,41,Early Intervention,Private
0000004847,004847,Early Intervention,2021-08-09,2021-08-13,2024-06-06,No,21,Early Intervention,Federal
0000004847,004847,Head Start,2024-09-20,2024-10-07,2026-09-15,No,125,Pre-K,State
0000004848,004848,Early Intervention,2021-08-25,2021-09-17,2022-09-07,No,9,Early Intervention,Private
0000004848,004848,Home Visiting,2022-09-28,2022-09-29,2023-05-16,Yes,5,,State
0000004849,004849,Childcare Subsidy,2022-04-09,2022-04-20,2024-07-10,No,103,,Federal
0000004849,004849,Child Care,2024-08-19,2024-09-08,2025-10-07,No,136,,State
0000004850,004850,First Steps,2021-07-31,2021-08-06,2023-12-22,No,53,Early Intervention,State
0000004850,004850,Childcare Subsidy,2024-04-18,2024-05-05,2025-05-11,No,154,,State
0000004851,004851,Early Intervention,2020-07-21,2020-07-28,2022-07-03,No,11,Early Intervention,State
0000004851,004851,Early Intervention,2022-07-18,2022-07-24,2024-04-14,No,15,Early Intervention,Federal
0000004852,004852,Early Head Start,2020-08-15,2020-09-09,2021-03-26,No,101,,State
0000004852,004852,Early Head Start,2021-03-29,2021-04-02,2022-02-14,No,134,,Private
0000004853,004853,Home Visiting,2021-05-28,2021-05-31,2022-02-07,Yes,5,,Local
0000004853,004853,Childcare Subsidy,2021-06-30,2021-07-15,2023-09-24,No,150,,Federal
0000004854,004854,Early Intervention,2022-03-28,2022-04-27,2024-05-17,No,12,Early Intervention,Federal
0000004854,004854,Childcare Subsidy,2024-06-08,2024-06-16,2026-04-21,No,214,,State
0000004855,004855,Home Visiting,2019-09-10,2019-09-11,2021-10-13,Yes,4,,Federal
0000004855,004855,Childcare Subsidy,2021-11-21,2021-11-24,2022-12-28,No,68,,Local
0000004856,004856,Childcare Subsidy,2021-01-04,2021-02-02,2021-07-07,No,131,,Local
0000004856,004856,Home Visiting,2021-12-02,2021-12-14,2022-06-07,Yes,17,,Private
0000004857,004857,Home Visiting,2020-04-17,2020-05-11,2022-07-06,Yes,17,,Federal
0000004857,004857,Childcare Subsidy,2022-08-22,2022-09-10,2024-04-07,No,51,,Local
0000004858,004858,Early Intervention,2019-10-22,2019-11-20,2021-08-12,No,23,Early Intervention,State
0000004859,004859,Childcare Subsidy,2020-03-09,2020-03-28,2020-12-28,No,137,,State
0000004860,004860,Child Care,2019-02-26,2019-03-22,2020-10-17,No,195,,State
0000004861,004861,Childcare Subsidy,2023-04-05,2023-04-14,2024-09-29,No,131,,State
0000004861,004861,Early Intervention,2024-11-11,2024-11-18,2026-07-18,No,14,Early Intervention,Federal
0000004862,004862,First Steps,2020-12-05,2020-12-10,2021-12-26,No,36,Early Intervention,Private
0000004863,004863,Childcare Subsidy,2020-08-30,2020-09-24,2023-09-06,No,141,,Federal
0000004863,004863,State Pre-K,2023-12-12,2023-12-19,2025-08-17,No,109,Pre-K,Local
0000004863,004863,Early Head Start,2021-02-17,2021-03-01,2022-12-22,No,153,,Local
0000004864,004864,Home Visiting,2020-06-16,2020-07-01,2021-01-10,Yes,7,,State
0000004864,004864,Early Intervention,2021-01-20,2021-02-11,2022-06-21,No,46,Early Intervention,Private
0000004865,004865,Early Intervention,2021-09-08,2021-09-15,2023-04-22,No,23,Early Intervention,Private
0000004865,004865,Early Head Start,2023-07-02,2023-07-04,2025-02-21,No,183,,Local
0000004865,004865,Child Care,2025-04-08,2025-05-05,2026-06-11,No,64,,Federal
0000004866,004866,Child Care,2022-09-26,2022-10-21,2023-08-10,No,109,,State
0000004866,004866,Home Visiting,2023-08-20,2023-08-23,2024-09-09,Yes,21,,Local
0000004867,004867,Childcare Subsidy,2021-06-08,2021-06-20,2022-07-25,No,203,,Private
0000004868,004868,First Steps,2020-06-16,2020-07-04,2022-10-04,No,44,Early Intervention,Federal
0000004868,004868,Early Intervention,2022-12-16,2023-01-07,2024-09-07,No,9,Early Intervention,Private
0000004869,004869,Home Visiting,2021-05-19,2021-05-26,2022-10-13,Yes,11,,Local
0000004870,004870,Childcare Subsidy,2020-08-19,2020-09-14,2022-04-14,No,97,,State
0000004870,004870,Early Intervention,2022-05-03,2022-05-10,2024-03-11,No,29,Early Intervention,Federal
0000004871,004871,Home Visiting,2021-10-28,2021-11-20,2022-12-27,Yes,16,,Local
0000004871,004871,Early Head Start,2023-01-14,2023-01-30,2023-08-25,No,164,,Federal
0000004871,004871,State Pre-K,2023-09-17,2023-10-14,2025-02-04,No,123,Pre-K,Federal
0000004872,004872,Early Head Start,2022-05-14,2022-05-28,2022-10-30,No,36,,Local
0000004872,004872,Early Intervention,2022-11-08,2022-12-02,2023-06-14,No,31,Early Intervention,Federal
0000004873,004873,Early Head Start,2022-07-29,2022-08-03,2023-08-23,No,54,,Federal
0000004874,004874,Early Intervention,2022-12-23,2023-01-04,2023-10-27,No,8,Early Intervention,State
0000004875,004875,Early Head Start,2021-12-18,2022-01-03,2023-06-19,No,85,,State
0000004875,004875,First Steps,2023-07-20,2023-07-29,2025-05-19,No,51,Early Intervention,State
0000004876,004876,Childcare Subsidy,2022-04-30,2022-05-16,2023-04-08,No,41,,Local
0000004876,004876,Childcare Subsidy,2023-04-20,2023-04-21,2023-07-20,No,37,,Federal
0000004876,004876,First Steps,2023-08-08,2023-08-14,2024-01-03,No,25,Early Intervention,State
0000004876,004876,Childcare Subsidy,2024-01-28,2024-02-18,2024-11-16,No,92,,Federal
0000004876,004876,First Steps,2024-12-14,2024-12-16,2025-10-04,No,24,Early Intervention,State
0000004877,004877,Home Visiting,2020-08-28,2020-08-29,2022-01-04,Yes,10,,Federal
0000004877,004877,First Steps,2020-09-28,2020-10-13,2023-09-28,No,36,Early Intervention,Local
0000004878,004878,Home Visiting,2021-10-10,2021-10-29,2023-08-06,Yes,18,,Private
0000004879,004879,Early Head Start,2023-01-17,2023-01-24,2024-06-15,No,81,,Federal
0000004880,004880,Child Care,2021-04-05,2021-04-11,2023-02-13,No,172,,Private
0000004881,004881,Child Care,2020-03-12,2020-04-05,2020-11-25,No,62,,Private
0000004882,004882,Home Visiting,2021-10-19,2021-11-10,2023-05-02,Yes,7,,State
0000004882,004882,Childcare Subsidy,2023-05-03,2023-05-21,2025-03-05,No,175,,Private
0000004883,004883,Early Head Start,2023-07-30,2023-08-03,2025-06-06,No,178,,Federal
0000004884,004884,Child Care,2019-11-21,2019-12-01,2021-02-26,No,138,,Private
0000004884,004884,Childcare Subsidy,2021-03-07,2021-03-16,2022-04-22,No,110,,Private
0000004884,004884,Head Start,2022-05-09,2022-05-23,2023-10-15,No,114,Pre-K,Private
0000004885,004885,Early Intervention,2022-10-11,2022-10-31,2023-12-22,No,24,Early Intervention,State
0000004886,004886,Child Care,2020-11-22,2020-11-24,2021-07-05,No,79,,State
0000004886,004886,Early Intervention,2021-10-21,2021-10-27,2022-07-04,No,14,Early Intervention,Local
0000004887,004887,Early Head Start,2019-02-04,2019-02-27,2020-11-13,No,173,,Federal
0000004887,004887,Home Visiting,2019-03-29,2019-04-13,2023-11-17,Yes,25,,Local
0000004888,004888,Early Head Start,2020-06-23,2020-07-21,2022-03-12,No,49,,Private
0000004889,004889,First Steps,2020-02-09,2020-02-13,2021-09-24,No,39,Early Intervention,State
0000004890,004890,Early Intervention,2021-08-24,2021-09-09,2022-08-22,No,31,Early Intervention,Local
0000004890,004890,Early Head Start,2023-02-04,2023-02-07,2023-06-26,No,116,,Federal
0000004891,004891,First Steps,2022-01-10,2022-01-15,2023-05-19,No,8,Early Intervention,Federal
0000004892,004892,Home Visiting,2022-07-07,2022-07-22,2023-05-06,Yes,19,,State
0000004893,004893,Child Care,2020-07-28,2020-08-25,2020-11-22,No,70,,Federal
0000004893,004893,Early Head Start,2021-05-13,2021-06-11,2021-10-25,No,101,,State
0000004894,004894,First Steps,2022-03-22,2022-03-30,2023-10-10,No,29,Early Intervention,Federal
0000004895,004895,Home Visiting,2021-09-12,2021-10-07,2023-07-28,Yes,8,,Federal
0000004896,004896,Childcare Subsidy,2020-04-29,2020-05-28,2021-12-25,No,82,,Local
0000004896,004896,Head Start,2022-01-14,2022-02-10,2023-10-10,No,145,Pre-K,State
0000004896,004896,Early Intervention,2019-10-24,2019-10-27,2020-06-06,No,35,Early Intervention,State
0000004897,004897,Early Intervention,2021-10-29,2021-11-21,2024-07-13,No,18,Early Intervention,State
0000004897,004897,Childcare Subsidy,2024-09-27,2024-10-24,2025-08-24,No,101,,Federal
0000004897,004897,Early Head Start,2021-02-24,2021-03-24,2024-03-16,No,51,,Federal
0000004898,004898,Early Head Start,2021-09-06,2021-09-25,2024-06-06,No,95,,State
0000004898,004898,Head Start,2021-10-25,2021-11-09,2026-03-24,No,74,Pre-K,Federal
0000004898,004898,First Steps,2021-09-24,2021-09-27,2023-12-29,No,21,Early Intervention,Private
0000004898,004898,State Pre-K,2024-01-06,2024-01-22,2025-04-22,No,121,Pre-K,State
0000004899,004899,First Steps,2023-02-21,2023-03-09,2023-12-18,No,28,Early Intervention,State
0000004900,004900,Early Head Start,2021-10-04,2021-10-09,2022-12-01,No,184,,Private
0000004901,004901,Early Intervention,2021-12-20,2021-12-26,2022-08-02,No,52,Early Intervention,Local
0000004901,004901,Early Head Start,2022-09-09,2022-09-27,2024-05-30,No,162,,State
0000004902,004902,Early Head Start,2021-04-27,2021-05-05,2023-07-16,No,79,,Private
0000004902,004902,State Pre-K,2023-09-28,2023-10-28,2024-11-14,No,162,Pre-K,Federal
0000004903,004903,Child Care,2023-04-12,2023-04-19,2025-08-05,No,90,,Local
0000004903,004903,Child Care,2025-08-27,2025-09-17,2027-02-12,No,186,,State
0000004903,004903,Home Visiting,2022-08-15,2022-09-10,2024-12-23,Yes,24,,Federal
0000004903,004903,Childcare Subsidy,2025-01-20,2025-01-23,2026-11-07,No,121,,Local
0000004904,004904,Childcare Subsidy,2021-01-22,2021-02-13,2021-09-04,No,94,,Private
0000004905,004905,First Steps,2018-10-25,2018-11-09,2020-08-05,No,27,Early Intervention,Private
0000004905,004905,Childcare Subsidy,2020-09-29,2020-10-08,2023-08-02,No,133,,Local
0000004905,004905,Childcare Subsidy,2019-05-02,2019-05-28,2022-03-02,No,152,,Local
0000004906,004906,Early Head Start,2021-07-30,2021-08-24,2022-06-01,No,134,,State
0000004906,004906,Childcare Subsidy,2022-06-04,2022-06-13,2023-03-20,No,50,,State
0000004907,004907,First Steps,2020-09-06,2020-10-04,2022-10-02,No,31,Early Intervention,State
0000004907,004907,State Pre-K,2022-10-07,2022-11-06,2024-06-07,No,114,Pre-K,Private
0000004908,004908,First Steps,2021-10-14,2021-11-08,2024-02-11,No,25,Early Intervention,Private
0000004908,004908,State Pre-K,2024-04-08,2024-05-03,2026-03-09,No,160,Pre-K,State
0000004908,004908,First Steps,2021-09-09,2021-09-14,2023-11-12,No,19,Early Intervention,Federal
0000004909,004909,Child Care,2018-07-14,2018-07-26,2019-05-28,No,140,,Federal
0000004909,004909,Early Intervention,2019-06-17,2019-07-13,2019-11-25,No,20,Early Intervention,Private
0000004910,004910,First Steps,2019-07-13,2019-08-06,2020-02-22,No,32,Early Intervention,Private
0000004910,004910,Home Visiting,2020-03-16,2020-03-25,2020-12-15,Yes,6,,State
0000004911,004911,First Steps,2021-08-23,2021-09-13,2022-07-04,No,19,Early Intervention,Local
0000004911,004911,First Steps,2022-08-28,2022-09-22,2024-05-01,No,38,Early Intervention,Local
0000004912,004912,Home Visiting,2023-10-01,2023-10-03,2025-10-23,Yes,27,,Private
0000004913,004913,Childcare Subsidy,2021-04-27,2021-05-16,2021-07-28,No,73,,State
0000004913,004913,Early Intervention,2021-11-27,2021-12-20,2022-03-10,No,6,Early Intervention,Federal
0000004913,004913,Early Head Start,2022-07-24,2022-08-10,2023-04-09,No,116,,State
0000004914,004914,Child Care,2020-05-22,2020-06-13,2022-03-16,No,140,,State
0000004915,004915,Childcare Subsidy,2020-06-05,2020-07-05,2021-12-08,No,169,,Federal
0000004915,004915,First Steps,2021-12-14,2021-12-26,2023-06-04,No,44,Early Intervention,State
0000004915,004915,State Pre-K,2023-06-30,2023-07-28,2025-09-10,No,142,Pre-K,Federal
0000004915,004915,Child Care,2021-03-13,2021-04-04,2022-06-30,No,190,,Private
0000004916,004916,Home Visiting,2019-12-07,2020-01-06,2020-10-22,Yes,4,,State
0000004917,004917,Childcare Subsidy,2021-07-03,2021-07-13,2023-06-18,No,61,,State
0000004917,004917,Childcare Subsidy,2023-07-21,2023-08-02,2024-11-11,No,156,,Federal
0000004917,004917,Head Start,2024-12-15,2024-12-22,2025-06-22,No,126,Pre-K,State
0000004918,004918,First Steps,2020-04-05,2020-04-19,2020-08-30,No,25,Early Intervention,Local
0000004919,004919,Early Intervention,2021-02-18,2021-03-17,2021-08-31,No,22,Early Intervention,State
0000004920,004920,Home Visiting,2019-01-05,2019-02-02,2020-07-13,Yes,18,,Local
0000004920,004920,Childcare Subsidy,2020-08-06,2020-09-01,2021-02-28,No,69,,State
0000004921,004921,First Steps,2019-10-01,2019-10-25,2021-10-11,No,19,Early Intervention,Local
0000004922,004922,First Steps,2021-07-27,2021-07-29,2022-05-27,No,19,Early Intervention,Private
0000004922,004922,Home Visiting,2022-09-01,2022-09-27,2024-08-15,Yes,11,,Federal
0000004923,004923,Early Intervention,2023-08-11,2023-08-31,2024-09-21,No,10,Early Intervention,Local
0000004924,004924,Early Head Start,2019-09-19,2019-09-26,2020-08-24,No,108,,Private
0000004924,004924,Early Intervention,2020-08-30,2020-09-11,2021-08-27,No,33,Early Intervention,Local
0000004925,004925,Early Head Start,2020-01-07,2020-01-17,2022-02-18,No,116,,Private
0000004925,004925,Childcare Subsidy,2020-02-16,2020-03-02,2024-06-15,No,193,,State
0000004926,004926,Home Visiting,2020-03-27,2020-04-24,2021-04-04,Yes,17,,Federal
0000004927,004927,Home Visiting,2020-11-12,2020-12-11,2022-11-02,Yes,6,,State
0000004927,004927,Early Intervention,2023-02-08,2023-02-20,2024-05-27,No,30,Early Intervention,Private
0000004927,004927,State Pre-K,2024-08-05,2024-08-22,2025-03-17,No,68,Pre-K,State
0000004928,004928,First Steps,2021-11-05,2021-11-15,2023-09-03,No,46,Early Intervention,State
0000004928,004928,State Pre-K,2023-09-23,2023-10-07,2025-09-02,No,92,Pre-K,Private
0000004929,004929,Childcare Subsidy,2018-03-15,2018-04-09,2019-09-14,No,164,,Private
0000004930,004930,Home Visiting,2020-01-29,2020-02-15,2022-08-21,Yes,18,,Local
0000004930,004930,State Pre-K,2022-09-04,2022-09-24,2024-10-15,No,108,Pre-K,Private
0000004931,004931,First Steps,2020-04-04,2020-05-04,2021-02-10,No,39,Early Intervention,Federal
0000004931,004931,Child Care,2021-02-13,2021-02-25,2022-01-19,No,88,,Federal
0000004932,004932,Early Intervention,2020-10-11,2020-10-14,2022-05-18,No,24,Early Intervention,Private
0000004932,004932,State Pre-K,2022-06-16,2022-06-27,2024-07-04,No,96,Pre-K,Private
0000004933,004933,Childcare Subsidy,2022-06-04,2022-06-30,2024-01-27,No,144,,Local
0000004934,004934,First Steps,2021-06-24,2021-06-29,2023-10-31,No,47,Early Intervention,State
0000004935,004935,Childcare Subsidy,2022-10-11,2022-10-12,2024-04-11,No,52,,Local
0000004935,004935,Child Care,2024-07-06,2024-07-14,2025-10-29,No,121,,Local
0000004936,004936,Early Head Start,2019-09-29,2019-10-01,2022-07-20,No,83,,State
0000004936,004936,Childcare Subsidy,2022-07-21,2022-08-07,2023-11-23,No,205,,State
0000004937,004937,Early Intervention,2020-05-25,2020-06-23,2023-04-08,No,15,Early Intervention,Federal
0000004937,004937,Head Start,2020-07-23,2020-08-07,2025-08-15,No,149,Pre-K,Private
0000004938,004938,Child Care,2019-07-23,2019-08-11,2022-05-11,No,184,,State
0000004938,004938,Head Start,2022-07-20,2022-08-05,2024-01-12,No,115,Pre-K,Local
0000004939,004939,Home Visiting,2022-02-11,2022-02-28,2023-01-21,Yes,25,,Federal
0000004939,004939,Home Visiting,2022-03-30,2022-04-14,2024-04-17,Yes,4,,Local
0000004940,004940,Child Care,2022-07-26,2022-07-28,2023-12-06,No,79,,State
0000004941,004941,Home Visiting,2019-02-05,2019-02-26,2020-07-08,Yes,4,,Federal
0000004942,004942,Child Care,2022-05-08,2022-05-27,2023-10-18,No,125,,State
0000004942,004942,Early Head Start,2023-11-05,2023-12-05,2024-11-26,No,63,,Federal
0000004943,004943,First Steps,2021-07-02,2021-07-03,2022-03-12,No,39,Early Intervention,State
0000004943,004943,Early Intervention,2022-03-17,2022-04-15,2023-01-07,No,25,Early Intervention,State
0000004943,004943,Early Intervention,2023-01-09,2023-01-26,2023-10-30,No,32,Early Intervention,Local
0000004944,004944,Early Intervention,2022-06-22,2022-07-13,2024-05-16,No,19,Early Intervention,State
0000004944,004944,Child Care,2024-06-14,2024-06-17,2026-01-25,No,115,,Local
0000004944,004944,First Steps,2021-07-28,2021-08-05,2023-03-15,No,32,Early Intervention,State
0000004945,004945,Early Intervention,2022-01-08,2022-01-23,2024-10-25,No,29,Early Intervention,Local
0000004945,004945,Child Care,2021-01-16,2021-01-22,2022-06-15,No,170,,State
0000004946,004946,Childcare Subsidy,2019-07-02,2019-07-21,2022-03-20,No,141,,Local
0000004946,004946,State Pre-K,2022-03-21,2022-04-15,2023-12-13,No,74,Pre-K,State
0000004947,004947,First Steps,2018-08-08,2018-08-20,2019-08-03,No,18,Early Intervention,Private
0000004948,004948,Early Intervention,2020-03-20,2020-03-31,2022-02-04,No,47,Early Intervention,Federal
0000004949,004949,Early Head Start,2020-03-16,2020-04-12,2022-03-23,No,48,,Private
0000004949,004949,Childcare Subsidy,2020-05-12,2020-05-27,2023-07-26,No,117,,Federal
0000004950,004950,First Steps,2020-12-16,2021-01-14,2022-03-15,No,9,Early Intervention,Local
0000004951,004951,Home Visiting,2019-05-12,2019-06-10,2021-02-12,Yes,11,,State
0000004952,004952,Early Head Start,2021-01-01,2021-01-27,2022-06-05,No,105,,Local
0000004953,004953,Early Head Start,2022-02-03,2022-03-04,2023-06-14,No,82,,Private
0000004954,004954,First Steps,2019-09-10,2019-10-07,2022-04-15,No,42,Early Intervention,Private
0000004955,004955,Child Care,2020-02-14,2020-02-22,2021-09-09,No,97,,Private
0000004956,004956,Home Visiting,2020-04-02,2020-04-24,2020-11-04,Yes,5,,State
0000004957,004957,Early Intervention,2020-04-21,2020-05-18,2021-02-25,No,39,Early Intervention,State
0000004958,004958,Home Visiting,2020-12-30,2021-01-12,2023-09-01,Yes,17,,Federal
0000004958,004958,Childcare Subsidy,2023-09-25,2023-10-04,2024-08-20,No,87,,Federal
0000004959,004959,Home Visiting,2020-06-17,2020-07-02,2021-03-27,Yes,9,,Private
0000004959,004959,First Steps,2021-06-05,2021-06-18,2022-02-13,No,13,Early Intervention,State
0000004959,004959,Childcare Subsidy,2022-07-27,2022-08-25,2023-05-28,No,95,,Private
0000004960,004960,First Steps,2022-12-14,2023-01-10,2023-10-14,No,20,Early Intervention,Federal
0000004960,004960,Childcare Subsidy,2024-01-31,2024-02-14,2024-08-08,No,140,,State
0000004960,004960,State Pre-K,2025-01-05,2025-01-11,2025-06-03,No,86,Pre-K,Private
0000004961,004961,First Steps,2019-05-21,2019-06-01,2020-01-30,No,32,Early Intervention,Private
0000004961,004961,First Steps,2020-02-03,2020-02-10,2021-10-03,No,30,Early Intervention,Private
0000004962,004962,Early Intervention,2021-04-03,2021-04-22,2022-12-23,No,43,Early Intervention,State
0000004963,004963,Child Care,2021-06-08,2021-06-18,2023-06-05,No,45,,Private
0000004964,004964,Childcare Subsidy,2019-05-14,2019-05-28,2021-09-18,No,105,,Local
0000004965,004965,First Steps,2020-04-04,2020-05-03,2022-12-26,No,48,Early Intervention,State
0000004965,004965,Child Care,2020-06-02,2020-06-17,2024-11-25,No,175,,Local
0000004966,004966,Early Intervention,2020-03-07,2020-03-17,2021-03-28,No,24,Early Intervention,Local
0000004966,004966,Child Care,2021-05-11,2021-05-14,2022-10-28,No,93,,Private
0000004967,004967,Home Visiting,2021-02-23,2021-03-01,2022-06-26,Yes,14,,State
0000004967,004967,Early Head Start,2022-07-09,2022-07-24,2024-07-09,No,164,,Local
0000004968,004968,First Steps,2020-07-11,2020-07-19,2020-10-27,No,33,Early Intervention,State
0000004968,004968,First Steps,2020-11-13,2020-12-06,2021-03-15,No,44,Early Intervention,Local
0000004969,004969,Childcare Subsidy,2022-08-06,2022-08-16,2024-02-16,No,202,,Local
0000004969,004969,Home Visiting,2024-03-02,2024-03-19,2025-03-19,Yes,9,,State
0000004970,004970,Early Head Start,2020-06-07,2020-06-28,2022-03-10,No,119,,State
0000004970,004970,Early Intervention,2022-04-28,2022-05-16,2023-07-15,No,43,Early Intervention,Local
0000004970,004970,Head Start,2023-10-20,2023-10-23,2025-03-17,No,138,Pre-K,Private
0000004971,004971,First Steps,2020-03-19,2020-03-25,2022-08-17,No,44,Early Intervention,Private
0000004971,004971,Child Care,2022-08-23,2022-09-19,2023-11-27,No,164,,State
0000004971,004971,Child Care,2023-12-16,2024-01-12,2024-11-10,No,108,,State
0000004971,004971,Childcare Subsidy,2020-05-13,2020-05-19,2022-01-18,No,163,,Federal
0000004972,004972,Early Head Start,2022-10-31,2022-11-16,2025-10-12,No,164,,State
0000004972,004972,Child Care,2025-12-13,2026-01-12,2027-01-20,No,143,,State
0000004972,004972,First Steps,2022-09-22,2022-10-17,2024-02-10,No,27,Early Intervention,Federal
0000004973,004973,Early Intervention,2023-02-28,2023-03-23,2024-07-31,No,15,Early Intervention,State
0000004973,004973,Home Visiting,2024-08-11,2024-09-05,2026-06-25,Yes,23,,Federal
0000004973,004973,State Pre-K,2026-07-25,2026-08-18,2027-02-24,No,115,Pre-K,Private
0000004974,004974,Child Care,2020-12-30,2021-01-22,2021-05-20,No,123,,State
0000004974,004974,First Steps,2021-06-08,2021-06-30,2022-06-26,No,5,Early Intervention,Federal
0000004975,004975,Child Care,2021-06-23,2021-07-12,2022-07-07,No,162,,Federal
0000004975,004975,Early Head Start,2021-08-11,2021-08-26,2023-08-19,No,181,,Private
0000004975,004975,First Steps,2023-08-23,2023-09-16,2025-06-28,No,25,Early Intervention,State
0000004976,004976,First Steps,2019-07-19,2019-08-11,2021-01-20,No,52,Early Intervention,State
0000004977,004977,Childcare Subsidy,2020-06-27,2020-07-25,2021-03-12,No,146,,State
0000004977,004977,Home Visiting,2021-08-04,2021-08-16,2022-02-12,Yes,18,,State
0000004978,004978,First Steps,2020-06-09,2020-06-12,2021-09-17,No,8,Early Intervention,Local
0000004979,004979,Early Intervention,2020-12-20,2020-12-31,2022-06-01,No,10,Early Intervention,Local
0000004979,004979,First Steps,2022-08-06,2022-08-22,2023-03-06,No,8,Early Intervention,State
0000004979,004979,Early Head Start,2023-05-23,2023-06-09,2024-11-16,No,45,,Federal
0000004980,004980,Early Intervention,2020-08-11,2020-08-22,2021-07-17,No,38,Early Intervention,Private
0000004980,004980,Home Visiting,2021-10-10,2021-10-19,2023-08-22,Yes,7,,State
0000004980,004980,Head Start,2023-10-13,2023-10-22,2024-09-29,No,72,Pre-K,Local
0000004981,004981,Early Intervention,2021-01-14,2021-02-04,2022-03-07,No,36,Early Intervention,Federal
0000004982,004982,Childcare Subsidy,2022-05-21,2022-06-09,2025-05-11,No,144,,Private
0000004983,004983,First Steps,2020-06-20,2020-06-27,2022-10-21,No,27,Early Intervention,Local
0000004983,004983,Child Care,2023-01-13,2023-01-24,2025-03-01,No,128,,Private
0000004984,004984,Child Care,2022-10-07,2022-11-02,2024-07-27,No,148,,Local
0000004985,004985,Child Care,2019-08-28,2019-09-15,2021-10-14,No,160,,State
0000004986,004986,Early Intervention,2022-04-18,2022-05-09,2024-12-07,No,46,Early Intervention,Federal
0000004986,004986,Head Start,2024-12-10,2024-12-18,2026-09-18,No,130,Pre-K,Private
0000004987,004987,Child Care,2021-08-10,2021-09-05,2022-11-13,No,209,,Local
0000004987,004987,Head Start,2023-02-13,2023-02-15,2024-11-22,No,132,Pre-K,Local
0000004987,004987,Childcare Subsidy,2020-09-04,2020-09-26,2022-08-08,No,48,,Private
0000004988,004988,First Steps,2018-09-28,2018-10-01,2020-09-23,No,34,Early Intervention,Private
0000004989,004989,Early Head Start,2022-02-25,2022-03-05,2023-06-07,No,126,,State
0000004989,004989,Early Intervention,2023-06-30,2023-07-19,2024-03-15,No,37,Early Intervention,Federal
0000004990,004990,Early Intervention,2022-05-29,2022-06-19,2025-02-01,No,41,Early Intervention,Local
0000004990,004990,Head Start,2025-02-28,2025-03-28,2026-08-20,No,155,Pre-K,Private
0000004991,004991,Childcare Subsidy,2021-10-30,2021-11-13,2024-01-15,No,112,,State
0000004992,004992,Child Care,2019-03-10,2019-03-20,2020-12-17,No,137,,Federal
0000004993,004993,First Steps,2020-11-22,2020-12-09,2022-11-11,No,46,Early Intervention,Private
0000004993,004993,Early Intervention,2023-02-18,2023-03-14,2024-12-20,No,38,Early Intervention,Local
0000004993,004993,Head Start,2025-02-01,2025-02-21,2026-02-21,No,65,Pre-K,Private
0000004994,004994,Early Intervention,2018-08-28,2018-09-14,2020-05-05,No,41,Early Intervention,State
0000004995,004995,Early Intervention,2022-11-28,2022-12-09,2024-01-02,No,40,Early Intervention,Federal
0000004996,004996,Child Care,2020-02-09,2020-03-07,2022-12-25,No,82,,Local
0000004996,004996,Head Start,2020-04-06,2020-04-21,2025-03-11,No,91,Pre-K,State
0000004996,004996,Early Intervention,2020-09-11,2020-09-24,2021-10-24,No,26,Early Intervention,Local
0000004997,004997,First Steps,2021-05-07,2021-06-04,2022-04-17,No,8,Early Intervention,Local
0000004998,004998,Early Head Start,2020-06-02,2020-06-17,2022-11-13,No,56,,Federal
0000004998,004998,Childcare Subsidy,2022-11-22,2022-12-21,2025-02-17,No,107,,Private
0000004998,004998,Early Intervention,2020-08-20,2020-09-02,2023-05-09,No,43,Early Intervention,Federal
0000004999,004999,Child Care,2019-04-28,2019-05-09,2020-04-09,No,164,,Private
0000004999,004999,Early Head Start,2020-04-10,2020-04-24,2021-06-25,No,54,,Federal
0000004999,004999,Early Head Start,2021-07-03,2021-07-22,2022-06-23,No,140,,Local
0000005000,005000,Early Intervention,2023-02-17,2023-02-28,2024-05-26,No,21,Early Intervention,Federal
